code,title,tower,floor,main_category,sub_category,trade_type,slab_works,cost_plan_total,start_date_plan,end_date_plan,start_date_actual,end_date_actual,start_date_sprint,end_date_sprint,progress
1,Aristocrat,,,,,,,,2024-01-11,2029-12-24,,,,,
1.1,Aristocrat,,,,,,,,2024-01-11,2029-12-24,,,,,
1.1.1,Excavation,,,Civil Works- RCC,NTA RCC,NTA RCC,,2886264808.0,2024-01-11,2024-08-15,2024-01-11,2024-08-15,,,100
1.1.2,Soldier Piling ,,,Civil Works- RCC,NTA RCC,NTA RCC,,6963506700.0,2024-01-11,2024-08-15,2024-01-11,2024-08-15,,,100
1.1.3,Tower 6,,,,,,,,2024-10-11,2029-03-10,,,,,
1.1.3.1,Substructure Works,,,,,,,,2024-10-11,2026-03-23,,,,,
1.1.3.1.1,RCC Works,,,,,,,,2024-10-11,2025-07-12,,,,,
1.1.3.1.1.1,Raft,,,,,,,,2024-10-11,2024-11-01,,,,,
1.1.3.1.1.1.1,Surface Dressing,Tower 6,,Civil Works- RCC,NTA RCC,NTA RCC,,0.0,2024-10-14,2024-10-15,2024-10-14,2024-10-15,,,100
1.1.3.1.1.1.2,Anti Termite Treatment,Tower 6,,Finishing,Tower Civil Finishes,Waterproofing,,100.0,2024-10-11,2024-10-15,2024-10-11,2024-10-15,,,100
1.1.3.1.1.1.3,PCC,Tower 6,,Civil Works- RCC,RCC,Concreting,,115745346.0,2024-10-13,2024-10-15,2024-10-13,2024-10-15,,,100
1.1.3.1.1.1.4,Reinforcement Laying,Tower 6,,Civil Works- RCC,RCC,Reinforcement,,3175925520.0,2024-10-15,2024-11-01,2024-10-15,2024-12-16,,,100
1.1.3.1.1.1.5,Outer Shuttering of Raft Area,Tower 6,,Civil Works- RCC,RCC,Shuttering- Conventional,,52091499.0,2024-10-31,2024-11-01,2024-10-31,2024-12-16,,,100
1.1.3.1.1.1.6,Raft Concreting,Tower 6,,Civil Works- RCC,RCC,Concreting,,3014008773.0,2024-10-29,2024-10-31,2024-10-29,2024-10-31,,,100
1.1.3.1.1.2,Dummy Basement,,,,,,,,2024-10-26,2025-02-24,,,,,
1.1.3.1.1.2.1,Column and Shear Wall Reinforcement,Tower 6,Basement,Civil Works- RCC,RCC,Reinforcement,,607873600.0,2024-10-26,2025-01-29,2024-10-26,2025-01-29,,,100
1.1.3.1.1.2.2,Column and Shear Wall Formwork,Tower 6,Basement,Civil Works- RCC,RCC,Shuttering- Conventional,,115583300.0,2024-12-16,2025-02-22,2024-12-16,2025-02-22,,,100
1.1.3.1.1.2.3,Column and Shear Wall Casting,Tower 6,Basement,Civil Works- RCC,RCC,Concreting,,333721820.0,2024-12-17,2025-02-23,2024-12-17,2025-02-23,,,100
1.1.3.1.1.2.4,Slab Formwork,Tower 6,Basement,Civil Works- RCC,RCC,Shuttering- Conventional,,201992200.0,2025-01-21,2025-02-24,2025-01-21,2025-02-24,,,100
1.1.3.1.1.2.5,Slab Reinforcement,Tower 6,Basement,Civil Works- RCC,RCC,Reinforcement,,265409600.0,2025-01-30,2025-02-23,2025-01-30,2025-02-23,,,100
1.1.3.1.1.2.6,Slab Casting,Tower 6,Basement,Civil Works- RCC,RCC,Concreting,,231736431.6,2025-02-12,2025-02-23,2025-02-12,2025-02-23,,,100
1.1.3.1.1.3,B2 Roof,,,,,,,,2025-02-10,2025-06-24,,,,,
1.1.3.1.1.3.1,Column and Shear Wall Reinforcement,Tower 6,Basement 2,Civil Works- RCC,RCC,Reinforcement,,1001707200.0,2025-02-10,2025-04-10,2025-02-10,2025-04-10,,,100
1.1.3.1.1.3.2,Column and Shear Wall Formwork,Tower 6,Basement 2,Civil Works- RCC,RCC,Shuttering- Conventional,,189937500.0,2025-03-07,2025-06-13,2025-03-07,2025-06-13,,,100
1.1.3.1.1.3.3,Column and Shear Wall Casting,Tower 6,Basement 2,Civil Works- RCC,RCC,Concreting,,334466712.0,2025-03-17,2025-06-13,2025-03-17,2025-06-13,,,100
1.1.3.1.1.3.4,Slab Formwork,Tower 6,Basement 2,Civil Works- RCC,RCC,Shuttering- Conventional,,331960100.0,2025-04-06,2025-06-20,2025-04-06,2025-06-20,,,100
1.1.3.1.1.3.5,Slab Reinforcement,Tower 6,Basement 2,Civil Works- RCC,RCC,Reinforcement,,428080000.0,2025-04-12,2025-06-24,2025-04-12,2025-06-24,,,100
1.1.3.1.1.3.6,Slab Casting,Tower 6,Basement 2,Civil Works- RCC,RCC,Concreting,,235773027.0,2025-05-24,2025-06-24,2025-05-24,2025-06-24,,,100
1.1.3.1.1.4,B1 Roof,,,,,,,,2025-06-09,2025-07-12,,,,,
1.1.3.1.1.4.1,Column and Shear Wall Reinforcement,Tower 6,Basement 1,Civil Works- RCC,RCC,Reinforcement,,1001707200.0,2025-06-11,2025-07-08,2025-06-11,2025-07-08,,,100
1.1.3.1.1.4.2,Column and Shear Wall Formwork,Tower 6,Basement 1,Civil Works- RCC,RCC,Shuttering- Conventional,,189937500.0,2025-06-11,2025-07-09,2025-06-11,2025-07-09,,,100
1.1.3.1.1.4.3,Column and Shear Wall Casting,Tower 6,Basement 1,Civil Works- RCC,RCC,Concreting,,518883604.0,2025-06-09,2025-07-10,2025-06-09,2025-07-10,,,100
1.1.3.1.1.4.4,Slab Formwork,Tower 6,Basement 1,Civil Works- RCC,RCC,Shuttering- Conventional,,331960100.0,2025-06-30,2025-07-12,2025-06-30,2025-07-12,,,100
1.1.3.1.1.4.5,Slab Reinforcement,Tower 6,Basement 1,Civil Works- RCC,RCC,Reinforcement,,428080000.0,2025-07-01,2025-07-12,2025-07-01,2025-07-12,,,100
1.1.3.1.1.4.6,Slab Casting,Tower 6,Basement 1,Civil Works- RCC,RCC,Concreting,,269224345.0,2025-06-30,2025-07-12,2025-06-30,2025-07-12,,,100
1.1.3.1.2,Substructure Finishing Works,,,,,,,,2025-12-16,2026-03-23,,,,,
1.1.3.1.2.1,Basement - 2,,,,,,,,2025-12-16,2026-02-26,,,,,
1.1.3.1.2.1.1,Masonary Works,Tower 6,Basement 2,Finishing,Common area finishes,CA-Blockwork,,37218750.0,2025-12-16,2026-01-14,,,,,0
1.1.3.1.2.1.2,Plaster Works,Tower 6,Basement 2,Finishing,Common area finishes,CA-Int Plaster,,88750000.0,2025-12-31,2026-01-19,,,,,0
1.1.3.1.2.1.3,White Wash,Tower 6,Basement 2,Finishing,Common area finishes,CA-Paint,,32282500.0,2026-01-15,2026-02-01,,,,,0
1.1.3.1.2.1.4,VDF,Tower 6,Basement 2,Finishing,Common area finishes,CA-Flooring,,172792906.5,2026-02-02,2026-02-26,,,,,0
1.1.3.1.2.2,Basement - 1,,,,,,,,2025-12-16,2026-03-23,,,,,
1.1.3.1.2.2.1,Masonary Works,Tower 6,Basement 1,Finishing,Common area finishes,CA-Blockwork,,37218750.0,2025-12-16,2026-01-14,,,,,0
1.1.3.1.2.2.2,Plaster Works,Tower 6,Basement 1,Finishing,Common area finishes,CA-Int Plaster,,88750000.0,2025-12-31,2026-01-19,,,,,0
1.1.3.1.2.2.3,White Wash,Tower 6,Basement 1,Finishing,Common area finishes,CA-Paint,,32282500.0,2026-01-15,2026-02-01,,,,,0
1.1.3.1.2.2.4,VDF,Tower 6,Basement 1,Finishing,Common area finishes,CA-Flooring,,172792906.5,2026-02-27,2026-03-23,,,,,0
1.1.3.2,Superstructure Works,,,,,,,,2025-08-11,2027-05-30,,,,,
1.1.3.2.1,RCC Works,,,,,,,,2025-08-11,2027-05-11,,,,,
1.1.3.2.1.1,Podium Roof,,,,,,,,2025-08-11,2026-01-15,,,,,
1.1.3.2.1.1.1,Column and Shear Wall Reinforcement,Tower 6,,Civil Works- RCC,RCC,Reinforcement,,432043972.0,2025-08-11,2025-12-17,2025-08-11,,,,80
1.1.3.2.1.1.2,Column and Shear Wall Formwork,Tower 6,,Civil Works- RCC,RCC,Shuttering- Conventional,,292047900.0,2025-08-31,2025-12-18,2025-08-31,,,,70
1.1.3.2.1.1.3,Column and Shear Wall Casting,Tower 6,,Civil Works- RCC,RCC,Concreting,,758871480.0,2025-09-02,2025-12-19,2025-09-02,,,,70
1.1.3.2.1.1.4,Slab Formwork,Tower 6,,Civil Works- RCC,RCC,Shuttering- Conventional,,223838400.0,2025-09-14,2025-12-25,2025-09-14,,,,23
1.1.3.2.1.1.5,Slab Reinforcement,Tower 6,,Civil Works- RCC,RCC,Reinforcement,,288058020.0,2025-12-16,2026-01-12,,,,,0
1.1.3.2.1.1.6,Slab Casting,Tower 6,,Civil Works- RCC,RCC,Concreting,,109800000.0,2026-01-02,2026-01-15,,,,,0
1.1.3.2.1.2,First Floor Roof,,,,,,,,2026-01-16,2026-02-21,,,,,
1.1.3.2.1.2.1,Column and Shear Wall Reinforcement,Tower 6,1st Floor,Civil Works- RCC,RCC,Reinforcement,,432043972.0,2026-01-16,2026-01-30,,,,,0
1.1.3.2.1.2.2,Column and Shear Wall Formwork,Tower 6,1st Floor,Civil Works- RCC,RCC,Shuttering- Conventional,,292047900.0,2026-01-27,2026-02-05,,,,,0
1.1.3.2.1.2.3,Column and Shear Wall Casting,Tower 6,1st Floor,Civil Works- RCC,RCC,Concreting,,398986604.0,2026-01-30,2026-02-06,,,,,0
1.1.3.2.1.2.4,Slab Formwork,Tower 6,1st Floor,Civil Works- RCC,RCC,Shuttering- Conventional,,194698600.0,2026-01-31,2026-02-16,,,,,0
1.1.3.2.1.2.5,Slab Reinforcement,Tower 6,1st Floor,Civil Works- RCC,RCC,Reinforcement,,288058020.0,2026-02-05,2026-02-19,,,,,0
1.1.3.2.1.2.6,Slab Casting,Tower 6,1st Floor,Civil Works- RCC,RCC,Concreting,,176315400.0,2026-02-08,2026-02-21,,,,,0
1.1.3.2.1.3,Second Floor Roof,,,,,,,,2026-02-22,2026-03-21,,,,,
1.1.3.2.1.3.1,Column and Shear Wall Reinforcement,Tower 6,2nd Floor,Civil Works- RCC,RCC,Reinforcement,,409481580.0,2026-02-22,2026-03-03,,,,,0
1.1.3.2.1.3.2,Column and Shear Wall Formwork,Tower 6,2nd Floor,Civil Works- RCC,RCC,Shuttering- Conventional,,216675000.0,2026-02-23,2026-03-04,,,,,0
1.1.3.2.1.3.3,Slab Formwork,Tower 6,2nd Floor,Civil Works- RCC,RCC,Shuttering- Conventional,,144450000.0,2026-03-03,2026-03-18,,,,,0
1.1.3.2.1.3.4,Slab Reinforcement,Tower 6,2nd Floor,Civil Works- RCC,RCC,Reinforcement,,265495628.0,2026-03-07,2026-03-20,,,,,0
1.1.3.2.1.3.5,Monolithic Casting,Tower 6,2nd Floor,Civil Works- RCC,RCC,Concreting,,500162658.93,2026-03-14,2026-03-21,,,,,0
1.1.3.2.1.4,Third Floor Roof,,,,,,,,2026-03-22,2026-04-08,,,,,
1.1.3.2.1.4.1,Column and Shear Wall Reinforcement,Tower 6,3rd Floor,Civil Works- RCC,RCC,Reinforcement,,409481580.0,2026-03-22,2026-03-28,,,,,0
1.1.3.2.1.4.2,Column and Shear Wall Formwork,Tower 6,3rd Floor,Civil Works- RCC,RCC,Shuttering- Conventional,,216675000.0,2026-03-23,2026-03-29,,,,,0
1.1.3.2.1.4.3,Slab Formwork,Tower 6,3rd Floor,Civil Works- RCC,RCC,Shuttering- Conventional,,144450000.0,2026-03-28,2026-04-05,,,,,0
1.1.3.2.1.4.4,Slab Reinforcement,Tower 6,3rd Floor,Civil Works- RCC,RCC,Reinforcement,,265495628.0,2026-03-29,2026-04-07,,,,,0
1.1.3.2.1.4.5,Monolithic Casting,Tower 6,3rd Floor,Civil Works- RCC,RCC,Concreting,,500162658.93,2026-04-01,2026-04-08,,,,,0
1.1.3.2.1.5,4th Floor Roof,,,,,,,,2026-04-09,2026-04-20,,,,,
1.1.3.2.1.5.1,Column and Shear Wall Reinforcement,Tower 6,4th Floor,Civil Works- RCC,RCC,Reinforcement,,409481580.0,2026-04-09,2026-04-13,,,,,0
1.1.3.2.1.5.2,Column and Shear Wall Formwork,Tower 6,4th Floor,Civil Works- RCC,RCC,Shuttering- Conventional,,216675000.0,2026-04-10,2026-04-14,,,,,0
1.1.3.2.1.5.3,Slab Formwork,Tower 6,4th Floor,Civil Works- RCC,RCC,Shuttering- Conventional,,144450000.0,2026-04-13,2026-04-17,,,,,0
1.1.3.2.1.5.4,Slab Reinforcement,Tower 6,4th Floor,Civil Works- RCC,RCC,Reinforcement,,265495628.0,2026-04-15,2026-04-19,,,,,0
1.1.3.2.1.5.5,Monolithic Casting,Tower 6,4th Floor,Civil Works- RCC,RCC,Concreting,,500162658.93,2026-04-19,2026-04-20,,,,,0
1.1.3.2.1.6,5th Floor Roof,,,,,,,,2026-04-21,2026-05-02,,,,,
1.1.3.2.1.6.1,Column and Shear Wall Reinforcement,Tower 6,5th Floor,Civil Works- RCC,RCC,Reinforcement,,409481580.0,2026-04-21,2026-04-25,,,,,0
1.1.3.2.1.6.2,Column and Shear Wall Formwork,Tower 6,5th Floor,Civil Works- RCC,RCC,Shuttering- Conventional,,216675000.0,2026-04-22,2026-04-26,,,,,0
1.1.3.2.1.6.3,Slab Formwork,Tower 6,5th Floor,Civil Works- RCC,RCC,Shuttering- Conventional,,144450000.0,2026-04-25,2026-04-29,,,,,0
1.1.3.2.1.6.4,Slab Reinforcement,Tower 6,5th Floor,Civil Works- RCC,RCC,Reinforcement,,265495628.0,2026-04-27,2026-05-01,,,,,0
1.1.3.2.1.6.5,Monolithic Casting,Tower 6,5th Floor,Civil Works- RCC,RCC,Concreting,,500162758.93,2026-05-01,2026-05-02,,,,,0
1.1.3.2.1.7,6th Floor Roof,,,,,,,,2026-05-03,2026-05-14,,,,,
1.1.3.2.1.7.1,Column and Shear Wall Reinforcement,Tower 6,6th Floor,Civil Works- RCC,RCC,Reinforcement,,409481580.0,2026-05-03,2026-05-07,,,,,0
1.1.3.2.1.7.2,Column and Shear Wall Formwork,Tower 6,6th Floor,Civil Works- RCC,RCC,Shuttering- Conventional,,216675000.0,2026-05-04,2026-05-08,,,,,0
1.1.3.2.1.7.3,Slab Formwork,Tower 6,6th Floor,Civil Works- RCC,RCC,Shuttering- Conventional,,144450000.0,2026-05-07,2026-05-11,,,,,0
1.1.3.2.1.7.4,Slab Reinforcement,Tower 6,6th Floor,Civil Works- RCC,RCC,Reinforcement,,265495628.0,2026-05-09,2026-05-13,,,,,0
1.1.3.2.1.7.5,Monolithic Casting,Tower 6,6th Floor,Civil Works- RCC,RCC,Concreting,,500162658.93,2026-05-13,2026-05-14,,,,,0
1.1.3.2.1.8,7th Floor Roof,,,,,,,,2026-05-15,2026-05-26,,,,,
1.1.3.2.1.8.1,Column and Shear Wall Reinforcement,Tower 6,7th Floor,Civil Works- RCC,RCC,Reinforcement,,409481580.0,2026-05-15,2026-05-19,,,,,0
1.1.3.2.1.8.2,Column and Shear Wall Formwork,Tower 6,7th Floor,Civil Works- RCC,RCC,Shuttering- Conventional,,216675000.0,2026-05-16,2026-05-20,,,,,0
1.1.3.2.1.8.3,Slab Formwork,Tower 6,7th Floor,Civil Works- RCC,RCC,Shuttering- Conventional,,144450000.0,2026-05-19,2026-05-23,,,,,0
1.1.3.2.1.8.4,Slab Reinforcement,Tower 6,7th Floor,Civil Works- RCC,RCC,Reinforcement,,265495628.0,2026-05-21,2026-05-25,,,,,0
1.1.3.2.1.8.5,Monolithic Casting,Tower 6,7th Floor,Civil Works- RCC,RCC,Concreting,,500162758.93,2026-05-25,2026-05-26,,,,,0
1.1.3.2.1.9,8th Floor Roof,,,,,,,,2026-05-27,2026-06-07,,,,,
1.1.3.2.1.9.1,Column and Shear Wall Reinforcement,Tower 6,8th Floor,Civil Works- RCC,RCC,Reinforcement,,409481580.0,2026-05-27,2026-05-31,,,,,0
1.1.3.2.1.9.2,Column and Shear Wall Formwork,Tower 6,8th Floor,Civil Works- RCC,RCC,Shuttering- Conventional,,216675000.0,2026-05-28,2026-06-01,,,,,0
1.1.3.2.1.9.3,Slab Formwork,Tower 6,8th Floor,Civil Works- RCC,RCC,Shuttering- Conventional,,144450000.0,2026-05-31,2026-06-04,,,,,0
1.1.3.2.1.9.4,Slab Reinforcement,Tower 6,8th Floor,Civil Works- RCC,RCC,Reinforcement,,265495628.0,2026-06-02,2026-06-06,,,,,0
1.1.3.2.1.9.5,Monolithic Casting,Tower 6,8th Floor,Civil Works- RCC,RCC,Concreting,,500162758.93,2026-06-06,2026-06-07,,,,,0
1.1.3.2.1.10,9th Floor Roof,,,,,,,,2026-06-08,2026-06-19,,,,,
1.1.3.2.1.10.1,Column and Shear Wall Reinforcement,Tower 6,9th Floor,Civil Works- RCC,RCC,Reinforcement,,409481580.0,2026-06-08,2026-06-12,,,,,0
1.1.3.2.1.10.2,Column and Shear Wall Formwork,Tower 6,9th Floor,Civil Works- RCC,RCC,Shuttering- Conventional,,216675000.0,2026-06-09,2026-06-13,,,,,0
1.1.3.2.1.10.3,Slab Formwork,Tower 6,9th Floor,Civil Works- RCC,RCC,Shuttering- Conventional,,144450000.0,2026-06-12,2026-06-16,,,,,0
1.1.3.2.1.10.4,Slab Reinforcement,Tower 6,9th Floor,Civil Works- RCC,RCC,Reinforcement,,265495628.0,2026-06-14,2026-06-18,,,,,0
1.1.3.2.1.10.5,Monolithic Casting,Tower 6,9th Floor,Civil Works- RCC,RCC,Concreting,,500162658.93,2026-06-18,2026-06-19,,,,,0
1.1.3.2.1.11,10th Floor Roof,,,,,,,,2026-06-20,2026-07-01,,,,,
1.1.3.2.1.11.1,Column and Shear Wall Reinforcement,Tower 6,10th Floor,Civil Works- RCC,RCC,Reinforcement,,409481580.0,2026-06-20,2026-06-24,,,,,0
1.1.3.2.1.11.2,Column and Shear Wall Formwork,Tower 6,10th Floor,Civil Works- RCC,RCC,Shuttering- Conventional,,216675000.0,2026-06-21,2026-06-25,,,,,0
1.1.3.2.1.11.3,Slab Formwork,Tower 6,10th Floor,Civil Works- RCC,RCC,Shuttering- Conventional,,144450000.0,2026-06-24,2026-06-28,,,,,0
1.1.3.2.1.11.4,Slab Reinforcement,Tower 6,10th Floor,Civil Works- RCC,RCC,Reinforcement,,265495628.0,2026-06-26,2026-06-30,,,,,0
1.1.3.2.1.11.5,Monolithic Casting,Tower 6,10th Floor,Civil Works- RCC,RCC,Concreting,,500162658.93,2026-06-30,2026-07-01,,,,,0
1.1.3.2.1.12,11th Floor Roof,,,,,,,,2026-07-02,2026-07-13,,,,,
1.1.3.2.1.12.1,Column and Shear Wall Reinforcement,Tower 6,11th Floor,Civil Works- RCC,RCC,Reinforcement,,409481580.0,2026-07-02,2026-07-06,,,,,0
1.1.3.2.1.12.2,Column and Shear Wall Formwork,Tower 6,11th Floor,Civil Works- RCC,RCC,Shuttering- Conventional,,216675000.0,2026-07-03,2026-07-07,,,,,0
1.1.3.2.1.12.3,Slab Formwork,Tower 6,11th Floor,Civil Works- RCC,RCC,Shuttering- Conventional,,144450000.0,2026-07-06,2026-07-10,,,,,0
1.1.3.2.1.12.4,Slab Reinforcement,Tower 6,11th Floor,Civil Works- RCC,RCC,Reinforcement,,265495628.0,2026-07-08,2026-07-12,,,,,0
1.1.3.2.1.12.5,Monolithic Casting,Tower 6,11th Floor,Civil Works- RCC,RCC,Concreting,,500162658.93,2026-07-12,2026-07-13,,,,,0
1.1.3.2.1.13,12th Floor Roof,,,,,,,,2026-07-14,2026-07-25,,,,,
1.1.3.2.1.13.1,Column and Shear Wall Reinforcement,Tower 6,12th Floor,Civil Works- RCC,RCC,Reinforcement,,409481580.0,2026-07-14,2026-07-18,,,,,0
1.1.3.2.1.13.2,Column and Shear Wall Formwork,Tower 6,12th Floor,Civil Works- RCC,RCC,Shuttering- Conventional,,216675000.0,2026-07-15,2026-07-19,,,,,0
1.1.3.2.1.13.3,Slab Formwork,Tower 6,12th Floor,Civil Works- RCC,RCC,Shuttering- Conventional,,144450000.0,2026-07-18,2026-07-22,,,,,0
1.1.3.2.1.13.4,Slab Reinforcement,Tower 6,12th Floor,Civil Works- RCC,RCC,Reinforcement,,265495628.0,2026-07-20,2026-07-24,,,,,0
1.1.3.2.1.13.5,Monolithic Casting,Tower 6,12th Floor,Civil Works- RCC,RCC,Concreting,,500162658.93,2026-07-24,2026-07-25,,,,,0
1.1.3.2.1.14,13th Floor Roof,,,,,,,,2026-07-26,2026-08-06,,,,,
1.1.3.2.1.14.1,Column and Shear Wall Reinforcement,Tower 6,13th Floor,Civil Works- RCC,RCC,Reinforcement,,409481580.0,2026-07-26,2026-07-30,,,,,0
1.1.3.2.1.14.2,Column and Shear Wall Formwork,Tower 6,13th Floor,Civil Works- RCC,RCC,Shuttering- Conventional,,216675000.0,2026-07-27,2026-07-31,,,,,0
1.1.3.2.1.14.3,Slab Formwork,Tower 6,13th Floor,Civil Works- RCC,RCC,Shuttering- Conventional,,144450000.0,2026-07-30,2026-08-03,,,,,0
1.1.3.2.1.14.4,Slab Reinforcement,Tower 6,13th Floor,Civil Works- RCC,RCC,Reinforcement,,265495628.0,2026-08-01,2026-08-05,,,,,0
1.1.3.2.1.14.5,Monolithic Casting,Tower 6,13th Floor,Civil Works- RCC,RCC,Concreting,,500162658.93,2026-08-05,2026-08-06,,,,,0
1.1.3.2.1.15,14th Floor Roof,,,,,,,,2026-08-07,2026-08-18,,,,,
1.1.3.2.1.15.1,Column and Shear Wall Reinforcement,Tower 6,14th Floor,Civil Works- RCC,RCC,Reinforcement,,409481580.0,2026-08-07,2026-08-11,,,,,0
1.1.3.2.1.15.2,Column and Shear Wall Formwork,Tower 6,14th Floor,Civil Works- RCC,RCC,Shuttering- Conventional,,216675000.0,2026-08-08,2026-08-12,,,,,0
1.1.3.2.1.15.3,Slab Formwork,Tower 6,14th Floor,Civil Works- RCC,RCC,Shuttering- Conventional,,144450000.0,2026-08-11,2026-08-15,,,,,0
1.1.3.2.1.15.4,Slab Reinforcement,Tower 6,14th Floor,Civil Works- RCC,RCC,Reinforcement,,265495628.0,2026-08-13,2026-08-17,,,,,0
1.1.3.2.1.15.5,Monolithic Casting,Tower 6,14th Floor,Civil Works- RCC,RCC,Concreting,,500162658.93,2026-08-17,2026-08-18,,,,,0
1.1.3.2.1.16,15th Floor Roof,,,,,,,,2026-08-19,2026-08-30,,,,,
1.1.3.2.1.16.1,Column and Shear Wall Reinforcement,Tower 6,15th Floor,Civil Works- RCC,RCC,Reinforcement,,409481580.0,2026-08-19,2026-08-23,,,,,0
1.1.3.2.1.16.2,Column and Shear Wall Formwork,Tower 6,15th Floor,Civil Works- RCC,RCC,Shuttering- Conventional,,216675000.0,2026-08-20,2026-08-24,,,,,0
1.1.3.2.1.16.3,Slab Formwork,Tower 6,15th Floor,Civil Works- RCC,RCC,Shuttering- Conventional,,144450000.0,2026-08-23,2026-08-27,,,,,0
1.1.3.2.1.16.4,Slab Reinforcement,Tower 6,15th Floor,Civil Works- RCC,RCC,Reinforcement,,265495628.0,2026-08-25,2026-08-29,,,,,0
1.1.3.2.1.16.5,Monolithic Casting,Tower 6,15th Floor,Civil Works- RCC,RCC,Concreting,,500162658.93,2026-08-29,2026-08-30,,,,,0
1.1.3.2.1.17,16th Floor Roof,,,,,,,,2026-08-31,2026-09-16,,,,,
1.1.3.2.1.17.1,Column and Shear Wall Reinforcement,Tower 6,16th Floor,Civil Works- RCC,RCC,Reinforcement,,409481580.0,2026-08-31,2026-09-06,,,,,0
1.1.3.2.1.17.2,Column and Shear Wall Formwork,Tower 6,16th Floor,Civil Works- RCC,RCC,Shuttering- Conventional,,216675000.0,2026-09-01,2026-09-07,,,,,0
1.1.3.2.1.17.3,Slab Formwork,Tower 6,16th Floor,Civil Works- RCC,RCC,Shuttering- Conventional,,144450000.0,2026-09-06,2026-09-13,,,,,0
1.1.3.2.1.17.4,Slab Reinforcement,Tower 6,16th Floor,Civil Works- RCC,RCC,Reinforcement,,265495628.0,2026-09-09,2026-09-15,,,,,0
1.1.3.2.1.17.5,Monolithic Casting,Tower 6,16th Floor,Civil Works- RCC,RCC,Concreting,,500162658.93,2026-09-13,2026-09-16,,,,,0
1.1.3.2.1.18,17th Floor Roof,,,,,,,,2026-09-17,2026-09-28,,,,,
1.1.3.2.1.18.1,Column and Shear Wall Reinforcement,Tower 6,17th Floor,Civil Works- RCC,RCC,Reinforcement,,409481580.0,2026-09-17,2026-09-21,,,,,0
1.1.3.2.1.18.2,Column and Shear Wall Formwork,Tower 6,17th Floor,Civil Works- RCC,RCC,Shuttering- Conventional,,216675000.0,2026-09-18,2026-09-22,,,,,0
1.1.3.2.1.18.3,Slab Formwork,Tower 6,17th Floor,Civil Works- RCC,RCC,Shuttering- Conventional,,144450000.0,2026-09-21,2026-09-25,,,,,0
1.1.3.2.1.18.4,Slab Reinforcement,Tower 6,17th Floor,Civil Works- RCC,RCC,Reinforcement,,265495628.0,2026-09-23,2026-09-27,,,,,0
1.1.3.2.1.18.5,Monolithic Casting,Tower 6,17th Floor,Civil Works- RCC,RCC,Concreting,,500162658.93,2026-09-27,2026-09-28,,,,,0
1.1.3.2.1.19,18th Floor Roof,,,,,,,,2026-09-29,2026-10-10,,,,,
1.1.3.2.1.19.1,Column and Shear Wall Reinforcement,Tower 6,18th Floor,Civil Works- RCC,RCC,Reinforcement,,409481580.0,2026-09-29,2026-10-04,,,,,0
1.1.3.2.1.19.2,Column and Shear Wall Formwork,Tower 6,18th Floor,Civil Works- RCC,RCC,Shuttering- Conventional,,216675000.0,2026-10-01,2026-10-05,,,,,0
1.1.3.2.1.19.3,Slab Formwork,Tower 6,18th Floor,Civil Works- RCC,RCC,Shuttering- Conventional,,144450000.0,2026-10-04,2026-10-08,,,,,0
1.1.3.2.1.19.4,Slab Reinforcement,Tower 6,18th Floor,Civil Works- RCC,RCC,Reinforcement,,265495628.0,2026-10-05,2026-10-09,,,,,0
1.1.3.2.1.19.5,Monolithic Casting,Tower 6,18th Floor,Civil Works- RCC,RCC,Concreting,,500162658.93,2026-10-09,2026-10-10,,,,,0
1.1.3.2.1.20,19th Floor Roof,,,,,,,,2026-10-11,2026-10-21,,,,,
1.1.3.2.1.20.1,Column and Shear Wall Reinforcement,Tower 6,19th Floor,Civil Works- RCC,RCC,Reinforcement,,409481580.0,2026-10-11,2026-10-14,,,,,0
1.1.3.2.1.20.2,Column and Shear Wall Formwork,Tower 6,19th Floor,Civil Works- RCC,RCC,Shuttering- Conventional,,216675000.0,2026-10-12,2026-10-15,,,,,0
1.1.3.2.1.20.3,Slab Formwork,Tower 6,19th Floor,Civil Works- RCC,RCC,Shuttering- Conventional,,144450000.0,2026-10-14,2026-10-19,,,,,0
1.1.3.2.1.20.4,Slab Reinforcement,Tower 6,19th Floor,Civil Works- RCC,RCC,Reinforcement,,265495628.0,2026-10-16,2026-10-20,,,,,0
1.1.3.2.1.20.5,Monolithic Casting,Tower 6,19th Floor,Civil Works- RCC,RCC,Concreting,,500162658.93,2026-10-18,2026-10-21,,,,,0
1.1.3.2.1.21,20th Floor Roof,,,,,,,,2026-10-22,2026-12-16,,,,,
1.1.3.2.1.21.1,Column and Shear Wall Reinforcement,Tower 6,20th Floor,Civil Works- RCC,RCC,Reinforcement,,409481580.0,2026-10-22,2026-10-25,,,,,0
1.1.3.2.1.21.2,Column and Shear Wall Formwork,Tower 6,20th Floor,Civil Works- RCC,RCC,Shuttering- Conventional,,216675000.0,2026-10-23,2026-10-26,,,,,0
1.1.3.2.1.21.3,Slab Formwork,Tower 6,20th Floor,Civil Works- RCC,RCC,Shuttering- Conventional,,144450000.0,2026-10-25,2026-10-30,,,,,0
1.1.3.2.1.21.4,Slab Reinforcement,Tower 6,20th Floor,Civil Works- RCC,RCC,Reinforcement,,265495628.0,2026-10-27,2026-10-31,,,,,0
1.1.3.2.1.21.5,Monolithic Casting,Tower 6,20th Floor,Civil Works- RCC,RCC,Concreting,,500162658.93,2026-10-29,2026-12-16,,,,,0
1.1.3.2.1.22,21th Floor Roof,,,,,,,,2026-12-17,2026-12-27,,,,,
1.1.3.2.1.22.1,Column and Shear Wall Reinforcement,Tower 6,21st Floor,Civil Works- RCC,RCC,Reinforcement,,409481580.0,2026-12-17,2026-12-20,,,,,0
1.1.3.2.1.22.2,Column and Shear Wall Formwork,Tower 6,21st Floor,Civil Works- RCC,RCC,Shuttering- Conventional,,216675000.0,2026-12-18,2026-12-21,,,,,0
1.1.3.2.1.22.3,Slab Formwork,Tower 6,21st Floor,Civil Works- RCC,RCC,Shuttering- Conventional,,144450000.0,2026-12-20,2026-12-25,,,,,0
1.1.3.2.1.22.4,Slab Reinforcement,Tower 6,21st Floor,Civil Works- RCC,RCC,Reinforcement,,265495628.0,2026-12-22,2026-12-26,,,,,0
1.1.3.2.1.22.5,Monolithic Casting,Tower 6,21st Floor,Civil Works- RCC,RCC,Concreting,,500162658.93,2026-12-24,2026-12-27,,,,,0
1.1.3.2.1.23,22th Floor Roof,,,,,,,,2026-12-28,2027-01-07,,,,,
1.1.3.2.1.23.1,Column and Shear Wall Reinforcement,Tower 6,22nd Floor,Civil Works- RCC,RCC,Reinforcement,,409481580.0,2026-12-28,2026-12-31,,,,,0
1.1.3.2.1.23.2,Column and Shear Wall Formwork,Tower 6,22nd Floor,Civil Works- RCC,RCC,Shuttering- Conventional,,216675000.0,2026-12-29,2027-01-01,,,,,0
1.1.3.2.1.23.3,Slab Formwork,Tower 6,22nd Floor,Civil Works- RCC,RCC,Shuttering- Conventional,,144450000.0,2026-12-31,2027-01-05,,,,,0
1.1.3.2.1.23.4,Slab Reinforcement,Tower 6,22nd Floor,Civil Works- RCC,RCC,Reinforcement,,265495628.0,2027-01-02,2027-01-06,,,,,0
1.1.3.2.1.23.5,Monolithic Casting,Tower 6,22nd Floor,Civil Works- RCC,RCC,Concreting,,500162658.93,2027-01-04,2027-01-07,,,,,0
1.1.3.2.1.24,23th Floor Roof,,,,,,,,2027-01-08,2027-01-18,,,,,
1.1.3.2.1.24.1,Column and Shear Wall Reinforcement,Tower 6,23rd Floor,Civil Works- RCC,RCC,Reinforcement,,409481580.0,2027-01-08,2027-01-11,,,,,0
1.1.3.2.1.24.2,Column and Shear Wall Formwork,Tower 6,23rd Floor,Civil Works- RCC,RCC,Shuttering- Conventional,,216675000.0,2027-01-09,2027-01-12,,,,,0
1.1.3.2.1.24.3,Slab Formwork,Tower 6,23rd Floor,Civil Works- RCC,RCC,Shuttering- Conventional,,144450000.0,2027-01-11,2027-01-16,,,,,0
1.1.3.2.1.24.4,Slab Reinforcement,Tower 6,23rd Floor,Civil Works- RCC,RCC,Reinforcement,,265495628.0,2027-01-13,2027-01-17,,,,,0
1.1.3.2.1.24.5,Monolithic Casting,Tower 6,23rd Floor,Civil Works- RCC,RCC,Concreting,,500162658.93,2027-01-15,2027-01-18,,,,,0
1.1.3.2.1.25,24th Floor Roof,,,,,,,,2027-01-19,2027-01-29,,,,,
1.1.3.2.1.25.1,Column and Shear Wall Reinforcement,Tower 6,24th Floor,Civil Works- RCC,RCC,Reinforcement,,409481580.0,2027-01-19,2027-01-22,,,,,0
1.1.3.2.1.25.2,Column and Shear Wall Formwork,Tower 6,24th Floor,Civil Works- RCC,RCC,Shuttering- Conventional,,216675000.0,2027-01-20,2027-01-23,,,,,0
1.1.3.2.1.25.3,Slab Formwork,Tower 6,24th Floor,Civil Works- RCC,RCC,Shuttering- Conventional,,144450000.0,2027-01-22,2027-01-27,,,,,0
1.1.3.2.1.25.4,Slab Reinforcement,Tower 6,24th Floor,Civil Works- RCC,RCC,Reinforcement,,265495628.0,2027-01-24,2027-01-28,,,,,0
1.1.3.2.1.25.5,Monolithic Casting,Tower 6,24th Floor,Civil Works- RCC,RCC,Concreting,,500162658.93,2027-01-26,2027-01-29,,,,,0
1.1.3.2.1.26,25th Floor Roof,,,,,,,,2027-01-30,2027-02-09,,,,,
1.1.3.2.1.26.1,Column and Shear Wall Reinforcement,Tower 6,25th Floor,Civil Works- RCC,RCC,Reinforcement,,409481580.0,2027-01-30,2027-02-02,,,,,0
1.1.3.2.1.26.2,Column and Shear Wall Formwork,Tower 6,25th Floor,Civil Works- RCC,RCC,Shuttering- Conventional,,216675000.0,2027-01-31,2027-02-03,,,,,0
1.1.3.2.1.26.3,Slab Formwork,Tower 6,25th Floor,Civil Works- RCC,RCC,Shuttering- Conventional,,144450000.0,2027-02-02,2027-02-07,,,,,0
1.1.3.2.1.26.4,Slab Reinforcement,Tower 6,25th Floor,Civil Works- RCC,RCC,Reinforcement,,265495628.0,2027-02-04,2027-02-08,,,,,0
1.1.3.2.1.26.5,Monolithic Casting,Tower 6,25th Floor,Civil Works- RCC,RCC,Concreting,,500162658.93,2027-02-06,2027-02-09,,,,,0
1.1.3.2.1.27,26th Floor Roof,,,,,,,,2027-02-10,2027-02-26,,,,,
1.1.3.2.1.27.1,Column and Shear Wall Reinforcement,Tower 6,26th Floor,Civil Works- RCC,RCC,Reinforcement,,409481580.0,2027-02-10,2027-02-17,,,,,0
1.1.3.2.1.27.2,Column and Shear Wall Formwork,Tower 6,26th Floor,Civil Works- RCC,RCC,Shuttering- Conventional,,216675000.0,2027-02-11,2027-02-18,,,,,0
1.1.3.2.1.27.3,Slab Formwork,Tower 6,26th Floor,Civil Works- RCC,RCC,Shuttering- Conventional,,144450000.0,2027-02-17,2027-02-24,,,,,0
1.1.3.2.1.27.4,Slab Reinforcement,Tower 6,26th Floor,Civil Works- RCC,RCC,Reinforcement,,265495628.0,2027-02-18,2027-02-25,,,,,0
1.1.3.2.1.27.5,Monolithic Casting,Tower 6,26th Floor,Civil Works- RCC,RCC,Concreting,,500162658.93,2027-02-23,2027-02-26,,,,,0
1.1.3.2.1.28,27th Floor Roof,,,,,,,,2027-02-27,2027-03-09,,,,,
1.1.3.2.1.28.1,Column and Shear Wall Reinforcement,Tower 6,27th Floor,Civil Works- RCC,RCC,Reinforcement,,409481580.0,2027-02-27,2027-03-02,,,,,0
1.1.3.2.1.28.2,Column and Shear Wall Formwork,Tower 6,27th Floor,Civil Works- RCC,RCC,Shuttering- Conventional,,216675000.0,2027-02-28,2027-03-03,,,,,0
1.1.3.2.1.28.3,Slab Formwork,Tower 6,27th Floor,Civil Works- RCC,RCC,Shuttering- Conventional,,144450000.0,2027-03-02,2027-03-07,,,,,0
1.1.3.2.1.28.4,Slab Reinforcement,Tower 6,27th Floor,Civil Works- RCC,RCC,Reinforcement,,265495628.0,2027-03-04,2027-03-08,,,,,0
1.1.3.2.1.28.5,Monolithic Casting,Tower 6,27th Floor,Civil Works- RCC,RCC,Concreting,,500162658.93,2027-03-06,2027-03-09,,,,,0
1.1.3.2.1.29,28th Floor Roof,,,,,,,,2027-03-10,2027-03-20,,,,,
1.1.3.2.1.29.1,Column and Shear Wall Reinforcement,Tower 6,28th Floor,Civil Works- RCC,RCC,Reinforcement,,409481580.0,2027-03-10,2027-03-13,,,,,0
1.1.3.2.1.29.2,Column and Shear Wall Formwork,Tower 6,28th Floor,Civil Works- RCC,RCC,Shuttering- Conventional,,216675000.0,2027-03-11,2027-03-14,,,,,0
1.1.3.2.1.29.3,Slab Formwork,Tower 6,28th Floor,Civil Works- RCC,RCC,Shuttering- Conventional,,144450000.0,2027-03-13,2027-03-18,,,,,0
1.1.3.2.1.29.4,Slab Reinforcement,Tower 6,28th Floor,Civil Works- RCC,RCC,Reinforcement,,265495628.0,2027-03-15,2027-03-19,,,,,0
1.1.3.2.1.29.5,Monolithic Casting,Tower 6,28th Floor,Civil Works- RCC,RCC,Concreting,,500162658.93,2027-03-17,2027-03-20,,,,,0
1.1.3.2.1.30,29th Floor Roof,,,,,,,,2027-03-21,2027-03-31,,,,,
1.1.3.2.1.30.1,Column and Shear Wall Reinforcement,Tower 6,29th Floor,Civil Works- RCC,RCC,Reinforcement,,409481580.0,2027-03-21,2027-03-24,,,,,0
1.1.3.2.1.30.2,Column and Shear Wall Formwork,Tower 6,29th Floor,Civil Works- RCC,RCC,Shuttering- Conventional,,216675000.0,2027-03-22,2027-03-25,,,,,0
1.1.3.2.1.30.3,Slab Formwork,Tower 6,29th Floor,Civil Works- RCC,RCC,Shuttering- Conventional,,144450000.0,2027-03-24,2027-03-29,,,,,0
1.1.3.2.1.30.4,Slab Reinforcement,Tower 6,29th Floor,Civil Works- RCC,RCC,Reinforcement,,265495628.0,2027-03-26,2027-03-30,,,,,0
1.1.3.2.1.30.5,Monolithic Casting,Tower 6,29th Floor,Civil Works- RCC,RCC,Concreting,,500162658.93,2027-03-28,2027-03-31,,,,,0
1.1.3.2.1.31,30th Floor Roof,,,,,,,,2027-04-01,2027-04-11,,,,,
1.1.3.2.1.31.1,Column and Shear Wall Reinforcement,Tower 6,30th Floor,Civil Works- RCC,RCC,Reinforcement,,409481580.0,2027-04-01,2027-04-04,,,,,0
1.1.3.2.1.31.2,Column and Shear Wall Formwork,Tower 6,30th Floor,Civil Works- RCC,RCC,Shuttering- Conventional,,216675000.0,2027-04-02,2027-04-05,,,,,0
1.1.3.2.1.31.3,Slab Formwork,Tower 6,30th Floor,Civil Works- RCC,RCC,Shuttering- Conventional,,144450000.0,2027-04-04,2027-04-09,,,,,0
1.1.3.2.1.31.4,Slab Reinforcement,Tower 6,30th Floor,Civil Works- RCC,RCC,Reinforcement,,265495628.0,2027-04-06,2027-04-10,,,,,0
1.1.3.2.1.31.5,Monolithic Casting,Tower 6,30th Floor,Civil Works- RCC,RCC,Concreting,,500162658.93,2027-04-08,2027-04-11,,,,,0
1.1.3.2.1.32,31th Floor Roof,,,,,,,,2027-04-12,2027-04-24,,,,,
1.1.3.2.1.32.1,Column and Shear Wall Reinforcement,Tower 6,31st Floor,Civil Works- RCC,RCC,Reinforcement,,409481580.0,2027-04-12,2027-04-17,,,,,0
1.1.3.2.1.32.2,Column and Shear Wall Formwork,Tower 6,31st Floor,Civil Works- RCC,RCC,Shuttering- Conventional,,216675000.0,2027-04-14,2027-04-18,,,,,0
1.1.3.2.1.32.3,Slab Formwork,Tower 6,31st Floor,Civil Works- RCC,RCC,Shuttering- Conventional,,144450000.0,2027-04-17,2027-04-21,,,,,0
1.1.3.2.1.32.4,Slab Reinforcement,Tower 6,31st Floor,Civil Works- RCC,RCC,Reinforcement,,265495628.0,2027-04-18,2027-04-23,,,,,0
1.1.3.2.1.32.5,Monolithic Casting,Tower 6,31st Floor,Civil Works- RCC,RCC,Concreting,,500162658.93,2027-04-21,2027-04-24,,,,,0
1.1.3.2.1.33,32th Floor Roof,,,,,,,,2027-04-25,2027-05-11,,,,,
1.1.3.2.1.33.1,Column and Shear Wall Reinforcement,Tower 6,32nd Floor,Civil Works- RCC,RCC,Reinforcement,,409481580.0,2027-04-25,2027-05-02,,,,,0
1.1.3.2.1.33.2,Column and Shear Wall Formwork,Tower 6,32nd Floor,Civil Works- RCC,RCC,Shuttering- Conventional,,292047900.0,2027-04-26,2027-05-03,,,,,0
1.1.3.2.1.33.3,Slab Formwork,Tower 6,32nd Floor,Civil Works- RCC,RCC,Shuttering- Conventional,,194698600.0,2027-05-02,2027-05-09,,,,,0
1.1.3.2.1.33.4,Slab Reinforcement,Tower 6,32nd Floor,Civil Works- RCC,RCC,Reinforcement,,265495628.0,2027-05-03,2027-05-10,,,,,0
1.1.3.2.1.33.5,Monolithic Casting,Tower 6,32nd Floor,Civil Works- RCC,RCC,Concreting,,500162658.93,2027-05-08,2027-05-11,,,,,0
1.1.3.2.2,Post Pour Activitis,,,,,,,,2026-03-29,2027-05-30,,,,,
1.1.3.2.2.1,1st Floor,Tower 6,1st Floor,Civil Works- RCC,RCC,Post Pour,,21483000.0,2026-03-29,2026-04-08,,,,,0
1.1.3.2.2.2,2nd Floor,Tower 6,2nd Floor,Civil Works- RCC,RCC,Post Pour,,21483000.0,2026-04-10,2026-04-20,,,,,0
1.1.3.2.2.3,3rd Floor,Tower 6,3rd Floor,Civil Works- RCC,RCC,Post Pour,,21483000.0,2026-04-22,2026-05-02,,,,,0
1.1.3.2.2.4,4th Floor,Tower 6,4th Floor,Civil Works- RCC,RCC,Post Pour,,21483000.0,2026-05-04,2026-05-14,,,,,0
1.1.3.2.2.5,5th Floor,Tower 6,5th Floor,Civil Works- RCC,RCC,Post Pour,,21483000.0,2026-05-16,2026-05-26,,,,,0
1.1.3.2.2.6,6th Floor,Tower 6,6th Floor,Civil Works- RCC,RCC,Post Pour,,21483000.0,2026-05-28,2026-06-08,,,,,0
1.1.3.2.2.7,7th Floor,Tower 6,7th Floor,Civil Works- RCC,RCC,Post Pour,,21483000.0,2026-06-09,2026-06-20,,,,,0
1.1.3.2.2.8,8th Floor,Tower 6,8th Floor,Civil Works- RCC,RCC,Post Pour,,21483000.0,2026-06-21,2026-07-02,,,,,0
1.1.3.2.2.9,9th Floor,Tower 6,9th Floor,Civil Works- RCC,RCC,Post Pour,,21483000.0,2026-07-03,2026-07-14,,,,,0
1.1.3.2.2.10,10th Floor,Tower 6,10th Floor,Civil Works- RCC,RCC,Post Pour,,21483000.0,2026-07-15,2026-07-26,,,,,0
1.1.3.2.2.11,11th Floor,Tower 6,11th Floor,Civil Works- RCC,RCC,Post Pour,,21483000.0,2026-07-27,2026-08-07,,,,,0
1.1.3.2.2.12,12th Floor,Tower 6,12th Floor,Civil Works- RCC,RCC,Post Pour,,21483000.0,2026-08-08,2026-08-19,,,,,0
1.1.3.2.2.13,13th Floor,Tower 6,13th Floor,Civil Works- RCC,RCC,Post Pour,,21483000.0,2026-08-20,2026-08-31,,,,,0
1.1.3.2.2.14,14th floor,Tower 6,14th Floor,Civil Works- RCC,RCC,Post Pour,,21483000.0,2026-09-06,2026-09-17,,,,,0
1.1.3.2.2.15,15th Floor,Tower 6,15th Floor,Civil Works- RCC,RCC,Post Pour,,21483000.0,2026-09-18,2026-09-29,,,,,0
1.1.3.2.2.16,16th Floor,Tower 6,16th Floor,Civil Works- RCC,RCC,Post Pour,,21483000.0,2026-09-30,2026-10-11,,,,,0
1.1.3.2.2.17,17th Floor,Tower 6,17th Floor,Civil Works- RCC,RCC,Post Pour,,21483000.0,2026-10-11,2026-10-22,,,,,0
1.1.3.2.2.18,18th Floor,Tower 6,18th Floor,Civil Works- RCC,RCC,Post Pour,,21483000.0,2026-10-22,2026-12-17,,,,,0
1.1.3.2.2.19,19th Floor,Tower 6,19th Floor,Civil Works- RCC,RCC,Post Pour,,21483000.0,2026-12-17,2026-12-28,,,,,0
1.1.3.2.2.20,20th Floor,Tower 6,20th Floor,Civil Works- RCC,RCC,Post Pour,,21483000.0,2026-12-28,2027-01-08,,,,,0
1.1.3.2.2.21,21th Floor,Tower 6,21st Floor,Civil Works- RCC,RCC,Post Pour,,21483000.0,2027-01-08,2027-01-19,,,,,0
1.1.3.2.2.22,22th Floor,Tower 6,22nd Floor,Civil Works- RCC,RCC,Post Pour,,21483000.0,2027-01-19,2027-01-30,,,,,0
1.1.3.2.2.23,23rd Floor,Tower 6,23rd Floor,Civil Works- RCC,RCC,Post Pour,,21483000.0,2027-01-30,2027-02-10,,,,,0
1.1.3.2.2.24,24th Floor,Tower 6,24th Floor,Civil Works- RCC,RCC,Post Pour,,21483000.0,2027-02-16,2027-02-27,,,,,0
1.1.3.2.2.25,25th Floor,Tower 6,25th Floor,Civil Works- RCC,RCC,Post Pour,,21483000.0,2027-02-27,2027-03-10,,,,,0
1.1.3.2.2.26,26th Floor,Tower 6,26th Floor,Civil Works- RCC,RCC,Post Pour,,21483000.0,2027-03-10,2027-03-20,,,,,0
1.1.3.2.2.27,27th Floor,Tower 6,27th Floor,Civil Works- RCC,RCC,Post Pour,,21483000.0,2027-03-21,2027-03-31,,,,,0
1.1.3.2.2.28,28th Floor,Tower 6,28th Floor,Civil Works- RCC,RCC,Post Pour,,21483000.0,2027-04-01,2027-04-11,,,,,0
1.1.3.2.2.29,29th Floor,Tower 6,29th Floor,Civil Works- RCC,RCC,Post Pour,,21483000.0,2027-04-14,2027-04-24,,,,,0
1.1.3.2.2.30,30th Floor,Tower 6,30th Floor,Civil Works- RCC,RCC,Post Pour,,21483000.0,2027-04-30,2027-05-10,,,,,0
1.1.3.2.2.31,31st Floor,Tower 6,31st Floor,Civil Works- RCC,RCC,Post Pour,,21483000.0,2027-05-10,2027-05-20,,,,,0
1.1.3.2.2.32,32nd Floor,Tower 6,32nd Floor,Civil Works- RCC,RCC,Post Pour,,21483000.0,2027-05-20,2027-05-30,,,,,0
1.1.3.3,Finishing Works,,,,,,,,2026-02-15,2028-04-08,,,,,
1.1.3.3.1,Flat Finishing,,,,,,,,2026-02-15,2028-01-10,,,,,
1.1.3.3.1.1,Podium ,,,,,,,,2026-02-15,2026-09-17,,,,,
1.1.3.3.1.1.1,Blockwork,Tower 6,,Finishing,Tower Civil Finishes,Blockwork,,32284527.0,2026-02-15,2026-03-16,,,,,0
1.1.3.3.1.1.2,Plaster Works,Tower 6,,Finishing,Tower Civil Finishes,Int Plaster,,86309600.0,2026-04-21,2026-05-10,,,,,0
1.1.3.3.1.1.3,Paint Work,Tower 6,,Finishing,Tower Finishing,Paint,,22234800.0,2026-06-15,2026-07-14,,,,,0
1.1.3.3.1.1.4,Flooring Works,Tower 6,,Finishing,Tower Finishing,Flooring,,1126666700.0,2026-08-14,2026-09-17,,,,,0
1.1.3.3.1.2,First Floor,,,,,,,,2026-04-09,2026-10-12,,,,,
1.1.3.3.1.2.1,Blockwork,Tower 6,1st Floor,Finishing,Tower Civil Finishes,Blockwork,,32284527.0,2026-04-09,2026-05-08,,,,,0
1.1.3.3.1.2.2,Plaster Works,Tower 6,1st Floor,Finishing,Tower Civil Finishes,Int Plaster,,86309600.0,2026-04-24,2026-05-13,,,,,0
1.1.3.3.1.2.3,Paint Works,Tower 6,1st Floor,Finishing,Tower Finishing,Paint,,22234800.0,2026-05-09,2026-05-26,,,,,0
1.1.3.3.1.2.4,Flooring Works,Tower 6,1st Floor,Finishing,Tower Finishing,Flooring,,0.0,2026-09-18,2026-10-12,,,,,0
1.1.3.3.1.3,Second Floor ,,,,,,,,2026-04-21,2026-08-13,,,,,
1.1.3.3.1.3.1,Blockwork,Tower 6,2nd Floor,Finishing,Tower Civil Finishes,Blockwork,,32284527.0,2026-04-21,2026-04-30,,,,,0
1.1.3.3.1.3.2,Internal Plumbing Works,Tower 6,2nd Floor,MEP,Tower MEP,Plumbing,,66746129.6969697,2026-05-01,2026-05-06,,,,,0
1.1.3.3.1.3.3,Waterproofing Works,Tower 6,2nd Floor,Finishing,Tower Civil Finishes,Waterproofing,,29598750.0,2026-05-03,2026-05-12,,,,,0
1.1.3.3.1.3.4,PCC,Tower 6,2nd Floor,Civil Works- RCC,RCC,Concreting,,0.0,2026-05-15,2026-05-22,,,,,0
1.1.3.3.1.3.5,Electrical Wiring works,Tower 6,2nd Floor,MEP,Tower MEP,Electrical,,112363802.0,2026-05-03,2026-05-14,,,,,0
1.1.3.3.1.3.6,Internal Plaster Works,Tower 6,2nd Floor,Finishing,Tower Civil Finishes,Int Plaster,,91613750.0,2026-05-15,2026-05-23,,,,,0
1.1.3.3.1.3.7,Toilet Dado Works,Tower 6,2nd Floor,Finishing,Tower Finishing,Flooring,,44256300.0,2026-05-24,2026-06-01,,,,,0
1.1.3.3.1.3.8,Toilet Flooring Works,Tower 6,2nd Floor,Finishing,Tower Finishing,Flooring,,46697250.0,2026-06-02,2026-06-08,,,,,0
1.1.3.3.1.3.9,Living Dining Flooring,Tower 6,2nd Floor,Finishing,Tower Finishing,Flooring,,228900000.0,2026-06-09,2026-06-23,,,,,0
1.1.3.3.1.3.10,Temporary Door Fixing,Tower 6,2nd Floor,Finishing,Tower Finishing,Door,,0.0,2026-05-01,2026-05-09,,,,,0
1.1.3.3.1.3.11,Aluminium Door Widnow Fixing,Tower 6,2nd Floor,Finishing,Tower Finishing,Door,,124300997.0,2026-06-24,2026-07-08,,,,,0
1.1.3.3.1.3.12,Rehung Door Fixing,Tower 6,2nd Floor,Finishing,Tower Finishing,Door,,0.0,2026-07-09,2026-07-16,,,,,0
1.1.3.3.1.3.13,Putty Primer coat,Tower 6,2nd Floor,Finishing,Tower Finishing,Paint,,0.0,2026-07-17,2026-07-22,,,,,0
1.1.3.3.1.3.14,Painting First Coat,Tower 6,2nd Floor,Finishing,Tower Finishing,Paint,,22234800.0,2026-07-23,2026-08-03,,,,,0
1.1.3.3.1.3.15,False ceiling works,Tower 6,2nd Floor,Finishing,Tower Finishing,False Ceiling,,25932500.0,2026-08-04,2026-08-13,,,,,0
1.1.3.3.1.4,Third Floor ,,,,,,,,2026-05-03,2026-08-26,,,,,
1.1.3.3.1.4.1,Blockwork,Tower 6,3rd Floor,Finishing,Tower Civil Finishes,Blockwork,,32284527.0,2026-05-03,2026-05-13,,,,,0
1.1.3.3.1.4.2,Internal Plumbing Works,Tower 6,3rd Floor,MEP,Tower MEP,Plumbing,,81004239.374389,2026-05-13,2026-05-19,,,,,0
1.1.3.3.1.4.3,Waterproofing Works,Tower 6,3rd Floor,Finishing,Tower Civil Finishes,Waterproofing,,29599200.0,2026-05-15,2026-05-25,,,,,0
1.1.3.3.1.4.4,PCC,Tower 6,3rd Floor,Civil Works- RCC,RCC,Concreting,,0.0,2026-05-27,2026-06-04,,,,,0
1.1.3.3.1.4.5,Electrical Wiring works,Tower 6,3rd Floor,MEP,Tower MEP,Electrical,,112363802.0,2026-05-15,2026-05-27,,,,,0
1.1.3.3.1.4.6,Internal Plaster Works,Tower 6,3rd Floor,Finishing,Tower Civil Finishes,Int Plaster,,91613750.0,2026-05-27,2026-06-05,,,,,0
1.1.3.3.1.4.7,Toilet Dado Works,Tower 6,3rd Floor,Finishing,Tower Finishing,Flooring,,44256300.0,2026-06-05,2026-06-14,,,,,0
1.1.3.3.1.4.8,Toilet Flooring Works,Tower 6,3rd Floor,Finishing,Tower Finishing,Flooring,,46697250.0,2026-06-14,2026-06-21,,,,,0
1.1.3.3.1.4.9,Living Dining Flooring,Tower 6,3rd Floor,Finishing,Tower Finishing,Flooring,,228900000.0,2026-06-21,2026-07-06,,,,,0
1.1.3.3.1.4.10,Temporary Door Fixing,Tower 6,3rd Floor,Finishing,Tower Finishing,Door,,0.0,2026-05-13,2026-05-22,,,,,0
1.1.3.3.1.4.11,Aluminium Door Widnow Fixing,Tower 6,3rd Floor,Finishing,Tower Finishing,Door,,124300997.0,2026-07-06,2026-07-21,,,,,0
1.1.3.3.1.4.12,Rehung Door Fixing,Tower 6,3rd Floor,Finishing,Tower Finishing,Door,,0.0,2026-07-21,2026-07-29,,,,,0
1.1.3.3.1.4.13,Putty Primer coat,Tower 6,3rd Floor,Finishing,Tower Finishing,Paint,,0.0,2026-07-29,2026-08-04,,,,,0
1.1.3.3.1.4.14,Painting First Coat,Tower 6,3rd Floor,Finishing,Tower Finishing,Paint,,22234800.0,2026-08-04,2026-08-16,,,,,0
1.1.3.3.1.4.15,False ceiling works,Tower 6,3rd Floor,Finishing,Tower Finishing,False Ceiling,,25932500.0,2026-08-16,2026-08-26,,,,,0
1.1.3.3.1.5,Fourth Floor ,,,,,,,,2026-05-15,2026-09-07,,,,,
1.1.3.3.1.5.1,Blockwork,Tower 6,4th Floor,Finishing,Tower Civil Finishes,Blockwork,,32284527.0,2026-05-15,2026-05-25,,,,,0
1.1.3.3.1.5.2,Internal Plumbing Works,Tower 6,4th Floor,MEP,Tower MEP,Plumbing,,81004239.374389,2026-05-25,2026-05-31,,,,,0
1.1.3.3.1.5.3,Waterproofing Works,Tower 6,4th Floor,Finishing,Tower Civil Finishes,Waterproofing,,29599200.0,2026-05-27,2026-06-06,,,,,0
1.1.3.3.1.5.4,PCC,Tower 6,4th Floor,Civil Works- RCC,RCC,Concreting,,0.0,2026-06-08,2026-06-16,,,,,0
1.1.3.3.1.5.5,Electrical Wiring works,Tower 6,4th Floor,MEP,Tower MEP,Electrical,,112363802.0,2026-05-27,2026-06-08,,,,,0
1.1.3.3.1.5.6,Internal Plaster Works,Tower 6,4th Floor,Finishing,Tower Civil Finishes,Int Plaster,,91613750.0,2026-06-08,2026-06-17,,,,,0
1.1.3.3.1.5.7,Toilet Dado Works,Tower 6,4th Floor,Finishing,Tower Finishing,Flooring,,44256300.0,2026-06-17,2026-06-26,,,,,0
1.1.3.3.1.5.8,Toilet Flooring Works,Tower 6,4th Floor,Finishing,Tower Finishing,Flooring,,46697250.0,2026-06-26,2026-07-03,,,,,0
1.1.3.3.1.5.9,Living Dining Flooring,Tower 6,4th Floor,Finishing,Tower Finishing,Flooring,,228900000.0,2026-07-03,2026-07-18,,,,,0
1.1.3.3.1.5.10,Temporary Door Fixing,Tower 6,4th Floor,Finishing,Tower Finishing,Door,,0.0,2026-05-25,2026-06-03,,,,,0
1.1.3.3.1.5.11,Aluminium Door Widnow Fixing,Tower 6,4th Floor,Finishing,Tower Finishing,Door,,124300997.0,2026-07-18,2026-08-02,,,,,0
1.1.3.3.1.5.12,Rehung Door Fixing,Tower 6,4th Floor,Finishing,Tower Finishing,Door,,0.0,2026-08-02,2026-08-10,,,,,0
1.1.3.3.1.5.13,Putty Primer coat,Tower 6,4th Floor,Finishing,Tower Finishing,Paint,,0.0,2026-08-10,2026-08-16,,,,,0
1.1.3.3.1.5.14,Painting First Coat,Tower 6,4th Floor,Finishing,Tower Finishing,Paint,,22234800.0,2026-08-16,2026-08-28,,,,,0
1.1.3.3.1.5.15,False ceiling works,Tower 6,4th Floor,Finishing,Tower Finishing,False Ceiling,,25932500.0,2026-08-28,2026-09-07,,,,,0
1.1.3.3.1.6,Fifth Floor ,,,,,,,,2026-05-27,2026-09-19,,,,,
1.1.3.3.1.6.1,Blockwork,Tower 6,5th Floor,Finishing,Tower Civil Finishes,Blockwork,,32284527.0,2026-05-27,2026-06-06,,,,,0
1.1.3.3.1.6.2,Internal Plumbing Works,Tower 6,5th Floor,MEP,Tower MEP,Plumbing,,81004239.374389,2026-06-06,2026-06-12,,,,,0
1.1.3.3.1.6.3,Waterproofing Works,Tower 6,5th Floor,Finishing,Tower Civil Finishes,Waterproofing,,29599200.0,2026-06-08,2026-06-18,,,,,0
1.1.3.3.1.6.4,PCC,Tower 6,5th Floor,Civil Works- RCC,RCC,Concreting,,0.0,2026-06-20,2026-06-28,,,,,0
1.1.3.3.1.6.5,Electrical Wiring works,Tower 6,5th Floor,MEP,Tower MEP,Electrical,,112363802.0,2026-06-08,2026-06-20,,,,,0
1.1.3.3.1.6.6,Internal Plaster Works,Tower 6,5th Floor,Finishing,Tower Civil Finishes,Int Plaster,,91613750.0,2026-06-20,2026-06-29,,,,,0
1.1.3.3.1.6.7,Toilet Dado Works,Tower 6,5th Floor,Finishing,Tower Finishing,Flooring,,44256300.0,2026-06-29,2026-07-08,,,,,0
1.1.3.3.1.6.8,Toilet Flooring Works,Tower 6,5th Floor,Finishing,Tower Finishing,Flooring,,46697250.0,2026-07-08,2026-07-15,,,,,0
1.1.3.3.1.6.9,Living Dining Flooring,Tower 6,5th Floor,Finishing,Tower Finishing,Flooring,,228900000.0,2026-07-15,2026-07-30,,,,,0
1.1.3.3.1.6.10,Temporary Door Fixing,Tower 6,5th Floor,Finishing,Tower Finishing,Door,,0.0,2026-06-06,2026-06-15,,,,,0
1.1.3.3.1.6.11,Aluminium Door Widnow Fixing,Tower 6,5th Floor,Finishing,Tower Finishing,Door,,124300997.0,2026-07-30,2026-08-14,,,,,0
1.1.3.3.1.6.12,Rehung Door Fixing,Tower 6,5th Floor,Finishing,Tower Finishing,Door,,0.0,2026-08-14,2026-08-22,,,,,0
1.1.3.3.1.6.13,Putty Primer coat,Tower 6,5th Floor,Finishing,Tower Finishing,Paint,,0.0,2026-08-22,2026-08-28,,,,,0
1.1.3.3.1.6.14,Painting First Coat,Tower 6,5th Floor,Finishing,Tower Finishing,Paint,,22234800.0,2026-08-28,2026-09-09,,,,,0
1.1.3.3.1.6.15,False ceiling works,Tower 6,5th Floor,Finishing,Tower Finishing,False Ceiling,,25932500.0,2026-09-09,2026-09-19,,,,,0
1.1.3.3.1.7,Sixth Floor ,,,,,,,,2026-06-08,2026-10-21,,,,,
1.1.3.3.1.7.1,Blockwork,Tower 6,,Finishing,Tower Civil Finishes,Blockwork,,32284527.0,2026-06-08,2026-06-18,,,,,0
1.1.3.3.1.7.2,Internal Plumbing Works,Tower 6,,MEP,Tower MEP,Plumbing,,81004239.374389,2026-06-18,2026-06-24,,,,,0
1.1.3.3.1.7.3,Waterproofing Works,Tower 6,,Finishing,Tower Civil Finishes,Waterproofing,,29599200.0,2026-06-20,2026-06-30,,,,,0
1.1.3.3.1.7.4,PCC,Tower 6,,Civil Works- RCC,RCC,Concreting,,0.0,2026-07-02,2026-07-10,,,,,0
1.1.3.3.1.7.5,Electrical Wiring works,Tower 6,,MEP,Tower MEP,Electrical,,112363802.0,2026-06-20,2026-07-02,,,,,0
1.1.3.3.1.7.6,Internal Plaster Works,Tower 6,,Finishing,Tower Civil Finishes,Int Plaster,,91613750.0,2026-07-02,2026-07-11,,,,,0
1.1.3.3.1.7.7,Toilet Dado Works,Tower 6,,Finishing,Tower Finishing,Flooring,,44256300.0,2026-07-11,2026-07-20,,,,,0
1.1.3.3.1.7.8,Toilet Flooring Works,Tower 6,,Finishing,Tower Finishing,Flooring,,46697250.0,2026-07-20,2026-07-27,,,,,0
1.1.3.3.1.7.9,Living Dining Flooring,Tower 6,,Finishing,Tower Finishing,Flooring,,228900000.0,2026-07-27,2026-08-11,,,,,0
1.1.3.3.1.7.10,Temporary Door Fixing,Tower 6,,Finishing,Tower Finishing,Door,,0.0,2026-06-18,2026-06-27,,,,,0
1.1.3.3.1.7.11,Aluminium Door Widnow Fixing,Tower 6,,Finishing,Tower Finishing,Door,,124300997.0,2026-08-11,2026-09-15,,,,,0
1.1.3.3.1.7.12,Rehung Door Fixing,Tower 6,,Finishing,Tower Finishing,Door,,54925000.0,2026-09-15,2026-09-23,,,,,0
1.1.3.3.1.7.13,Putty Primer coat,Tower 6,,Finishing,Tower Finishing,Paint,,0.0,2026-09-23,2026-09-29,,,,,0
1.1.3.3.1.7.14,Painting First Coat,Tower 6,,Finishing,Tower Finishing,Paint,,22234800.0,2026-09-29,2026-10-11,,,,,0
1.1.3.3.1.7.15,False ceiling works,Tower 6,,Finishing,Tower Finishing,False Ceiling,,25932500.0,2026-10-11,2026-10-21,,,,,0
1.1.3.3.1.8,Seventh Floor ,,,,,,,,2026-06-20,2026-12-17,,,,,
1.1.3.3.1.8.1,Blockwork,Tower 6,,Finishing,Tower Civil Finishes,Blockwork,,32284527.0,2026-06-20,2026-06-30,,,,,0
1.1.3.3.1.8.2,Internal Plumbing Works,Tower 6,,MEP,Tower MEP,Plumbing,,81004239.374389,2026-06-30,2026-07-06,,,,,0
1.1.3.3.1.8.3,Waterproofing Works,Tower 6,,Finishing,Tower Civil Finishes,Waterproofing,,29599200.0,2026-07-02,2026-07-12,,,,,0
1.1.3.3.1.8.4,PCC,Tower 6,,Civil Works- RCC,RCC,Concreting,,0.0,2026-07-14,2026-07-22,,,,,0
1.1.3.3.1.8.5,Electrical Wiring works,Tower 6,,MEP,Tower MEP,Electrical,,112363802.0,2026-07-02,2026-07-14,,,,,0
1.1.3.3.1.8.6,Internal Plaster Works,Tower 6,,Finishing,Tower Civil Finishes,Int Plaster,,91613750.0,2026-07-14,2026-07-23,,,,,0
1.1.3.3.1.8.7,Toilet Dado Works,Tower 6,,Finishing,Tower Finishing,Flooring,,44256300.0,2026-07-23,2026-08-01,,,,,0
1.1.3.3.1.8.8,Toilet Flooring Works,Tower 6,,Finishing,Tower Finishing,Flooring,,46697250.0,2026-08-01,2026-08-08,,,,,0
1.1.3.3.1.8.9,Living Dining Flooring,Tower 6,,Finishing,Tower Finishing,Flooring,,228900000.0,2026-08-08,2026-08-23,,,,,0
1.1.3.3.1.8.10,Temporary Door Fixing,Tower 6,,Finishing,Tower Finishing,Door,,0.0,2026-06-30,2026-07-09,,,,,0
1.1.3.3.1.8.11,Aluminium Door Widnow Fixing,Tower 6,,Finishing,Tower Finishing,Door,,124300997.0,2026-08-23,2026-09-27,,,,,0
1.1.3.3.1.8.12,Rehung Door Fixing,Tower 6,,Finishing,Tower Finishing,Door,,0.0,2026-09-27,2026-10-05,,,,,0
1.1.3.3.1.8.13,Putty Primer coat,Tower 6,,Finishing,Tower Finishing,Paint,,0.0,2026-10-05,2026-10-11,,,,,0
1.1.3.3.1.8.14,Painting First Coat,Tower 6,,Finishing,Tower Finishing,Paint,,22234800.0,2026-10-11,2026-10-23,,,,,0
1.1.3.3.1.8.15,False ceiling works,Tower 6,,Finishing,Tower Finishing,False Ceiling,,25932500.0,2026-10-23,2026-12-17,,,,,0
1.1.3.3.1.9,Eighth Floor ,,,,,,,,2026-07-02,2026-12-29,,,,,
1.1.3.3.1.9.1,Blockwork,Tower 6,,Finishing,Tower Civil Finishes,Blockwork,,32284527.0,2026-07-02,2026-07-12,,,,,0
1.1.3.3.1.9.2,Internal Plumbing Works,Tower 6,,MEP,Tower MEP,Plumbing,,81004239.374389,2026-07-12,2026-07-18,,,,,0
1.1.3.3.1.9.3,Waterproofing Works,Tower 6,,Finishing,Tower Civil Finishes,Waterproofing,,29599200.0,2026-07-14,2026-07-24,,,,,0
1.1.3.3.1.9.4,PCC,Tower 6,,Civil Works- RCC,RCC,Concreting,,0.0,2026-07-26,2026-08-03,,,,,0
1.1.3.3.1.9.5,Electrical Wiring works,Tower 6,,MEP,Tower MEP,Electrical,,112363802.0,2026-07-14,2026-07-26,,,,,0
1.1.3.3.1.9.6,Internal Plaster Works,Tower 6,,Finishing,Tower Civil Finishes,Int Plaster,,91613750.0,2026-07-26,2026-08-04,,,,,0
1.1.3.3.1.9.7,Toilet Dado Works,Tower 6,,Finishing,Tower Finishing,Flooring,,44256300.0,2026-08-04,2026-08-13,,,,,0
1.1.3.3.1.9.8,Toilet Flooring Works,Tower 6,,Finishing,Tower Finishing,Flooring,,46697250.0,2026-08-13,2026-08-20,,,,,0
1.1.3.3.1.9.9,Living Dining Flooring,Tower 6,,Finishing,Tower Finishing,Flooring,,228900000.0,2026-08-20,2026-09-04,,,,,0
1.1.3.3.1.9.10,Temporary Door Fixing,Tower 6,,Finishing,Tower Finishing,Door,,0.0,2026-07-12,2026-07-21,,,,,0
1.1.3.3.1.9.11,Aluminium Door Widnow Fixing,Tower 6,,Finishing,Tower Finishing,Door,,124300997.0,2026-09-04,2026-10-09,,,,,0
1.1.3.3.1.9.12,Rehung Door Fixing,Tower 6,,Finishing,Tower Finishing,Door,,0.0,2026-10-09,2026-10-17,,,,,0
1.1.3.3.1.9.13,Putty Primer coat,Tower 6,,Finishing,Tower Finishing,Paint,,0.0,2026-10-17,2026-10-23,,,,,0
1.1.3.3.1.9.14,Painting First Coat,Tower 6,,Finishing,Tower Finishing,Paint,,22234800.0,2026-10-23,2026-12-19,,,,,0
1.1.3.3.1.9.15,False ceiling works,Tower 6,,Finishing,Tower Finishing,False Ceiling,,25932500.0,2026-12-19,2026-12-29,,,,,0
1.1.3.3.1.10,Ninth Floor ,,,,,,,,2026-07-14,2027-01-10,,,,,
1.1.3.3.1.10.1,Blockwork,Tower 6,,Finishing,Tower Civil Finishes,Blockwork,,32284527.0,2026-07-14,2026-07-24,,,,,0
1.1.3.3.1.10.2,Internal Plumbing Works,Tower 6,,MEP,Tower MEP,Plumbing,,81004239.374389,2026-07-24,2026-07-30,,,,,0
1.1.3.3.1.10.3,Waterproofing Works,Tower 6,,Finishing,Tower Civil Finishes,Waterproofing,,29599200.0,2026-07-26,2026-08-05,,,,,0
1.1.3.3.1.10.4,PCC,Tower 6,,Civil Works- RCC,RCC,Concreting,,0.0,2026-08-07,2026-08-15,,,,,0
1.1.3.3.1.10.5,Electrical Wiring works,Tower 6,,MEP,Tower MEP,Electrical,,112363802.0,2026-07-26,2026-08-07,,,,,0
1.1.3.3.1.10.6,Internal Plaster Works,Tower 6,,Finishing,Tower Civil Finishes,Int Plaster,,91613750.0,2026-08-07,2026-08-16,,,,,0
1.1.3.3.1.10.7,Toilet Dado Works,Tower 6,,Finishing,Tower Finishing,Flooring,,44256300.0,2026-08-16,2026-08-25,,,,,0
1.1.3.3.1.10.8,Toilet Flooring Works,Tower 6,,Finishing,Tower Finishing,Flooring,,46697250.0,2026-08-25,2026-09-01,,,,,0
1.1.3.3.1.10.9,Living Dining Flooring,Tower 6,,Finishing,Tower Finishing,Flooring,,228900000.0,2026-09-01,2026-09-16,,,,,0
1.1.3.3.1.10.10,Temporary Door Fixing,Tower 6,,Finishing,Tower Finishing,Door,,0.0,2026-07-24,2026-08-02,,,,,0
1.1.3.3.1.10.11,Aluminium Door Widnow Fixing,Tower 6,,Finishing,Tower Finishing,Door,,124300997.0,2026-09-16,2026-10-21,,,,,0
1.1.3.3.1.10.12,Rehung Door Fixing,Tower 6,,Finishing,Tower Finishing,Door,,0.0,2026-10-21,2026-10-29,,,,,0
1.1.3.3.1.10.13,Putty Primer coat,Tower 6,,Finishing,Tower Finishing,Paint,,0.0,2026-10-29,2026-12-19,,,,,0
1.1.3.3.1.10.14,Painting First Coat,Tower 6,,Finishing,Tower Finishing,Paint,,22234800.0,2026-12-19,2026-12-31,,,,,0
1.1.3.3.1.10.15,False ceiling works,Tower 6,,Finishing,Tower Finishing,False Ceiling,,25932500.0,2026-12-31,2027-01-10,,,,,0
1.1.3.3.1.11,Tenth Floor ,,,,,,,,2026-07-26,2027-01-20,,,,,
1.1.3.3.1.11.1,Blockwork,Tower 6,,Finishing,Tower Civil Finishes,Blockwork,,32284527.0,2026-07-26,2026-08-05,,,,,0
1.1.3.3.1.11.2,Internal Plumbing Works,Tower 6,,MEP,Tower MEP,Plumbing,,81004239.374389,2026-08-05,2026-08-11,,,,,0
1.1.3.3.1.11.3,Waterproofing Works,Tower 6,,Finishing,Tower Civil Finishes,Waterproofing,,29599200.0,2026-08-07,2026-08-17,,,,,0
1.1.3.3.1.11.4,PCC,Tower 6,,Civil Works- RCC,RCC,Concreting,,0.0,2026-08-19,2026-08-27,,,,,0
1.1.3.3.1.11.5,Electrical Wiring works,Tower 6,,MEP,Tower MEP,Electrical,,112363802.0,2026-08-07,2026-08-19,,,,,0
1.1.3.3.1.11.6,Internal Plaster Works,Tower 6,,Finishing,Tower Civil Finishes,Int Plaster,,91613750.0,2026-08-19,2026-08-28,,,,,0
1.1.3.3.1.11.7,Toilet Dado Works,Tower 6,,Finishing,Tower Finishing,Flooring,,44256300.0,2026-08-28,2026-09-06,,,,,0
1.1.3.3.1.11.8,Toilet Flooring Works,Tower 6,,Finishing,Tower Finishing,Flooring,,46697250.0,2026-09-06,2026-09-13,,,,,0
1.1.3.3.1.11.9,Living Dining Flooring,Tower 6,,Finishing,Tower Finishing,Flooring,,228900000.0,2026-09-13,2026-09-28,,,,,0
1.1.3.3.1.11.10,Temporary Door Fixing,Tower 6,,Finishing,Tower Finishing,Door,,0.0,2026-08-05,2026-08-14,,,,,0
1.1.3.3.1.11.11,Aluminium Door Widnow Fixing,Tower 6,,Finishing,Tower Finishing,Door,,124300997.0,2026-09-28,2026-10-27,,,,,0
1.1.3.3.1.11.12,Rehung Door Fixing,Tower 6,,Finishing,Tower Finishing,Door,,0.0,2026-10-27,2026-12-19,,,,,0
1.1.3.3.1.11.13,Putty Primer coat,Tower 6,,Finishing,Tower Finishing,Paint,,0.0,2026-12-19,2026-12-25,,,,,0
1.1.3.3.1.11.14,Painting First Coat,Tower 6,,Finishing,Tower Finishing,Paint,,22234800.0,2026-12-25,2027-01-06,,,,,0
1.1.3.3.1.11.15,False ceiling works,Tower 6,,Finishing,Tower Finishing,False Ceiling,,25932500.0,2027-01-10,2027-01-20,,,,,0
1.1.3.3.1.12,Eleventh Floor ,,,,,,,,2026-08-07,2027-01-30,,,,,
1.1.3.3.1.12.1,Blockwork,Tower 6,,Finishing,Tower Civil Finishes,Blockwork,,32284527.0,2026-08-07,2026-08-17,,,,,0
1.1.3.3.1.12.2,Internal Plumbing Works,Tower 6,,MEP,Tower MEP,Plumbing,,81004239.374389,2026-08-17,2026-08-23,,,,,0
1.1.3.3.1.12.3,Waterproofing Works,Tower 6,,Finishing,Tower Civil Finishes,Waterproofing,,29599200.0,2026-08-19,2026-08-29,,,,,0
1.1.3.3.1.12.4,PCC,Tower 6,,Civil Works- RCC,RCC,Concreting,,0.0,2026-08-31,2026-09-08,,,,,0
1.1.3.3.1.12.5,Electrical Wiring works,Tower 6,,MEP,Tower MEP,Electrical,,112363802.0,2026-08-19,2026-08-31,,,,,0
1.1.3.3.1.12.6,Internal Plaster Works,Tower 6,,Finishing,Tower Civil Finishes,Int Plaster,,91613750.0,2026-08-31,2026-09-09,,,,,0
1.1.3.3.1.12.7,Toilet Dado Works,Tower 6,,Finishing,Tower Finishing,Flooring,,44256300.0,2026-09-09,2026-09-18,,,,,0
1.1.3.3.1.12.8,Toilet Flooring Works,Tower 6,,Finishing,Tower Finishing,Flooring,,46697250.0,2026-09-18,2026-09-25,,,,,0
1.1.3.3.1.12.9,Living Dining Flooring,Tower 6,,Finishing,Tower Finishing,Flooring,,228900000.0,2026-09-25,2026-10-10,,,,,0
1.1.3.3.1.12.10,Temporary Door Fixing,Tower 6,,Finishing,Tower Finishing,Door,,0.0,2026-08-17,2026-08-26,,,,,0
1.1.3.3.1.12.11,Aluminium Door Widnow Fixing,Tower 6,,Finishing,Tower Finishing,Door,,124300997.0,2026-10-10,2026-12-21,,,,,0
1.1.3.3.1.12.12,Rehung Door Fixing,Tower 6,,Finishing,Tower Finishing,Door,,0.0,2026-12-21,2026-12-29,,,,,0
1.1.3.3.1.12.13,Putty Primer coat,Tower 6,,Finishing,Tower Finishing,Paint,,0.0,2026-12-29,2027-01-04,,,,,0
1.1.3.3.1.12.14,Painting First Coat,Tower 6,,Finishing,Tower Finishing,Paint,,22234800.0,2027-01-04,2027-01-16,,,,,0
1.1.3.3.1.12.15,False ceiling works,Tower 6,,Finishing,Tower Finishing,False Ceiling,,25932500.0,2027-01-20,2027-01-30,,,,,0
1.1.3.3.1.13,Twelth Floor ,,,,,,,,2026-09-17,2027-03-16,,,,,
1.1.3.3.1.13.1,Blockwork,Tower 6,,Finishing,Tower Civil Finishes,Blockwork,,32284527.0,2026-09-17,2026-09-27,,,,,0
1.1.3.3.1.13.2,Internal Plumbing Works,Tower 6,,MEP,Tower MEP,Plumbing,,81004239.374389,2026-09-27,2026-10-03,,,,,0
1.1.3.3.1.13.3,Waterproofing Works,Tower 6,,Finishing,Tower Civil Finishes,Waterproofing,,29599200.0,2026-09-29,2026-10-09,,,,,0
1.1.3.3.1.13.4,PCC,Tower 6,,Civil Works- RCC,RCC,Concreting,,0.0,2026-10-11,2026-10-19,,,,,0
1.1.3.3.1.13.5,Electrical Wiring works,Tower 6,,MEP,Tower MEP,Electrical,,112363802.0,2026-09-29,2026-10-11,,,,,0
1.1.3.3.1.13.6,Internal Plaster Works,Tower 6,,Finishing,Tower Civil Finishes,Int Plaster,,91613750.0,2026-10-11,2026-10-20,,,,,0
1.1.3.3.1.13.7,Toilet Dado Works,Tower 6,,Finishing,Tower Finishing,Flooring,,44256300.0,2026-10-20,2026-10-29,,,,,0
1.1.3.3.1.13.8,Toilet Flooring Works,Tower 6,,Finishing,Tower Finishing,Flooring,,46697250.0,2026-10-29,2026-12-20,,,,,0
1.1.3.3.1.13.9,Living Dining Flooring,Tower 6,,Finishing,Tower Finishing,Flooring,,228900000.0,2026-12-20,2027-01-04,,,,,0
1.1.3.3.1.13.10,Temporary Door Fixing,Tower 6,,Finishing,Tower Finishing,Door,,0.0,2026-09-27,2026-10-06,,,,,0
1.1.3.3.1.13.11,Aluminium Door Widnow Fixing,Tower 6,,Finishing,Tower Finishing,Door,,124300997.0,2027-01-04,2027-02-08,,,,,0
1.1.3.3.1.13.12,Rehung Door Fixing,Tower 6,,Finishing,Tower Finishing,Door,,0.0,2027-02-08,2027-02-16,,,,,0
1.1.3.3.1.13.13,Putty Primer coat,Tower 6,,Finishing,Tower Finishing,Paint,,0.0,2027-02-16,2027-02-22,,,,,0
1.1.3.3.1.13.14,Painting First Coat,Tower 6,,Finishing,Tower Finishing,Paint,,22234800.0,2027-02-22,2027-03-06,,,,,0
1.1.3.3.1.13.15,False ceiling works,Tower 6,,Finishing,Tower Finishing,False Ceiling,,25932500.0,2027-03-06,2027-03-16,,,,,0
1.1.3.3.1.14,Thirteen Floor ,,,,,,,,2026-09-19,2027-03-18,,,,,
1.1.3.3.1.14.1,Blockwork,Tower 6,,Finishing,Tower Civil Finishes,Blockwork,,32284527.0,2026-09-19,2026-09-29,,,,,0
1.1.3.3.1.14.2,Internal Plumbing Works,Tower 6,,MEP,Tower MEP,Plumbing,,81004239.0,2026-09-29,2026-10-05,,,,,0
1.1.3.3.1.14.3,Waterproofing Works,Tower 6,,Finishing,Tower Civil Finishes,Waterproofing,,29599200.0,2026-10-01,2026-10-11,,,,,0
1.1.3.3.1.14.4,PCC,Tower 6,,Civil Works- RCC,RCC,Concreting,,0.0,2026-10-13,2026-10-21,,,,,0
1.1.3.3.1.14.5,Electrical Wiring works,Tower 6,,MEP,Tower MEP,Electrical,,112363802.0,2026-10-01,2026-10-13,,,,,0
1.1.3.3.1.14.6,Internal Plaster Works,Tower 6,,Finishing,Tower Civil Finishes,Int Plaster,,91613750.0,2026-10-13,2026-10-22,,,,,0
1.1.3.3.1.14.7,Toilet Dado Works,Tower 6,,Finishing,Tower Finishing,Flooring,,44256300.0,2026-10-22,2026-10-31,,,,,0
1.1.3.3.1.14.8,Toilet Flooring Works,Tower 6,,Finishing,Tower Finishing,Flooring,,46697250.0,2026-10-31,2026-12-22,,,,,0
1.1.3.3.1.14.9,Living Dining Flooring,Tower 6,,Finishing,Tower Finishing,Flooring,,228900000.0,2026-12-22,2027-01-06,,,,,0
1.1.3.3.1.14.10,Temporary Door Fixing,Tower 6,,Finishing,Tower Finishing,Door,,0.0,2026-09-29,2026-10-08,,,,,0
1.1.3.3.1.14.11,Aluminium Door Widnow Fixing,Tower 6,,Finishing,Tower Finishing,Door,,124300997.0,2027-01-06,2027-02-10,,,,,0
1.1.3.3.1.14.12,Rehung Door Fixing,Tower 6,,Finishing,Tower Finishing,Door,,0.0,2027-02-10,2027-02-18,,,,,0
1.1.3.3.1.14.13,Putty Primer coat,Tower 6,,Finishing,Tower Finishing,Paint,,0.0,2027-02-18,2027-02-24,,,,,0
1.1.3.3.1.14.14,Painting First Coat,Tower 6,,Finishing,Tower Finishing,Paint,,22234800.0,2027-02-24,2027-03-08,,,,,0
1.1.3.3.1.14.15,False ceiling works,Tower 6,,Finishing,Tower Finishing,False Ceiling,,25932500.0,2027-03-08,2027-03-18,,,,,0
1.1.3.3.1.15,Fourteen Floor ,,,,,,,,2026-10-04,2027-03-28,,,,,
1.1.3.3.1.15.1,Blockwork,Tower 6,,Finishing,Tower Civil Finishes,Blockwork,,32284527.0,2026-10-04,2026-10-11,,,,,0
1.1.3.3.1.15.2,Internal Plumbing Works,Tower 6,,MEP,Tower MEP,Plumbing,,81004239.0,2026-10-11,2026-10-15,,,,,0
1.1.3.3.1.15.3,Waterproofing Works,Tower 6,,Finishing,Tower Civil Finishes,Waterproofing,,29599200.0,2026-10-13,2026-10-17,,,,,0
1.1.3.3.1.15.4,PCC,Tower 6,,Civil Works- RCC,RCC,Concreting,,0.0,2026-10-18,2026-10-21,,,,,0
1.1.3.3.1.15.5,Electrical Wiring works,Tower 6,,MEP,Tower MEP,Electrical,,112363802.0,2026-10-13,2026-10-18,,,,,0
1.1.3.3.1.15.6,Internal Plaster Works,Tower 6,,Finishing,Tower Civil Finishes,Int Plaster,,91613750.0,2026-10-18,2026-10-23,,,,,0
1.1.3.3.1.15.7,Toilet Dado Works,Tower 6,,Finishing,Tower Finishing,Flooring,,44256300.0,2026-10-23,2026-10-28,,,,,0
1.1.3.3.1.15.8,Toilet Flooring Works,Tower 6,,Finishing,Tower Finishing,Flooring,,46697250.0,2026-10-28,2026-12-17,,,,,0
1.1.3.3.1.15.9,Living Dining Flooring,Tower 6,,Finishing,Tower Finishing,Flooring,,228900000.0,2026-12-17,2026-12-24,,,,,0
1.1.3.3.1.15.10,Temporary Door Fixing,Tower 6,,Finishing,Tower Finishing,Door,,0.0,2026-10-11,2026-10-20,,,,,0
1.1.3.3.1.15.11,Aluminium Door Widnow Fixing,Tower 6,,Finishing,Tower Finishing,Door,,124300997.0,2026-12-24,2027-01-28,,,,,0
1.1.3.3.1.15.12,Rehung Door Fixing,Tower 6,,Finishing,Tower Finishing,Door,,0.0,2027-01-28,2027-02-05,,,,,0
1.1.3.3.1.15.13,Putty Primer coat,Tower 6,,Finishing,Tower Finishing,Paint,,0.0,2027-02-05,2027-02-11,,,,,0
1.1.3.3.1.15.14,Painting First Coat,Tower 6,,Finishing,Tower Finishing,Paint,,22234800.0,2027-02-11,2027-02-23,,,,,0
1.1.3.3.1.15.15,False ceiling works,Tower 6,,Finishing,Tower Finishing,False Ceiling,,25932500.0,2027-03-18,2027-03-28,,,,,0
1.1.3.3.1.16,Fifteen Floor ,,,,,,,,2026-10-22,2027-04-07,,,,,
1.1.3.3.1.16.1,Blockwork,Tower 6,,Finishing,Tower Civil Finishes,Blockwork,,32284527.0,2026-10-22,2026-10-29,,,,,0
1.1.3.3.1.16.2,Internal Plumbing Works,Tower 6,,MEP,Tower MEP,Plumbing,,81004239.0,2026-10-27,2026-10-31,,,,,0
1.1.3.3.1.16.3,Waterproofing Works,Tower 6,,Finishing,Tower Civil Finishes,Waterproofing,,29599200.0,2026-10-29,2026-12-17,,,,,0
1.1.3.3.1.16.4,PCC,Tower 6,,Civil Works- RCC,RCC,Concreting,,0.0,2026-12-18,2026-12-21,,,,,0
1.1.3.3.1.16.5,Electrical Wiring works,Tower 6,,MEP,Tower MEP,Electrical,,112363802.0,2026-10-29,2026-12-18,,,,,0
1.1.3.3.1.16.6,Internal Plaster Works,Tower 6,,Finishing,Tower Civil Finishes,Int Plaster,,91613750.0,2026-12-18,2026-12-23,,,,,0
1.1.3.3.1.16.7,Toilet Dado Works,Tower 6,,Finishing,Tower Finishing,Flooring,,44256300.0,2026-12-23,2026-12-28,,,,,0
1.1.3.3.1.16.8,Toilet Flooring Works,Tower 6,,Finishing,Tower Finishing,Flooring,,46697250.0,2026-12-26,2026-12-31,,,,,0
1.1.3.3.1.16.9,Living Dining Flooring,Tower 6,,Finishing,Tower Finishing,Flooring,,228900000.0,2026-12-31,2027-01-10,,,,,0
1.1.3.3.1.16.10,Temporary Door Fixing,Tower 6,,Finishing,Tower Finishing,Door,,0.0,2026-10-29,2026-12-22,,,,,0
1.1.3.3.1.16.11,Aluminium Door Widnow Fixing,Tower 6,,Finishing,Tower Finishing,Door,,124300997.0,2027-01-10,2027-02-14,,,,,0
1.1.3.3.1.16.12,Rehung Door Fixing,Tower 6,,Finishing,Tower Finishing,Door,,54925000.0,2027-02-14,2027-02-22,,,,,0
1.1.3.3.1.16.13,Putty Primer coat,Tower 6,,Finishing,Tower Finishing,Paint,,0.0,2027-02-22,2027-02-28,,,,,0
1.1.3.3.1.16.14,Painting First Coat,Tower 6,,Finishing,Tower Finishing,Paint,,22234800.0,2027-02-28,2027-03-12,,,,,0
1.1.3.3.1.16.15,False ceiling works,Tower 6,,Finishing,Tower Finishing,False Ceiling,,25932500.0,2027-03-28,2027-04-07,,,,,0
1.1.3.3.1.17,Sixteen Floor ,,,,,,,,2026-10-26,2027-04-17,,,,,
1.1.3.3.1.17.1,Blockwork,Tower 6,,Finishing,Tower Civil Finishes,Blockwork,,32284527.0,2026-10-26,2026-12-17,,,,,0
1.1.3.3.1.17.2,Internal Plumbing Works,Tower 6,,MEP,Tower MEP,Plumbing,,81004239.0,2026-12-17,2026-12-23,,,,,0
1.1.3.3.1.17.3,Waterproofing Works,Tower 6,,Finishing,Tower Civil Finishes,Waterproofing,,29599200.0,2026-12-19,2026-12-26,,,,,0
1.1.3.3.1.17.4,PCC,Tower 6,,Civil Works- RCC,RCC,Concreting,,0.0,2026-12-26,2027-01-03,,,,,0
1.1.3.3.1.17.5,Electrical Wiring works,Tower 6,,MEP,Tower MEP,Electrical,,112363802.0,2026-12-19,2026-12-26,,,,,0
1.1.3.3.1.17.6,Internal Plaster Works,Tower 6,,Finishing,Tower Civil Finishes,Int Plaster,,91613750.0,2026-12-26,2027-01-02,,,,,0
1.1.3.3.1.17.7,Toilet Dado Works,Tower 6,,Finishing,Tower Finishing,Flooring,,44256300.0,2027-01-02,2027-01-09,,,,,0
1.1.3.3.1.17.8,Toilet Flooring Works,Tower 6,,Finishing,Tower Finishing,Flooring,,46697250.0,2027-01-09,2027-01-14,,,,,0
1.1.3.3.1.17.9,Living Dining Flooring,Tower 6,,Finishing,Tower Finishing,Flooring,,228900000.0,2027-01-14,2027-01-29,,,,,0
1.1.3.3.1.17.10,Temporary Door Fixing,Tower 6,,Finishing,Tower Finishing,Door,,0.0,2026-12-17,2026-12-26,,,,,0
1.1.3.3.1.17.11,Aluminium Door Widnow Fixing,Tower 6,,Finishing,Tower Finishing,Door,,124300997.0,2027-01-29,2027-03-05,,,,,0
1.1.3.3.1.17.12,Rehung Door Fixing,Tower 6,,Finishing,Tower Finishing,Door,,0.0,2027-03-05,2027-03-13,,,,,0
1.1.3.3.1.17.13,Putty Primer coat,Tower 6,,Finishing,Tower Finishing,Paint,,0.0,2027-03-13,2027-03-19,,,,,0
1.1.3.3.1.17.14,Painting First Coat,Tower 6,,Finishing,Tower Finishing,Paint,,22234800.0,2027-03-19,2027-03-31,,,,,0
1.1.3.3.1.17.15,False ceiling works,Tower 6,,Finishing,Tower Finishing,False Ceiling,,25932500.0,2027-04-07,2027-04-17,,,,,0
1.1.3.3.1.18,Seventeen Floor ,,,,,,,,2026-12-18,2027-04-27,,,,,
1.1.3.3.1.18.1,Blockwork,Tower 6,,Finishing,Tower Civil Finishes,Blockwork,,32284527.0,2026-12-18,2026-12-28,,,,,0
1.1.3.3.1.18.2,Internal Plumbing Works,Tower 6,,MEP,Tower MEP,Plumbing,,81004239.0,2026-12-27,2026-12-31,,,,,0
1.1.3.3.1.18.3,Waterproofing Works,Tower 6,,Finishing,Tower Civil Finishes,Waterproofing,,29599200.0,2026-12-29,2027-01-02,,,,,0
1.1.3.3.1.18.4,PCC,Tower 6,,Civil Works- RCC,RCC,Concreting,,0.0,2027-01-02,2027-01-05,,,,,0
1.1.3.3.1.18.5,Electrical Wiring works,Tower 6,,MEP,Tower MEP,Electrical,,112363802.0,2026-12-29,2027-01-03,,,,,0
1.1.3.3.1.18.6,Internal Plaster Works,Tower 6,,Finishing,Tower Civil Finishes,Int Plaster,,91613750.0,2026-12-31,2027-01-05,,,,,0
1.1.3.3.1.18.7,Toilet Dado Works,Tower 6,,Finishing,Tower Finishing,Flooring,,44256300.0,2027-01-05,2027-01-10,,,,,0
1.1.3.3.1.18.8,Toilet Flooring Works,Tower 6,,Finishing,Tower Finishing,Flooring,,46697250.0,2027-01-10,2027-01-15,,,,,0
1.1.3.3.1.18.9,Living Dining Flooring,Tower 6,,Finishing,Tower Finishing,Flooring,,228900000.0,2027-01-15,2027-01-30,,,,,0
1.1.3.3.1.18.10,Temporary Door Fixing,Tower 6,,Finishing,Tower Finishing,Door,,0.0,2026-12-28,2027-01-06,,,,,0
1.1.3.3.1.18.11,Aluminium Door Widnow Fixing,Tower 6,,Finishing,Tower Finishing,Door,,124300997.0,2027-01-30,2027-03-06,,,,,0
1.1.3.3.1.18.12,Rehung Door Fixing,Tower 6,,Finishing,Tower Finishing,Door,,0.0,2027-03-06,2027-03-14,,,,,0
1.1.3.3.1.18.13,Putty Primer coat,Tower 6,,Finishing,Tower Finishing,Paint,,0.0,2027-03-14,2027-03-20,,,,,0
1.1.3.3.1.18.14,Painting First Coat,Tower 6,,Finishing,Tower Finishing,Paint,,22234800.0,2027-03-20,2027-04-01,,,,,0
1.1.3.3.1.18.15,False ceiling works,Tower 6,,Finishing,Tower Finishing,False Ceiling,,25932500.0,2027-04-17,2027-04-27,,,,,0
1.1.3.3.1.19,Eighteenth Floor ,,,,,,,,2027-01-01,2027-05-07,,,,,
1.1.3.3.1.19.1,Blockwork,Tower 6,,Finishing,Tower Civil Finishes,Blockwork,,32284527.0,2027-01-01,2027-01-08,,,,,0
1.1.3.3.1.19.2,Internal Plumbing Works,Tower 6,,MEP,Tower MEP,Plumbing,,81004239.0,2027-01-08,2027-01-14,,,,,0
1.1.3.3.1.19.3,Waterproofing Works,Tower 6,,Finishing,Tower Civil Finishes,Waterproofing,,29599200.0,2027-01-10,2027-01-17,,,,,0
1.1.3.3.1.19.4,PCC,Tower 6,,Civil Works- RCC,RCC,Concreting,,0.0,2027-01-17,2027-01-25,,,,,0
1.1.3.3.1.19.5,Electrical Wiring works,Tower 6,,MEP,Tower MEP,Electrical,,112363802.0,2027-01-10,2027-01-17,,,,,0
1.1.3.3.1.19.6,Internal Plaster Works,Tower 6,,Finishing,Tower Civil Finishes,Int Plaster,,91613750.0,2027-01-17,2027-01-22,,,,,0
1.1.3.3.1.19.7,Toilet Dado Works,Tower 6,,Finishing,Tower Finishing,Flooring,,44256300.0,2027-01-22,2027-01-31,,,,,0
1.1.3.3.1.19.8,Toilet Flooring Works,Tower 6,,Finishing,Tower Finishing,Flooring,,46697250.0,2027-01-31,2027-02-07,,,,,0
1.1.3.3.1.19.9,Living Dining Flooring,Tower 6,,Finishing,Tower Finishing,Flooring,,228900000.0,2027-02-07,2027-02-22,,,,,0
1.1.3.3.1.19.10,Temporary Door Fixing,Tower 6,,Finishing,Tower Finishing,Door,,0.0,2027-01-08,2027-01-17,,,,,0
1.1.3.3.1.19.11,Aluminium Door Widnow Fixing,Tower 6,,Finishing,Tower Finishing,Door,,124300997.0,2027-02-22,2027-03-29,,,,,0
1.1.3.3.1.19.12,Rehung Door Fixing,Tower 6,,Finishing,Tower Finishing,Door,,0.0,2027-03-29,2027-04-06,,,,,0
1.1.3.3.1.19.13,Putty Primer coat,Tower 6,,Finishing,Tower Finishing,Paint,,0.0,2027-04-06,2027-04-12,,,,,0
1.1.3.3.1.19.14,Painting First Coat,Tower 6,,Finishing,Tower Finishing,Paint,,22234800.0,2027-04-12,2027-04-24,,,,,0
1.1.3.3.1.19.15,False ceiling works,Tower 6,,Finishing,Tower Finishing,False Ceiling,,25932500.0,2027-04-27,2027-05-07,,,,,0
1.1.3.3.1.20,Ninteenth Floor ,,,,,,,,2027-01-12,2027-05-24,,,,,
1.1.3.3.1.20.1,Blockwork,Tower 6,,Finishing,Tower Civil Finishes,Blockwork,,32284527.0,2027-01-12,2027-01-19,,,,,0
1.1.3.3.1.20.2,Internal Plumbing Works,Tower 6,,MEP,Tower MEP,Plumbing,,81004239.0,2027-01-19,2027-01-25,,,,,0
1.1.3.3.1.20.3,Waterproofing Works,Tower 6,,Finishing,Tower Civil Finishes,Waterproofing,,29599200.0,2027-01-21,2027-01-31,,,,,0
1.1.3.3.1.20.4,PCC,Tower 6,,Civil Works- RCC,RCC,Concreting,,0.0,2027-02-02,2027-02-10,,,,,0
1.1.3.3.1.20.5,Electrical Wiring works,Tower 6,,MEP,Tower MEP,Electrical,,112363802.0,2027-01-21,2027-02-02,,,,,0
1.1.3.3.1.20.6,Internal Plaster Works,Tower 6,,Finishing,Tower Civil Finishes,Int Plaster,,91613750.0,2027-02-02,2027-02-11,,,,,0
1.1.3.3.1.20.7,Toilet Dado Works,Tower 6,,Finishing,Tower Finishing,Flooring,,44256300.0,2027-02-11,2027-02-20,,,,,0
1.1.3.3.1.20.8,Toilet Flooring Works,Tower 6,,Finishing,Tower Finishing,Flooring,,46697250.0,2027-02-20,2027-02-27,,,,,0
1.1.3.3.1.20.9,Living Dining Flooring,Tower 6,,Finishing,Tower Finishing,Flooring,,228900000.0,2027-02-27,2027-03-14,,,,,0
1.1.3.3.1.20.10,Temporary Door Fixing,Tower 6,,Finishing,Tower Finishing,Door,,0.0,2027-01-19,2027-01-28,,,,,0
1.1.3.3.1.20.11,Aluminium Door Widnow Fixing,Tower 6,,Finishing,Tower Finishing,Door,,124300997.0,2027-03-14,2027-04-18,,,,,0
1.1.3.3.1.20.12,Rehung Door Fixing,Tower 6,,Finishing,Tower Finishing,Door,,0.0,2027-04-18,2027-04-26,,,,,0
1.1.3.3.1.20.13,Putty Primer coat,Tower 6,,Finishing,Tower Finishing,Paint,,0.0,2027-04-26,2027-05-02,,,,,0
1.1.3.3.1.20.14,Painting First Coat,Tower 6,,Finishing,Tower Finishing,Paint,,22234800.0,2027-05-02,2027-05-14,,,,,0
1.1.3.3.1.20.15,False ceiling works,Tower 6,,Finishing,Tower Finishing,False Ceiling,,25932500.0,2027-05-14,2027-05-24,,,,,0
1.1.3.3.1.21,Twenty Floor ,,,,,,,,2027-01-30,2027-06-14,,,,,
1.1.3.3.1.21.1,Blockwork,Tower 6,,Finishing,Tower Civil Finishes,Blockwork,,32284527.0,2027-01-30,2027-02-09,,,,,0
1.1.3.3.1.21.2,Internal Plumbing Works,Tower 6,,MEP,Tower MEP,Plumbing,,81004239.0,2027-02-09,2027-02-15,,,,,0
1.1.3.3.1.21.3,Waterproofing Works,Tower 6,,Finishing,Tower Civil Finishes,Waterproofing,,29599200.0,2027-02-11,2027-02-21,,,,,0
1.1.3.3.1.21.4,PCC,Tower 6,,Civil Works- RCC,RCC,Concreting,,0.0,2027-02-23,2027-03-03,,,,,0
1.1.3.3.1.21.5,Electrical Wiring works,Tower 6,,MEP,Tower MEP,Electrical,,112363802.0,2027-02-11,2027-02-23,,,,,0
1.1.3.3.1.21.6,Internal Plaster Works,Tower 6,,Finishing,Tower Civil Finishes,Int Plaster,,91613750.0,2027-02-23,2027-03-04,,,,,0
1.1.3.3.1.21.7,Toilet Dado Works,Tower 6,,Finishing,Tower Finishing,Flooring,,44256300.0,2027-03-04,2027-03-13,,,,,0
1.1.3.3.1.21.8,Toilet Flooring Works,Tower 6,,Finishing,Tower Finishing,Flooring,,46697250.0,2027-03-13,2027-03-20,,,,,0
1.1.3.3.1.21.9,Living Dining Flooring,Tower 6,,Finishing,Tower Finishing,Flooring,,228900000.0,2027-03-20,2027-04-04,,,,,0
1.1.3.3.1.21.10,Temporary Door Fixing,Tower 6,,Finishing,Tower Finishing,Door,,0.0,2027-02-09,2027-02-18,,,,,0
1.1.3.3.1.21.11,Aluminium Door Widnow Fixing,Tower 6,,Finishing,Tower Finishing,Door,,124300997.0,2027-04-04,2027-05-09,,,,,0
1.1.3.3.1.21.12,Rehung Door Fixing,Tower 6,,Finishing,Tower Finishing,Door,,0.0,2027-05-09,2027-05-17,,,,,0
1.1.3.3.1.21.13,Putty Primer coat,Tower 6,,Finishing,Tower Finishing,Paint,,0.0,2027-05-17,2027-05-23,,,,,0
1.1.3.3.1.21.14,Painting First Coat,Tower 6,,Finishing,Tower Finishing,Paint,,22234800.0,2027-05-23,2027-06-04,,,,,0
1.1.3.3.1.21.15,False ceiling works,Tower 6,,Finishing,Tower Finishing,False Ceiling,,25932500.0,2027-06-04,2027-06-14,,,,,0
1.1.3.3.1.22,Twentyone Floor ,,,,,,,,2027-01-31,2027-06-24,,,,,
1.1.3.3.1.22.1,Blockwork,Tower 6,,Finishing,Tower Civil Finishes,Blockwork,,32284527.0,2027-01-31,2027-02-10,,,,,0
1.1.3.3.1.22.2,Internal Plumbing Works,Tower 6,,MEP,Tower MEP,Plumbing,,81004239.0,2027-02-10,2027-02-16,,,,,0
1.1.3.3.1.22.3,Waterproofing Works,Tower 6,,Finishing,Tower Civil Finishes,Waterproofing,,29599200.0,2027-02-12,2027-02-22,,,,,0
1.1.3.3.1.22.4,PCC,Tower 6,,Civil Works- RCC,RCC,Concreting,,0.0,2027-02-24,2027-03-04,,,,,0
1.1.3.3.1.22.5,Electrical Wiring works,Tower 6,,MEP,Tower MEP,Electrical,,112363802.0,2027-02-12,2027-02-24,,,,,0
1.1.3.3.1.22.6,Internal Plaster Works,Tower 6,,Finishing,Tower Civil Finishes,Int Plaster,,91613750.0,2027-02-24,2027-03-05,,,,,0
1.1.3.3.1.22.7,Toilet Dado Works,Tower 6,,Finishing,Tower Finishing,Flooring,,44256300.0,2027-03-05,2027-03-14,,,,,0
1.1.3.3.1.22.8,Toilet Flooring Works,Tower 6,,Finishing,Tower Finishing,Flooring,,46697250.0,2027-03-14,2027-03-21,,,,,0
1.1.3.3.1.22.9,Living Dining Flooring,Tower 6,,Finishing,Tower Finishing,Flooring,,228900000.0,2027-03-21,2027-04-05,,,,,0
1.1.3.3.1.22.10,Temporary Door Fixing,Tower 6,,Finishing,Tower Finishing,Door,,0.0,2027-02-10,2027-02-19,,,,,0
1.1.3.3.1.22.11,Aluminium Door Widnow Fixing,Tower 6,,Finishing,Tower Finishing,Door,,124300997.0,2027-04-05,2027-05-10,,,,,0
1.1.3.3.1.22.12,Rehung Door Fixing,Tower 6,,Finishing,Tower Finishing,Door,,0.0,2027-05-10,2027-05-18,,,,,0
1.1.3.3.1.22.13,Putty Primer coat,Tower 6,,Finishing,Tower Finishing,Paint,,0.0,2027-05-18,2027-05-24,,,,,0
1.1.3.3.1.22.14,Painting First Coat,Tower 6,,Finishing,Tower Finishing,Paint,,22234800.0,2027-05-24,2027-06-05,,,,,0
1.1.3.3.1.22.15,False ceiling works,Tower 6,,Finishing,Tower Finishing,False Ceiling,,25932500.0,2027-06-14,2027-06-24,,,,,0
1.1.3.3.1.23,Twenty two  Floor ,,,,,,,,2027-02-17,2027-07-04,,,,,
1.1.3.3.1.23.1,Blockwork,Tower 6,,Finishing,Tower Civil Finishes,Blockwork,,32284527.0,2027-02-17,2027-02-27,,,,,0
1.1.3.3.1.23.2,Internal Plumbing Works,Tower 6,,MEP,Tower MEP,Plumbing,,81004239.0,2027-02-27,2027-03-05,,,,,0
1.1.3.3.1.23.3,Waterproofing Works,Tower 6,,Finishing,Tower Civil Finishes,Waterproofing,,29599200.0,2027-03-01,2027-03-11,,,,,0
1.1.3.3.1.23.4,PCC,Tower 6,,Civil Works- RCC,RCC,Concreting,,0.0,2027-03-13,2027-03-21,,,,,0
1.1.3.3.1.23.5,Electrical Wiring works,Tower 6,,MEP,Tower MEP,Electrical,,112363802.0,2027-03-01,2027-03-13,,,,,0
1.1.3.3.1.23.6,Internal Plaster Works,Tower 6,,Finishing,Tower Civil Finishes,Int Plaster,,91613750.0,2027-03-13,2027-03-22,,,,,0
1.1.3.3.1.23.7,Toilet Dado Works,Tower 6,,Finishing,Tower Finishing,Flooring,,44256300.0,2027-03-22,2027-03-31,,,,,0
1.1.3.3.1.23.8,Toilet Flooring Works,Tower 6,,Finishing,Tower Finishing,Flooring,,46697250.0,2027-03-31,2027-04-07,,,,,0
1.1.3.3.1.23.9,Living Dining Flooring,Tower 6,,Finishing,Tower Finishing,Flooring,,228900000.0,2027-04-07,2027-04-22,,,,,0
1.1.3.3.1.23.10,Temporary Door Fixing,Tower 6,,Finishing,Tower Finishing,Door,,0.0,2027-02-27,2027-03-08,,,,,0
1.1.3.3.1.23.11,Aluminium Door Widnow Fixing,Tower 6,,Finishing,Tower Finishing,Door,,124300997.0,2027-04-22,2027-05-27,,,,,0
1.1.3.3.1.23.12,Rehung Door Fixing,Tower 6,,Finishing,Tower Finishing,Door,,0.0,2027-05-27,2027-06-04,,,,,0
1.1.3.3.1.23.13,Putty Primer coat,Tower 6,,Finishing,Tower Finishing,Paint,,0.0,2027-06-04,2027-06-10,,,,,0
1.1.3.3.1.23.14,Painting First Coat,Tower 6,,Finishing,Tower Finishing,Paint,,22234800.0,2027-06-10,2027-06-22,,,,,0
1.1.3.3.1.23.15,False ceiling works,Tower 6,,Finishing,Tower Finishing,False Ceiling,,25932500.0,2027-06-24,2027-07-04,,,,,0
1.1.3.3.1.24,Twenty Three Floor ,,,,,,,,2027-02-28,2027-07-14,,,,,
1.1.3.3.1.24.1,Blockwork,Tower 6,,Finishing,Tower Civil Finishes,Blockwork,,32284527.0,2027-02-28,2027-03-10,,,,,0
1.1.3.3.1.24.2,Internal Plumbing Works,Tower 6,,MEP,Tower MEP,Plumbing,,81004239.0,2027-03-10,2027-03-16,,,,,0
1.1.3.3.1.24.3,Waterproofing Works,Tower 6,,Finishing,Tower Civil Finishes,Waterproofing,,29599200.0,2027-03-12,2027-03-22,,,,,0
1.1.3.3.1.24.4,PCC,Tower 6,,Civil Works- RCC,RCC,Concreting,,0.0,2027-03-24,2027-04-01,,,,,0
1.1.3.3.1.24.5,Electrical Wiring works,Tower 6,,MEP,Tower MEP,Electrical,,112363802.0,2027-03-12,2027-03-24,,,,,0
1.1.3.3.1.24.6,Internal Plaster Works,Tower 6,,Finishing,Tower Civil Finishes,Int Plaster,,91613750.0,2027-03-24,2027-04-02,,,,,0
1.1.3.3.1.24.7,Toilet Dado Works,Tower 6,,Finishing,Tower Finishing,Flooring,,44256300.0,2027-04-02,2027-04-11,,,,,0
1.1.3.3.1.24.8,Toilet Flooring Works,Tower 6,,Finishing,Tower Finishing,Flooring,,46697250.0,2027-04-11,2027-04-18,,,,,0
1.1.3.3.1.24.9,Living Dining Flooring,Tower 6,,Finishing,Tower Finishing,Flooring,,228900000.0,2027-04-18,2027-05-03,,,,,0
1.1.3.3.1.24.10,Temporary Door Fixing,Tower 6,,Finishing,Tower Finishing,Door,,0.0,2027-03-10,2027-03-19,,,,,0
1.1.3.3.1.24.11,Aluminium Door Widnow Fixing,Tower 6,,Finishing,Tower Finishing,Door,,124300997.0,2027-05-03,2027-06-07,,,,,0
1.1.3.3.1.24.12,Rehung Door Fixing,Tower 6,,Finishing,Tower Finishing,Door,,0.0,2027-06-07,2027-06-15,,,,,0
1.1.3.3.1.24.13,Putty Primer coat,Tower 6,,Finishing,Tower Finishing,Paint,,0.0,2027-06-15,2027-06-21,,,,,0
1.1.3.3.1.24.14,Painting First Coat,Tower 6,,Finishing,Tower Finishing,Paint,,15000.0,2027-06-21,2027-07-03,,,,,0
1.1.3.3.1.24.15,False ceiling works,Tower 6,,Finishing,Tower Finishing,False Ceiling,,25932500.0,2027-07-04,2027-07-14,,,,,0
1.1.3.3.1.25,Twenty Four Floor ,,,,,,,,2027-03-21,2027-08-02,,,,,
1.1.3.3.1.25.1,Blockwork,Tower 6,,Finishing,Tower Civil Finishes,Blockwork,,32284527.0,2027-03-21,2027-03-30,,,,,0
1.1.3.3.1.25.2,Internal Plumbing Works,Tower 6,,MEP,Tower MEP,Plumbing,,81004239.0,2027-03-31,2027-04-05,,,,,0
1.1.3.3.1.25.3,Waterproofing Works,Tower 6,,Finishing,Tower Civil Finishes,Waterproofing,,29599200.0,2027-04-02,2027-04-11,,,,,0
1.1.3.3.1.25.4,PCC,Tower 6,,Civil Works- RCC,RCC,Concreting,,0.0,2027-04-14,2027-04-21,,,,,0
1.1.3.3.1.25.5,Electrical Wiring works,Tower 6,,MEP,Tower MEP,Electrical,,112363802.0,2027-04-02,2027-04-13,,,,,0
1.1.3.3.1.25.6,Internal Plaster Works,Tower 6,,Finishing,Tower Civil Finishes,Int Plaster,,91613750.0,2027-04-14,2027-04-22,,,,,0
1.1.3.3.1.25.7,Toilet Dado Works,Tower 6,,Finishing,Tower Finishing,Flooring,,44256300.0,2027-04-23,2027-05-01,,,,,0
1.1.3.3.1.25.8,Toilet Flooring Works,Tower 6,,Finishing,Tower Finishing,Flooring,,46697250.0,2027-05-02,2027-05-08,,,,,0
1.1.3.3.1.25.9,Living Dining Flooring,Tower 6,,Finishing,Tower Finishing,Flooring,,228900000.0,2027-05-09,2027-05-23,,,,,0
1.1.3.3.1.25.10,Temporary Door Fixing,Tower 6,,Finishing,Tower Finishing,Door,,0.0,2027-03-31,2027-04-08,,,,,0
1.1.3.3.1.25.11,Aluminium Door Widnow Fixing,Tower 6,,Finishing,Tower Finishing,Door,,124300997.0,2027-05-24,2027-06-27,,,,,0
1.1.3.3.1.25.12,Rehung Door Fixing,Tower 6,,Finishing,Tower Finishing,Door,,0.0,2027-06-28,2027-07-05,,,,,0
1.1.3.3.1.25.13,Putty Primer coat,Tower 6,,Finishing,Tower Finishing,Paint,,0.0,2027-07-06,2027-07-11,,,,,0
1.1.3.3.1.25.14,Painting First Coat,Tower 6,,Finishing,Tower Finishing,Paint,,22234800.0,2027-07-12,2027-07-23,,,,,0
1.1.3.3.1.25.15,False ceiling works,Tower 6,,Finishing,Tower Finishing,False Ceiling,,25932500.0,2027-07-24,2027-08-02,,,,,0
1.1.3.3.1.26,Twenty Five Floors,,,,,,,,2027-04-01,2027-08-13,,,,,
1.1.3.3.1.26.1,Blockwork,Tower 6,,Finishing,Tower Civil Finishes,Blockwork,,32284527.0,2027-04-01,2027-04-10,,,,,0
1.1.3.3.1.26.2,Internal Plumbing Works,Tower 6,,MEP,Tower MEP,Plumbing,,81004239.0,2027-04-11,2027-04-16,,,,,0
1.1.3.3.1.26.3,Waterproofing Works,Tower 6,,Finishing,Tower Civil Finishes,Waterproofing,,29599200.0,2027-04-13,2027-04-22,,,,,0
1.1.3.3.1.26.4,PCC,Tower 6,,Civil Works- RCC,RCC,Concreting,,0.0,2027-04-25,2027-05-02,,,,,0
1.1.3.3.1.26.5,Electrical Wiring works,Tower 6,,MEP,Tower MEP,Electrical,,112363802.0,2027-04-13,2027-04-24,,,,,0
1.1.3.3.1.26.6,Internal Plaster Works,Tower 6,,Finishing,Tower Civil Finishes,Int Plaster,,91613750.0,2027-04-25,2027-05-03,,,,,0
1.1.3.3.1.26.7,Toilet Dado Works,Tower 6,,Finishing,Tower Finishing,Flooring,,44256300.0,2027-05-04,2027-05-12,,,,,0
1.1.3.3.1.26.8,Toilet Flooring Works,Tower 6,,Finishing,Tower Finishing,Flooring,,46697250.0,2027-05-13,2027-05-19,,,,,0
1.1.3.3.1.26.9,Living Dining Flooring,Tower 6,,Finishing,Tower Finishing,Flooring,,228900000.0,2027-05-20,2027-06-03,,,,,0
1.1.3.3.1.26.10,Temporary Door Fixing,Tower 6,,Finishing,Tower Finishing,Door,,0.0,2027-04-11,2027-04-19,,,,,0
1.1.3.3.1.26.11,Aluminium Door Widnow Fixing,Tower 6,,Finishing,Tower Finishing,Door,,124300897.0,2027-06-04,2027-07-08,,,,,0
1.1.3.3.1.26.12,Rehung Door Fixing,Tower 6,,Finishing,Tower Finishing,Door,,0.0,2027-07-09,2027-07-16,,,,,0
1.1.3.3.1.26.13,Putty Primer coat,Tower 6,,Finishing,Tower Finishing,Paint,,0.0,2027-07-17,2027-07-22,,,,,0
1.1.3.3.1.26.14,Painting First Coat,Tower 6,,Finishing,Tower Finishing,Paint,,22234800.0,2027-07-23,2027-08-03,,,,,0
1.1.3.3.1.26.15,False ceiling works,Tower 6,,Finishing,Tower Finishing,False Ceiling,,25932500.0,2027-08-04,2027-08-13,,,,,0
1.1.3.3.1.27,Twenty Six Floor ,,,,,,,,2027-04-12,2027-08-24,,,,,
1.1.3.3.1.27.1,Blockwork,Tower 6,,Finishing,Tower Civil Finishes,Blockwork,,32284527.0,2027-04-12,2027-04-21,,,,,0
1.1.3.3.1.27.2,Internal Plumbing Works,Tower 6,,MEP,Tower MEP,Plumbing,,81004239.0,2027-04-22,2027-04-27,,,,,0
1.1.3.3.1.27.3,Waterproofing Works,Tower 6,,Finishing,Tower Civil Finishes,Waterproofing,,29599200.0,2027-04-24,2027-05-03,,,,,0
1.1.3.3.1.27.4,PCC,Tower 6,,Civil Works- RCC,RCC,Concreting,,0.0,2027-05-06,2027-05-13,,,,,0
1.1.3.3.1.27.5,Electrical Wiring works,Tower 6,,MEP,Tower MEP,Electrical,,112363802.0,2027-04-24,2027-05-05,,,,,0
1.1.3.3.1.27.6,Internal Plaster Works,Tower 6,,Finishing,Tower Civil Finishes,Int Plaster,,91613750.0,2027-05-06,2027-05-14,,,,,0
1.1.3.3.1.27.7,Toilet Dado Works,Tower 6,,Finishing,Tower Finishing,Flooring,,44256300.0,2027-05-15,2027-05-23,,,,,0
1.1.3.3.1.27.8,Toilet Flooring Works,Tower 6,,Finishing,Tower Finishing,Flooring,,46697250.0,2027-05-24,2027-05-30,,,,,0
1.1.3.3.1.27.9,Living Dining Flooring,Tower 6,,Finishing,Tower Finishing,Flooring,,228900000.0,2027-05-31,2027-06-14,,,,,0
1.1.3.3.1.27.10,Temporary Door Fixing,Tower 6,,Finishing,Tower Finishing,Door,,0.0,2027-04-22,2027-04-30,,,,,0
1.1.3.3.1.27.11,Aluminium Door Widnow Fixing,Tower 6,,Finishing,Tower Finishing,Door,,124300897.0,2027-06-15,2027-07-19,,,,,0
1.1.3.3.1.27.12,Rehung Door Fixing,Tower 6,,Finishing,Tower Finishing,Door,,54925000.0,2027-07-20,2027-07-27,,,,,0
1.1.3.3.1.27.13,Putty Primer coat,Tower 6,,Finishing,Tower Finishing,Paint,,0.0,2027-07-28,2027-08-02,,,,,0
1.1.3.3.1.27.14,Painting First Coat,Tower 6,,Finishing,Tower Finishing,Paint,,22234800.0,2027-08-03,2027-08-14,,,,,0
1.1.3.3.1.27.15,False ceiling works,Tower 6,,Finishing,Tower Finishing,False Ceiling,,25932500.0,2027-08-15,2027-08-24,,,,,0
1.1.3.3.1.28,Twenty Seven Floors,,,,,,,,2027-04-25,2027-09-06,,,,,
1.1.3.3.1.28.1,Blockwork,Tower 6,,Finishing,Tower Civil Finishes,Blockwork,,32284527.0,2027-04-25,2027-05-04,,,,,0
1.1.3.3.1.28.2,Internal Plumbing Works,Tower 6,,MEP,Tower MEP,Plumbing,,81004239.0,2027-05-05,2027-05-10,,,,,0
1.1.3.3.1.28.3,Waterproofing Works,Tower 6,,Finishing,Tower Civil Finishes,Waterproofing,,29599200.0,2027-05-07,2027-05-16,,,,,0
1.1.3.3.1.28.4,PCC,Tower 6,,Civil Works- RCC,RCC,Concreting,,0.0,2027-05-19,2027-05-26,,,,,0
1.1.3.3.1.28.5,Electrical Wiring works,Tower 6,,MEP,Tower MEP,Electrical,,112363802.0,2027-05-07,2027-05-18,,,,,0
1.1.3.3.1.28.6,Internal Plaster Works,Tower 6,,Finishing,Tower Civil Finishes,Int Plaster,,91613750.0,2027-05-19,2027-05-27,,,,,0
1.1.3.3.1.28.7,Toilet Dado Works,Tower 6,,Finishing,Tower Finishing,Flooring,,44256300.0,2027-05-28,2027-06-05,,,,,0
1.1.3.3.1.28.8,Toilet Flooring Works,Tower 6,,Finishing,Tower Finishing,Flooring,,46697250.0,2027-06-06,2027-06-12,,,,,0
1.1.3.3.1.28.9,Living Dining Flooring,Tower 6,,Finishing,Tower Finishing,Flooring,,228900000.0,2027-06-13,2027-06-27,,,,,0
1.1.3.3.1.28.10,Temporary Door Fixing,Tower 6,,Finishing,Tower Finishing,Door,,0.0,2027-05-05,2027-05-13,,,,,0
1.1.3.3.1.28.11,Aluminium Door Widnow Fixing,Tower 6,,Finishing,Tower Finishing,Door,,124300897.0,2027-06-28,2027-08-01,,,,,0
1.1.3.3.1.28.12,Rehung Door Fixing,Tower 6,,Finishing,Tower Finishing,Door,,0.0,2027-08-02,2027-08-09,,,,,0
1.1.3.3.1.28.13,Putty Primer coat,Tower 6,,Finishing,Tower Finishing,Paint,,0.0,2027-08-10,2027-08-15,,,,,0
1.1.3.3.1.28.14,Painting First Coat,Tower 6,,Finishing,Tower Finishing,Paint,,22234800.0,2027-08-16,2027-08-27,,,,,0
1.1.3.3.1.28.15,False ceiling works,Tower 6,,Finishing,Tower Finishing,False Ceiling,,25932500.0,2027-08-28,2027-09-06,,,,,0
1.1.3.3.1.29,Twenty Eight Floor ,,,,,,,,2027-05-11,2027-09-22,,,,,
1.1.3.3.1.29.1,Blockwork,Tower 6,,Finishing,Tower Civil Finishes,Blockwork,,32284527.0,2027-05-11,2027-05-20,,,,,0
1.1.3.3.1.29.2,Internal Plumbing Works,Tower 6,,MEP,Tower MEP,Plumbing,,81004239.0,2027-05-21,2027-05-26,,,,,0
1.1.3.3.1.29.3,Waterproofing Works,Tower 6,,Finishing,Tower Civil Finishes,Waterproofing,,29599200.0,2027-05-23,2027-06-01,,,,,0
1.1.3.3.1.29.4,PCC,Tower 6,,Civil Works- RCC,RCC,Concreting,,0.0,2027-06-04,2027-06-11,,,,,0
1.1.3.3.1.29.5,Electrical Wiring works,Tower 6,,MEP,Tower MEP,Electrical,,112363802.0,2027-05-23,2027-06-03,,,,,0
1.1.3.3.1.29.6,Internal Plaster Works,Tower 6,,Finishing,Tower Civil Finishes,Int Plaster,,91613750.0,2027-06-04,2027-06-12,,,,,0
1.1.3.3.1.29.7,Toilet Dado Works,Tower 6,,Finishing,Tower Finishing,Flooring,,44256300.0,2027-06-13,2027-06-21,,,,,0
1.1.3.3.1.29.8,Toilet Flooring Works,Tower 6,,Finishing,Tower Finishing,Flooring,,46697250.0,2027-06-22,2027-06-28,,,,,0
1.1.3.3.1.29.9,Living Dining Flooring,Tower 6,,Finishing,Tower Finishing,Flooring,,228900000.0,2027-06-29,2027-07-13,,,,,0
1.1.3.3.1.29.10,Temporary Door Fixing,Tower 6,,Finishing,Tower Finishing,Door,,0.0,2027-05-21,2027-05-29,,,,,0
1.1.3.3.1.29.11,Aluminium Door Widnow Fixing,Tower 6,,Finishing,Tower Finishing,Door,,124300997.0,2027-07-14,2027-08-17,,,,,0
1.1.3.3.1.29.12,Rehung Door Fixing,Tower 6,,Finishing,Tower Finishing,Door,,0.0,2027-08-18,2027-08-25,,,,,0
1.1.3.3.1.29.13,Putty Primer coat,Tower 6,,Finishing,Tower Finishing,Paint,,0.0,2027-08-26,2027-08-31,,,,,0
1.1.3.3.1.29.14,Painting First Coat,Tower 6,,Finishing,Tower Finishing,Paint,,22234800.0,2027-09-01,2027-09-12,,,,,0
1.1.3.3.1.29.15,False ceiling works,Tower 6,,Finishing,Tower Finishing,False Ceiling,,25932500.0,2027-09-13,2027-09-22,,,,,0
1.1.3.3.1.30,Twenty Nine Floors,,,,,,,,2027-05-21,2027-10-02,,,,,
1.1.3.3.1.30.1,Blockwork,Tower 6,,Finishing,Tower Civil Finishes,Blockwork,,32284527.0,2027-05-21,2027-05-30,,,,,0
1.1.3.3.1.30.2,Internal Plumbing Works,Tower 6,,MEP,Tower MEP,Plumbing,,81004239.0,2027-05-31,2027-06-05,,,,,0
1.1.3.3.1.30.3,Waterproofing Works,Tower 6,,Finishing,Tower Civil Finishes,Waterproofing,,29599200.0,2027-06-02,2027-06-11,,,,,0
1.1.3.3.1.30.4,PCC,Tower 6,,Civil Works- RCC,RCC,Concreting,,0.0,2027-06-14,2027-06-21,,,,,0
1.1.3.3.1.30.5,Electrical Wiring works,Tower 6,,MEP,Tower MEP,Electrical,,112363802.0,2027-06-02,2027-06-13,,,,,0
1.1.3.3.1.30.6,Internal Plaster Works,Tower 6,,Finishing,Tower Civil Finishes,Int Plaster,,91613750.0,2027-06-14,2027-06-21,,,,,0
1.1.3.3.1.30.7,Toilet Dado Works,Tower 6,,Finishing,Tower Finishing,Flooring,,44256300.0,2027-06-22,2027-06-30,,,,,0
1.1.3.3.1.30.8,Toilet Flooring Works,Tower 6,,Finishing,Tower Finishing,Flooring,,46697250.0,2027-07-01,2027-07-07,,,,,0
1.1.3.3.1.30.9,Living Dining Flooring,Tower 6,,Finishing,Tower Finishing,Flooring,,228900000.0,2027-07-08,2027-07-22,,,,,0
1.1.3.3.1.30.10,Temporary Door Fixing,Tower 6,,Finishing,Tower Finishing,Door,,0.0,2027-05-31,2027-06-08,,,,,0
1.1.3.3.1.30.11,Aluminium Door Widnow Fixing,Tower 6,,Finishing,Tower Finishing,Door,,124300997.0,2027-07-23,2027-08-26,,,,,0
1.1.3.3.1.30.12,Rehung Door Fixing,Tower 6,,Finishing,Tower Finishing,Door,,0.0,2027-08-27,2027-09-03,,,,,0
1.1.3.3.1.30.13,Putty Primer coat,Tower 6,,Finishing,Tower Finishing,Paint,,0.0,2027-09-04,2027-09-09,,,,,0
1.1.3.3.1.30.14,Painting First Coat,Tower 6,,Finishing,Tower Finishing,Paint,,22234800.0,2027-09-10,2027-09-21,,,,,0
1.1.3.3.1.30.15,False ceiling works,Tower 6,,Finishing,Tower Finishing,False Ceiling,,25932500.0,2027-09-23,2027-10-02,,,,,0
1.1.3.3.1.31,Thirty Floor ,,,,,,,,2027-05-31,2027-10-12,,,,,
1.1.3.3.1.31.1,Blockwork,Tower 6,,Finishing,Tower Civil Finishes,Blockwork,,32284527.0,2027-05-31,2027-06-09,,,,,0
1.1.3.3.1.31.2,Internal Plumbing Works,Tower 6,,MEP,Tower MEP,Plumbing,,81004239.0,2027-06-10,2027-06-15,,,,,0
1.1.3.3.1.31.3,Waterproofing Works,Tower 6,,Finishing,Tower Civil Finishes,Waterproofing,,29599200.0,2027-06-12,2027-06-21,,,,,0
1.1.3.3.1.31.4,PCC,Tower 6,,Civil Works- RCC,RCC,Concreting,,0.0,2027-06-23,2027-06-30,,,,,0
1.1.3.3.1.31.5,Electrical Wiring works,Tower 6,,MEP,Tower MEP,Electrical,,112363802.0,2027-06-12,2027-06-22,,,,,0
1.1.3.3.1.31.6,Internal Plaster Works,Tower 6,,Finishing,Tower Civil Finishes,Int Plaster,,91613750.0,2027-06-23,2027-06-30,,,,,0
1.1.3.3.1.31.7,Toilet Dado Works,Tower 6,,Finishing,Tower Finishing,Flooring,,44256300.0,2027-07-01,2027-07-09,,,,,0
1.1.3.3.1.31.8,Toilet Flooring Works,Tower 6,,Finishing,Tower Finishing,Flooring,,46697250.0,2027-07-10,2027-07-16,,,,,0
1.1.3.3.1.31.9,Living Dining Flooring,Tower 6,,Finishing,Tower Finishing,Flooring,,228900000.0,2027-07-17,2027-07-31,,,,,0
1.1.3.3.1.31.10,Temporary Door Fixing,Tower 6,,Finishing,Tower Finishing,Door,,0.0,2027-06-10,2027-06-18,,,,,0
1.1.3.3.1.31.11,Aluminium Door Widnow Fixing,Tower 6,,Finishing,Tower Finishing,Door,,124300997.0,2027-08-01,2027-09-04,,,,,0
1.1.3.3.1.31.12,Rehung Door Fixing,Tower 6,,Finishing,Tower Finishing,Door,,0.0,2027-09-05,2027-09-12,,,,,0
1.1.3.3.1.31.13,Putty Primer coat,Tower 6,,Finishing,Tower Finishing,Paint,,0.0,2027-09-13,2027-09-18,,,,,0
1.1.3.3.1.31.14,Painting First Coat,Tower 6,,Finishing,Tower Finishing,Paint,,22234800.0,2027-09-19,2027-09-30,,,,,0
1.1.3.3.1.31.15,False ceiling works,Tower 6,,Finishing,Tower Finishing,False Ceiling,,25932500.0,2027-10-03,2027-10-12,,,,,0
1.1.3.3.1.32,Thirty one Floor ,,,,,,,,2027-06-10,2027-10-22,,,,,
1.1.3.3.1.32.1,Blockwork,Tower 6,,Finishing,Tower Civil Finishes,Blockwork,,32284527.0,2027-06-10,2027-06-19,,,,,0
1.1.3.3.1.32.2,Internal Plumbing Works,Tower 6,,MEP,Tower MEP,Plumbing,,81004239.0,2027-06-20,2027-06-25,,,,,0
1.1.3.3.1.32.3,Waterproofing Works,Tower 6,,Finishing,Tower Civil Finishes,Waterproofing,,29599200.0,2027-06-22,2027-07-01,,,,,0
1.1.3.3.1.32.4,PCC,Tower 6,,Civil Works- RCC,RCC,Concreting,,0.0,2027-07-03,2027-07-10,,,,,0
1.1.3.3.1.32.5,Electrical Wiring works,Tower 6,,MEP,Tower MEP,Electrical,,112363802.0,2027-06-22,2027-07-02,,,,,0
1.1.3.3.1.32.6,Internal Plaster Works,Tower 6,,Finishing,Tower Civil Finishes,Int Plaster,,91613750.0,2027-07-03,2027-07-10,,,,,0
1.1.3.3.1.32.7,Toilet Dado Works,Tower 6,,Finishing,Tower Finishing,Flooring,,44256300.0,2027-07-11,2027-07-19,,,,,0
1.1.3.3.1.32.8,Toilet Flooring Works,Tower 6,,Finishing,Tower Finishing,Flooring,,46697250.0,2027-07-20,2027-07-26,,,,,0
1.1.3.3.1.32.9,Living Dining Flooring,Tower 6,,Finishing,Tower Finishing,Flooring,,228900000.0,2027-07-27,2027-08-10,,,,,0
1.1.3.3.1.32.10,Temporary Door Fixing,Tower 6,,Finishing,Tower Finishing,Door,,0.0,2027-06-20,2027-06-28,,,,,0
1.1.3.3.1.32.11,Aluminium Door Widnow Fixing,Tower 6,,Finishing,Tower Finishing,Door,,124300997.0,2027-08-11,2027-09-14,,,,,0
1.1.3.3.1.32.12,Rehung Door Fixing,Tower 6,,Finishing,Tower Finishing,Door,,0.0,2027-09-15,2027-09-22,,,,,0
1.1.3.3.1.32.13,Putty Primer coat,Tower 6,,Finishing,Tower Finishing,Paint,,0.0,2027-09-23,2027-09-28,,,,,0
1.1.3.3.1.32.14,Painting First Coat,Tower 6,,Finishing,Tower Finishing,Paint,,22234800.0,2027-09-29,2027-10-10,,,,,0
1.1.3.3.1.32.15,False ceiling works,Tower 6,,Finishing,Tower Finishing,False Ceiling,,25932500.0,2027-10-13,2027-10-22,,,,,0
1.1.3.3.1.33,Thirty two Floor ,,,,,,,,2027-06-20,2028-01-10,,,,,
1.1.3.3.1.33.1,Blockwork,Tower 6,,Finishing,Tower Civil Finishes,Blockwork,,32284527.0,2027-06-20,2027-06-29,,,,,0
1.1.3.3.1.33.2,Internal Plumbing Works,Tower 6,,MEP,Tower MEP,Plumbing,,166585638.748778,2027-06-30,2027-07-14,,,,,0
1.1.3.3.1.33.3,Waterproofing Works,Tower 6,,Finishing,Tower Civil Finishes,Waterproofing,,29599200.0,2027-07-02,2027-07-16,,,,,0
1.1.3.3.1.33.4,PCC,Tower 6,,Civil Works- RCC,RCC,Concreting,,0.0,2027-07-17,2027-07-28,,,,,0
1.1.3.3.1.33.5,Electrical Wiring works,Tower 6,,MEP,Tower MEP,Electrical,,112363802.0,2027-07-02,2027-07-16,,,,,0
1.1.3.3.1.33.6,Internal Plaster Works,Tower 6,,Finishing,Tower Civil Finishes,Int Plaster,,91613750.0,2027-07-17,2027-08-02,,,,,0
1.1.3.3.1.33.7,Toilet Dado Works,Tower 6,,Finishing,Tower Finishing,Flooring,,44256300.0,2027-08-03,2027-09-01,,,,,0
1.1.3.3.1.33.8,Toilet Flooring Works,Tower 6,,Finishing,Tower Finishing,Flooring,,46697250.0,2027-09-02,2027-09-26,,,,,0
1.1.3.3.1.33.9,Living Dining Flooring,Tower 6,,Finishing,Tower Finishing,Flooring,,228900000.0,2027-09-27,2027-10-06,,,,,0
1.1.3.3.1.33.10,Temporary Door Fixing,Tower 6,,Finishing,Tower Finishing,Door,,0.0,2027-06-30,2027-07-08,,,,,0
1.1.3.3.1.33.11,Aluminium Door Widnow Fixing,Tower 6,,Finishing,Tower Finishing,Door,,124300997.0,2027-10-07,2027-10-21,,,,,0
1.1.3.3.1.33.12,Rehung Door Fixing,Tower 6,,Finishing,Tower Finishing,Door,,0.0,2027-10-22,2027-10-29,,,,,0
1.1.3.3.1.33.13,Putty Primer coat,Tower 6,,Finishing,Tower Finishing,Paint,,0.0,2027-10-30,2027-12-19,,,,,0
1.1.3.3.1.33.14,Painting First Coat,Tower 6,,Finishing,Tower Finishing,Paint,,22234800.0,2027-12-20,2027-12-31,,,,,0
1.1.3.3.1.33.15,False ceiling works,Tower 6,,Finishing,Tower Finishing,False Ceiling,,25932500.0,2028-01-01,2028-01-10,,,,,0
1.1.3.3.2,Terrace Finishing,,,,,,,,2027-05-12,2027-07-30,,,,,
1.1.3.3.2.1,Terrace Waterproofing,Tower 6,Terrace,Finishing,Tower Civil Finishes,Waterproofing,,375079900.0,2027-05-12,2027-06-20,,,,,0
1.1.3.3.2.2,Terrace Finishing,Tower 6,Terrace,Finishing,Common area finishes,CA-Flooring,,0.0,2027-06-21,2027-07-30,,,,,0
1.1.3.3.3,Common Area Finishing,,,,,,,,2027-05-12,2028-04-08,,,,,
1.1.3.3.3.1,Blockwork,Tower 6,,Finishing,Common area finishes,CA-Blockwork,,200.0,2027-05-12,2027-06-20,,,,,0
1.1.3.3.3.2,Internal Plaster,Tower 6,,Finishing,Common area finishes,CA-Int Plaster,,200.0,2027-06-01,2027-09-28,,,,,0
1.1.3.3.3.3,Staircase railing fixing,Tower 6,,Finishing,Common area finishes,CA-Railing,,200.0,2027-06-21,2028-01-01,,,,,0
1.1.3.3.3.4,Main Staircase flooring,Tower 6,,Finishing,Common area finishes,CA-Flooring,,200.0,2027-08-30,2028-03-11,,,,,0
1.1.3.3.3.5,Fire Staircase railing,Tower 6,,Finishing,Common area finishes,CA-Railing,,200.0,2028-01-02,2028-04-08,,,,,0
1.1.3.3.3.6,Fire Door Work,Tower 6,,Finishing,Common area finishes,CA-Door,,404352000.0,2027-09-29,2028-01-11,,,,,0
1.1.3.3.3.7,Electrical wiring work,Tower 6,,MEP,Common area-MEP,CA-Electrical,,81004239.374389,2027-06-01,2027-09-28,,,,,0
1.1.3.3.3.8,Lobby Flooring,Tower 6,,Finishing,Common area finishes,CA-Flooring,,200.0,2027-07-01,2028-01-11,,,,,0
1.1.3.3.3.9,Ceiling & wall putty-primer,Tower 6,,Finishing,Common area finishes,CA-Paint,,200.0,2027-07-01,2027-10-18,,,,,0
1.1.3.3.3.10,Ceiling and wall painting,Tower 6,,Finishing,Common area finishes,CA-Paint,,200.0,2027-07-11,2027-10-18,,,,,0
1.1.3.3.3.11,Light fixture supply & installation,Tower 6,,MEP,Common area-MEP,CA-Electrical,,200.0,2027-09-09,2027-10-23,,,,,0
1.1.3.3.4,Glass Railing Fixing,,,,,,,,2027-10-28,2028-02-11,,,,,
1.1.3.3.4.1,2nd Floor,Tower 6,2nd Floor,Finishing,Tower Civil Finishes,Railing,,200.0,2027-10-28,2027-10-29,,,,,0
1.1.3.3.4.2,3rd Floor,Tower 6,3rd Floor,Finishing,Tower Civil Finishes,Railing,,200.0,2027-10-30,2027-10-31,,,,,0
1.1.3.3.4.3,4th Floor,Tower 6,4th Floor,Finishing,Tower Civil Finishes,Railing,,200.0,2027-12-16,2027-12-17,,,,,0
1.1.3.3.4.4,5th Floor,Tower 6,5th Floor,Finishing,Tower Civil Finishes,Railing,,200.0,2027-12-18,2027-12-19,,,,,0
1.1.3.3.4.5,6th Floor,Tower 6,6th Floor,Finishing,Tower Civil Finishes,Railing,,200.0,2027-12-20,2027-12-21,,,,,0
1.1.3.3.4.6,7th Floor,Tower 6,7th Floor,Finishing,Tower Civil Finishes,Railing,,200.0,2027-12-22,2027-12-23,,,,,0
1.1.3.3.4.7,8th Floor,Tower 6,8th Floor,Finishing,Tower Civil Finishes,Railing,,200.0,2027-12-24,2027-12-25,,,,,0
1.1.3.3.4.8,9th Floor,Tower 6,9th Floor,Finishing,Tower Civil Finishes,Railing,,200.0,2027-12-26,2027-12-27,,,,,0
1.1.3.3.4.9,10th Floor,Tower 6,10th Floor,Finishing,Tower Civil Finishes,Railing,,200.0,2027-12-28,2027-12-29,,,,,0
1.1.3.3.4.10,11th Floor,Tower 6,11th Floor,Finishing,Tower Civil Finishes,Railing,,200.0,2027-12-30,2027-12-31,,,,,0
1.1.3.3.4.11,12th Floor,Tower 6,12th Floor,Finishing,Tower Civil Finishes,Railing,,200.0,2028-01-01,2028-01-02,,,,,0
1.1.3.3.4.12,13th Floor,Tower 6,13th Floor,Finishing,Tower Civil Finishes,Railing,,200.0,2028-01-03,2028-01-04,,,,,0
1.1.3.3.4.13,14th Floor,Tower 6,14th Floor,Finishing,Tower Civil Finishes,Railing,,200.0,2028-01-05,2028-01-06,,,,,0
1.1.3.3.4.14,15th Floor,Tower 6,15th Floor,Finishing,Tower Civil Finishes,Railing,,200.0,2028-01-07,2028-01-08,,,,,0
1.1.3.3.4.15,16th Floor,Tower 6,16th Floor,Finishing,Tower Civil Finishes,Railing,,200.0,2028-01-09,2028-01-10,,,,,0
1.1.3.3.4.16,17th Floor,Tower 6,17th Floor,Finishing,Tower Civil Finishes,Railing,,200.0,2028-01-11,2028-01-12,,,,,0
1.1.3.3.4.17,18th Floor,Tower 6,18th Floor,Finishing,Tower Civil Finishes,Railing,,200.0,2028-01-13,2028-01-14,,,,,0
1.1.3.3.4.18,19th Floor,Tower 6,19th Floor,Finishing,Tower Civil Finishes,Railing,,200.0,2028-01-15,2028-01-16,,,,,0
1.1.3.3.4.19,20th Floor,Tower 6,20th Floor,Finishing,Tower Civil Finishes,Railing,,200.0,2028-01-17,2028-01-18,,,,,0
1.1.3.3.4.20,21st Floor,Tower 6,21st Floor,Finishing,Tower Civil Finishes,Railing,,200.0,2028-01-19,2028-01-20,,,,,0
1.1.3.3.4.21,22nd Floor,Tower 6,22nd Floor,Finishing,Tower Civil Finishes,Railing,,200.0,2028-01-21,2028-01-22,,,,,0
1.1.3.3.4.22,23rd Floor,Tower 6,23rd Floor,Finishing,Tower Civil Finishes,Railing,,200.0,2028-01-23,2028-01-24,,,,,0
1.1.3.3.4.23,24th Floor,Tower 6,24th Floor,Finishing,Tower Civil Finishes,Railing,,200.0,2028-01-25,2028-01-26,,,,,0
1.1.3.3.4.24,25th Floor,Tower 6,25th Floor,Finishing,Tower Civil Finishes,Railing,,200.0,2028-01-27,2028-01-28,,,,,0
1.1.3.3.4.25,26th Floor,Tower 6,26th Floor,Finishing,Tower Civil Finishes,Railing,,200.0,2028-01-29,2028-01-30,,,,,0
1.1.3.3.4.26,27th Floor,Tower 6,27th Floor,Finishing,Tower Civil Finishes,Railing,,200.0,2028-01-31,2028-02-01,,,,,0
1.1.3.3.4.27,28th Floor,Tower 6,28th Floor,Finishing,Tower Civil Finishes,Railing,,200.0,2028-02-02,2028-02-03,,,,,0
1.1.3.3.4.28,29th Floor,Tower 6,29th Floor,Finishing,Tower Civil Finishes,Railing,,200.0,2028-02-04,2028-02-05,,,,,0
1.1.3.3.4.29,30th Floor,Tower 6,30th Floor,Finishing,Tower Civil Finishes,Railing,,200.0,2028-02-06,2028-02-07,,,,,0
1.1.3.3.4.30,31st Floor,Tower 6,31st Floor,Finishing,Tower Civil Finishes,Railing,,200.0,2028-02-08,2028-02-09,,,,,0
1.1.3.3.4.31,32nd Floor,Tower 6,32nd Floor,Finishing,Tower Civil Finishes,Railing,,200.0,2028-02-10,2028-02-11,,,,,0
1.1.3.4,MEP,,,,,,,,2027-05-12,2028-08-18,,,,,
1.1.3.4.1,Electrical Works,,,,,,,,2027-05-12,2028-03-16,,,,,
1.1.3.4.1.1,Cable Tray,Tower 6,,MEP,Tower MEP,Electrical,,239843850.0,2027-05-12,2027-08-09,,,,,0
1.1.3.4.1.2,"Cable, main & sub main",Tower 6,,MEP,Tower MEP,Electrical,,1084245083.33333,2027-06-26,2027-09-13,,,,,0
1.1.3.4.1.3,LT panel & DB,Tower 6,,MEP,Tower MEP,Electrical,,1007439483.33333,2027-08-10,2028-01-21,,,,,0
1.1.3.4.1.4,Rising main,Tower 6,,MEP,Tower MEP,Plumbing,,178200000.0,2027-07-11,2027-10-08,,,,,0
1.1.3.4.1.5,EARTHING Works,Tower 6,,MEP,Tower MEP,Electrical,,179018733.333333,2027-05-27,2027-07-25,,,,,0
1.1.3.4.1.6,Advance lightening protection,Tower 6,,MEP,Tower MEP,Electrical,,100.0,2027-07-31,2027-09-28,,,,,0
1.1.3.4.1.7,Inverter,Tower 6,,MEP,Tower MEP,Electrical,,100.0,2027-12-28,2028-01-31,,,,,0
1.1.3.4.1.8,Energy meter,Tower 6,,MEP,Tower MEP,Electrical,,84000000.0,2027-09-14,2027-12-27,,,,,0
1.1.3.4.1.9,Exhast fan,Tower 6,,MEP,Tower MEP,Electrical,,80700000.0,2027-08-28,2027-10-26,,,,,0
1.1.3.4.1.10,FTTH,Tower 6,,MEP,Tower MEP,Electrical,,54000000.0,2027-07-16,2027-09-13,,,,,0
1.1.3.4.1.11,Security System - FA & PA,Tower 6,,MEP,Tower MEP,Electrical,,503715200.0,2028-01-22,2028-03-16,,,,,0
1.1.3.4.1.12,Solar water heater,Tower 6,,MEP,Tower MEP,Plumbing,,100.0,2027-07-31,2027-09-28,,,,,0
1.1.3.4.2,Plumbing Works,,,,,,,,2027-06-21,2028-01-16,,,,,
1.1.3.4.2.1,Terrace looping,Tower 6,Terrace,MEP,Tower MEP,Plumbing,,100.0,2027-06-21,2027-08-04,,,,,0
1.1.3.4.2.2,Shaft Plumbing,Tower 6,,MEP,Tower MEP,Plumbing,,100.0,2027-08-05,2028-01-16,,,,,0
1.1.3.4.2.3,CP sanitary fixture supply,Tower 6,,MEP,Tower MEP,CP Sanitary,,850550000.0,2027-08-03,2027-10-16,,,,,0
1.1.3.4.2.4,Cold & flushing water supply,Tower 6,,MEP,Tower MEP,Plumbing,,100.0,2027-08-03,2027-10-31,,,,,0
1.1.3.4.2.5,Misc work,Tower 6,,Finishing,Miscellaneous,Misc,,100.0,2027-10-22,2028-01-04,,,,,0
1.1.3.4.3,Fire Fighting Works,,,,,,,,2027-07-21,2028-04-08,,,,,
1.1.3.4.3.1,Fire hydrant work,Tower 6,,MEP,Tower MEP,Plumbing,,555719000.0,2027-07-31,2027-10-28,,,,,0
1.1.3.4.3.2,Sprinkler & piping work,Tower 6,,MEP,Tower MEP,Plumbing,,923155250.0,2028-01-12,2028-04-08,,,,,0
1.1.3.4.3.3,Shaft Downtake works,Tower 6,,MEP,Tower MEP,Plumbing,,100.0,2027-07-21,2027-10-18,,,,,0
1.1.3.4.3.4,Connection to pump room,Tower 6,,MEP,Tower MEP,Plumbing,,100.0,2027-10-19,2028-01-01,,,,,0
1.1.3.4.4,Lift Works,,,,,,,,2027-05-12,2027-10-28,,,,,
1.1.3.4.4.1,Lift Shaft Handover,Tower 6,,MEP,Common area-MEP,Lift,,100.0,2027-05-12,2027-06-20,,,,,0
1.1.3.4.4.2,Lift installation work,Tower 6,,MEP,Common area-MEP,Lift,,1428000000.0,2027-06-21,2027-08-04,,,,,0
1.1.3.4.4.3,Lift testing and commissioning,Tower 6,,MEP,Common area-MEP,Lift,,100.0,2027-08-05,2027-10-28,,,,,0
1.1.3.4.5,AC Works,,,,,,,,2028-05-11,2028-08-18,,,,,
1.1.3.4.5.1,Split AC,Tower 6,,MEP,Tower MEP,Electrical,,4794428727.8316,2028-05-11,2028-08-18,,,,,0
1.1.3.5,Tower Completion,,,,,,,,2027-04-01,2028-02-09,,,,,
1.1.3.5.1,SURFACE PREPARATION,Tower 6,,Finishing,Tower Finishing,Paint,,100.0,2027-04-01,2027-06-19,,,,,0
1.1.3.5.2,External Painting,Tower 6,,Finishing,Tower Finishing,Ext Paint,,793387500.0,2027-06-20,2027-09-27,,,,,0
1.1.3.5.3,Final coat of painting,Tower 6,,Finishing,Tower Finishing,Paint,,100.0,2027-09-28,2027-10-27,,,,,0
1.1.3.5.4,Misc. work,Tower 6,,Finishing,Miscellaneous,Misc,,2054043500.0,2027-10-28,2028-02-09,,,,,0
1.1.3.6,Basement Lobby,,,,,,,,2028-01-12,2028-03-11,,,,,
1.1.3.6.1,Basement Lobby,Tower 6,Basement,Finishing,Common area finishes,CA-Flooring,,600000000.0,2028-01-12,2028-03-11,,,,,0
1.1.3.7,Post OC Activities,,,,,,,,2027-07-17,2029-03-10,,,,,
1.1.3.7.1,Wardrobe installation,Tower 6,,,,NTA Finishing,,100.0,2028-05-11,2028-11-06,,,,,0
1.1.3.7.2,CP & SANITARYWARE,Tower 6,,MEP,Tower MEP,CP Sanitary,,230802300.0,2027-10-17,2028-03-29,,,,,0
1.1.3.7.3,Wooden Flooring,Tower 6,,Finishing,Tower Finishing,Flooring,,100.0,2028-05-11,2028-11-06,,,,,0
1.1.3.7.4,Electrical Fixtures And Fittings,Tower 6,,MEP,Tower MEP,Electrical,,150196680.0,2027-07-17,2027-12-28,,,,,0
1.1.3.7.5,Modular Kitchen,Tower 6,,,,NTA Finishing,,100.0,2028-05-11,2028-11-06,,,,,0
1.1.3.7.6,Final Coat Paint,Tower 6,,Finishing,Tower Finishing,Paint,,100.0,2027-10-24,2028-03-06,,,,,0
1.1.3.7.7,OC Application/Readiness,Tower 6,,Finishing,Miscellaneous,Misc,,100.0,2028-04-09,2028-04-09,,,,,0
1.1.3.7.8,OC Receipt,Tower 6,,Finishing,Miscellaneous,Misc,,100.0,2028-06-09,2028-06-09,,,,,0
1.1.3.7.9,Offer To Possession,Tower 6,,Finishing,Miscellaneous,Misc,,100.0,2029-02-09,2029-03-10,,,,,0
1.1.4,Tower 5 ,,,,,,,,2024-10-11,2029-02-01,,,,,
1.1.4.1,Substructure Works,,,,,,,,2024-10-11,2026-03-23,,,,,
1.1.4.1.1,RCC Works,,,,,,,,2024-10-11,2025-05-16,,,,,
1.1.4.1.1.1,Raft,,,,,,,,2024-10-11,2024-11-05,,,,,
1.1.4.1.1.1.1,Surface Dressing,Tower 5,,Civil Works- RCC,NTA RCC,NTA RCC,,100.0,2024-10-14,2024-10-15,2024-10-14,2024-10-15,,,100
1.1.4.1.1.1.2,Anti Termite Treatment,Tower 5,,Finishing,Tower Civil Finishes,Waterproofing,,100.0,2024-10-11,2024-10-15,2024-10-11,2024-10-15,,,100
1.1.4.1.1.1.3,PCC,Tower 5,,Civil Works- RCC,RCC,Concreting,,115746104.25,2024-10-13,2024-10-15,2024-10-13,2024-10-15,,,100
1.1.4.1.1.1.4,Reinforcement Laying,Tower 5,,Civil Works- RCC,RCC,Reinforcement,,3175925520.0,2024-10-15,2024-11-01,2024-10-15,2024-12-16,,,100
1.1.4.1.1.1.5,Outer Shuttering of Raft Area,Tower 5,,Civil Works- RCC,RCC,Shuttering- Conventional,,52091499.0,2024-10-31,2024-11-01,2024-10-31,2024-12-16,,,100
1.1.4.1.1.1.6,Raft Concreting,Tower 5,,Civil Works- RCC,RCC,Concreting,,3014008773.0,2024-10-31,2024-11-05,2024-10-31,2024-12-16,,,100
1.1.4.1.1.2,Dummy Basement,,,,,,,,2024-10-26,2025-01-28,,,,,
1.1.4.1.1.2.1,Column and Shear Wall Reinforcement,Tower 5,Basement,Civil Works- RCC,RCC,Reinforcement,,607873600.0,2024-10-26,2024-10-31,2024-10-26,2024-10-31,,,100
1.1.4.1.1.2.2,Column and Shear Wall Formwork,Tower 5,Basement,Civil Works- RCC,RCC,Shuttering- Conventional,,115583300.0,2024-10-30,2025-01-27,2024-10-30,2025-01-27,,,100
1.1.4.1.1.2.3,Column and Shear Wall Casting,Tower 5,Basement,Civil Works- RCC,RCC,Concreting,,333721820.0,2024-10-30,2025-01-28,2024-10-30,2025-01-28,,,100
1.1.4.1.1.2.4,Slab Formwork,Tower 5,Basement,Civil Works- RCC,RCC,Shuttering- Conventional,,201992200.0,2024-12-20,2025-01-28,2024-12-20,2025-01-28,,,100
1.1.4.1.1.2.5,Slab Reinforcement,Tower 5,Basement,Civil Works- RCC,RCC,Reinforcement,,265409600.0,2024-12-31,2025-01-28,2024-12-31,2025-01-28,,,100
1.1.4.1.1.2.6,Slab Casting,Tower 5,Basement,Civil Works- RCC,RCC,Concreting,,231736431.6,2025-01-05,2025-01-28,2025-01-05,2025-01-28,,,100
1.1.4.1.1.3,B2 Roof,,,,,,,,2025-01-22,2025-03-23,,,,,
1.1.4.1.1.3.1,Column and Shear Wall Reinforcement,Tower 5,Basement 2,Civil Works- RCC,RCC,Reinforcement,,1001707200.0,2025-01-22,2025-03-04,2025-01-22,2025-03-04,,,100
1.1.4.1.1.3.2,Column and Shear Wall Formwork,Tower 5,Basement 2,Civil Works- RCC,RCC,Shuttering- Conventional,,189937500.0,2025-01-24,2025-03-09,2025-01-24,2025-03-09,,,100
1.1.4.1.1.3.3,Column and Shear Wall Casting,Tower 5,Basement 2,Civil Works- RCC,RCC,Concreting,,334466712.0,2025-01-29,2025-03-17,2025-01-29,2025-03-17,,,100
1.1.4.1.1.3.4,Slab Formwork,Tower 5,Basement 2,Civil Works- RCC,RCC,Shuttering- Conventional,,331960100.0,2025-01-30,2025-03-19,2025-01-30,2025-03-19,,,100
1.1.4.1.1.3.5,Slab Reinforcement,Tower 5,Basement 2,Civil Works- RCC,RCC,Reinforcement,,428080000.0,2025-01-31,2025-03-20,2025-01-31,2025-03-20,,,100
1.1.4.1.1.3.6,Slab Casting,Tower 5,Basement 2,Civil Works- RCC,RCC,Concreting,,235773027.0,2025-02-28,2025-03-23,2025-02-28,2025-03-23,,,100
1.1.4.1.1.4,B1 Roof,,,,,,,,2025-02-18,2025-05-16,,,,,
1.1.4.1.1.4.1,Column and Shear Wall Reinforcement,Tower 5,Basement 1,Civil Works- RCC,RCC,Reinforcement,,1001707200.0,2025-02-18,2025-04-13,2025-02-18,2025-04-13,,,100
1.1.4.1.1.4.2,Column and Shear Wall Formwork,Tower 5,Basement 1,Civil Works- RCC,RCC,Shuttering- Conventional,,189937500.0,2025-03-01,2025-05-14,2025-03-01,2025-05-14,,,100
1.1.4.1.1.4.3,Column and Shear Wall Casting,Tower 5,Basement 1,Civil Works- RCC,RCC,Concreting,,518883604.0,2025-03-09,2025-05-14,2025-03-09,2025-05-14,,,100
1.1.4.1.1.4.4,Slab Formwork,Tower 5,Basement 1,Civil Works- RCC,RCC,Shuttering- Conventional,,331960100.0,2025-04-10,2025-05-11,2025-04-10,2025-05-11,,,100
1.1.4.1.1.4.5,Slab Reinforcement,Tower 5,Basement 1,Civil Works- RCC,RCC,Reinforcement,,428080000.0,2025-04-08,2025-05-16,2025-04-08,2025-05-16,,,100
1.1.4.1.1.4.6,Slab Casting,Tower 5,Basement 1,Civil Works- RCC,RCC,Concreting,,269224345.0,2025-04-23,2025-05-16,2025-04-23,2025-05-16,,,100
1.1.4.1.2,Substructure Finishing Works,,,,,,,,2025-12-16,2026-03-23,,,,,
1.1.4.1.2.1,Basement - 2,,,,,,,,2025-12-16,2026-02-26,,,,,
1.1.4.1.2.1.1,Masonary Works,Tower 5,Basement 2,Finishing,Common area finishes,CA-Blockwork,,37218750.0,2025-12-16,2026-01-14,,,,,0
1.1.4.1.2.1.2,Plaster Works,Tower 5,Basement 2,Finishing,Common area finishes,CA-Int Plaster,,88750000.0,2025-12-31,2026-01-19,,,,,0
1.1.4.1.2.1.3,White Wash,Tower 5,Basement 2,Finishing,Common area finishes,CA-Paint,,0.0,2026-01-15,2026-02-01,,,,,0
1.1.4.1.2.1.4,VDF,Tower 5,Basement 2,Finishing,Common area finishes,CA-Flooring,,172792906.5,2026-02-02,2026-02-26,,,,,0
1.1.4.1.2.2,Basement - 1,,,,,,,,2025-12-16,2026-03-23,,,,,
1.1.4.1.2.2.1,Masonary Works,Tower 5,Basement 1,Finishing,Common area finishes,CA-Blockwork,,37218750.0,2025-12-16,2026-01-14,,,,,0
1.1.4.1.2.2.2,Plaster Works,Tower 5,Basement 1,Finishing,Common area finishes,CA-Int Plaster,,88750000.0,2025-12-31,2026-01-19,,,,,0
1.1.4.1.2.2.3,White Wash,Tower 5,Basement 1,Finishing,Common area finishes,CA-Paint,,0.0,2026-01-15,2026-02-01,,,,,0
1.1.4.1.2.2.4,VDF,Tower 5,Basement 1,Finishing,Common area finishes,CA-Flooring,,172792906.5,2026-02-27,2026-03-23,,,,,0
1.1.4.2,Superstructure Works,,,,,,,,2025-06-23,2027-04-11,,,,,
1.1.4.2.1,RCC Works,,,,,,,,2025-06-23,2027-04-04,,,,,
1.1.4.2.1.1,Podium Roof,,,,,,,,2025-06-23,2025-10-30,,,,,
1.1.4.2.1.1.1,Column and Shear Wall Reinforcement,Tower 5,,Civil Works- RCC,RCC,Reinforcement,,432043972.0,2025-06-23,2025-10-23,2025-06-23,2025-10-23,,,100
1.1.4.2.1.1.2,Column and Shear Wall Formwork,Tower 5,,Civil Works- RCC,RCC,Shuttering- Conventional,,292047900.0,2025-06-24,2025-10-28,2025-06-24,2025-10-28,,,100
1.1.4.2.1.1.3,Column and Shear Wall Casting,Tower 5,,Civil Works- RCC,RCC,Concreting,,758871480.0,2025-06-26,2025-10-28,2025-06-26,2025-10-28,,,100
1.1.4.2.1.1.4,Slab Formwork,Tower 5,,Civil Works- RCC,RCC,Shuttering- Conventional,,223838400.0,2025-09-13,2025-10-30,2025-09-13,2025-10-30,,,100
1.1.4.2.1.1.5,Slab Reinforcement,Tower 5,,Civil Works- RCC,RCC,Reinforcement,,288058020.0,2025-09-22,2025-10-30,2025-09-22,2025-10-30,,,100
1.1.4.2.1.1.6,Slab Casting,Tower 5,,Civil Works- RCC,RCC,Concreting,,109800000.0,2025-09-28,2025-10-30,2025-09-28,2025-10-30,,,100
1.1.4.2.1.2,First Floor Roof,,,,,,,,2025-10-18,2026-01-15,,,,,
1.1.4.2.1.2.1,Column and Shear Wall Reinforcement,Tower 5,1st Floor,Civil Works- RCC,RCC,Reinforcement,,432043972.0,2025-10-18,2025-12-20,2025-10-18,,,,78
1.1.4.2.1.2.2,Column and Shear Wall Formwork,Tower 5,1st Floor,Civil Works- RCC,RCC,Shuttering- Conventional,,292047900.0,2025-10-30,2025-12-18,2025-10-30,,,,40
1.1.4.2.1.2.3,Column and Shear Wall Casting,Tower 5,1st Floor,Civil Works- RCC,RCC,Concreting,,398986604.0,2025-10-30,2025-12-19,2025-10-30,,,,50
1.1.4.2.1.2.4,Slab Formwork,Tower 5,1st Floor,Civil Works- RCC,RCC,Shuttering- Conventional,,194698600.0,2025-10-30,2026-01-10,2025-10-30,,,,7
1.1.4.2.1.2.5,Slab Reinforcement,Tower 5,1st Floor,Civil Works- RCC,RCC,Reinforcement,,288058020.0,2025-12-30,2026-01-13,,,,,0
1.1.4.2.1.2.6,Slab Casting,Tower 5,1st Floor,Civil Works- RCC,RCC,Concreting,,176315400.0,2026-01-02,2026-01-15,,,,,0
1.1.4.2.1.3,Second Floor Roof,,,,,,,,2026-01-16,2026-02-12,,,,,
1.1.4.2.1.3.1,Column and Shear Wall Reinforcement,Tower 5,2nd Floor,Civil Works- RCC,RCC,Reinforcement,,409481580.0,2026-01-16,2026-01-25,,,,,0
1.1.4.2.1.3.2,Column and Shear Wall Formwork,Tower 5,2nd Floor,Civil Works- RCC,RCC,Shuttering- Conventional,,216675000.0,2026-01-17,2026-01-26,,,,,0
1.1.4.2.1.3.3,Slab Formwork,Tower 5,2nd Floor,Civil Works- RCC,RCC,Shuttering- Conventional,,144450000.0,2026-01-25,2026-02-09,,,,,0
1.1.4.2.1.3.4,Slab Reinforcement,Tower 5,2nd Floor,Civil Works- RCC,RCC,Reinforcement,,265495628.0,2026-01-29,2026-02-11,,,,,0
1.1.4.2.1.3.5,Monolithic Casting,Tower 5,2nd Floor,Civil Works- RCC,RCC,Concreting,,500162658.93,2026-02-05,2026-02-12,,,,,0
1.1.4.2.1.4,Third Floor Roof,,,,,,,,2026-02-13,2026-03-02,,,,,
1.1.4.2.1.4.1,Column and Shear Wall Reinforcement,Tower 5,3rd Floor,Civil Works- RCC,RCC,Reinforcement,,409481580.0,2026-02-13,2026-02-19,,,,,0
1.1.4.2.1.4.2,Column and Shear Wall Formwork,Tower 5,3rd Floor,Civil Works- RCC,RCC,Shuttering- Conventional,,216675000.0,2026-02-14,2026-02-20,,,,,0
1.1.4.2.1.4.3,Slab Formwork,Tower 5,3rd Floor,Civil Works- RCC,RCC,Shuttering- Conventional,,144450000.0,2026-02-19,2026-02-27,,,,,0
1.1.4.2.1.4.4,Slab Reinforcement,Tower 5,3rd Floor,Civil Works- RCC,RCC,Reinforcement,,265495628.0,2026-02-20,2026-03-01,,,,,0
1.1.4.2.1.4.5,Monolithic Casting,Tower 5,3rd Floor,Civil Works- RCC,RCC,Concreting,,500162658.93,2026-02-23,2026-03-02,,,,,0
1.1.4.2.1.5,4th Floor Roof,,,,,,,,2026-03-03,2026-03-14,,,,,
1.1.4.2.1.5.1,Column and Shear Wall Reinforcement,Tower 5,4th Floor,Civil Works- RCC,RCC,Reinforcement,,409481580.0,2026-03-03,2026-03-07,,,,,0
1.1.4.2.1.5.2,Column and Shear Wall Formwork,Tower 5,4th Floor,Civil Works- RCC,RCC,Shuttering- Conventional,,216675000.0,2026-03-04,2026-03-08,,,,,0
1.1.4.2.1.5.3,Slab Formwork,Tower 5,4th Floor,Civil Works- RCC,RCC,Shuttering- Conventional,,144450000.0,2026-03-07,2026-03-11,,,,,0
1.1.4.2.1.5.4,Slab Reinforcement,Tower 5,4th Floor,Civil Works- RCC,RCC,Reinforcement,,265495628.0,2026-03-09,2026-03-13,,,,,0
1.1.4.2.1.5.5,Monolithic Casting,Tower 5,4th Floor,Civil Works- RCC,RCC,Concreting,,500162658.93,2026-03-13,2026-03-14,,,,,0
1.1.4.2.1.6,5th Floor Roof,,,,,,,,2026-03-15,2026-03-26,,,,,
1.1.4.2.1.6.1,Column and Shear Wall Reinforcement,Tower 5,5th Floor,Civil Works- RCC,RCC,Reinforcement,,409481580.0,2026-03-15,2026-03-19,,,,,0
1.1.4.2.1.6.2,Column and Shear Wall Formwork,Tower 5,5th Floor,Civil Works- RCC,RCC,Shuttering- Conventional,,216675000.0,2026-03-16,2026-03-20,,,,,0
1.1.4.2.1.6.3,Slab Formwork,Tower 5,5th Floor,Civil Works- RCC,RCC,Shuttering- Conventional,,144450000.0,2026-03-19,2026-03-23,,,,,0
1.1.4.2.1.6.4,Slab Reinforcement,Tower 5,5th Floor,Civil Works- RCC,RCC,Reinforcement,,265495628.0,2026-03-21,2026-03-25,,,,,0
1.1.4.2.1.6.5,Monolithic Casting,Tower 5,5th Floor,Civil Works- RCC,RCC,Concreting,,500162658.93,2026-03-25,2026-03-26,,,,,0
1.1.4.2.1.7,6th Floor Roof,,,,,,,,2026-03-27,2026-04-07,,,,,
1.1.4.2.1.7.1,Column and Shear Wall Reinforcement,Tower 5,6th Floor,Civil Works- RCC,RCC,Reinforcement,,409481580.0,2026-03-27,2026-03-31,,,,,0
1.1.4.2.1.7.2,Column and Shear Wall Formwork,Tower 5,6th Floor,Civil Works- RCC,RCC,Shuttering- Conventional,,216675000.0,2026-03-28,2026-04-01,,,,,0
1.1.4.2.1.7.3,Slab Formwork,Tower 5,6th Floor,Civil Works- RCC,RCC,Shuttering- Conventional,,144450000.0,2026-03-31,2026-04-04,,,,,0
1.1.4.2.1.7.4,Slab Reinforcement,Tower 5,6th Floor,Civil Works- RCC,RCC,Reinforcement,,265495628.0,2026-04-02,2026-04-06,,,,,0
1.1.4.2.1.7.5,Monolithic Casting,Tower 5,6th Floor,Civil Works- RCC,RCC,Concreting,,500162658.93,2026-04-06,2026-04-07,,,,,0
1.1.4.2.1.8,7th Floor Roof,,,,,,,,2026-04-08,2026-04-19,,,,,
1.1.4.2.1.8.1,Column and Shear Wall Reinforcement,Tower 5,7th Floor,Civil Works- RCC,RCC,Reinforcement,,409481580.0,2026-04-08,2026-04-12,,,,,0
1.1.4.2.1.8.2,Column and Shear Wall Formwork,Tower 5,7th Floor,Civil Works- RCC,RCC,Shuttering- Conventional,,216675000.0,2026-04-09,2026-04-13,,,,,0
1.1.4.2.1.8.3,Slab Formwork,Tower 5,7th Floor,Civil Works- RCC,RCC,Shuttering- Conventional,,144450000.0,2026-04-12,2026-04-16,,,,,0
1.1.4.2.1.8.4,Slab Reinforcement,Tower 5,7th Floor,Civil Works- RCC,RCC,Reinforcement,,265495628.0,2026-04-14,2026-04-18,,,,,0
1.1.4.2.1.8.5,Monolithic Casting,Tower 5,7th Floor,Civil Works- RCC,RCC,Concreting,,500162658.93,2026-04-18,2026-04-19,,,,,0
1.1.4.2.1.9,8th Floor Roof,,,,,,,,2026-04-20,2026-05-01,,,,,
1.1.4.2.1.9.1,Column and Shear Wall Reinforcement,Tower 5,8th Floor,Civil Works- RCC,RCC,Reinforcement,,409481580.0,2026-04-20,2026-04-24,,,,,0
1.1.4.2.1.9.2,Column and Shear Wall Formwork,Tower 5,8th Floor,Civil Works- RCC,RCC,Shuttering- Conventional,,216675000.0,2026-04-21,2026-04-25,,,,,0
1.1.4.2.1.9.3,Slab Formwork,Tower 5,8th Floor,Civil Works- RCC,RCC,Shuttering- Conventional,,144450000.0,2026-04-24,2026-04-28,,,,,0
1.1.4.2.1.9.4,Slab Reinforcement,Tower 5,8th Floor,Civil Works- RCC,RCC,Reinforcement,,265495628.0,2026-04-26,2026-04-30,,,,,0
1.1.4.2.1.9.5,Monolithic Casting,Tower 5,8th Floor,Civil Works- RCC,RCC,Concreting,,500162658.93,2026-04-30,2026-05-01,,,,,0
1.1.4.2.1.10,9th Floor Roof,,,,,,,,2026-05-02,2026-05-13,,,,,
1.1.4.2.1.10.1,Column and Shear Wall Reinforcement,Tower 5,9th Floor,Civil Works- RCC,RCC,Reinforcement,,409481580.0,2026-05-02,2026-05-06,,,,,0
1.1.4.2.1.10.2,Column and Shear Wall Formwork,Tower 5,9th Floor,Civil Works- RCC,RCC,Shuttering- Conventional,,216675000.0,2026-05-03,2026-05-07,,,,,0
1.1.4.2.1.10.3,Slab Formwork,Tower 5,9th Floor,Civil Works- RCC,RCC,Shuttering- Conventional,,144450000.0,2026-05-06,2026-05-10,,,,,0
1.1.4.2.1.10.4,Slab Reinforcement,Tower 5,9th Floor,Civil Works- RCC,RCC,Reinforcement,,265495628.0,2026-05-08,2026-05-12,,,,,0
1.1.4.2.1.10.5,Monolithic Casting,Tower 5,9th Floor,Civil Works- RCC,RCC,Concreting,,500162658.93,2026-05-12,2026-05-13,,,,,0
1.1.4.2.1.11,10th Floor Roof,,,,,,,,2026-05-14,2026-05-25,,,,,
1.1.4.2.1.11.1,Column and Shear Wall Reinforcement,Tower 5,10th Floor,Civil Works- RCC,RCC,Reinforcement,,409481580.0,2026-05-14,2026-05-18,,,,,0
1.1.4.2.1.11.2,Column and Shear Wall Formwork,Tower 5,10th Floor,Civil Works- RCC,RCC,Shuttering- Conventional,,216675000.0,2026-05-15,2026-05-19,,,,,0
1.1.4.2.1.11.3,Slab Formwork,Tower 5,10th Floor,Civil Works- RCC,RCC,Shuttering- Conventional,,144450000.0,2026-05-18,2026-05-22,,,,,0
1.1.4.2.1.11.4,Slab Reinforcement,Tower 5,10th Floor,Civil Works- RCC,RCC,Reinforcement,,265495628.0,2026-05-20,2026-05-24,,,,,0
1.1.4.2.1.11.5,Monolithic Casting,Tower 5,10th Floor,Civil Works- RCC,RCC,Concreting,,500162658.93,2026-05-24,2026-05-25,,,,,0
1.1.4.2.1.12,11th Floor Roof,,,,,,,,2026-05-26,2026-06-06,,,,,
1.1.4.2.1.12.1,Column and Shear Wall Reinforcement,Tower 5,11th Floor,Civil Works- RCC,RCC,Reinforcement,,409481580.0,2026-05-26,2026-05-30,,,,,0
1.1.4.2.1.12.2,Column and Shear Wall Formwork,Tower 5,11th Floor,Civil Works- RCC,RCC,Shuttering- Conventional,,216675000.0,2026-05-27,2026-05-31,,,,,0
1.1.4.2.1.12.3,Slab Formwork,Tower 5,11th Floor,Civil Works- RCC,RCC,Shuttering- Conventional,,144450000.0,2026-05-30,2026-06-03,,,,,0
1.1.4.2.1.12.4,Slab Reinforcement,Tower 5,11th Floor,Civil Works- RCC,RCC,Reinforcement,,265495628.0,2026-06-01,2026-06-05,,,,,0
1.1.4.2.1.12.5,Monolithic Casting,Tower 5,11th Floor,Civil Works- RCC,RCC,Concreting,,500162658.93,2026-06-05,2026-06-06,,,,,0
1.1.4.2.1.13,12th Floor Roof,,,,,,,,2026-06-07,2026-06-18,,,,,
1.1.4.2.1.13.1,Column and Shear Wall Reinforcement,Tower 5,12th Floor,Civil Works- RCC,RCC,Reinforcement,,409481580.0,2026-06-07,2026-06-11,,,,,0
1.1.4.2.1.13.2,Column and Shear Wall Formwork,Tower 5,12th Floor,Civil Works- RCC,RCC,Shuttering- Conventional,,216675000.0,2026-06-08,2026-06-12,,,,,0
1.1.4.2.1.13.3,Slab Formwork,Tower 5,12th Floor,Civil Works- RCC,RCC,Shuttering- Conventional,,144450000.0,2026-06-11,2026-06-15,,,,,0
1.1.4.2.1.13.4,Slab Reinforcement,Tower 5,12th Floor,Civil Works- RCC,RCC,Reinforcement,,265495628.0,2026-06-13,2026-06-17,,,,,0
1.1.4.2.1.13.5,Monolithic Casting,Tower 5,12th Floor,Civil Works- RCC,RCC,Concreting,,500162658.93,2026-06-17,2026-06-18,,,,,0
1.1.4.2.1.14,13th Floor Roof,,,,,,,,2026-06-19,2026-06-30,,,,,
1.1.4.2.1.14.1,Column and Shear Wall Reinforcement,Tower 5,13th Floor,Civil Works- RCC,RCC,Reinforcement,,409481580.0,2026-06-19,2026-06-23,,,,,0
1.1.4.2.1.14.2,Column and Shear Wall Formwork,Tower 5,13th Floor,Civil Works- RCC,RCC,Shuttering- Conventional,,216675000.0,2026-06-20,2026-06-24,,,,,0
1.1.4.2.1.14.3,Slab Formwork,Tower 5,13th Floor,Civil Works- RCC,RCC,Shuttering- Conventional,,144450000.0,2026-06-23,2026-06-27,,,,,0
1.1.4.2.1.14.4,Slab Reinforcement,Tower 5,13th Floor,Civil Works- RCC,RCC,Reinforcement,,265495628.0,2026-06-25,2026-06-29,,,,,0
1.1.4.2.1.14.5,Monolithic Casting,Tower 5,13th Floor,Civil Works- RCC,RCC,Concreting,,500162658.93,2026-06-29,2026-06-30,,,,,0
1.1.4.2.1.15,14th Floor Roof,,,,,,,,2026-07-01,2026-07-12,,,,,
1.1.4.2.1.15.1,Column and Shear Wall Reinforcement,Tower 5,14th Floor,Civil Works- RCC,RCC,Reinforcement,,409481580.0,2026-07-01,2026-07-05,,,,,0
1.1.4.2.1.15.2,Column and Shear Wall Formwork,Tower 5,14th Floor,Civil Works- RCC,RCC,Shuttering- Conventional,,216675000.0,2026-07-02,2026-07-06,,,,,0
1.1.4.2.1.15.3,Slab Formwork,Tower 5,14th Floor,Civil Works- RCC,RCC,Shuttering- Conventional,,144450000.0,2026-07-05,2026-07-09,,,,,0
1.1.4.2.1.15.4,Slab Reinforcement,Tower 5,14th Floor,Civil Works- RCC,RCC,Reinforcement,,265495628.0,2026-07-07,2026-07-11,,,,,0
1.1.4.2.1.15.5,Monolithic Casting,Tower 5,14th Floor,Civil Works- RCC,RCC,Concreting,,500162658.93,2026-07-11,2026-07-12,,,,,0
1.1.4.2.1.16,15th Floor Roof,,,,,,,,2026-07-13,2026-07-24,,,,,
1.1.4.2.1.16.1,Column and Shear Wall Reinforcement,Tower 5,15th Floor,Civil Works- RCC,RCC,Reinforcement,,409481580.0,2026-07-13,2026-07-17,,,,,0
1.1.4.2.1.16.2,Column and Shear Wall Formwork,Tower 5,15th Floor,Civil Works- RCC,RCC,Shuttering- Conventional,,216675000.0,2026-07-14,2026-07-18,,,,,0
1.1.4.2.1.16.3,Slab Formwork,Tower 5,15th Floor,Civil Works- RCC,RCC,Shuttering- Conventional,,144450000.0,2026-07-17,2026-07-21,,,,,0
1.1.4.2.1.16.4,Slab Reinforcement,Tower 5,15th Floor,Civil Works- RCC,RCC,Reinforcement,,265495628.0,2026-07-19,2026-07-23,,,,,0
1.1.4.2.1.16.5,Monolithic Casting,Tower 5,15th Floor,Civil Works- RCC,RCC,Concreting,,500162658.93,2026-07-23,2026-07-24,,,,,0
1.1.4.2.1.17,16th Floor Roof,,,,,,,,2026-07-25,2026-08-10,,,,,
1.1.4.2.1.17.1,Column and Shear Wall Reinforcement,Tower 5,16th Floor,Civil Works- RCC,RCC,Reinforcement,,409481580.0,2026-07-25,2026-07-31,,,,,0
1.1.4.2.1.17.2,Column and Shear Wall Formwork,Tower 5,16th Floor,Civil Works- RCC,RCC,Shuttering- Conventional,,216675000.0,2026-07-26,2026-08-01,,,,,0
1.1.4.2.1.17.3,Slab Formwork,Tower 5,16th Floor,Civil Works- RCC,RCC,Shuttering- Conventional,,144450000.0,2026-07-31,2026-08-07,,,,,0
1.1.4.2.1.17.4,Slab Reinforcement,Tower 5,16th Floor,Civil Works- RCC,RCC,Reinforcement,,265495628.0,2026-08-03,2026-08-09,,,,,0
1.1.4.2.1.17.5,Monolithic Casting,Tower 5,16th Floor,Civil Works- RCC,RCC,Concreting,,500162658.93,2026-08-07,2026-08-10,,,,,0
1.1.4.2.1.18,17th Floor Roof,,,,,,,,2026-08-11,2026-08-22,,,,,
1.1.4.2.1.18.1,Column and Shear Wall Reinforcement,Tower 5,17th Floor,Civil Works- RCC,RCC,Reinforcement,,409481580.0,2026-08-11,2026-08-15,,,,,0
1.1.4.2.1.18.2,Column and Shear Wall Formwork,Tower 5,17th Floor,Civil Works- RCC,RCC,Shuttering- Conventional,,216675000.0,2026-08-12,2026-08-16,,,,,0
1.1.4.2.1.18.3,Slab Formwork,Tower 5,17th Floor,Civil Works- RCC,RCC,Shuttering- Conventional,,144450000.0,2026-08-15,2026-08-19,,,,,0
1.1.4.2.1.18.4,Slab Reinforcement,Tower 5,17th Floor,Civil Works- RCC,RCC,Reinforcement,,265495628.0,2026-08-17,2026-08-21,,,,,0
1.1.4.2.1.18.5,Monolithic Casting,Tower 5,17th Floor,Civil Works- RCC,RCC,Concreting,,500162658.93,2026-08-21,2026-08-22,,,,,0
1.1.4.2.1.19,18th Floor Roof,,,,,,,,2026-08-23,2026-09-03,,,,,
1.1.4.2.1.19.1,Column and Shear Wall Reinforcement,Tower 5,18th Floor,Civil Works- RCC,RCC,Reinforcement,,409481580.0,2026-08-23,2026-08-28,,,,,0
1.1.4.2.1.19.2,Column and Shear Wall Formwork,Tower 5,18th Floor,Civil Works- RCC,RCC,Shuttering- Conventional,,216675000.0,2026-08-25,2026-08-29,,,,,0
1.1.4.2.1.19.3,Slab Formwork,Tower 5,18th Floor,Civil Works- RCC,RCC,Shuttering- Conventional,,144450000.0,2026-08-28,2026-09-01,,,,,0
1.1.4.2.1.19.4,Slab Reinforcement,Tower 5,18th Floor,Civil Works- RCC,RCC,Reinforcement,,265495628.0,2026-08-29,2026-09-02,,,,,0
1.1.4.2.1.19.5,Monolithic Casting,Tower 5,18th Floor,Civil Works- RCC,RCC,Concreting,,500162658.93,2026-09-02,2026-09-03,,,,,0
1.1.4.2.1.20,19th Floor Roof,,,,,,,,2026-09-04,2026-09-14,,,,,
1.1.4.2.1.20.1,Column and Shear Wall Reinforcement,Tower 5,19th Floor,Civil Works- RCC,RCC,Reinforcement,,409481580.0,2026-09-04,2026-09-07,,,,,0
1.1.4.2.1.20.2,Column and Shear Wall Formwork,Tower 5,19th Floor,Civil Works- RCC,RCC,Shuttering- Conventional,,216675000.0,2026-09-05,2026-09-08,,,,,0
1.1.4.2.1.20.3,Slab Formwork,Tower 5,19th Floor,Civil Works- RCC,RCC,Shuttering- Conventional,,144450000.0,2026-09-07,2026-09-12,,,,,0
1.1.4.2.1.20.4,Slab Reinforcement,Tower 5,19th Floor,Civil Works- RCC,RCC,Reinforcement,,265495628.0,2026-09-09,2026-09-13,,,,,0
1.1.4.2.1.20.5,Monolithic Casting,Tower 5,19th Floor,Civil Works- RCC,RCC,Concreting,,500162658.93,2026-09-11,2026-09-14,,,,,0
1.1.4.2.1.21,20th Floor Roof,,,,,,,,2026-09-15,2026-09-25,,,,,
1.1.4.2.1.21.1,Column and Shear Wall Reinforcement,Tower 5,20th Floor,Civil Works- RCC,RCC,Reinforcement,,409481580.0,2026-09-15,2026-09-18,,,,,0
1.1.4.2.1.21.2,Column and Shear Wall Formwork,Tower 5,20th Floor,Civil Works- RCC,RCC,Shuttering- Conventional,,216675000.0,2026-09-16,2026-09-19,,,,,0
1.1.4.2.1.21.3,Slab Formwork,Tower 5,20th Floor,Civil Works- RCC,RCC,Shuttering- Conventional,,144450000.0,2026-09-18,2026-09-23,,,,,0
1.1.4.2.1.21.4,Slab Reinforcement,Tower 5,20th Floor,Civil Works- RCC,RCC,Reinforcement,,265495628.0,2026-09-20,2026-09-24,,,,,0
1.1.4.2.1.21.5,Monolithic Casting,Tower 5,20th Floor,Civil Works- RCC,RCC,Concreting,,500162658.93,2026-09-22,2026-09-25,,,,,0
1.1.4.2.1.22,21th Floor Roof,,,,,,,,2026-09-26,2026-10-06,,,,,
1.1.4.2.1.22.1,Column and Shear Wall Reinforcement,Tower 5,21st Floor,Civil Works- RCC,RCC,Reinforcement,,409481580.0,2026-09-26,2026-09-29,,,,,0
1.1.4.2.1.22.2,Column and Shear Wall Formwork,Tower 5,21st Floor,Civil Works- RCC,RCC,Shuttering- Conventional,,216675000.0,2026-09-27,2026-09-30,,,,,0
1.1.4.2.1.22.3,Slab Formwork,Tower 5,21st Floor,Civil Works- RCC,RCC,Shuttering- Conventional,,144450000.0,2026-09-29,2026-10-04,,,,,0
1.1.4.2.1.22.4,Slab Reinforcement,Tower 5,21st Floor,Civil Works- RCC,RCC,Reinforcement,,265495628.0,2026-10-01,2026-10-05,,,,,0
1.1.4.2.1.22.5,Monolithic Casting,Tower 5,21st Floor,Civil Works- RCC,RCC,Concreting,,500162658.93,2026-10-03,2026-10-06,,,,,0
1.1.4.2.1.23,22th Floor Roof,,,,,,,,2026-10-07,2026-10-17,,,,,
1.1.4.2.1.23.1,Column and Shear Wall Reinforcement,Tower 5,22nd Floor,Civil Works- RCC,RCC,Reinforcement,,409481580.0,2026-10-07,2026-10-10,,,,,0
1.1.4.2.1.23.2,Column and Shear Wall Formwork,Tower 5,22nd Floor,Civil Works- RCC,RCC,Shuttering- Conventional,,216675000.0,2026-10-08,2026-10-11,,,,,0
1.1.4.2.1.23.3,Slab Formwork,Tower 5,22nd Floor,Civil Works- RCC,RCC,Shuttering- Conventional,,144450000.0,2026-10-10,2026-10-15,,,,,0
1.1.4.2.1.23.4,Slab Reinforcement,Tower 5,22nd Floor,Civil Works- RCC,RCC,Reinforcement,,265495628.0,2026-10-12,2026-10-16,,,,,0
1.1.4.2.1.23.5,Monolithic Casting,Tower 5,22nd Floor,Civil Works- RCC,RCC,Concreting,,500162658.93,2026-10-14,2026-10-17,,,,,0
1.1.4.2.1.24,23th Floor Roof,,,,,,,,2026-10-18,2026-10-28,,,,,
1.1.4.2.1.24.1,Column and Shear Wall Reinforcement,Tower 5,23rd Floor,Civil Works- RCC,RCC,Reinforcement,,409481580.0,2026-10-18,2026-10-21,,,,,0
1.1.4.2.1.24.2,Column and Shear Wall Formwork,Tower 5,23rd Floor,Civil Works- RCC,RCC,Shuttering- Conventional,,216675000.0,2026-10-19,2026-10-22,,,,,0
1.1.4.2.1.24.3,Slab Formwork,Tower 5,23rd Floor,Civil Works- RCC,RCC,Shuttering- Conventional,,144450000.0,2026-10-21,2026-10-26,,,,,0
1.1.4.2.1.24.4,Slab Reinforcement,Tower 5,23rd Floor,Civil Works- RCC,RCC,Reinforcement,,265495628.0,2026-10-23,2026-10-27,,,,,0
1.1.4.2.1.24.5,Monolithic Casting,Tower 5,23rd Floor,Civil Works- RCC,RCC,Concreting,,500162658.93,2026-10-25,2026-10-28,,,,,0
1.1.4.2.1.25,24th Floor Roof,,,,,,,,2026-10-29,2026-12-23,,,,,
1.1.4.2.1.25.1,Column and Shear Wall Reinforcement,Tower 5,24th Floor,Civil Works- RCC,RCC,Reinforcement,,409481580.0,2026-10-29,2026-12-16,,,,,0
1.1.4.2.1.25.2,Column and Shear Wall Formwork,Tower 5,24th Floor,Civil Works- RCC,RCC,Shuttering- Conventional,,216675000.0,2026-10-30,2026-12-17,,,,,0
1.1.4.2.1.25.3,Slab Formwork,Tower 5,24th Floor,Civil Works- RCC,RCC,Shuttering- Conventional,,144450000.0,2026-12-16,2026-12-21,,,,,0
1.1.4.2.1.25.4,Slab Reinforcement,Tower 5,24th Floor,Civil Works- RCC,RCC,Reinforcement,,265495628.0,2026-12-18,2026-12-22,,,,,0
1.1.4.2.1.25.5,Monolithic Casting,Tower 5,24th Floor,Civil Works- RCC,RCC,Concreting,,500162658.93,2026-12-20,2026-12-23,,,,,0
1.1.4.2.1.26,25th Floor Roof,,,,,,,,2026-12-24,2027-01-03,,,,,
1.1.4.2.1.26.1,Column and Shear Wall Reinforcement,Tower 5,25th Floor,Civil Works- RCC,RCC,Reinforcement,,409481580.0,2026-12-24,2026-12-27,,,,,0
1.1.4.2.1.26.2,Column and Shear Wall Formwork,Tower 5,25th Floor,Civil Works- RCC,RCC,Shuttering- Conventional,,216675000.0,2026-12-25,2026-12-28,,,,,0
1.1.4.2.1.26.3,Slab Formwork,Tower 5,25th Floor,Civil Works- RCC,RCC,Shuttering- Conventional,,144450000.0,2026-12-27,2027-01-01,,,,,0
1.1.4.2.1.26.4,Slab Reinforcement,Tower 5,25th Floor,Civil Works- RCC,RCC,Reinforcement,,265495628.0,2026-12-29,2027-01-02,,,,,0
1.1.4.2.1.26.5,Monolithic Casting,Tower 5,25th Floor,Civil Works- RCC,RCC,Concreting,,500162658.93,2026-12-31,2027-01-03,,,,,0
1.1.4.2.1.27,26th Floor Roof,,,,,,,,2027-01-04,2027-01-20,,,,,
1.1.4.2.1.27.1,Column and Shear Wall Reinforcement,Tower 5,26th Floor,Civil Works- RCC,RCC,Reinforcement,,409481580.0,2027-01-04,2027-01-10,,,,,0
1.1.4.2.1.27.2,Column and Shear Wall Formwork,Tower 5,26th Floor,Civil Works- RCC,RCC,Shuttering- Conventional,,216675000.0,2027-01-05,2027-01-11,,,,,0
1.1.4.2.1.27.3,Slab Formwork,Tower 5,26th Floor,Civil Works- RCC,RCC,Shuttering- Conventional,,144450000.0,2027-01-10,2027-01-17,,,,,0
1.1.4.2.1.27.4,Slab Reinforcement,Tower 5,26th Floor,Civil Works- RCC,RCC,Reinforcement,,265495628.0,2027-01-12,2027-01-19,,,,,0
1.1.4.2.1.27.5,Monolithic Casting,Tower 5,26th Floor,Civil Works- RCC,RCC,Concreting,,500162658.93,2027-01-17,2027-01-20,,,,,0
1.1.4.2.1.28,27th Floor Roof,,,,,,,,2027-01-21,2027-01-31,,,,,
1.1.4.2.1.28.1,Column and Shear Wall Reinforcement,Tower 5,27th Floor,Civil Works- RCC,RCC,Reinforcement,,409481580.0,2027-01-21,2027-01-24,,,,,0
1.1.4.2.1.28.2,Column and Shear Wall Formwork,Tower 5,27th Floor,Civil Works- RCC,RCC,Shuttering- Conventional,,216675000.0,2027-01-22,2027-01-25,,,,,0
1.1.4.2.1.28.3,Slab Formwork,Tower 5,27th Floor,Civil Works- RCC,RCC,Shuttering- Conventional,,144450000.0,2027-01-24,2027-01-29,,,,,0
1.1.4.2.1.28.4,Slab Reinforcement,Tower 5,27th Floor,Civil Works- RCC,RCC,Reinforcement,,265495628.0,2027-01-26,2027-01-30,,,,,0
1.1.4.2.1.28.5,Monolithic Casting,Tower 5,27th Floor,Civil Works- RCC,RCC,Concreting,,500162658.93,2027-01-28,2027-01-31,,,,,0
1.1.4.2.1.29,28th Floor Roof,,,,,,,,2027-02-01,2027-02-11,,,,,
1.1.4.2.1.29.1,Column and Shear Wall Reinforcement,Tower 5,28th Floor,Civil Works- RCC,RCC,Reinforcement,,409481580.0,2027-02-01,2027-02-04,,,,,0
1.1.4.2.1.29.2,Column and Shear Wall Formwork,Tower 5,28th Floor,Civil Works- RCC,RCC,Shuttering- Conventional,,216675000.0,2027-02-02,2027-02-05,,,,,0
1.1.4.2.1.29.3,Slab Formwork,Tower 5,28th Floor,Civil Works- RCC,RCC,Shuttering- Conventional,,144450000.0,2027-02-04,2027-02-09,,,,,0
1.1.4.2.1.29.4,Slab Reinforcement,Tower 5,28th Floor,Civil Works- RCC,RCC,Reinforcement,,265495628.0,2027-02-06,2027-02-10,,,,,0
1.1.4.2.1.29.5,Monolithic Casting,Tower 5,28th Floor,Civil Works- RCC,RCC,Concreting,,500162658.93,2027-02-08,2027-02-11,,,,,0
1.1.4.2.1.30,29th Floor Roof,,,,,,,,2027-02-12,2027-02-22,,,,,
1.1.4.2.1.30.1,Column and Shear Wall Reinforcement,Tower 5,29th Floor,Civil Works- RCC,RCC,Reinforcement,,409481580.0,2027-02-12,2027-02-15,,,,,0
1.1.4.2.1.30.2,Column and Shear Wall Formwork,Tower 5,29th Floor,Civil Works- RCC,RCC,Shuttering- Conventional,,216675000.0,2027-02-13,2027-02-16,,,,,0
1.1.4.2.1.30.3,Slab Formwork,Tower 5,29th Floor,Civil Works- RCC,RCC,Shuttering- Conventional,,144450000.0,2027-02-15,2027-02-20,,,,,0
1.1.4.2.1.30.4,Slab Reinforcement,Tower 5,29th Floor,Civil Works- RCC,RCC,Reinforcement,,265495628.0,2027-02-17,2027-02-21,,,,,0
1.1.4.2.1.30.5,Monolithic Casting,Tower 5,29th Floor,Civil Works- RCC,RCC,Concreting,,500162658.93,2027-02-19,2027-02-22,,,,,0
1.1.4.2.1.31,30th Floor Roof,,,,,,,,2027-02-23,2027-03-05,,,,,
1.1.4.2.1.31.1,Column and Shear Wall Reinforcement,Tower 5,30th Floor,Civil Works- RCC,RCC,Reinforcement,,409481580.0,2027-02-23,2027-02-26,,,,,0
1.1.4.2.1.31.2,Column and Shear Wall Formwork,Tower 5,30th Floor,Civil Works- RCC,RCC,Shuttering- Conventional,,216675000.0,2027-02-24,2027-02-27,,,,,0
1.1.4.2.1.31.3,Slab Formwork,Tower 5,30th Floor,Civil Works- RCC,RCC,Shuttering- Conventional,,144450000.0,2027-02-26,2027-03-03,,,,,0
1.1.4.2.1.31.4,Slab Reinforcement,Tower 5,30th Floor,Civil Works- RCC,RCC,Reinforcement,,265495628.0,2027-02-28,2027-03-04,,,,,0
1.1.4.2.1.31.5,Monolithic Casting,Tower 5,30th Floor,Civil Works- RCC,RCC,Concreting,,500162658.93,2027-03-02,2027-03-05,,,,,0
1.1.4.2.1.32,31th Floor Roof,,,,,,,,2027-03-06,2027-03-18,,,,,
1.1.4.2.1.32.1,Column and Shear Wall Reinforcement,Tower 5,31st Floor,Civil Works- RCC,RCC,Reinforcement,,409481580.0,2027-03-06,2027-03-11,,,,,0
1.1.4.2.1.32.2,Column and Shear Wall Formwork,Tower 5,31st Floor,Civil Works- RCC,RCC,Shuttering- Conventional,,216675000.0,2027-03-08,2027-03-12,,,,,0
1.1.4.2.1.32.3,Slab Formwork,Tower 5,31st Floor,Civil Works- RCC,RCC,Shuttering- Conventional,,144450000.0,2027-03-11,2027-03-15,,,,,0
1.1.4.2.1.32.4,Slab Reinforcement,Tower 5,31st Floor,Civil Works- RCC,RCC,Reinforcement,,265495628.0,2027-03-12,2027-03-17,,,,,0
1.1.4.2.1.32.5,Monolithic Casting,Tower 5,31st Floor,Civil Works- RCC,RCC,Concreting,,500162658.93,2027-03-15,2027-03-18,,,,,0
1.1.4.2.1.33,32th Floor Roof,,,,,,,,2027-03-19,2027-04-04,,,,,
1.1.4.2.1.33.1,Column and Shear Wall Reinforcement,Tower 5,32nd Floor,Civil Works- RCC,RCC,Reinforcement,,409481580.0,2027-03-19,2027-03-26,,,,,0
1.1.4.2.1.33.2,Column and Shear Wall Formwork,Tower 5,32nd Floor,Civil Works- RCC,RCC,Shuttering- Conventional,,292047900.0,2027-03-20,2027-03-27,,,,,0
1.1.4.2.1.33.3,Slab Formwork,Tower 5,32nd Floor,Civil Works- RCC,RCC,Shuttering- Conventional,,194698600.0,2027-03-26,2027-04-02,,,,,0
1.1.4.2.1.33.4,Slab Reinforcement,Tower 5,32nd Floor,Civil Works- RCC,RCC,Reinforcement,,265495628.0,2027-03-27,2027-04-03,,,,,0
1.1.4.2.1.33.5,Monolithic Casting,Tower 5,32nd Floor,Civil Works- RCC,RCC,Concreting,,500162658.93,2027-04-01,2027-04-04,,,,,0
1.1.4.2.2,Post Pour Activitis,,,,,,,,2026-02-26,2027-04-11,,,,,
1.1.4.2.2.1,1st Floor,Tower 5,1st Floor,Civil Works- RCC,RCC,Post Pour,,21483000.0,2026-02-26,2026-03-02,,,,,0
1.1.4.2.2.2,2nd Floor,Tower 5,2nd Floor,Civil Works- RCC,RCC,Post Pour,,21483000.0,2026-03-10,2026-03-14,,,,,0
1.1.4.2.2.3,3rd Floor,Tower 5,3rd Floor,Civil Works- RCC,RCC,Post Pour,,21483000.0,2026-03-22,2026-03-26,,,,,0
1.1.4.2.2.4,4th Floor,Tower 5,4th Floor,Civil Works- RCC,RCC,Post Pour,,21483000.0,2026-04-03,2026-04-07,,,,,0
1.1.4.2.2.5,5th Floor,Tower 5,5th Floor,Civil Works- RCC,RCC,Post Pour,,21483000.0,2026-04-15,2026-04-19,,,,,0
1.1.4.2.2.6,6th Floor,Tower 5,6th Floor,Civil Works- RCC,RCC,Post Pour,,21483000.0,2026-04-27,2026-05-02,,,,,0
1.1.4.2.2.7,7th Floor,Tower 5,7th Floor,Civil Works- RCC,RCC,Post Pour,,21483000.0,2026-05-09,2026-05-14,,,,,0
1.1.4.2.2.8,8th Floor,Tower 5,8th Floor,Civil Works- RCC,RCC,Post Pour,,21483000.0,2026-05-21,2026-05-26,,,,,0
1.1.4.2.2.9,9th Floor,Tower 5,9th Floor,Civil Works- RCC,RCC,Post Pour,,21483000.0,2026-06-02,2026-06-07,,,,,0
1.1.4.2.2.10,10th Floor,Tower 5,10th Floor,Civil Works- RCC,RCC,Post Pour,,21483000.0,2026-06-14,2026-06-19,,,,,0
1.1.4.2.2.11,11th Floor,Tower 5,11th Floor,Civil Works- RCC,RCC,Post Pour,,21483000.0,2026-06-26,2026-07-01,,,,,0
1.1.4.2.2.12,12th Floor,Tower 5,12th Floor,Civil Works- RCC,RCC,Post Pour,,21483000.0,2026-07-08,2026-07-13,,,,,0
1.1.4.2.2.13,13th Floor,Tower 5,13th Floor,Civil Works- RCC,RCC,Post Pour,,21483000.0,2026-07-20,2026-07-25,,,,,0
1.1.4.2.2.14,14th floor,Tower 5,14th Floor,Civil Works- RCC,RCC,Post Pour,,21483000.0,2026-08-06,2026-08-11,,,,,0
1.1.4.2.2.15,15th Floor,Tower 5,15th Floor,Civil Works- RCC,RCC,Post Pour,,21483000.0,2026-08-18,2026-08-23,,,,,0
1.1.4.2.2.16,16th Floor,Tower 5,16th Floor,Civil Works- RCC,RCC,Post Pour,,21483000.0,2026-08-30,2026-09-04,,,,,0
1.1.4.2.2.17,17th Floor,Tower 5,17th Floor,Civil Works- RCC,RCC,Post Pour,,21483000.0,2026-09-10,2026-09-15,,,,,0
1.1.4.2.2.18,18th Floor,Tower 5,18th Floor,Civil Works- RCC,RCC,Post Pour,,21483000.0,2026-09-21,2026-09-26,,,,,0
1.1.4.2.2.19,19th Floor,Tower 5,19th Floor,Civil Works- RCC,RCC,Post Pour,,21483000.0,2026-10-02,2026-10-07,,,,,0
1.1.4.2.2.20,20th Floor,Tower 5,20th Floor,Civil Works- RCC,RCC,Post Pour,,21483000.0,2026-10-13,2026-10-18,,,,,0
1.1.4.2.2.21,21th Floor,Tower 5,21st Floor,Civil Works- RCC,RCC,Post Pour,,21483000.0,2026-10-24,2026-10-29,,,,,0
1.1.4.2.2.22,22th Floor,Tower 5,22nd Floor,Civil Works- RCC,RCC,Post Pour,,21483000.0,2026-12-19,2026-12-24,,,,,0
1.1.4.2.2.23,23rd Floor,Tower 5,23rd Floor,Civil Works- RCC,RCC,Post Pour,,21483000.0,2026-12-30,2027-01-04,,,,,0
1.1.4.2.2.24,24th Floor,Tower 5,24th Floor,Civil Works- RCC,RCC,Post Pour,,21483000.0,2027-01-16,2027-01-21,,,,,0
1.1.4.2.2.25,25th Floor,Tower 5,25th Floor,Civil Works- RCC,RCC,Post Pour,,21483000.0,2027-01-27,2027-02-01,,,,,0
1.1.4.2.2.26,26th Floor,Tower 5,26th Floor,Civil Works- RCC,RCC,Post Pour,,21483000.0,2027-02-07,2027-02-11,,,,,0
1.1.4.2.2.27,27th Floor,Tower 5,27th Floor,Civil Works- RCC,RCC,Post Pour,,21483000.0,2027-02-18,2027-02-22,,,,,0
1.1.4.2.2.28,28th Floor,Tower 5,28th Floor,Civil Works- RCC,RCC,Post Pour,,21483000.0,2027-03-01,2027-03-05,,,,,0
1.1.4.2.2.29,29th Floor,Tower 5,29th Floor,Civil Works- RCC,RCC,Post Pour,,21483000.0,2027-03-14,2027-03-18,,,,,0
1.1.4.2.2.30,30th Floor,Tower 5,30th Floor,Civil Works- RCC,RCC,Post Pour,,21483000.0,2027-03-30,2027-04-03,,,,,0
1.1.4.2.2.31,31st Floor,Tower 5,31st Floor,Civil Works- RCC,RCC,Post Pour,,21483000.0,2027-04-03,2027-04-07,,,,,0
1.1.4.2.2.32,32nd Floor,Tower 5,32nd Floor,Civil Works- RCC,RCC,Post Pour,,21483000.0,2027-04-07,2027-04-11,,,,,0
1.1.4.3,Finishing Works,,,,,,,,2026-01-14,2028-03-02,,,,,
1.1.4.3.1,Flat Finishing,,,,,,,,2026-01-14,2027-10-07,,,,,
1.1.4.3.1.1,Podium ,,,,,,,,2026-01-14,2026-07-05,,,,,
1.1.4.3.1.1.1,Blockwork,Tower 5,,Finishing,Tower Civil Finishes,Blockwork,,32284527.0,2026-01-14,2026-02-12,,,,,0
1.1.4.3.1.1.2,Plaster Works,Tower 5,,Finishing,Tower Civil Finishes,Int Plaster,,86309600.0,2026-02-28,2026-03-19,,,,,0
1.1.4.3.1.1.3,Paint Work,Tower 5,,Finishing,Tower Finishing,Paint,,22234800.0,2026-04-14,2026-05-11,,,,,0
1.1.4.3.1.1.4,Flooring Works,Tower 5,,Finishing,Tower Finishing,Flooring,,1126666700.0,2026-06-01,2026-07-05,,,,,0
1.1.4.3.1.2,First Floor,,,,,,,,2026-03-03,2026-07-30,,,,,
1.1.4.3.1.2.1,Blockwork,Tower 5,1st Floor,Finishing,Tower Civil Finishes,Blockwork,,32284527.0,2026-03-03,2026-04-01,,,,,0
1.1.4.3.1.2.2,Plaster Works,Tower 5,1st Floor,Finishing,Tower Civil Finishes,Int Plaster,,86309600.0,2026-03-18,2026-04-06,,,,,0
1.1.4.3.1.2.3,Paint Works,Tower 5,1st Floor,Finishing,Tower Finishing,Paint,,22234800.0,2026-04-02,2026-04-19,,,,,0
1.1.4.3.1.2.4,Flooring Works,Tower 5,1st Floor,Finishing,Tower Finishing,Flooring,,0.0,2026-07-06,2026-07-30,,,,,0
1.1.4.3.1.3,Second Floor ,,,,,,,,2026-04-02,2026-08-14,,,,,
1.1.4.3.1.3.1,Blockwork,Tower 5,2nd Floor,Finishing,Tower Civil Finishes,Blockwork,,32284527.0,2026-04-02,2026-04-11,,,,,0
1.1.4.3.1.3.2,Internal Plumbing Works,Tower 5,2nd Floor,MEP,Tower MEP,Plumbing,,66746129.6969697,2026-04-12,2026-04-17,,,,,0
1.1.4.3.1.3.3,Waterproofing Works,Tower 5,2nd Floor,Finishing,Tower Civil Finishes,Waterproofing,,29599200.0,2026-04-14,2026-04-23,,,,,0
1.1.4.3.1.3.4,PCC,Tower 5,2nd Floor,Civil Works- RCC,RCC,Concreting,,0.0,2026-04-26,2026-05-03,,,,,0
1.1.4.3.1.3.5,Electrical Wiring works,Tower 5,2nd Floor,MEP,Tower MEP,Electrical,,112363802.0,2026-04-14,2026-04-25,,,,,0
1.1.4.3.1.3.6,Internal Plaster Works,Tower 5,2nd Floor,Finishing,Tower Civil Finishes,Int Plaster,,91613750.0,2026-04-26,2026-05-04,,,,,0
1.1.4.3.1.3.7,Toilet Dado Works,Tower 5,2nd Floor,Finishing,Tower Finishing,Flooring,,44256300.0,2026-05-05,2026-05-13,,,,,0
1.1.4.3.1.3.8,Toilet Flooring Works,Tower 5,2nd Floor,Finishing,Tower Finishing,Flooring,,46697250.0,2026-05-14,2026-05-20,,,,,0
1.1.4.3.1.3.9,Living Dining Flooring,Tower 5,2nd Floor,Finishing,Tower Finishing,Flooring,,228900000.0,2026-05-21,2026-06-04,,,,,0
1.1.4.3.1.3.10,Temporary Door Fixing,Tower 5,2nd Floor,Finishing,Tower Finishing,Door,,0.0,2026-04-12,2026-04-20,,,,,0
1.1.4.3.1.3.11,Aluminium Door Widnow Fixing,Tower 5,2nd Floor,Finishing,Tower Finishing,Door,,124300997.0,2026-06-05,2026-07-09,,,,,0
1.1.4.3.1.3.12,Rehung Door Fixing,Tower 5,2nd Floor,Finishing,Tower Finishing,Door,,0.0,2026-07-10,2026-07-17,,,,,0
1.1.4.3.1.3.13,Putty Primer coat,Tower 5,2nd Floor,Finishing,Tower Finishing,Paint,,0.0,2026-07-18,2026-07-23,,,,,0
1.1.4.3.1.3.14,Painting First Coat,Tower 5,2nd Floor,Finishing,Tower Finishing,Paint,,22234800.0,2026-07-24,2026-08-04,,,,,0
1.1.4.3.1.3.15,False ceiling works,Tower 5,2nd Floor,Finishing,Tower Finishing,False Ceiling,,25932500.0,2026-08-05,2026-08-14,,,,,0
1.1.4.3.1.4,Third Floor ,,,,,,,,2026-04-12,2026-08-24,,,,,
1.1.4.3.1.4.1,Blockwork,Tower 5,3rd Floor,Finishing,Tower Civil Finishes,Blockwork,,32284527.0,2026-04-12,2026-04-21,,,,,0
1.1.4.3.1.4.2,Internal Plumbing Works,Tower 5,3rd Floor,MEP,Tower MEP,Plumbing,,81004239.374389,2026-04-22,2026-04-27,,,,,0
1.1.4.3.1.4.3,Waterproofing Works,Tower 5,3rd Floor,Finishing,Tower Civil Finishes,Waterproofing,,29599200.0,2026-04-24,2026-05-03,,,,,0
1.1.4.3.1.4.4,PCC,Tower 5,3rd Floor,Civil Works- RCC,RCC,Concreting,,0.0,2026-05-06,2026-05-13,,,,,0
1.1.4.3.1.4.5,Electrical Wiring works,Tower 5,3rd Floor,MEP,Tower MEP,Electrical,,112363802.0,2026-04-24,2026-05-05,,,,,0
1.1.4.3.1.4.6,Internal Plaster Works,Tower 5,3rd Floor,Finishing,Tower Civil Finishes,Int Plaster,,91613750.0,2026-05-06,2026-05-14,,,,,0
1.1.4.3.1.4.7,Toilet Dado Works,Tower 5,3rd Floor,Finishing,Tower Finishing,Flooring,,44256300.0,2026-05-15,2026-05-23,,,,,0
1.1.4.3.1.4.8,Toilet Flooring Works,Tower 5,3rd Floor,Finishing,Tower Finishing,Flooring,,46697250.0,2026-05-24,2026-05-30,,,,,0
1.1.4.3.1.4.9,Living Dining Flooring,Tower 5,3rd Floor,Finishing,Tower Finishing,Flooring,,228900000.0,2026-05-31,2026-06-14,,,,,0
1.1.4.3.1.4.10,Temporary Door Fixing,Tower 5,3rd Floor,Finishing,Tower Finishing,Door,,0.0,2026-04-22,2026-04-30,,,,,0
1.1.4.3.1.4.11,Aluminium Door Widnow Fixing,Tower 5,3rd Floor,Finishing,Tower Finishing,Door,,124300997.0,2026-06-15,2026-06-29,,,,,0
1.1.4.3.1.4.12,Rehung Door Fixing,Tower 5,3rd Floor,Finishing,Tower Finishing,Door,,0.0,2026-06-30,2026-07-07,,,,,0
1.1.4.3.1.4.13,Putty Primer coat,Tower 5,3rd Floor,Finishing,Tower Finishing,Paint,,0.0,2026-07-08,2026-07-13,,,,,0
1.1.4.3.1.4.14,Painting First Coat,Tower 5,3rd Floor,Finishing,Tower Finishing,Paint,,22234800.0,2026-07-14,2026-07-25,,,,,0
1.1.4.3.1.4.15,False ceiling works,Tower 5,3rd Floor,Finishing,Tower Finishing,False Ceiling,,25932500.0,2026-08-15,2026-08-24,,,,,0
1.1.4.3.1.5,Fourth Floor ,,,,,,,,2026-04-22,2026-09-03,,,,,
1.1.4.3.1.5.1,Blockwork,Tower 5,4th Floor,Finishing,Tower Civil Finishes,Blockwork,,32284527.0,2026-04-22,2026-05-01,,,,,0
1.1.4.3.1.5.2,Internal Plumbing Works,Tower 5,4th Floor,MEP,Tower MEP,Plumbing,,81004239.374389,2026-05-02,2026-05-07,,,,,0
1.1.4.3.1.5.3,Waterproofing Works,Tower 5,4th Floor,Finishing,Tower Civil Finishes,Waterproofing,,29599200.0,2026-05-04,2026-05-13,,,,,0
1.1.4.3.1.5.4,PCC,Tower 5,4th Floor,Civil Works- RCC,RCC,Concreting,,0.0,2026-05-16,2026-05-23,,,,,0
1.1.4.3.1.5.5,Electrical Wiring works,Tower 5,4th Floor,MEP,Tower MEP,Electrical,,112363802.0,2026-05-04,2026-05-15,,,,,0
1.1.4.3.1.5.6,Internal Plaster Works,Tower 5,4th Floor,Finishing,Tower Civil Finishes,Int Plaster,,91613750.0,2026-05-16,2026-05-24,,,,,0
1.1.4.3.1.5.7,Toilet Dado Works,Tower 5,4th Floor,Finishing,Tower Finishing,Flooring,,44256300.0,2026-05-25,2026-06-02,,,,,0
1.1.4.3.1.5.8,Toilet Flooring Works,Tower 5,4th Floor,Finishing,Tower Finishing,Flooring,,46697250.0,2026-06-03,2026-06-09,,,,,0
1.1.4.3.1.5.9,Living Dining Flooring,Tower 5,4th Floor,Finishing,Tower Finishing,Flooring,,228900000.0,2026-06-10,2026-06-24,,,,,0
1.1.4.3.1.5.10,Temporary Door Fixing,Tower 5,4th Floor,Finishing,Tower Finishing,Door,,0.0,2026-05-02,2026-05-10,,,,,0
1.1.4.3.1.5.11,Aluminium Door Widnow Fixing,Tower 5,4th Floor,Finishing,Tower Finishing,Door,,124300997.0,2026-06-25,2026-07-09,,,,,0
1.1.4.3.1.5.12,Rehung Door Fixing,Tower 5,4th Floor,Finishing,Tower Finishing,Door,,0.0,2026-07-10,2026-07-17,,,,,0
1.1.4.3.1.5.13,Putty Primer coat,Tower 5,4th Floor,Finishing,Tower Finishing,Paint,,0.0,2026-07-18,2026-07-23,,,,,0
1.1.4.3.1.5.14,Painting First Coat,Tower 5,4th Floor,Finishing,Tower Finishing,Paint,,22234800.0,2026-07-24,2026-08-04,,,,,0
1.1.4.3.1.5.15,False ceiling works,Tower 5,4th Floor,Finishing,Tower Finishing,False Ceiling,,25932500.0,2026-08-25,2026-09-03,,,,,0
1.1.4.3.1.6,Fifth Floor ,,,,,,,,2026-05-02,2026-09-13,,,,,
1.1.4.3.1.6.1,Blockwork,Tower 5,5th Floor,Finishing,Tower Civil Finishes,Blockwork,,32284527.0,2026-05-02,2026-05-11,,,,,0
1.1.4.3.1.6.2,Internal Plumbing Works,Tower 5,5th Floor,MEP,Tower MEP,Plumbing,,81004239.374389,2026-05-12,2026-05-17,,,,,0
1.1.4.3.1.6.3,Waterproofing Works,Tower 5,5th Floor,Finishing,Tower Civil Finishes,Waterproofing,,29599200.0,2026-05-14,2026-05-23,,,,,0
1.1.4.3.1.6.4,PCC,Tower 5,5th Floor,Civil Works- RCC,RCC,Concreting,,0.0,2026-05-26,2026-06-02,,,,,0
1.1.4.3.1.6.5,Electrical Wiring works,Tower 5,5th Floor,MEP,Tower MEP,Electrical,,112363802.0,2026-05-14,2026-05-25,,,,,0
1.1.4.3.1.6.6,Internal Plaster Works,Tower 5,5th Floor,Finishing,Tower Civil Finishes,Int Plaster,,91613750.0,2026-05-26,2026-06-03,,,,,0
1.1.4.3.1.6.7,Toilet Dado Works,Tower 5,5th Floor,Finishing,Tower Finishing,Flooring,,44256300.0,2026-06-04,2026-06-12,,,,,0
1.1.4.3.1.6.8,Toilet Flooring Works,Tower 5,5th Floor,Finishing,Tower Finishing,Flooring,,46697250.0,2026-06-13,2026-06-19,,,,,0
1.1.4.3.1.6.9,Living Dining Flooring,Tower 5,5th Floor,Finishing,Tower Finishing,Flooring,,228900000.0,2026-06-20,2026-07-04,,,,,0
1.1.4.3.1.6.10,Temporary Door Fixing,Tower 5,5th Floor,Finishing,Tower Finishing,Door,,0.0,2026-05-12,2026-05-20,,,,,0
1.1.4.3.1.6.11,Aluminium Door Widnow Fixing,Tower 5,5th Floor,Finishing,Tower Finishing,Door,,124300997.0,2026-07-05,2026-07-19,,,,,0
1.1.4.3.1.6.12,Rehung Door Fixing,Tower 5,5th Floor,Finishing,Tower Finishing,Door,,0.0,2026-07-20,2026-07-27,,,,,0
1.1.4.3.1.6.13,Putty Primer coat,Tower 5,5th Floor,Finishing,Tower Finishing,Paint,,0.0,2026-07-28,2026-08-02,,,,,0
1.1.4.3.1.6.14,Painting First Coat,Tower 5,5th Floor,Finishing,Tower Finishing,Paint,,22234800.0,2026-08-03,2026-08-14,,,,,0
1.1.4.3.1.6.15,False ceiling works,Tower 5,5th Floor,Finishing,Tower Finishing,False Ceiling,,25932500.0,2026-09-04,2026-09-13,,,,,0
1.1.4.3.1.7,Sixth Floor ,,,,,,,,2026-05-12,2026-09-23,,,,,
1.1.4.3.1.7.1,Blockwork,Tower 5,,Finishing,Tower Civil Finishes,Blockwork,,32284527.0,2026-05-12,2026-05-21,,,,,0
1.1.4.3.1.7.2,Internal Plumbing Works,Tower 5,,MEP,Tower MEP,Plumbing,,81004239.0,2026-05-22,2026-05-27,,,,,0
1.1.4.3.1.7.3,Waterproofing Works,Tower 5,,Finishing,Tower Civil Finishes,Waterproofing,,29599200.0,2026-05-24,2026-06-02,,,,,0
1.1.4.3.1.7.4,PCC,Tower 5,,Civil Works- RCC,RCC,Concreting,,0.0,2026-06-05,2026-06-12,,,,,0
1.1.4.3.1.7.5,Electrical Wiring works,Tower 5,,MEP,Tower MEP,Electrical,,112363802.0,2026-05-24,2026-06-04,,,,,0
1.1.4.3.1.7.6,Internal Plaster Works,Tower 5,,Finishing,Tower Civil Finishes,Int Plaster,,91613750.0,2026-06-05,2026-06-13,,,,,0
1.1.4.3.1.7.7,Toilet Dado Works,Tower 5,,Finishing,Tower Finishing,Flooring,,44256300.0,2026-06-14,2026-06-22,,,,,0
1.1.4.3.1.7.8,Toilet Flooring Works,Tower 5,,Finishing,Tower Finishing,Flooring,,46697250.0,2026-06-23,2026-06-29,,,,,0
1.1.4.3.1.7.9,Living Dining Flooring,Tower 5,,Finishing,Tower Finishing,Flooring,,228900000.0,2026-06-30,2026-07-14,,,,,0
1.1.4.3.1.7.10,Temporary Door Fixing,Tower 5,,Finishing,Tower Finishing,Door,,0.0,2026-05-22,2026-05-30,,,,,0
1.1.4.3.1.7.11,Aluminium Door Widnow Fixing,Tower 5,,Finishing,Tower Finishing,Door,,124300997.0,2026-07-15,2026-07-29,,,,,0
1.1.4.3.1.7.12,Rehung Door Fixing,Tower 5,,Finishing,Tower Finishing,Door,,0.0,2026-07-30,2026-08-06,,,,,0
1.1.4.3.1.7.13,Putty Primer coat,Tower 5,,Finishing,Tower Finishing,Paint,,0.0,2026-08-07,2026-08-12,,,,,0
1.1.4.3.1.7.14,Painting First Coat,Tower 5,,Finishing,Tower Finishing,Paint,,22234800.0,2026-08-13,2026-08-24,,,,,0
1.1.4.3.1.7.15,False ceiling works,Tower 5,,Finishing,Tower Finishing,False Ceiling,,25932500.0,2026-09-14,2026-09-23,,,,,0
1.1.4.3.1.8,Seventh Floor ,,,,,,,,2026-05-22,2026-10-03,,,,,
1.1.4.3.1.8.1,Blockwork,Tower 5,,Finishing,Tower Civil Finishes,Blockwork,,32284527.0,2026-05-22,2026-05-31,,,,,0
1.1.4.3.1.8.2,Internal Plumbing Works,Tower 5,,MEP,Tower MEP,Plumbing,,81004239.0,2026-06-01,2026-06-06,,,,,0
1.1.4.3.1.8.3,Waterproofing Works,Tower 5,,Finishing,Tower Civil Finishes,Waterproofing,,29599200.0,2026-06-03,2026-06-12,,,,,0
1.1.4.3.1.8.4,PCC,Tower 5,,Civil Works- RCC,RCC,Concreting,,0.0,2026-06-15,2026-06-22,,,,,0
1.1.4.3.1.8.5,Electrical Wiring works,Tower 5,,MEP,Tower MEP,Electrical,,112363802.0,2026-06-03,2026-06-14,,,,,0
1.1.4.3.1.8.6,Internal Plaster Works,Tower 5,,Finishing,Tower Civil Finishes,Int Plaster,,91613750.0,2026-06-15,2026-06-23,,,,,0
1.1.4.3.1.8.7,Toilet Dado Works,Tower 5,,Finishing,Tower Finishing,Flooring,,44256300.0,2026-06-24,2026-07-02,,,,,0
1.1.4.3.1.8.8,Toilet Flooring Works,Tower 5,,Finishing,Tower Finishing,Flooring,,46697250.0,2026-07-03,2026-07-09,,,,,0
1.1.4.3.1.8.9,Living Dining Flooring,Tower 5,,Finishing,Tower Finishing,Flooring,,228900000.0,2026-07-10,2026-07-24,,,,,0
1.1.4.3.1.8.10,Temporary Door Fixing,Tower 5,,Finishing,Tower Finishing,Door,,0.0,2026-06-01,2026-06-09,,,,,0
1.1.4.3.1.8.11,Aluminium Door Widnow Fixing,Tower 5,,Finishing,Tower Finishing,Door,,124300997.0,2026-07-25,2026-08-26,,,,,0
1.1.4.3.1.8.12,Rehung Door Fixing,Tower 5,,Finishing,Tower Finishing,Door,,54925000.0,2026-08-27,2026-09-03,,,,,0
1.1.4.3.1.8.13,Putty Primer coat,Tower 5,,Finishing,Tower Finishing,Paint,,0.0,2026-09-04,2026-09-09,,,,,0
1.1.4.3.1.8.14,Painting First Coat,Tower 5,,Finishing,Tower Finishing,Paint,,22234800.0,2026-09-10,2026-09-21,,,,,0
1.1.4.3.1.8.15,False ceiling works,Tower 5,,Finishing,Tower Finishing,False Ceiling,,25932500.0,2026-09-24,2026-10-03,,,,,0
1.1.4.3.1.9,Eighth Floor ,,,,,,,,2026-06-01,2026-10-13,,,,,
1.1.4.3.1.9.1,Blockwork,Tower 5,,Finishing,Tower Civil Finishes,Blockwork,,32284527.0,2026-06-01,2026-06-10,,,,,0
1.1.4.3.1.9.2,Internal Plumbing Works,Tower 5,,MEP,Tower MEP,Plumbing,,81004239.0,2026-06-11,2026-06-16,,,,,0
1.1.4.3.1.9.3,Waterproofing Works,Tower 5,,Finishing,Tower Civil Finishes,Waterproofing,,29599200.0,2026-06-13,2026-06-22,,,,,0
1.1.4.3.1.9.4,PCC,Tower 5,,Civil Works- RCC,RCC,Concreting,,0.0,2026-06-25,2026-07-02,,,,,0
1.1.4.3.1.9.5,Electrical Wiring works,Tower 5,,MEP,Tower MEP,Electrical,,112363802.0,2026-06-13,2026-06-24,,,,,0
1.1.4.3.1.9.6,Internal Plaster Works,Tower 5,,Finishing,Tower Civil Finishes,Int Plaster,,91613750.0,2026-06-25,2026-07-03,,,,,0
1.1.4.3.1.9.7,Toilet Dado Works,Tower 5,,Finishing,Tower Finishing,Flooring,,44256300.0,2026-07-04,2026-07-12,,,,,0
1.1.4.3.1.9.8,Toilet Flooring Works,Tower 5,,Finishing,Tower Finishing,Flooring,,46697250.0,2026-07-13,2026-07-19,,,,,0
1.1.4.3.1.9.9,Living Dining Flooring,Tower 5,,Finishing,Tower Finishing,Flooring,,228900000.0,2026-07-20,2026-08-03,,,,,0
1.1.4.3.1.9.10,Temporary Door Fixing,Tower 5,,Finishing,Tower Finishing,Door,,0.0,2026-06-11,2026-06-19,,,,,0
1.1.4.3.1.9.11,Aluminium Door Widnow Fixing,Tower 5,,Finishing,Tower Finishing,Door,,124300997.0,2026-08-04,2026-09-03,,,,,0
1.1.4.3.1.9.12,Rehung Door Fixing,Tower 5,,Finishing,Tower Finishing,Door,,0.0,2026-09-04,2026-09-11,,,,,0
1.1.4.3.1.9.13,Putty Primer coat,Tower 5,,Finishing,Tower Finishing,Paint,,0.0,2026-09-12,2026-09-17,,,,,0
1.1.4.3.1.9.14,Painting First Coat,Tower 5,,Finishing,Tower Finishing,Paint,,22234800.0,2026-09-18,2026-09-29,,,,,0
1.1.4.3.1.9.15,False ceiling works,Tower 5,,Finishing,Tower Finishing,False Ceiling,,25932500.0,2026-10-04,2026-10-13,,,,,0
1.1.4.3.1.10,Ninth Floor ,,,,,,,,2026-06-11,2026-10-23,,,,,
1.1.4.3.1.10.1,Blockwork,Tower 5,,Finishing,Tower Civil Finishes,Blockwork,,32284527.0,2026-06-11,2026-06-20,,,,,0
1.1.4.3.1.10.2,Internal Plumbing Works,Tower 5,,MEP,Tower MEP,Plumbing,,81004239.0,2026-06-21,2026-06-26,,,,,0
1.1.4.3.1.10.3,Waterproofing Works,Tower 5,,Finishing,Tower Civil Finishes,Waterproofing,,29599200.0,2026-06-23,2026-07-02,,,,,0
1.1.4.3.1.10.4,PCC,Tower 5,,Civil Works- RCC,RCC,Concreting,,0.0,2026-07-05,2026-07-12,,,,,0
1.1.4.3.1.10.5,Electrical Wiring works,Tower 5,,MEP,Tower MEP,Electrical,,112363802.0,2026-06-23,2026-07-04,,,,,0
1.1.4.3.1.10.6,Internal Plaster Works,Tower 5,,Finishing,Tower Civil Finishes,Int Plaster,,91613750.0,2026-07-05,2026-07-13,,,,,0
1.1.4.3.1.10.7,Toilet Dado Works,Tower 5,,Finishing,Tower Finishing,Flooring,,44256300.0,2026-07-14,2026-07-22,,,,,0
1.1.4.3.1.10.8,Toilet Flooring Works,Tower 5,,Finishing,Tower Finishing,Flooring,,46697250.0,2026-07-23,2026-07-29,,,,,0
1.1.4.3.1.10.9,Living Dining Flooring,Tower 5,,Finishing,Tower Finishing,Flooring,,228900000.0,2026-07-30,2026-08-13,,,,,0
1.1.4.3.1.10.10,Temporary Door Fixing,Tower 5,,Finishing,Tower Finishing,Door,,0.0,2026-06-21,2026-06-29,,,,,0
1.1.4.3.1.10.11,Aluminium Door Widnow Fixing,Tower 5,,Finishing,Tower Finishing,Door,,124300997.0,2026-08-14,2026-09-11,,,,,0
1.1.4.3.1.10.12,Rehung Door Fixing,Tower 5,,Finishing,Tower Finishing,Door,,0.0,2026-09-12,2026-09-19,,,,,0
1.1.4.3.1.10.13,Putty Primer coat,Tower 5,,Finishing,Tower Finishing,Paint,,0.0,2026-09-20,2026-09-25,,,,,0
1.1.4.3.1.10.14,Painting First Coat,Tower 5,,Finishing,Tower Finishing,Paint,,22234800.0,2026-09-26,2026-10-07,,,,,0
1.1.4.3.1.10.15,False ceiling works,Tower 5,,Finishing,Tower Finishing,False Ceiling,,25932500.0,2026-10-14,2026-10-23,,,,,0
1.1.4.3.1.11,Tenth Floor ,,,,,,,,2026-06-21,2026-12-17,,,,,
1.1.4.3.1.11.1,Blockwork,Tower 5,,Finishing,Tower Civil Finishes,Blockwork,,32284527.0,2026-06-21,2026-07-05,,,,,0
1.1.4.3.1.11.2,Internal Plumbing Works,Tower 5,,MEP,Tower MEP,Plumbing,,81004239.0,2026-07-06,2026-07-11,,,,,0
1.1.4.3.1.11.3,Waterproofing Works,Tower 5,,Finishing,Tower Civil Finishes,Waterproofing,,29599200.0,2026-07-08,2026-07-17,,,,,0
1.1.4.3.1.11.4,PCC,Tower 5,,Civil Works- RCC,RCC,Concreting,,0.0,2026-07-20,2026-07-27,,,,,0
1.1.4.3.1.11.5,Electrical Wiring works,Tower 5,,MEP,Tower MEP,Electrical,,112363802.0,2026-07-08,2026-07-19,,,,,0
1.1.4.3.1.11.6,Internal Plaster Works,Tower 5,,Finishing,Tower Civil Finishes,Int Plaster,,91613750.0,2026-07-20,2026-07-28,,,,,0
1.1.4.3.1.11.7,Toilet Dado Works,Tower 5,,Finishing,Tower Finishing,Flooring,,44256300.0,2026-07-29,2026-08-06,,,,,0
1.1.4.3.1.11.8,Toilet Flooring Works,Tower 5,,Finishing,Tower Finishing,Flooring,,46697250.0,2026-08-07,2026-08-13,,,,,0
1.1.4.3.1.11.9,Living Dining Flooring,Tower 5,,Finishing,Tower Finishing,Flooring,,228900000.0,2026-08-14,2026-08-28,,,,,0
1.1.4.3.1.11.10,Temporary Door Fixing,Tower 5,,Finishing,Tower Finishing,Door,,0.0,2026-07-06,2026-07-14,,,,,0
1.1.4.3.1.11.11,Aluminium Door Widnow Fixing,Tower 5,,Finishing,Tower Finishing,Door,,124300997.0,2026-08-29,2026-09-19,,,,,0
1.1.4.3.1.11.12,Rehung Door Fixing,Tower 5,,Finishing,Tower Finishing,Door,,0.0,2026-09-20,2026-09-27,,,,,0
1.1.4.3.1.11.13,Putty Primer coat,Tower 5,,Finishing,Tower Finishing,Paint,,0.0,2026-09-28,2026-10-03,,,,,0
1.1.4.3.1.11.14,Painting First Coat,Tower 5,,Finishing,Tower Finishing,Paint,,22234800.0,2026-10-04,2026-10-15,,,,,0
1.1.4.3.1.11.15,False ceiling works,Tower 5,,Finishing,Tower Finishing,False Ceiling,,25932500.0,2026-10-24,2026-12-17,,,,,0
1.1.4.3.1.12,Eleventh Floor ,,,,,,,,2026-07-01,2026-12-27,,,,,
1.1.4.3.1.12.1,Blockwork,Tower 5,,Finishing,Tower Civil Finishes,Blockwork,,32284527.0,2026-07-01,2026-07-16,,,,,0
1.1.4.3.1.12.2,Internal Plumbing Works,Tower 5,,MEP,Tower MEP,Plumbing,,81004239.0,2026-07-16,2026-07-22,,,,,0
1.1.4.3.1.12.3,Waterproofing Works,Tower 5,,Finishing,Tower Civil Finishes,Waterproofing,,29599200.0,2026-07-18,2026-07-28,,,,,0
1.1.4.3.1.12.4,PCC,Tower 5,,Civil Works- RCC,RCC,Concreting,,0.0,2026-07-30,2026-08-07,,,,,0
1.1.4.3.1.12.5,Electrical Wiring works,Tower 5,,MEP,Tower MEP,Electrical,,112363802.0,2026-07-18,2026-07-30,,,,,0
1.1.4.3.1.12.6,Internal Plaster Works,Tower 5,,Finishing,Tower Civil Finishes,Int Plaster,,91613750.0,2026-07-30,2026-08-08,,,,,0
1.1.4.3.1.12.7,Toilet Dado Works,Tower 5,,Finishing,Tower Finishing,Flooring,,44256300.0,2026-08-08,2026-08-17,,,,,0
1.1.4.3.1.12.8,Toilet Flooring Works,Tower 5,,Finishing,Tower Finishing,Flooring,,46697250.0,2026-08-17,2026-08-24,,,,,0
1.1.4.3.1.12.9,Living Dining Flooring,Tower 5,,Finishing,Tower Finishing,Flooring,,228900000.0,2026-08-24,2026-09-08,,,,,0
1.1.4.3.1.12.10,Temporary Door Fixing,Tower 5,,Finishing,Tower Finishing,Door,,0.0,2026-07-16,2026-07-25,,,,,0
1.1.4.3.1.12.11,Aluminium Door Widnow Fixing,Tower 5,,Finishing,Tower Finishing,Door,,124300997.0,2026-09-08,2026-10-03,,,,,0
1.1.4.3.1.12.12,Rehung Door Fixing,Tower 5,,Finishing,Tower Finishing,Door,,0.0,2026-10-03,2026-10-11,,,,,0
1.1.4.3.1.12.13,Putty Primer coat,Tower 5,,Finishing,Tower Finishing,Paint,,0.0,2026-10-11,2026-10-17,,,,,0
1.1.4.3.1.12.14,Painting First Coat,Tower 5,,Finishing,Tower Finishing,Paint,,22234800.0,2026-10-17,2026-10-29,,,,,0
1.1.4.3.1.12.15,False ceiling works,Tower 5,,Finishing,Tower Finishing,False Ceiling,,25932500.0,2026-12-18,2026-12-27,,,,,0
1.1.4.3.1.13,Twelth Floor ,,,,,,,,2026-07-15,2027-01-06,,,,,
1.1.4.3.1.13.1,Blockwork,Tower 5,,Finishing,Tower Civil Finishes,Blockwork,,32284527.0,2026-07-15,2026-07-25,,,,,0
1.1.4.3.1.13.2,Internal Plumbing Works,Tower 5,,MEP,Tower MEP,Plumbing,,81004239.0,2026-07-25,2026-07-31,,,,,0
1.1.4.3.1.13.3,Waterproofing Works,Tower 5,,Finishing,Tower Civil Finishes,Waterproofing,,29599200.0,2026-07-27,2026-08-06,,,,,0
1.1.4.3.1.13.4,PCC,Tower 5,,Civil Works- RCC,RCC,Concreting,,0.0,2026-08-08,2026-08-16,,,,,0
1.1.4.3.1.13.5,Electrical Wiring works,Tower 5,,MEP,Tower MEP,Electrical,,112363802.0,2026-07-27,2026-08-08,,,,,0
1.1.4.3.1.13.6,Internal Plaster Works,Tower 5,,Finishing,Tower Civil Finishes,Int Plaster,,91613750.0,2026-08-08,2026-08-17,,,,,0
1.1.4.3.1.13.7,Toilet Dado Works,Tower 5,,Finishing,Tower Finishing,Flooring,,44256300.0,2026-08-17,2026-08-26,,,,,0
1.1.4.3.1.13.8,Toilet Flooring Works,Tower 5,,Finishing,Tower Finishing,Flooring,,46697250.0,2026-08-26,2026-09-02,,,,,0
1.1.4.3.1.13.9,Living Dining Flooring,Tower 5,,Finishing,Tower Finishing,Flooring,,228900000.0,2026-09-02,2026-09-17,,,,,0
1.1.4.3.1.13.10,Temporary Door Fixing,Tower 5,,Finishing,Tower Finishing,Door,,0.0,2026-07-25,2026-08-03,,,,,0
1.1.4.3.1.13.11,Aluminium Door Widnow Fixing,Tower 5,,Finishing,Tower Finishing,Door,,124300997.0,2026-09-17,2026-10-09,,,,,0
1.1.4.3.1.13.12,Rehung Door Fixing,Tower 5,,Finishing,Tower Finishing,Door,,0.0,2026-10-09,2026-10-17,,,,,0
1.1.4.3.1.13.13,Putty Primer coat,Tower 5,,Finishing,Tower Finishing,Paint,,0.0,2026-10-17,2026-10-23,,,,,0
1.1.4.3.1.13.14,Painting First Coat,Tower 5,,Finishing,Tower Finishing,Paint,,22234800.0,2026-10-23,2026-12-19,,,,,0
1.1.4.3.1.13.15,False ceiling works,Tower 5,,Finishing,Tower Finishing,False Ceiling,,25932500.0,2026-12-28,2027-01-06,,,,,0
1.1.4.3.1.14,Thirteen Floor ,,,,,,,,2026-08-01,2027-01-08,,,,,
1.1.4.3.1.14.1,Blockwork,Tower 5,,Finishing,Tower Civil Finishes,Blockwork,,32284527.0,2026-08-01,2026-08-11,,,,,0
1.1.4.3.1.14.2,Internal Plumbing Works,Tower 5,,MEP,Tower MEP,Plumbing,,81004239.0,2026-08-11,2026-08-17,,,,,0
1.1.4.3.1.14.3,Waterproofing Works,Tower 5,,Finishing,Tower Civil Finishes,Waterproofing,,29599200.0,2026-08-13,2026-08-23,,,,,0
1.1.4.3.1.14.4,PCC,Tower 5,,Civil Works- RCC,RCC,Concreting,,0.0,2026-08-25,2026-09-02,,,,,0
1.1.4.3.1.14.5,Electrical Wiring works,Tower 5,,MEP,Tower MEP,Electrical,,112363802.0,2026-08-13,2026-08-25,,,,,0
1.1.4.3.1.14.6,Internal Plaster Works,Tower 5,,Finishing,Tower Civil Finishes,Int Plaster,,91613750.0,2026-08-25,2026-09-03,,,,,0
1.1.4.3.1.14.7,Toilet Dado Works,Tower 5,,Finishing,Tower Finishing,Flooring,,44256300.0,2026-09-03,2026-09-12,,,,,0
1.1.4.3.1.14.8,Toilet Flooring Works,Tower 5,,Finishing,Tower Finishing,Flooring,,46697250.0,2026-09-12,2026-09-19,,,,,0
1.1.4.3.1.14.9,Living Dining Flooring,Tower 5,,Finishing,Tower Finishing,Flooring,,228900000.0,2026-09-19,2026-10-04,,,,,0
1.1.4.3.1.14.10,Temporary Door Fixing,Tower 5,,Finishing,Tower Finishing,Door,,0.0,2026-08-11,2026-08-20,,,,,0
1.1.4.3.1.14.11,Aluminium Door Widnow Fixing,Tower 5,,Finishing,Tower Finishing,Door,,124300997.0,2026-10-04,2026-10-19,,,,,0
1.1.4.3.1.14.12,Rehung Door Fixing,Tower 5,,Finishing,Tower Finishing,Door,,0.0,2026-10-19,2026-10-27,,,,,0
1.1.4.3.1.14.13,Putty Primer coat,Tower 5,,Finishing,Tower Finishing,Paint,,0.0,2026-10-27,2026-12-17,,,,,0
1.1.4.3.1.14.14,Painting First Coat,Tower 5,,Finishing,Tower Finishing,Paint,,22234800.0,2026-12-17,2026-12-29,,,,,0
1.1.4.3.1.14.15,False ceiling works,Tower 5,,Finishing,Tower Finishing,False Ceiling,,25932500.0,2026-12-29,2027-01-08,,,,,0
1.1.4.3.1.15,Fourteen Floor ,,,,,,,,2026-08-13,2027-01-26,,,,,
1.1.4.3.1.15.1,Blockwork,Tower 5,,Finishing,Tower Civil Finishes,Blockwork,,32284527.0,2026-08-13,2026-08-23,,,,,0
1.1.4.3.1.15.2,Internal Plumbing Works,Tower 5,,MEP,Tower MEP,Plumbing,,81004239.0,2026-08-23,2026-08-29,,,,,0
1.1.4.3.1.15.3,Waterproofing Works,Tower 5,,Finishing,Tower Civil Finishes,Waterproofing,,29599200.0,2026-08-25,2026-09-04,,,,,0
1.1.4.3.1.15.4,PCC,Tower 5,,Civil Works- RCC,RCC,Concreting,,0.0,2026-09-06,2026-09-14,,,,,0
1.1.4.3.1.15.5,Electrical Wiring works,Tower 5,,MEP,Tower MEP,Electrical,,112363802.0,2026-08-25,2026-09-06,,,,,0
1.1.4.3.1.15.6,Internal Plaster Works,Tower 5,,Finishing,Tower Civil Finishes,Int Plaster,,91613750.0,2026-09-06,2026-09-15,,,,,0
1.1.4.3.1.15.7,Toilet Dado Works,Tower 5,,Finishing,Tower Finishing,Flooring,,44256300.0,2026-09-15,2026-09-24,,,,,0
1.1.4.3.1.15.8,Toilet Flooring Works,Tower 5,,Finishing,Tower Finishing,Flooring,,46697250.0,2026-09-24,2026-10-01,,,,,0
1.1.4.3.1.15.9,Living Dining Flooring,Tower 5,,Finishing,Tower Finishing,Flooring,,228900000.0,2026-10-01,2026-10-16,,,,,0
1.1.4.3.1.15.10,Temporary Door Fixing,Tower 5,,Finishing,Tower Finishing,Door,,0.0,2026-08-23,2026-09-01,,,,,0
1.1.4.3.1.15.11,Aluminium Door Widnow Fixing,Tower 5,,Finishing,Tower Finishing,Door,,124300997.0,2026-10-16,2026-12-21,,,,,0
1.1.4.3.1.15.12,Rehung Door Fixing,Tower 5,,Finishing,Tower Finishing,Door,,0.0,2026-12-21,2026-12-29,,,,,0
1.1.4.3.1.15.13,Putty Primer coat,Tower 5,,Finishing,Tower Finishing,Paint,,0.0,2026-12-29,2027-01-04,,,,,0
1.1.4.3.1.15.14,Painting First Coat,Tower 5,,Finishing,Tower Finishing,Paint,,22234800.0,2027-01-04,2027-01-16,,,,,0
1.1.4.3.1.15.15,False ceiling works,Tower 5,,Finishing,Tower Finishing,False Ceiling,,25932500.0,2027-01-16,2027-01-26,,,,,0
1.1.4.3.1.16,Fifteen Floor ,,,,,,,,2026-09-15,2027-02-22,,,,,
1.1.4.3.1.16.1,Blockwork,Tower 5,,Finishing,Tower Civil Finishes,Blockwork,,32284527.0,2026-09-15,2026-09-25,,,,,0
1.1.4.3.1.16.2,Internal Plumbing Works,Tower 5,,MEP,Tower MEP,Plumbing,,81004239.0,2026-09-25,2026-10-01,,,,,0
1.1.4.3.1.16.3,Waterproofing Works,Tower 5,,Finishing,Tower Civil Finishes,Waterproofing,,29599200.0,2026-09-27,2026-10-07,,,,,0
1.1.4.3.1.16.4,PCC,Tower 5,,Civil Works- RCC,RCC,Concreting,,0.0,2026-10-09,2026-10-17,,,,,0
1.1.4.3.1.16.5,Electrical Wiring works,Tower 5,,MEP,Tower MEP,Electrical,,112363802.0,2026-09-27,2026-10-09,,,,,0
1.1.4.3.1.16.6,Internal Plaster Works,Tower 5,,Finishing,Tower Civil Finishes,Int Plaster,,91613750.0,2026-10-09,2026-10-18,,,,,0
1.1.4.3.1.16.7,Toilet Dado Works,Tower 5,,Finishing,Tower Finishing,Flooring,,44256300.0,2026-10-18,2026-10-27,,,,,0
1.1.4.3.1.16.8,Toilet Flooring Works,Tower 5,,Finishing,Tower Finishing,Flooring,,46697250.0,2026-10-27,2026-12-18,,,,,0
1.1.4.3.1.16.9,Living Dining Flooring,Tower 5,,Finishing,Tower Finishing,Flooring,,228900000.0,2026-12-18,2027-01-02,,,,,0
1.1.4.3.1.16.10,Temporary Door Fixing,Tower 5,,Finishing,Tower Finishing,Door,,0.0,2026-09-25,2026-10-04,,,,,0
1.1.4.3.1.16.11,Aluminium Door Widnow Fixing,Tower 5,,Finishing,Tower Finishing,Door,,124301097.0,2027-01-02,2027-01-17,,,,,0
1.1.4.3.1.16.12,Rehung Door Fixing,Tower 5,,Finishing,Tower Finishing,Door,,54925000.0,2027-01-17,2027-01-25,,,,,0
1.1.4.3.1.16.13,Putty Primer coat,Tower 5,,Finishing,Tower Finishing,Paint,,0.0,2027-01-25,2027-01-31,,,,,0
1.1.4.3.1.16.14,Painting First Coat,Tower 5,,Finishing,Tower Finishing,Paint,,22234800.0,2027-01-31,2027-02-12,,,,,0
1.1.4.3.1.16.15,False ceiling works,Tower 5,,Finishing,Tower Finishing,False Ceiling,,25932500.0,2027-02-12,2027-02-22,,,,,0
1.1.4.3.1.17,Sixteen Floor ,,,,,,,,2026-09-16,2027-03-04,,,,,
1.1.4.3.1.17.1,Blockwork,Tower 5,,Finishing,Tower Civil Finishes,Blockwork,,32284527.0,2026-09-16,2026-09-26,,,,,0
1.1.4.3.1.17.2,Internal Plumbing Works,Tower 5,,MEP,Tower MEP,Plumbing,,81004239.0,2026-09-26,2026-10-02,,,,,0
1.1.4.3.1.17.3,Waterproofing Works,Tower 5,,Finishing,Tower Civil Finishes,Waterproofing,,29599200.0,2026-09-28,2026-10-08,,,,,0
1.1.4.3.1.17.4,PCC,Tower 5,,Civil Works- RCC,RCC,Concreting,,0.0,2026-10-10,2026-10-18,,,,,0
1.1.4.3.1.17.5,Electrical Wiring works,Tower 5,,MEP,Tower MEP,Electrical,,112363802.0,2026-09-28,2026-10-10,,,,,0
1.1.4.3.1.17.6,Internal Plaster Works,Tower 5,,Finishing,Tower Civil Finishes,Int Plaster,,91613750.0,2026-10-10,2026-10-19,,,,,0
1.1.4.3.1.17.7,Toilet Dado Works,Tower 5,,Finishing,Tower Finishing,Flooring,,44256300.0,2026-10-19,2026-10-28,,,,,0
1.1.4.3.1.17.8,Toilet Flooring Works,Tower 5,,Finishing,Tower Finishing,Flooring,,46697250.0,2026-10-28,2026-12-19,,,,,0
1.1.4.3.1.17.9,Living Dining Flooring,Tower 5,,Finishing,Tower Finishing,Flooring,,228900000.0,2026-12-19,2027-01-03,,,,,0
1.1.4.3.1.17.10,Temporary Door Fixing,Tower 5,,Finishing,Tower Finishing,Door,,0.0,2026-09-26,2026-10-05,,,,,0
1.1.4.3.1.17.11,Aluminium Door Widnow Fixing,Tower 5,,Finishing,Tower Finishing,Door,,124301097.0,2027-01-03,2027-01-18,,,,,0
1.1.4.3.1.17.12,Rehung Door Fixing,Tower 5,,Finishing,Tower Finishing,Door,,0.0,2027-01-18,2027-01-26,,,,,0
1.1.4.3.1.17.13,Putty Primer coat,Tower 5,,Finishing,Tower Finishing,Paint,,0.0,2027-01-26,2027-02-01,,,,,0
1.1.4.3.1.17.14,Painting First Coat,Tower 5,,Finishing,Tower Finishing,Paint,,22234800.0,2027-02-01,2027-02-13,,,,,0
1.1.4.3.1.17.15,False ceiling works,Tower 5,,Finishing,Tower Finishing,False Ceiling,,25932500.0,2027-02-22,2027-03-04,,,,,0
1.1.4.3.1.18,Seventeen Floor ,,,,,,,,2026-09-30,2027-03-14,,,,,
1.1.4.3.1.18.1,Blockwork,Tower 5,,Finishing,Tower Civil Finishes,Blockwork,,32284527.0,2026-09-30,2026-10-07,,,,,0
1.1.4.3.1.18.2,Internal Plumbing Works,Tower 5,,MEP,Tower MEP,Plumbing,,81004239.0,2026-10-07,2026-10-13,,,,,0
1.1.4.3.1.18.3,Waterproofing Works,Tower 5,,Finishing,Tower Civil Finishes,Waterproofing,,29599200.0,2026-10-09,2026-10-16,,,,,0
1.1.4.3.1.18.4,PCC,Tower 5,,Civil Works- RCC,RCC,Concreting,,0.0,2026-10-16,2026-10-19,,,,,0
1.1.4.3.1.18.5,Electrical Wiring works,Tower 5,,MEP,Tower MEP,Electrical,,112363802.0,2026-10-09,2026-10-14,,,,,0
1.1.4.3.1.18.6,Internal Plaster Works,Tower 5,,Finishing,Tower Civil Finishes,Int Plaster,,91613750.0,2026-10-16,2026-10-21,,,,,0
1.1.4.3.1.18.7,Toilet Dado Works,Tower 5,,Finishing,Tower Finishing,Flooring,,44256300.0,2026-10-21,2026-10-28,,,,,0
1.1.4.3.1.18.8,Toilet Flooring Works,Tower 5,,Finishing,Tower Finishing,Flooring,,46697250.0,2026-10-28,2026-12-17,,,,,0
1.1.4.3.1.18.9,Living Dining Flooring,Tower 5,,Finishing,Tower Finishing,Flooring,,228900000.0,2026-12-17,2026-12-25,,,,,0
1.1.4.3.1.18.10,Temporary Door Fixing,Tower 5,,Finishing,Tower Finishing,Door,,0.0,2026-10-07,2026-10-16,,,,,0
1.1.4.3.1.18.11,Aluminium Door Widnow Fixing,Tower 5,,Finishing,Tower Finishing,Door,,124301097.0,2026-12-25,2027-01-09,,,,,0
1.1.4.3.1.18.12,Rehung Door Fixing,Tower 5,,Finishing,Tower Finishing,Door,,0.0,2027-01-09,2027-01-17,,,,,0
1.1.4.3.1.18.13,Putty Primer coat,Tower 5,,Finishing,Tower Finishing,Paint,,0.0,2027-01-17,2027-01-23,,,,,0
1.1.4.3.1.18.14,Painting First Coat,Tower 5,,Finishing,Tower Finishing,Paint,,22234800.0,2027-01-23,2027-02-04,,,,,0
1.1.4.3.1.18.15,False ceiling works,Tower 5,,Finishing,Tower Finishing,False Ceiling,,25932500.0,2027-03-04,2027-03-14,,,,,0
1.1.4.3.1.19,Eighteenth Floor ,,,,,,,,2026-10-11,2027-03-24,,,,,
1.1.4.3.1.19.1,Blockwork,Tower 5,,Finishing,Tower Civil Finishes,Blockwork,,32284527.0,2026-10-11,2026-10-18,,,,,0
1.1.4.3.1.19.2,Internal Plumbing Works,Tower 5,,MEP,Tower MEP,Plumbing,,81004239.0,2026-10-18,2026-10-24,,,,,0
1.1.4.3.1.19.3,Waterproofing Works,Tower 5,,Finishing,Tower Civil Finishes,Waterproofing,,29599200.0,2026-10-20,2026-10-27,,,,,0
1.1.4.3.1.19.4,PCC,Tower 5,,Civil Works- RCC,RCC,Concreting,,0.0,2026-10-27,2026-10-30,,,,,0
1.1.4.3.1.19.5,Electrical Wiring works,Tower 5,,MEP,Tower MEP,Electrical,,112363802.0,2026-10-20,2026-10-25,,,,,0
1.1.4.3.1.19.6,Internal Plaster Works,Tower 5,,Finishing,Tower Civil Finishes,Int Plaster,,91613750.0,2026-10-27,2026-12-16,,,,,0
1.1.4.3.1.19.7,Toilet Dado Works,Tower 5,,Finishing,Tower Finishing,Flooring,,44256300.0,2026-12-16,2026-12-23,,,,,0
1.1.4.3.1.19.8,Toilet Flooring Works,Tower 5,,Finishing,Tower Finishing,Flooring,,46697250.0,2026-12-23,2026-12-28,,,,,0
1.1.4.3.1.19.9,Living Dining Flooring,Tower 5,,Finishing,Tower Finishing,Flooring,,228900000.0,2026-12-28,2027-01-05,,,,,0
1.1.4.3.1.19.10,Temporary Door Fixing,Tower 5,,Finishing,Tower Finishing,Door,,0.0,2026-10-18,2026-10-27,,,,,0
1.1.4.3.1.19.11,Aluminium Door Widnow Fixing,Tower 5,,Finishing,Tower Finishing,Door,,124300997.0,2027-01-05,2027-01-20,,,,,0
1.1.4.3.1.19.12,Rehung Door Fixing,Tower 5,,Finishing,Tower Finishing,Door,,0.0,2027-01-20,2027-01-28,,,,,0
1.1.4.3.1.19.13,Putty Primer coat,Tower 5,,Finishing,Tower Finishing,Paint,,0.0,2027-01-28,2027-02-03,,,,,0
1.1.4.3.1.19.14,Painting First Coat,Tower 5,,Finishing,Tower Finishing,Paint,,22234800.0,2027-02-03,2027-02-15,,,,,0
1.1.4.3.1.19.15,False ceiling works,Tower 5,,Finishing,Tower Finishing,False Ceiling,,25932500.0,2027-03-14,2027-03-24,,,,,0
1.1.4.3.1.20,Ninteenth Floor ,,,,,,,,2026-10-22,2027-04-03,,,,,
1.1.4.3.1.20.1,Blockwork,Tower 5,,Finishing,Tower Civil Finishes,Blockwork,,32284527.0,2026-10-22,2026-10-29,,,,,0
1.1.4.3.1.20.2,Internal Plumbing Works,Tower 5,,MEP,Tower MEP,Plumbing,,81004239.0,2026-10-29,2026-12-19,,,,,0
1.1.4.3.1.20.3,Waterproofing Works,Tower 5,,Finishing,Tower Civil Finishes,Waterproofing,,29599200.0,2026-10-31,2026-12-22,,,,,0
1.1.4.3.1.20.4,PCC,Tower 5,,Civil Works- RCC,RCC,Concreting,,0.0,2026-12-22,2026-12-25,,,,,0
1.1.4.3.1.20.5,Electrical Wiring works,Tower 5,,MEP,Tower MEP,Electrical,,112363802.0,2026-10-31,2026-12-20,,,,,0
1.1.4.3.1.20.6,Internal Plaster Works,Tower 5,,Finishing,Tower Civil Finishes,Int Plaster,,91613750.0,2026-12-22,2026-12-27,,,,,0
1.1.4.3.1.20.7,Toilet Dado Works,Tower 5,,Finishing,Tower Finishing,Flooring,,44256300.0,2026-12-27,2027-01-03,,,,,0
1.1.4.3.1.20.8,Toilet Flooring Works,Tower 5,,Finishing,Tower Finishing,Flooring,,46697250.0,2027-01-03,2027-01-08,,,,,0
1.1.4.3.1.20.9,Living Dining Flooring,Tower 5,,Finishing,Tower Finishing,Flooring,,228900000.0,2027-01-08,2027-01-16,,,,,0
1.1.4.3.1.20.10,Temporary Door Fixing,Tower 5,,Finishing,Tower Finishing,Door,,0.0,2026-10-29,2026-12-22,,,,,0
1.1.4.3.1.20.11,Aluminium Door Widnow Fixing,Tower 5,,Finishing,Tower Finishing,Door,,124300997.0,2027-01-16,2027-02-12,,,,,0
1.1.4.3.1.20.12,Rehung Door Fixing,Tower 5,,Finishing,Tower Finishing,Door,,54925000.0,2027-02-12,2027-02-20,,,,,0
1.1.4.3.1.20.13,Putty Primer coat,Tower 5,,Finishing,Tower Finishing,Paint,,0.0,2027-02-20,2027-02-26,,,,,0
1.1.4.3.1.20.14,Painting First Coat,Tower 5,,Finishing,Tower Finishing,Paint,,22234800.0,2027-02-26,2027-03-10,,,,,0
1.1.4.3.1.20.15,False ceiling works,Tower 5,,Finishing,Tower Finishing,False Ceiling,,25932500.0,2027-03-24,2027-04-03,,,,,0
1.1.4.3.1.21,Twenty Floor ,,,,,,,,2026-12-19,2027-04-13,,,,,
1.1.4.3.1.21.1,Blockwork,Tower 5,,Finishing,Tower Civil Finishes,Blockwork,,32284527.0,2026-12-19,2026-12-24,,,,,0
1.1.4.3.1.21.2,Internal Plumbing Works,Tower 5,,MEP,Tower MEP,Plumbing,,81004239.0,2026-12-24,2026-12-30,,,,,0
1.1.4.3.1.21.3,Waterproofing Works,Tower 5,,Finishing,Tower Civil Finishes,Waterproofing,,29599200.0,2026-12-26,2026-12-31,,,,,0
1.1.4.3.1.21.4,PCC,Tower 5,,Civil Works- RCC,RCC,Concreting,,0.0,2026-12-31,2027-01-03,,,,,0
1.1.4.3.1.21.5,Electrical Wiring works,Tower 5,,MEP,Tower MEP,Electrical,,112363802.0,2026-12-26,2026-12-31,,,,,0
1.1.4.3.1.21.6,Internal Plaster Works,Tower 5,,Finishing,Tower Civil Finishes,Int Plaster,,91613750.0,2026-12-29,2027-01-03,,,,,0
1.1.4.3.1.21.7,Toilet Dado Works,Tower 5,,Finishing,Tower Finishing,Flooring,,44256300.0,2027-01-03,2027-01-10,,,,,0
1.1.4.3.1.21.8,Toilet Flooring Works,Tower 5,,Finishing,Tower Finishing,Flooring,,46697250.0,2027-01-10,2027-01-15,,,,,0
1.1.4.3.1.21.9,Living Dining Flooring,Tower 5,,Finishing,Tower Finishing,Flooring,,228900000.0,2027-01-15,2027-01-23,,,,,0
1.1.4.3.1.21.10,Temporary Door Fixing,Tower 5,,Finishing,Tower Finishing,Door,,0.0,2026-12-24,2027-01-02,,,,,0
1.1.4.3.1.21.11,Aluminium Door Widnow Fixing,Tower 5,,Finishing,Tower Finishing,Door,,124301097.0,2027-01-23,2027-02-25,,,,,0
1.1.4.3.1.21.12,Rehung Door Fixing,Tower 5,,Finishing,Tower Finishing,Door,,0.0,2027-02-25,2027-03-05,,,,,0
1.1.4.3.1.21.13,Putty Primer coat,Tower 5,,Finishing,Tower Finishing,Paint,,0.0,2027-03-05,2027-03-11,,,,,0
1.1.4.3.1.21.14,Painting First Coat,Tower 5,,Finishing,Tower Finishing,Paint,,22234800.0,2027-03-11,2027-03-23,,,,,0
1.1.4.3.1.21.15,False ceiling works,Tower 5,,Finishing,Tower Finishing,False Ceiling,,25932500.0,2027-04-03,2027-04-13,,,,,0
1.1.4.3.1.22,Twentyone Floor ,,,,,,,,2026-12-28,2027-04-23,,,,,
1.1.4.3.1.22.1,Blockwork,Tower 5,,Finishing,Tower Civil Finishes,Blockwork,,32284527.0,2026-12-28,2027-01-04,,,,,0
1.1.4.3.1.22.2,Internal Plumbing Works,Tower 5,,MEP,Tower MEP,Plumbing,,81004239.0,2027-01-04,2027-01-10,,,,,0
1.1.4.3.1.22.3,Waterproofing Works,Tower 5,,Finishing,Tower Civil Finishes,Waterproofing,,29599200.0,2027-01-06,2027-01-13,,,,,0
1.1.4.3.1.22.4,PCC,Tower 5,,Civil Works- RCC,RCC,Concreting,,0.0,2027-01-13,2027-01-16,,,,,0
1.1.4.3.1.22.5,Electrical Wiring works,Tower 5,,MEP,Tower MEP,Electrical,,112363802.0,2027-01-06,2027-01-11,,,,,0
1.1.4.3.1.22.6,Internal Plaster Works,Tower 5,,Finishing,Tower Civil Finishes,Int Plaster,,91613750.0,2027-01-13,2027-01-18,,,,,0
1.1.4.3.1.22.7,Toilet Dado Works,Tower 5,,Finishing,Tower Finishing,Flooring,,44256300.0,2027-01-18,2027-01-25,,,,,0
1.1.4.3.1.22.8,Toilet Flooring Works,Tower 5,,Finishing,Tower Finishing,Flooring,,46697250.0,2027-01-25,2027-01-30,,,,,0
1.1.4.3.1.22.9,Living Dining Flooring,Tower 5,,Finishing,Tower Finishing,Flooring,,228900000.0,2027-01-30,2027-02-07,,,,,0
1.1.4.3.1.22.10,Temporary Door Fixing,Tower 5,,Finishing,Tower Finishing,Door,,0.0,2027-01-04,2027-01-13,,,,,0
1.1.4.3.1.22.11,Aluminium Door Widnow Fixing,Tower 5,,Finishing,Tower Finishing,Door,,124300997.0,2027-02-07,2027-02-22,,,,,0
1.1.4.3.1.22.12,Rehung Door Fixing,Tower 5,,Finishing,Tower Finishing,Door,,0.0,2027-02-22,2027-03-02,,,,,0
1.1.4.3.1.22.13,Putty Primer coat,Tower 5,,Finishing,Tower Finishing,Paint,,0.0,2027-03-02,2027-03-08,,,,,0
1.1.4.3.1.22.14,Painting First Coat,Tower 5,,Finishing,Tower Finishing,Paint,,22234800.0,2027-03-08,2027-03-20,,,,,0
1.1.4.3.1.22.15,False ceiling works,Tower 5,,Finishing,Tower Finishing,False Ceiling,,25932500.0,2027-04-13,2027-04-23,,,,,0
1.1.4.3.1.23,Twenty two  Floor ,,,,,,,,2027-01-21,2027-05-03,,,,,
1.1.4.3.1.23.1,Blockwork,Tower 5,,Finishing,Tower Civil Finishes,Blockwork,,32284527.0,2027-01-21,2027-01-24,,,,,0
1.1.4.3.1.23.2,Internal Plumbing Works,Tower 5,,MEP,Tower MEP,Plumbing,,81004239.0,2027-01-24,2027-01-30,,,,,0
1.1.4.3.1.23.3,Waterproofing Works,Tower 5,,Finishing,Tower Civil Finishes,Waterproofing,,29599200.0,2027-01-26,2027-02-02,,,,,0
1.1.4.3.1.23.4,PCC,Tower 5,,Civil Works- RCC,RCC,Concreting,,0.0,2027-02-02,2027-02-05,,,,,0
1.1.4.3.1.23.5,Electrical Wiring works,Tower 5,,MEP,Tower MEP,Electrical,,112363802.0,2027-01-26,2027-01-31,,,,,0
1.1.4.3.1.23.6,Internal Plaster Works,Tower 5,,Finishing,Tower Civil Finishes,Int Plaster,,91613750.0,2027-02-02,2027-02-07,,,,,0
1.1.4.3.1.23.7,Toilet Dado Works,Tower 5,,Finishing,Tower Finishing,Flooring,,44256300.0,2027-02-07,2027-02-14,,,,,0
1.1.4.3.1.23.8,Toilet Flooring Works,Tower 5,,Finishing,Tower Finishing,Flooring,,46697250.0,2027-02-14,2027-02-19,,,,,0
1.1.4.3.1.23.9,Living Dining Flooring,Tower 5,,Finishing,Tower Finishing,Flooring,,228900000.0,2027-02-19,2027-02-27,,,,,0
1.1.4.3.1.23.10,Temporary Door Fixing,Tower 5,,Finishing,Tower Finishing,Door,,0.0,2027-01-24,2027-02-02,,,,,0
1.1.4.3.1.23.11,Aluminium Door Widnow Fixing,Tower 5,,Finishing,Tower Finishing,Door,,124301097.0,2027-02-27,2027-03-14,,,,,0
1.1.4.3.1.23.12,Rehung Door Fixing,Tower 5,,Finishing,Tower Finishing,Door,,0.0,2027-03-14,2027-03-22,,,,,0
1.1.4.3.1.23.13,Putty Primer coat,Tower 5,,Finishing,Tower Finishing,Paint,,0.0,2027-03-22,2027-03-28,,,,,0
1.1.4.3.1.23.14,Painting First Coat,Tower 5,,Finishing,Tower Finishing,Paint,,22234800.0,2027-03-28,2027-04-09,,,,,0
1.1.4.3.1.23.15,False ceiling works,Tower 5,,Finishing,Tower Finishing,False Ceiling,,25932500.0,2027-04-23,2027-05-03,,,,,0
1.1.4.3.1.24,Twenty Three Floor ,,,,,,,,2027-02-01,2027-05-13,,,,,
1.1.4.3.1.24.1,Blockwork,Tower 5,,Finishing,Tower Civil Finishes,Blockwork,,32284527.0,2027-02-01,2027-02-08,,,,,0
1.1.4.3.1.24.2,Internal Plumbing Works,Tower 5,,MEP,Tower MEP,Plumbing,,81004239.0,2027-02-08,2027-02-14,,,,,0
1.1.4.3.1.24.3,Waterproofing Works,Tower 5,,Finishing,Tower Civil Finishes,Waterproofing,,29599200.0,2027-02-10,2027-02-17,,,,,0
1.1.4.3.1.24.4,PCC,Tower 5,,Civil Works- RCC,RCC,Concreting,,0.0,2027-02-17,2027-02-20,,,,,0
1.1.4.3.1.24.5,Electrical Wiring works,Tower 5,,MEP,Tower MEP,Electrical,,112363802.0,2027-02-10,2027-02-15,,,,,0
1.1.4.3.1.24.6,Internal Plaster Works,Tower 5,,Finishing,Tower Civil Finishes,Int Plaster,,91613750.0,2027-02-17,2027-02-22,,,,,0
1.1.4.3.1.24.7,Toilet Dado Works,Tower 5,,Finishing,Tower Finishing,Flooring,,44256300.0,2027-02-22,2027-03-01,,,,,0
1.1.4.3.1.24.8,Toilet Flooring Works,Tower 5,,Finishing,Tower Finishing,Flooring,,46697250.0,2027-03-01,2027-03-06,,,,,0
1.1.4.3.1.24.9,Living Dining Flooring,Tower 5,,Finishing,Tower Finishing,Flooring,,228900000.0,2027-03-06,2027-03-14,,,,,0
1.1.4.3.1.24.10,Temporary Door Fixing,Tower 5,,Finishing,Tower Finishing,Door,,0.0,2027-02-08,2027-02-17,,,,,0
1.1.4.3.1.24.11,Aluminium Door Widnow Fixing,Tower 5,,Finishing,Tower Finishing,Door,,124301097.0,2027-03-14,2027-03-29,,,,,0
1.1.4.3.1.24.12,Rehung Door Fixing,Tower 5,,Finishing,Tower Finishing,Door,,0.0,2027-03-29,2027-04-06,,,,,0
1.1.4.3.1.24.13,Putty Primer coat,Tower 5,,Finishing,Tower Finishing,Paint,,0.0,2027-04-06,2027-04-12,,,,,0
1.1.4.3.1.24.14,Painting First Coat,Tower 5,,Finishing,Tower Finishing,Paint,,22234800.0,2027-04-12,2027-04-24,,,,,0
1.1.4.3.1.24.15,False ceiling works,Tower 5,,Finishing,Tower Finishing,False Ceiling,,25932500.0,2027-05-03,2027-05-13,,,,,0
1.1.4.3.1.25,Twenty Four Floor ,,,,,,,,2027-02-12,2027-06-06,,,,,
1.1.4.3.1.25.1,Blockwork,Tower 5,,Finishing,Tower Civil Finishes,Blockwork,,32284527.0,2027-02-12,2027-02-21,,,,,0
1.1.4.3.1.25.2,Internal Plumbing Works,Tower 5,,MEP,Tower MEP,Plumbing,,81004239.0,2027-02-22,2027-02-27,,,,,0
1.1.4.3.1.25.3,Waterproofing Works,Tower 5,,Finishing,Tower Civil Finishes,Waterproofing,,29599200.0,2027-02-24,2027-03-05,,,,,0
1.1.4.3.1.25.4,PCC,Tower 5,,Civil Works- RCC,RCC,Concreting,,0.0,2027-03-08,2027-03-15,,,,,0
1.1.4.3.1.25.5,Electrical Wiring works,Tower 5,,MEP,Tower MEP,Electrical,,112363802.0,2027-02-24,2027-03-07,,,,,0
1.1.4.3.1.25.6,Internal Plaster Works,Tower 5,,Finishing,Tower Civil Finishes,Int Plaster,,91613750.0,2027-03-08,2027-03-16,,,,,0
1.1.4.3.1.25.7,Toilet Dado Works,Tower 5,,Finishing,Tower Finishing,Flooring,,44256300.0,2027-03-17,2027-03-25,,,,,0
1.1.4.3.1.25.8,Toilet Flooring Works,Tower 5,,Finishing,Tower Finishing,Flooring,,46697250.0,2027-03-26,2027-04-01,,,,,0
1.1.4.3.1.25.9,Living Dining Flooring,Tower 5,,Finishing,Tower Finishing,Flooring,,228900000.0,2027-04-02,2027-04-16,,,,,0
1.1.4.3.1.25.10,Temporary Door Fixing,Tower 5,,Finishing,Tower Finishing,Door,,0.0,2027-02-22,2027-03-02,,,,,0
1.1.4.3.1.25.11,Aluminium Door Widnow Fixing,Tower 5,,Finishing,Tower Finishing,Door,,124300997.0,2027-04-17,2027-05-01,,,,,0
1.1.4.3.1.25.12,Rehung Door Fixing,Tower 5,,Finishing,Tower Finishing,Door,,0.0,2027-05-02,2027-05-09,,,,,0
1.1.4.3.1.25.13,Putty Primer coat,Tower 5,,Finishing,Tower Finishing,Paint,,0.0,2027-05-10,2027-05-15,,,,,0
1.1.4.3.1.25.14,Painting First Coat,Tower 5,,Finishing,Tower Finishing,Paint,,22234800.0,2027-05-16,2027-05-27,,,,,0
1.1.4.3.1.25.15,False ceiling works,Tower 5,,Finishing,Tower Finishing,False Ceiling,,25932500.0,2027-05-28,2027-06-06,,,,,0
1.1.4.3.1.26,Twenty Five Floors,,,,,,,,2027-02-23,2027-06-17,,,,,
1.1.4.3.1.26.1,Blockwork,Tower 5,,Finishing,Tower Civil Finishes,Blockwork,,32284527.0,2027-02-23,2027-03-04,,,,,0
1.1.4.3.1.26.2,Internal Plumbing Works,Tower 5,,MEP,Tower MEP,Plumbing,,81004239.0,2027-03-05,2027-03-10,,,,,0
1.1.4.3.1.26.3,Waterproofing Works,Tower 5,,Finishing,Tower Civil Finishes,Waterproofing,,29599200.0,2027-03-07,2027-03-16,,,,,0
1.1.4.3.1.26.4,PCC,Tower 5,,Civil Works- RCC,RCC,Concreting,,0.0,2027-03-19,2027-03-26,,,,,0
1.1.4.3.1.26.5,Electrical Wiring works,Tower 5,,MEP,Tower MEP,Electrical,,112363802.0,2027-03-07,2027-03-18,,,,,0
1.1.4.3.1.26.6,Internal Plaster Works,Tower 5,,Finishing,Tower Civil Finishes,Int Plaster,,91613750.0,2027-03-19,2027-03-27,,,,,0
1.1.4.3.1.26.7,Toilet Dado Works,Tower 5,,Finishing,Tower Finishing,Flooring,,44256300.0,2027-03-28,2027-04-05,,,,,0
1.1.4.3.1.26.8,Toilet Flooring Works,Tower 5,,Finishing,Tower Finishing,Flooring,,46697250.0,2027-04-06,2027-04-12,,,,,0
1.1.4.3.1.26.9,Living Dining Flooring,Tower 5,,Finishing,Tower Finishing,Flooring,,228900000.0,2027-04-13,2027-04-27,,,,,0
1.1.4.3.1.26.10,Temporary Door Fixing,Tower 5,,Finishing,Tower Finishing,Door,,0.0,2027-03-05,2027-03-13,,,,,0
1.1.4.3.1.26.11,Aluminium Door Widnow Fixing,Tower 5,,Finishing,Tower Finishing,Door,,124300997.0,2027-04-28,2027-05-12,,,,,0
1.1.4.3.1.26.12,Rehung Door Fixing,Tower 5,,Finishing,Tower Finishing,Door,,0.0,2027-05-13,2027-05-20,,,,,0
1.1.4.3.1.26.13,Putty Primer coat,Tower 5,,Finishing,Tower Finishing,Paint,,0.0,2027-05-21,2027-05-26,,,,,0
1.1.4.3.1.26.14,Painting First Coat,Tower 5,,Finishing,Tower Finishing,Paint,,22234800.0,2027-05-27,2027-06-07,,,,,0
1.1.4.3.1.26.15,False ceiling works,Tower 5,,Finishing,Tower Finishing,False Ceiling,,25932500.0,2027-06-08,2027-06-17,,,,,0
1.1.4.3.1.27,Twenty Six Floor ,,,,,,,,2027-03-06,2027-06-28,,,,,
1.1.4.3.1.27.1,Blockwork,Tower 5,,Finishing,Tower Civil Finishes,Blockwork,,32284527.0,2027-03-06,2027-03-15,,,,,0
1.1.4.3.1.27.2,Internal Plumbing Works,Tower 5,,MEP,Tower MEP,Plumbing,,81004239.0,2027-03-16,2027-03-21,,,,,0
1.1.4.3.1.27.3,Waterproofing Works,Tower 5,,Finishing,Tower Civil Finishes,Waterproofing,,29599200.0,2027-03-18,2027-03-27,,,,,0
1.1.4.3.1.27.4,PCC,Tower 5,,Civil Works- RCC,RCC,Concreting,,0.0,2027-03-30,2027-04-06,,,,,0
1.1.4.3.1.27.5,Electrical Wiring works,Tower 5,,MEP,Tower MEP,Electrical,,112363802.0,2027-03-18,2027-03-29,,,,,0
1.1.4.3.1.27.6,Internal Plaster Works,Tower 5,,Finishing,Tower Civil Finishes,Int Plaster,,91613750.0,2027-03-30,2027-04-07,,,,,0
1.1.4.3.1.27.7,Toilet Dado Works,Tower 5,,Finishing,Tower Finishing,Flooring,,44256300.0,2027-04-08,2027-04-16,,,,,0
1.1.4.3.1.27.8,Toilet Flooring Works,Tower 5,,Finishing,Tower Finishing,Flooring,,46697250.0,2027-04-17,2027-04-23,,,,,0
1.1.4.3.1.27.9,Living Dining Flooring,Tower 5,,Finishing,Tower Finishing,Flooring,,228900000.0,2027-04-24,2027-05-08,,,,,0
1.1.4.3.1.27.10,Temporary Door Fixing,Tower 5,,Finishing,Tower Finishing,Door,,0.0,2027-03-16,2027-03-24,,,,,0
1.1.4.3.1.27.11,Aluminium Door Widnow Fixing,Tower 5,,Finishing,Tower Finishing,Door,,124300997.0,2027-05-09,2027-05-23,,,,,0
1.1.4.3.1.27.12,Rehung Door Fixing,Tower 5,,Finishing,Tower Finishing,Door,,0.0,2027-05-24,2027-05-31,,,,,0
1.1.4.3.1.27.13,Putty Primer coat,Tower 5,,Finishing,Tower Finishing,Paint,,0.0,2027-06-01,2027-06-06,,,,,0
1.1.4.3.1.27.14,Painting First Coat,Tower 5,,Finishing,Tower Finishing,Paint,,22234800.0,2027-06-07,2027-06-18,,,,,0
1.1.4.3.1.27.15,False ceiling works,Tower 5,,Finishing,Tower Finishing,False Ceiling,,25932500.0,2027-06-19,2027-06-28,,,,,0
1.1.4.3.1.28,Twenty Seven Floors,,,,,,,,2027-03-19,2027-07-11,,,,,
1.1.4.3.1.28.1,Blockwork,Tower 5,,Finishing,Tower Civil Finishes,Blockwork,,32284527.0,2027-03-19,2027-03-28,,,,,0
1.1.4.3.1.28.2,Internal Plumbing Works,Tower 5,,MEP,Tower MEP,Plumbing,,81004239.0,2027-03-29,2027-04-03,,,,,0
1.1.4.3.1.28.3,Waterproofing Works,Tower 5,,Finishing,Tower Civil Finishes,Waterproofing,,29599200.0,2027-03-31,2027-04-09,,,,,0
1.1.4.3.1.28.4,PCC,Tower 5,,Civil Works- RCC,RCC,Concreting,,0.0,2027-04-12,2027-04-19,,,,,0
1.1.4.3.1.28.5,Electrical Wiring works,Tower 5,,MEP,Tower MEP,Electrical,,112363802.0,2027-03-31,2027-04-11,,,,,0
1.1.4.3.1.28.6,Internal Plaster Works,Tower 5,,Finishing,Tower Civil Finishes,Int Plaster,,91613750.0,2027-04-12,2027-04-20,,,,,0
1.1.4.3.1.28.7,Toilet Dado Works,Tower 5,,Finishing,Tower Finishing,Flooring,,44256300.0,2027-04-21,2027-04-29,,,,,0
1.1.4.3.1.28.8,Toilet Flooring Works,Tower 5,,Finishing,Tower Finishing,Flooring,,46697250.0,2027-04-30,2027-05-06,,,,,0
1.1.4.3.1.28.9,Living Dining Flooring,Tower 5,,Finishing,Tower Finishing,Flooring,,228900000.0,2027-05-07,2027-05-21,,,,,0
1.1.4.3.1.28.10,Temporary Door Fixing,Tower 5,,Finishing,Tower Finishing,Door,,0.0,2027-03-29,2027-04-06,,,,,0
1.1.4.3.1.28.11,Aluminium Door Widnow Fixing,Tower 5,,Finishing,Tower Finishing,Door,,124300997.0,2027-05-22,2027-06-05,,,,,0
1.1.4.3.1.28.12,Rehung Door Fixing,Tower 5,,Finishing,Tower Finishing,Door,,0.0,2027-06-06,2027-06-13,,,,,0
1.1.4.3.1.28.13,Putty Primer coat,Tower 5,,Finishing,Tower Finishing,Paint,,0.0,2027-06-14,2027-06-19,,,,,0
1.1.4.3.1.28.14,Painting First Coat,Tower 5,,Finishing,Tower Finishing,Paint,,22234800.0,2027-06-20,2027-07-01,,,,,0
1.1.4.3.1.28.15,False ceiling works,Tower 5,,Finishing,Tower Finishing,False Ceiling,,25932500.0,2027-07-02,2027-07-11,,,,,0
1.1.4.3.1.29,Twenty Eight Floor ,,,,,,,,2027-04-04,2027-07-27,,,,,
1.1.4.3.1.29.1,Blockwork,Tower 5,,Finishing,Tower Civil Finishes,Blockwork,,32284527.0,2027-04-04,2027-04-13,,,,,0
1.1.4.3.1.29.2,Internal Plumbing Works,Tower 5,,MEP,Tower MEP,Plumbing,,81004239.0,2027-04-14,2027-04-19,,,,,0
1.1.4.3.1.29.3,Waterproofing Works,Tower 5,,Finishing,Tower Civil Finishes,Waterproofing,,29599200.0,2027-04-16,2027-04-25,,,,,0
1.1.4.3.1.29.4,PCC,Tower 5,,Civil Works- RCC,RCC,Concreting,,0.0,2027-04-28,2027-05-05,,,,,0
1.1.4.3.1.29.5,Electrical Wiring works,Tower 5,,MEP,Tower MEP,Electrical,,112363802.0,2027-04-16,2027-04-27,,,,,0
1.1.4.3.1.29.6,Internal Plaster Works,Tower 5,,Finishing,Tower Civil Finishes,Int Plaster,,91613750.0,2027-04-28,2027-05-06,,,,,0
1.1.4.3.1.29.7,Toilet Dado Works,Tower 5,,Finishing,Tower Finishing,Flooring,,44256300.0,2027-05-07,2027-05-15,,,,,0
1.1.4.3.1.29.8,Toilet Flooring Works,Tower 5,,Finishing,Tower Finishing,Flooring,,46697250.0,2027-05-16,2027-05-22,,,,,0
1.1.4.3.1.29.9,Living Dining Flooring,Tower 5,,Finishing,Tower Finishing,Flooring,,228900000.0,2027-05-23,2027-06-06,,,,,0
1.1.4.3.1.29.10,Temporary Door Fixing,Tower 5,,Finishing,Tower Finishing,Door,,0.0,2027-04-14,2027-04-22,,,,,0
1.1.4.3.1.29.11,Aluminium Door Widnow Fixing,Tower 5,,Finishing,Tower Finishing,Door,,124300997.0,2027-06-07,2027-06-21,,,,,0
1.1.4.3.1.29.12,Rehung Door Fixing,Tower 5,,Finishing,Tower Finishing,Door,,0.0,2027-06-22,2027-06-29,,,,,0
1.1.4.3.1.29.13,Putty Primer coat,Tower 5,,Finishing,Tower Finishing,Paint,,0.0,2027-06-30,2027-07-05,,,,,0
1.1.4.3.1.29.14,Painting First Coat,Tower 5,,Finishing,Tower Finishing,Paint,,22234800.0,2027-07-06,2027-07-17,,,,,0
1.1.4.3.1.29.15,False ceiling works,Tower 5,,Finishing,Tower Finishing,False Ceiling,,25932500.0,2027-07-18,2027-07-27,,,,,0
1.1.4.3.1.30,Twenty Nine Floors,,,,,,,,2027-04-08,2027-08-06,,,,,
1.1.4.3.1.30.1,Blockwork,Tower 5,,Finishing,Tower Civil Finishes,Blockwork,,32284527.0,2027-04-08,2027-04-22,,,,,0
1.1.4.3.1.30.2,Internal Plumbing Works,Tower 5,,MEP,Tower MEP,Plumbing,,81004239.0,2027-04-23,2027-04-28,,,,,0
1.1.4.3.1.30.3,Waterproofing Works,Tower 5,,Finishing,Tower Civil Finishes,Waterproofing,,29599200.0,2027-04-25,2027-05-04,,,,,0
1.1.4.3.1.30.4,PCC,Tower 5,,Civil Works- RCC,RCC,Concreting,,0.0,2027-05-07,2027-05-14,,,,,0
1.1.4.3.1.30.5,Electrical Wiring works,Tower 5,,MEP,Tower MEP,Electrical,,112363802.0,2027-04-25,2027-05-06,,,,,0
1.1.4.3.1.30.6,Internal Plaster Works,Tower 5,,Finishing,Tower Civil Finishes,Int Plaster,,91613750.0,2027-05-07,2027-05-15,,,,,0
1.1.4.3.1.30.7,Toilet Dado Works,Tower 5,,Finishing,Tower Finishing,Flooring,,44256300.0,2027-05-16,2027-05-24,,,,,0
1.1.4.3.1.30.8,Toilet Flooring Works,Tower 5,,Finishing,Tower Finishing,Flooring,,46697250.0,2027-05-25,2027-05-31,,,,,0
1.1.4.3.1.30.9,Living Dining Flooring,Tower 5,,Finishing,Tower Finishing,Flooring,,228900000.0,2027-06-01,2027-06-15,,,,,0
1.1.4.3.1.30.10,Temporary Door Fixing,Tower 5,,Finishing,Tower Finishing,Door,,0.0,2027-04-23,2027-05-01,,,,,0
1.1.4.3.1.30.11,Aluminium Door Widnow Fixing,Tower 5,,Finishing,Tower Finishing,Door,,124301097.0,2027-06-16,2027-06-30,,,,,0
1.1.4.3.1.30.12,Rehung Door Fixing,Tower 5,,Finishing,Tower Finishing,Door,,0.0,2027-07-01,2027-07-08,,,,,0
1.1.4.3.1.30.13,Putty Primer coat,Tower 5,,Finishing,Tower Finishing,Paint,,0.0,2027-07-09,2027-07-14,,,,,0
1.1.4.3.1.30.14,Painting First Coat,Tower 5,,Finishing,Tower Finishing,Paint,,22234800.0,2027-07-15,2027-07-26,,,,,0
1.1.4.3.1.30.15,False ceiling works,Tower 5,,Finishing,Tower Finishing,False Ceiling,,25932500.0,2027-07-28,2027-08-06,,,,,0
1.1.4.3.1.31,Thirty Floor ,,,,,,,,2027-04-12,2027-08-16,,,,,
1.1.4.3.1.31.1,Blockwork,Tower 5,,Finishing,Tower Civil Finishes,Blockwork,,32284527.0,2027-04-12,2027-04-26,,,,,0
1.1.4.3.1.31.2,Internal Plumbing Works,Tower 5,,MEP,Tower MEP,Plumbing,,81004239.0,2027-04-27,2027-05-02,,,,,0
1.1.4.3.1.31.3,Waterproofing Works,Tower 5,,Finishing,Tower Civil Finishes,Waterproofing,,29599200.0,2027-04-29,2027-05-08,,,,,0
1.1.4.3.1.31.4,PCC,Tower 5,,Civil Works- RCC,RCC,Concreting,,0.0,2027-05-11,2027-05-18,,,,,0
1.1.4.3.1.31.5,Electrical Wiring works,Tower 5,,MEP,Tower MEP,Electrical,,112363802.0,2027-04-29,2027-05-10,,,,,0
1.1.4.3.1.31.6,Internal Plaster Works,Tower 5,,Finishing,Tower Civil Finishes,Int Plaster,,91613750.0,2027-05-11,2027-05-19,,,,,0
1.1.4.3.1.31.7,Toilet Dado Works,Tower 5,,Finishing,Tower Finishing,Flooring,,44256300.0,2027-05-20,2027-05-28,,,,,0
1.1.4.3.1.31.8,Toilet Flooring Works,Tower 5,,Finishing,Tower Finishing,Flooring,,46697250.0,2027-05-29,2027-06-04,,,,,0
1.1.4.3.1.31.9,Living Dining Flooring,Tower 5,,Finishing,Tower Finishing,Flooring,,228900000.0,2027-06-05,2027-06-19,,,,,0
1.1.4.3.1.31.10,Temporary Door Fixing,Tower 5,,Finishing,Tower Finishing,Door,,0.0,2027-04-27,2027-05-05,,,,,0
1.1.4.3.1.31.11,Aluminium Door Widnow Fixing,Tower 5,,Finishing,Tower Finishing,Door,,124301097.0,2027-06-20,2027-07-04,,,,,0
1.1.4.3.1.31.12,Rehung Door Fixing,Tower 5,,Finishing,Tower Finishing,Door,,0.0,2027-07-05,2027-07-12,,,,,0
1.1.4.3.1.31.13,Putty Primer coat,Tower 5,,Finishing,Tower Finishing,Paint,,0.0,2027-07-13,2027-07-18,,,,,0
1.1.4.3.1.31.14,Painting First Coat,Tower 5,,Finishing,Tower Finishing,Paint,,22234800.0,2027-07-19,2027-07-30,,,,,0
1.1.4.3.1.31.15,False ceiling works,Tower 5,,Finishing,Tower Finishing,False Ceiling,,25932500.0,2027-08-07,2027-08-16,,,,,0
1.1.4.3.1.32,Thirty one Floor ,,,,,,,,2027-04-27,2027-08-26,,,,,
1.1.4.3.1.32.1,Blockwork,Tower 5,,Finishing,Tower Civil Finishes,Blockwork,,32284527.0,2027-04-27,2027-05-11,,,,,0
1.1.4.3.1.32.2,Internal Plumbing Works,Tower 5,,MEP,Tower MEP,Plumbing,,81004239.0,2027-05-12,2027-05-17,,,,,0
1.1.4.3.1.32.3,Waterproofing Works,Tower 5,,Finishing,Tower Civil Finishes,Waterproofing,,29599200.0,2027-05-14,2027-05-23,,,,,0
1.1.4.3.1.32.4,PCC,Tower 5,,Civil Works- RCC,RCC,Concreting,,0.0,2027-05-26,2027-06-02,,,,,0
1.1.4.3.1.32.5,Electrical Wiring works,Tower 5,,MEP,Tower MEP,Electrical,,112363802.0,2027-05-14,2027-05-25,,,,,0
1.1.4.3.1.32.6,Internal Plaster Works,Tower 5,,Finishing,Tower Civil Finishes,Int Plaster,,91613750.0,2027-05-26,2027-06-03,,,,,0
1.1.4.3.1.32.7,Toilet Dado Works,Tower 5,,Finishing,Tower Finishing,Flooring,,44256300.0,2027-06-04,2027-06-12,,,,,0
1.1.4.3.1.32.8,Toilet Flooring Works,Tower 5,,Finishing,Tower Finishing,Flooring,,46697250.0,2027-06-13,2027-06-19,,,,,0
1.1.4.3.1.32.9,Living Dining Flooring,Tower 5,,Finishing,Tower Finishing,Flooring,,228900000.0,2027-06-20,2027-07-04,,,,,0
1.1.4.3.1.32.10,Temporary Door Fixing,Tower 5,,Finishing,Tower Finishing,Door,,0.0,2027-05-12,2027-05-20,,,,,0
1.1.4.3.1.32.11,Aluminium Door Widnow Fixing,Tower 5,,Finishing,Tower Finishing,Door,,124300997.0,2027-07-05,2027-07-19,,,,,0
1.1.4.3.1.32.12,Rehung Door Fixing,Tower 5,,Finishing,Tower Finishing,Door,,0.0,2027-07-20,2027-07-27,,,,,0
1.1.4.3.1.32.13,Putty Primer coat,Tower 5,,Finishing,Tower Finishing,Paint,,0.0,2027-07-28,2027-08-02,,,,,0
1.1.4.3.1.32.14,Painting First Coat,Tower 5,,Finishing,Tower Finishing,Paint,,22234800.0,2027-08-03,2027-08-14,,,,,0
1.1.4.3.1.32.15,False ceiling works,Tower 5,,Finishing,Tower Finishing,False Ceiling,,25932500.0,2027-08-17,2027-08-26,,,,,0
1.1.4.3.1.33,Thirty two Floor ,,,,,,,,2027-05-12,2027-10-07,,,,,
1.1.4.3.1.33.1,Blockwork,Tower 5,,Finishing,Tower Civil Finishes,Blockwork,,32284527.0,2027-05-12,2027-05-21,,,,,0
1.1.4.3.1.33.2,Internal Plumbing Works,Tower 5,,MEP,Tower MEP,Plumbing,,162008478.748778,2027-05-22,2027-06-05,,,,,0
1.1.4.3.1.33.3,Waterproofing Works,Tower 5,,Finishing,Tower Civil Finishes,Waterproofing,,29599200.0,2027-05-24,2027-06-07,,,,,0
1.1.4.3.1.33.4,PCC,Tower 5,,Civil Works- RCC,RCC,Concreting,,0.0,2027-06-08,2027-06-19,,,,,0
1.1.4.3.1.33.5,Electrical Wiring works,Tower 5,,MEP,Tower MEP,Electrical,,112363802.0,2027-05-24,2027-06-07,,,,,0
1.1.4.3.1.33.6,Internal Plaster Works,Tower 5,,Finishing,Tower Civil Finishes,Int Plaster,,91613750.0,2027-06-08,2027-06-14,,,,,0
1.1.4.3.1.33.7,Toilet Dado Works,Tower 5,,Finishing,Tower Finishing,Flooring,,44256300.0,2027-06-15,2027-07-04,,,,,0
1.1.4.3.1.33.8,Toilet Flooring Works,Tower 5,,Finishing,Tower Finishing,Flooring,,46697250.0,2027-07-05,2027-07-19,,,,,0
1.1.4.3.1.33.9,Living Dining Flooring,Tower 5,,Finishing,Tower Finishing,Flooring,,228900000.0,2027-07-20,2027-08-17,,,,,0
1.1.4.3.1.33.10,Temporary Door Fixing,Tower 5,,Finishing,Tower Finishing,Door,,0.0,2027-05-22,2027-05-30,,,,,0
1.1.4.3.1.33.11,Aluminium Door Widnow Fixing,Tower 5,,Finishing,Tower Finishing,Door,,124300997.0,2027-08-18,2027-09-01,,,,,0
1.1.4.3.1.33.12,Rehung Door Fixing,Tower 5,,Finishing,Tower Finishing,Door,,0.0,2027-09-02,2027-09-09,,,,,0
1.1.4.3.1.33.13,Putty Primer coat,Tower 5,,Finishing,Tower Finishing,Paint,,0.0,2027-09-10,2027-09-15,,,,,0
1.1.4.3.1.33.14,Painting First Coat,Tower 5,,Finishing,Tower Finishing,Paint,,22234800.0,2027-09-16,2027-09-27,,,,,0
1.1.4.3.1.33.15,False ceiling works,Tower 5,,Finishing,Tower Finishing,False Ceiling,,25932500.0,2027-09-28,2027-10-07,,,,,0
1.1.4.3.2,Terrace Finishing,,,,,,,,2027-04-05,2027-06-23,,,,,
1.1.4.3.2.1,Terrace Waterproofing,Tower 5,Terrace,Finishing,Tower Civil Finishes,Waterproofing,,375079900.0,2027-04-05,2027-05-14,,,,,0
1.1.4.3.2.2,Terrace Finishing,Tower 5,Terrace,Finishing,Common area finishes,CA-Flooring,,0.0,2027-05-15,2027-06-23,,,,,0
1.1.4.3.3,Common Area Finishing,,,,,,,,2027-04-05,2028-03-02,,,,,
1.1.4.3.3.1,Blockwork,Tower 5,,Finishing,Common area finishes,CA-Blockwork,,100.0,2027-04-05,2027-05-14,,,,,0
1.1.4.3.3.2,Internal Plaster,Tower 5,,Finishing,Common area finishes,CA-Int Plaster,,100.0,2027-04-25,2027-08-22,,,,,0
1.1.4.3.3.3,Staircase railing fixing,Tower 5,,Finishing,Common area finishes,CA-Railing,,100.0,2027-05-15,2027-10-11,,,,,0
1.1.4.3.3.4,Main Staircase flooring,Tower 5,,Finishing,Common area finishes,CA-Flooring,,100.0,2027-07-24,2028-02-03,,,,,0
1.1.4.3.3.5,Fire Staircase railing,Tower 5,,Finishing,Common area finishes,CA-Railing,,100.0,2027-10-12,2028-03-02,,,,,0
1.1.4.3.3.6,Fire Door Work,Tower 5,,Finishing,Common area finishes,CA-Door,,404352000.0,2027-08-23,2027-10-21,,,,,0
1.1.4.3.3.7,Electrical wiring work,Tower 5,,MEP,Common area-MEP,CA-Electrical,,100.0,2027-04-25,2027-08-22,,,,,0
1.1.4.3.3.8,Lobby Flooring,Tower 5,,Finishing,Common area finishes,CA-Flooring,,100.0,2027-05-25,2027-10-21,,,,,0
1.1.4.3.3.9,Ceiling & wall putty-primer,Tower 5,,Finishing,Common area finishes,CA-Paint,,100.0,2027-05-25,2027-09-11,,,,,0
1.1.4.3.3.10,Ceiling and wall painting,Tower 5,,Finishing,Common area finishes,CA-Paint,,100.0,2027-06-04,2027-09-11,,,,,0
1.1.4.3.3.11,Light fixture supply & installation,Tower 5,,MEP,Common area-MEP,CA-Electrical,,100.0,2027-08-03,2027-09-16,,,,,0
1.1.4.3.4,Glass Railing Fixing,,,,,,,,2027-09-21,2028-01-05,,,,,
1.1.4.3.4.1,2nd Floor,Tower 5,2nd Floor,Finishing,Tower Civil Finishes,Railing,,100.0,2027-09-21,2027-09-22,,,,,0
1.1.4.3.4.2,3rd Floor,Tower 5,3rd Floor,Finishing,Tower Civil Finishes,Railing,,100.0,2027-09-23,2027-09-24,,,,,0
1.1.4.3.4.3,4th Floor,Tower 5,4th Floor,Finishing,Tower Civil Finishes,Railing,,100.0,2027-09-25,2027-09-26,,,,,0
1.1.4.3.4.4,5th Floor,Tower 5,5th Floor,Finishing,Tower Civil Finishes,Railing,,100.0,2027-09-27,2027-09-28,,,,,0
1.1.4.3.4.5,6th Floor,Tower 5,6th Floor,Finishing,Tower Civil Finishes,Railing,,100.0,2027-09-29,2027-09-30,,,,,0
1.1.4.3.4.6,7th Floor,Tower 5,7th Floor,Finishing,Tower Civil Finishes,Railing,,100.0,2027-10-01,2027-10-02,,,,,0
1.1.4.3.4.7,8th Floor,Tower 5,8th Floor,Finishing,Tower Civil Finishes,Railing,,100.0,2027-10-03,2027-10-04,,,,,0
1.1.4.3.4.8,9th Floor,Tower 5,9th Floor,Finishing,Tower Civil Finishes,Railing,,100.0,2027-10-05,2027-10-06,,,,,0
1.1.4.3.4.9,10th Floor,Tower 5,10th Floor,Finishing,Tower Civil Finishes,Railing,,100.0,2027-10-07,2027-10-08,,,,,0
1.1.4.3.4.10,11th Floor,Tower 5,11th Floor,Finishing,Tower Civil Finishes,Railing,,100.0,2027-10-09,2027-10-10,,,,,0
1.1.4.3.4.11,12th Floor,Tower 5,12th Floor,Finishing,Tower Civil Finishes,Railing,,100.0,2027-10-11,2027-10-12,,,,,0
1.1.4.3.4.12,13th Floor,Tower 5,13th Floor,Finishing,Tower Civil Finishes,Railing,,100.0,2027-10-13,2027-10-14,,,,,0
1.1.4.3.4.13,14th Floor,Tower 5,14th Floor,Finishing,Tower Civil Finishes,Railing,,100.0,2027-10-15,2027-10-16,,,,,0
1.1.4.3.4.14,15th Floor,Tower 5,15th Floor,Finishing,Tower Civil Finishes,Railing,,100.0,2027-10-17,2027-10-18,,,,,0
1.1.4.3.4.15,16th Floor,Tower 5,16th Floor,Finishing,Tower Civil Finishes,Railing,,100.0,2027-10-19,2027-10-20,,,,,0
1.1.4.3.4.16,17th Floor,Tower 5,17th Floor,Finishing,Tower Civil Finishes,Railing,,100.0,2027-10-21,2027-10-22,,,,,0
1.1.4.3.4.17,18th Floor,Tower 5,18th Floor,Finishing,Tower Civil Finishes,Railing,,100.0,2027-10-23,2027-10-24,,,,,0
1.1.4.3.4.18,19th Floor,Tower 5,19th Floor,Finishing,Tower Civil Finishes,Railing,,100.0,2027-10-25,2027-10-26,,,,,0
1.1.4.3.4.19,20th Floor,Tower 5,20th Floor,Finishing,Tower Civil Finishes,Railing,,100.0,2027-10-27,2027-10-28,,,,,0
1.1.4.3.4.20,21st Floor,Tower 5,21st Floor,Finishing,Tower Civil Finishes,Railing,,100.0,2027-10-29,2027-10-30,,,,,0
1.1.4.3.4.21,22nd Floor,Tower 5,22nd Floor,Finishing,Tower Civil Finishes,Railing,,100.0,2027-10-31,2027-12-16,,,,,0
1.1.4.3.4.22,23rd Floor,Tower 5,23rd Floor,Finishing,Tower Civil Finishes,Railing,,100.0,2027-12-17,2027-12-18,,,,,0
1.1.4.3.4.23,24th Floor,Tower 5,24th Floor,Finishing,Tower Civil Finishes,Railing,,100.0,2027-12-19,2027-12-20,,,,,0
1.1.4.3.4.24,25th Floor,Tower 5,25th Floor,Finishing,Tower Civil Finishes,Railing,,100.0,2027-12-21,2027-12-22,,,,,0
1.1.4.3.4.25,26th Floor,Tower 5,26th Floor,Finishing,Tower Civil Finishes,Railing,,100.0,2027-12-23,2027-12-24,,,,,0
1.1.4.3.4.26,27th Floor,Tower 5,27th Floor,Finishing,Tower Civil Finishes,Railing,,100.0,2027-12-25,2027-12-26,,,,,0
1.1.4.3.4.27,28th Floor,Tower 5,28th Floor,Finishing,Tower Civil Finishes,Railing,,100.0,2027-12-27,2027-12-28,,,,,0
1.1.4.3.4.28,29th Floor,Tower 5,29th Floor,Finishing,Tower Civil Finishes,Railing,,100.0,2027-12-29,2027-12-30,,,,,0
1.1.4.3.4.29,30th Floor,Tower 5,30th Floor,Finishing,Tower Civil Finishes,Railing,,100.0,2027-12-31,2028-01-01,,,,,0
1.1.4.3.4.30,31st Floor,Tower 5,31st Floor,Finishing,Tower Civil Finishes,Railing,,100.0,2028-01-02,2028-01-03,,,,,0
1.1.4.3.4.31,32nd Floor,Tower 5,32nd Floor,Finishing,Tower Civil Finishes,Railing,,100.0,2028-01-04,2028-01-05,,,,,0
1.1.4.4,MEP,,,,,,,,2027-04-05,2028-07-12,,,,,
1.1.4.4.1,Electrical Works,,,,,,,,2027-04-05,2028-02-08,,,,,
1.1.4.4.1.1,Cable Tray,Tower 5,,MEP,Tower MEP,Electrical,,239843850.0,2027-04-05,2027-07-03,,,,,0
1.1.4.4.1.2,"Cable, main & sub main",Tower 5,,MEP,Tower MEP,Electrical,,1084245083.33333,2027-05-20,2027-08-07,,,,,0
1.1.4.4.1.3,LT panel & DB,Tower 5,,MEP,Tower MEP,Electrical,,1007439483.33333,2027-07-04,2027-10-31,,,,,0
1.1.4.4.1.4,Rising main,Tower 5,,MEP,Tower MEP,Plumbing,,178200000.0,2027-06-04,2027-09-01,,,,,0
1.1.4.4.1.5,EARTHING Works,Tower 5,,MEP,Tower MEP,Electrical,,179018733.333333,2027-04-20,2027-06-18,,,,,0
1.1.4.4.1.6,Advance lightening protection,Tower 5,,MEP,Tower MEP,Electrical,,100.0,2027-06-24,2027-08-22,,,,,0
1.1.4.4.1.7,Inverter,Tower 5,,MEP,Tower MEP,Electrical,,100.0,2027-10-07,2027-12-25,,,,,0
1.1.4.4.1.8,Energy meter,Tower 5,,MEP,Tower MEP,Electrical,,84000000.0,2027-08-08,2027-10-06,,,,,0
1.1.4.4.1.9,Exhast fan,Tower 5,,MEP,Tower MEP,Electrical,,80700000.0,2027-07-09,2027-09-06,,,,,0
1.1.4.4.1.10,FTTH,Tower 5,,MEP,Tower MEP,Electrical,,54000000.0,2027-06-09,2027-08-07,,,,,0
1.1.4.4.1.11,Security System - FA & PA,Tower 5,,MEP,Tower MEP,Electrical,,503715200.0,2027-12-16,2028-02-08,,,,,0
1.1.4.4.1.12,Solar water heater,Tower 5,,MEP,Tower MEP,Plumbing,,100.0,2027-06-24,2027-08-22,,,,,0
1.1.4.4.2,Plumbing Works,,,,,,,,2027-05-15,2027-10-26,,,,,
1.1.4.4.2.1,Terrace looping,Tower 5,Terrace,MEP,Tower MEP,Plumbing,,100.0,2027-05-15,2027-06-28,,,,,0
1.1.4.4.2.2,Shaft Plumbing,Tower 5,,MEP,Tower MEP,Plumbing,,100.0,2027-06-29,2027-10-26,,,,,0
1.1.4.4.2.3,CP sanitary fixture supply,Tower 5,,MEP,Tower MEP,CP Sanitary,,850550000.0,2027-06-15,2027-08-28,,,,,0
1.1.4.4.2.4,Cold & flushing water supply,Tower 5,,MEP,Tower MEP,Plumbing,,100.0,2027-06-15,2027-09-12,,,,,0
1.1.4.4.2.5,Misc work,Tower 5,,Finishing,Miscellaneous,Misc,,100.0,2027-09-03,2027-10-02,,,,,0
1.1.4.4.3,Fire Fighting Works,,,,,,,,2027-06-14,2028-03-02,,,,,
1.1.4.4.3.1,Fire hydrant work,Tower 5,,MEP,Tower MEP,Plumbing,,555719000.0,2027-06-24,2027-09-21,,,,,0
1.1.4.4.3.2,Sprinkler & piping work,Tower 5,,MEP,Tower MEP,Plumbing,,923155250.0,2027-10-22,2028-03-02,,,,,0
1.1.4.4.3.3,Shaft Downtake works,Tower 5,,MEP,Tower MEP,Plumbing,,100.0,2027-06-14,2027-09-11,,,,,0
1.1.4.4.3.4,Connection to pump room,Tower 5,,MEP,Tower MEP,Plumbing,,100.0,2027-09-12,2027-10-11,,,,,0
1.1.4.4.4,Lift Works,,,,,,,,2027-04-05,2027-09-21,,,,,
1.1.4.4.4.1,Lift Shaft Handover,Tower 5,,MEP,Common area-MEP,Lift,,100.0,2027-04-05,2027-05-14,,,,,0
1.1.4.4.4.2,Lift installation work,Tower 5,,MEP,Common area-MEP,Lift,,1428000000.0,2027-05-15,2027-06-28,,,,,0
1.1.4.4.4.3,Lift testing and commissioning,Tower 5,,MEP,Common area-MEP,Lift,,100.0,2027-06-29,2027-09-21,,,,,0
1.1.4.4.5,AC Works,,,,,,,,2028-04-04,2028-07-12,,,,,
1.1.4.4.5.1,Split AC,Tower 5,,MEP,Tower MEP,Electrical,,4794428727.8316,2028-04-04,2028-07-12,,,,,0
1.1.4.5,Tower Completion,,,,,,,,2027-02-23,2028-01-03,,,,,
1.1.4.5.1,SURFACE PREPARATION,Tower 5,,Finishing,Tower Finishing,Paint,,100.0,2027-02-23,2027-05-13,,,,,0
1.1.4.5.2,External Painting,Tower 5,,Finishing,Tower Finishing,Ext Paint,,793387500.0,2027-05-14,2027-08-21,,,,,0
1.1.4.5.3,Final coat of painting,Tower 5,,Finishing,Tower Finishing,Paint,,100.0,2027-08-22,2027-09-20,,,,,0
1.1.4.5.4,Misc. work,Tower 5,,Finishing,Miscellaneous,Misc,,2054043500.0,2027-09-21,2028-01-03,,,,,0
1.1.4.6,Basement Lobby,,,,,,,,2027-10-22,2028-02-03,,,,,
1.1.4.6.1,Basement Lobby,Tower 5,Basement,Finishing,Common area finishes,CA-Flooring,,600000000.0,2027-10-22,2028-02-03,,,,,0
1.1.4.7,Post OC Activities,,,,,,,,2027-06-08,2029-02-01,,,,,
1.1.4.7.1,Wardrobe installation,Tower 5,,,,NTA Finishing,,100.0,2028-04-04,2028-09-30,,,,,0
1.1.4.7.2,CP & SANITARYWARE,Tower 5,,MEP,Tower MEP,CP Sanitary,,230802300.0,2027-08-29,2028-02-09,,,,,0
1.1.4.7.3,Wooden Flooring,Tower 5,,Finishing,Tower Finishing,Flooring,,100.0,2028-04-04,2028-09-30,,,,,0
1.1.4.7.4,Electrical Fixtures And Fittings,Tower 5,,MEP,Tower MEP,Electrical,,150196680.0,2027-06-08,2027-10-05,,,,,0
1.1.4.7.5,Modular Kitchen,Tower 5,,,,NTA Finishing,,100.0,2028-04-04,2028-09-30,,,,,0
1.1.4.7.6,Final Coat Paint,Tower 5,,Finishing,Tower Finishing,Paint,,100.0,2027-09-17,2028-01-29,,,,,0
1.1.4.7.7,OC Application/Readiness,Tower 5,,Finishing,Miscellaneous,Misc,,100.0,2028-03-03,2028-03-03,,,,,0
1.1.4.7.8,OC Receipt,Tower 5,,Finishing,Miscellaneous,Misc,,100.0,2028-05-03,2028-05-03,,,,,0
1.1.4.7.9,Offer To Possession,Tower 5,,Finishing,Miscellaneous,Misc,,100.0,2029-01-03,2029-02-01,,,,,0
1.1.5,Tower 4 ,,,,,,,,2024-09-19,2029-01-31,,,,,
1.1.5.1,Substructure Works,,,,,,,,2024-09-19,2026-03-23,,,,,
1.1.5.1.1,RCC Works,,,,,,,,2024-09-19,2025-06-12,,,,,
1.1.5.1.1.1,Raft,,,,,,,,2024-09-19,2024-10-16,,,,,
1.1.5.1.1.1.1,Surface Dressing,Tower 4,,Civil Works- RCC,NTA RCC,NTA RCC,,100.0,2024-09-22,2024-09-23,2024-09-22,2024-09-23,,,100
1.1.5.1.1.1.2,Anti Termite Treatment,Tower 4,,Finishing,Tower Civil Finishes,Waterproofing,,100.0,2024-09-19,2024-09-23,2024-09-19,2024-09-23,,,100
1.1.5.1.1.1.3,PCC,Tower 4,,Civil Works- RCC,RCC,Concreting,,105906294.0,2024-09-23,2024-09-25,2024-09-23,2024-09-25,,,100
1.1.5.1.1.1.4,Reinforcement Laying,Tower 4,,Civil Works- RCC,RCC,Reinforcement,,3175925520.0,2024-09-25,2024-10-08,2024-09-25,2024-10-08,,,100
1.1.5.1.1.1.5,Outer Shuttering of Raft Area,Tower 4,,Civil Works- RCC,RCC,Shuttering- Conventional,,42848887.0,2024-10-01,2024-10-08,2024-10-01,2024-10-08,,,100
1.1.5.1.1.1.6,Raft Concreting,Tower 4,,Civil Works- RCC,RCC,Concreting,,2546334502.0,2024-10-13,2024-10-16,2024-10-13,2024-10-16,,,100
1.1.5.1.1.2,Dummy Basement,,,,,,,,2024-09-24,2025-02-12,,,,,
1.1.5.1.1.2.1,Column and Shear Wall Reinforcement,Tower 4,Basement,Civil Works- RCC,RCC,Reinforcement,,410956800.0,2024-10-26,2024-10-31,2024-10-26,2024-10-31,,,100
1.1.5.1.1.2.2,Column and Shear Wall Formwork,Tower 4,Basement,Civil Works- RCC,RCC,Shuttering- Conventional,,97653200.0,2024-09-24,2024-12-30,2024-09-24,2024-12-30,,,100
1.1.5.1.1.2.3,Column and Shear Wall Casting,Tower 4,Basement,Civil Works- RCC,RCC,Concreting,,285120168.0,2024-10-29,2025-01-30,2024-10-29,2025-01-30,,,100
1.1.5.1.1.2.4,Slab Formwork,Tower 4,Basement,Civil Works- RCC,RCC,Shuttering- Conventional,,170690500.0,2024-10-30,2025-01-25,2024-10-30,2025-01-25,,,100
1.1.5.1.1.2.5,Slab Reinforcement,Tower 4,Basement,Civil Works- RCC,RCC,Reinforcement,,171232000.0,2024-12-31,2025-02-07,2024-12-31,2025-02-07,,,100
1.1.5.1.1.2.6,Slab Casting,Tower 4,Basement,Civil Works- RCC,RCC,Concreting,,173955864.0,2025-01-01,2025-02-12,2025-01-01,2025-02-12,,,100
1.1.5.1.1.3,B2 Roof,,,,,,,,2025-02-03,2025-05-09,,,,,
1.1.5.1.1.3.1,Column and Shear Wall Reinforcement,Tower 4,Basement 2,Civil Works- RCC,RCC,Reinforcement,,667804800.0,2025-02-03,2025-04-29,2025-02-03,2025-04-29,,,100
1.1.5.1.1.3.2,Column and Shear Wall Formwork,Tower 4,Basement 2,Civil Works- RCC,RCC,Shuttering- Conventional,,160459200.0,2025-02-15,2025-04-29,2025-02-15,2025-04-29,,,100
1.1.5.1.1.3.3,Column and Shear Wall Casting,Tower 4,Basement 2,Civil Works- RCC,RCC,Concreting,,285120168.0,2025-02-25,2025-04-29,2025-02-25,2025-04-29,,,100
1.1.5.1.1.3.4,Slab Formwork,Tower 4,Basement 2,Civil Works- RCC,RCC,Shuttering- Conventional,,280398400.0,2025-03-25,2025-05-04,2025-03-25,2025-05-04,,,100
1.1.5.1.1.3.5,Slab Reinforcement,Tower 4,Basement 2,Civil Works- RCC,RCC,Reinforcement,,291094400.0,2025-04-04,2025-05-07,2025-04-04,2025-05-07,,,100
1.1.5.1.1.3.6,Slab Casting,Tower 4,Basement 2,Civil Works- RCC,RCC,Concreting,,235773027.0,2025-04-07,2025-05-09,2025-04-07,2025-05-09,,,100
1.1.5.1.1.4,B1 Roof,,,,,,,,2025-05-03,2025-06-12,,,,,
1.1.5.1.1.4.1,Column and Shear Wall Reinforcement,Tower 4,Basement 1,Civil Works- RCC,RCC,Reinforcement,,667804800.0,2025-05-03,2025-06-10,2025-05-03,2025-06-10,,,100
1.1.5.1.1.4.2,Column and Shear Wall Formwork,Tower 4,Basement 1,Civil Works- RCC,RCC,Shuttering- Conventional,,160459200.0,2025-05-12,2025-06-10,2025-05-12,2025-06-10,,,100
1.1.5.1.1.4.3,Column and Shear Wall Casting,Tower 4,Basement 1,Civil Works- RCC,RCC,Concreting,,518363200.0,2025-05-16,2025-06-10,2025-05-16,2025-06-10,,,100
1.1.5.1.1.4.4,Slab Formwork,Tower 4,Basement 1,Civil Works- RCC,RCC,Shuttering- Conventional,,280398400.0,2025-05-24,2025-06-12,2025-05-24,2025-06-12,,,100
1.1.5.1.1.4.5,Slab Reinforcement,Tower 4,Basement 1,Civil Works- RCC,RCC,Reinforcement,,291094400.0,2025-05-26,2025-06-12,2025-05-26,2025-06-12,,,100
1.1.5.1.1.4.6,Slab Casting,Tower 4,Basement 1,Civil Works- RCC,RCC,Concreting,,269224345.0,2025-05-26,2025-06-12,2025-05-26,2025-06-12,,,100
1.1.5.1.2,Substructure Finishing Works,,,,,,,,2025-12-16,2026-03-23,,,,,
1.1.5.1.2.1,Basement - 2,,,,,,,,2025-12-16,2026-02-26,,,,,
1.1.5.1.2.1.1,Masonary Works,Tower 4,Basement 2,Finishing,Common area finishes,CA-Blockwork,,31508700.0,2025-12-16,2026-01-14,,,,,0
1.1.5.1.2.1.2,Plaster Works,Tower 4,Basement 2,Finishing,Common area finishes,CA-Int Plaster,,91800000.0,2025-12-31,2026-01-19,,,,,0
1.1.5.1.2.1.3,White Wash,Tower 4,Basement 2,Finishing,Common area finishes,CA-Paint,,0.0,2026-01-15,2026-02-01,,,,,0
1.1.5.1.2.1.4,VDF,Tower 4,Basement 2,Finishing,Common area finishes,CA-Flooring,,105832554.4,2026-02-02,2026-02-26,,,,,0
1.1.5.1.2.2,Basement - 1,,,,,,,,2025-12-16,2026-03-23,,,,,
1.1.5.1.2.2.1,Masonary Works,Tower 4,Basement 1,Finishing,Common area finishes,CA-Blockwork,,31508700.0,2025-12-16,2026-01-14,,,,,0
1.1.5.1.2.2.2,Plaster Works,Tower 4,Basement 1,Finishing,Common area finishes,CA-Int Plaster,,91800000.0,2025-12-31,2026-01-19,,,,,0
1.1.5.1.2.2.3,White Wash,Tower 4,Basement 1,Finishing,Common area finishes,CA-Paint,,0.0,2026-02-02,2026-02-19,,,,,0
1.1.5.1.2.2.4,VDF,Tower 4,Basement 1,Finishing,Common area finishes,CA-Flooring,,105832554.4,2026-02-27,2026-03-23,,,,,0
1.1.5.2,Superstructure Works,,,,,,,,2025-06-23,2027-04-11,,,,,
1.1.5.2.1,RCC Works,,,,,,,,2025-06-23,2027-04-03,,,,,
1.1.5.2.1.1,Podium Roof,,,,,,,,2025-06-23,2025-12-23,,,,,
1.1.5.2.1.1.1,Column and Shear Wall Reinforcement,Tower 4,,Civil Works- RCC,RCC,Reinforcement,,350319888.0,2025-06-23,2025-12-16,2025-06-23,,,,90
1.1.5.2.1.1.2,Column and Shear Wall Formwork,Tower 4,,Civil Works- RCC,RCC,Shuttering- Conventional,,267026800.0,2025-06-24,2025-12-18,2025-06-24,,,,80
1.1.5.2.1.1.3,Column and Shear Wall Casting,Tower 4,,Civil Works- RCC,RCC,Concreting,,661219200.0,2025-06-26,2025-12-19,2025-06-26,,,,83
1.1.5.2.1.1.4,Slab Formwork,Tower 4,,Civil Works- RCC,RCC,Shuttering- Conventional,,207123900.0,2025-08-13,2025-12-18,2025-08-13,,,,76
1.1.5.2.1.1.5,Slab Reinforcement,Tower 4,,Civil Works- RCC,RCC,Reinforcement,,227087892.0,2025-09-08,2025-12-20,2025-09-08,,,,61
1.1.5.2.1.1.6,Slab Casting,Tower 4,,Civil Works- RCC,RCC,Concreting,,109640800.0,2025-09-13,2025-12-23,2025-09-13,,,,64
1.1.5.2.1.2,First Floor Roof,,,,,,,,2025-09-24,2026-01-27,,,,,
1.1.5.2.1.2.1,Column and Shear Wall Reinforcement,Tower 4,1st Floor,Civil Works- RCC,RCC,Reinforcement,,350319888.0,2025-09-24,2025-12-25,2025-09-24,,,,83
1.1.5.2.1.2.2,Column and Shear Wall Formwork,Tower 4,1st Floor,Civil Works- RCC,RCC,Shuttering- Conventional,,267026800.0,2025-12-16,2025-12-30,,,,,0
1.1.5.2.1.2.3,Column and Shear Wall Casting,Tower 4,1st Floor,Civil Works- RCC,RCC,Concreting,,344599284.0,2025-12-22,2025-12-31,,,,,0
1.1.5.2.1.2.4,Slab Formwork,Tower 4,1st Floor,Civil Works- RCC,RCC,Shuttering- Conventional,,177984100.0,2025-12-23,2026-01-16,,,,,0
1.1.5.2.1.2.5,Slab Reinforcement,Tower 4,1st Floor,Civil Works- RCC,RCC,Reinforcement,,227087892.0,2026-01-05,2026-01-25,,,,,0
1.1.5.2.1.2.6,Slab Casting,Tower 4,1st Floor,Civil Works- RCC,RCC,Concreting,,158551200.0,2026-01-14,2026-01-27,,,,,0
1.1.5.2.1.3,Second Floor Roof,,,,,,,,2026-01-28,2026-02-24,,,,,
1.1.5.2.1.3.1,Column and Shear Wall Reinforcement,Tower 4,2nd Floor,Civil Works- RCC,RCC,Reinforcement,,350319888.0,2026-01-28,2026-02-06,,,,,0
1.1.5.2.1.3.2,Column and Shear Wall Formwork,Tower 4,2nd Floor,Civil Works- RCC,RCC,Shuttering- Conventional,,189900000.0,2026-01-29,2026-02-07,,,,,0
1.1.5.2.1.3.3,Slab Formwork,Tower 4,2nd Floor,Civil Works- RCC,RCC,Shuttering- Conventional,,126600000.0,2026-02-06,2026-02-21,,,,,0
1.1.5.2.1.3.4,Slab Reinforcement,Tower 4,2nd Floor,Civil Works- RCC,RCC,Reinforcement,,227087892.0,2026-02-10,2026-02-23,,,,,0
1.1.5.2.1.3.5,Monolithic Casting,Tower 4,2nd Floor,Civil Works- RCC,RCC,Concreting,,428226000.0,2026-02-17,2026-02-24,,,,,0
1.1.5.2.1.4,Third Floor Roof,,,,,,,,2026-02-25,2026-03-14,,,,,
1.1.5.2.1.4.1,Column and Shear Wall Reinforcement,Tower 4,3rd Floor,Civil Works- RCC,RCC,Reinforcement,,350319888.0,2026-02-25,2026-03-03,,,,,0
1.1.5.2.1.4.2,Column and Shear Wall Formwork,Tower 4,3rd Floor,Civil Works- RCC,RCC,Shuttering- Conventional,,189900000.0,2026-02-26,2026-03-04,,,,,0
1.1.5.2.1.4.3,Slab Formwork,Tower 4,3rd Floor,Civil Works- RCC,RCC,Shuttering- Conventional,,126600000.0,2026-03-03,2026-03-11,,,,,0
1.1.5.2.1.4.4,Slab Reinforcement,Tower 4,3rd Floor,Civil Works- RCC,RCC,Reinforcement,,227087892.0,2026-03-04,2026-03-13,,,,,0
1.1.5.2.1.4.5,Monolithic Casting,Tower 4,3rd Floor,Civil Works- RCC,RCC,Concreting,,428226000.0,2026-03-07,2026-03-14,,,,,0
1.1.5.2.1.5,4th Floor Roof,,,,,,,,2026-03-15,2026-03-26,,,,,
1.1.5.2.1.5.1,Column and Shear Wall Reinforcement,Tower 4,4th Floor,Civil Works- RCC,RCC,Reinforcement,,350319888.0,2026-03-15,2026-03-19,,,,,0
1.1.5.2.1.5.2,Column and Shear Wall Formwork,Tower 4,4th Floor,Civil Works- RCC,RCC,Shuttering- Conventional,,189900000.0,2026-03-16,2026-03-20,,,,,0
1.1.5.2.1.5.3,Slab Formwork,Tower 4,4th Floor,Civil Works- RCC,RCC,Shuttering- Conventional,,126600000.0,2026-03-19,2026-03-23,,,,,0
1.1.5.2.1.5.4,Slab Reinforcement,Tower 4,4th Floor,Civil Works- RCC,RCC,Reinforcement,,227087892.0,2026-03-21,2026-03-25,,,,,0
1.1.5.2.1.5.5,Monolithic Casting,Tower 4,4th Floor,Civil Works- RCC,RCC,Concreting,,428226000.0,2026-03-25,2026-03-26,,,,,0
1.1.5.2.1.6,5th Floor Roof,,,,,,,,2026-03-27,2026-04-07,,,,,
1.1.5.2.1.6.1,Column and Shear Wall Reinforcement,Tower 4,5th Floor,Civil Works- RCC,RCC,Reinforcement,,350319888.0,2026-03-27,2026-03-31,,,,,0
1.1.5.2.1.6.2,Column and Shear Wall Formwork,Tower 4,5th Floor,Civil Works- RCC,RCC,Shuttering- Conventional,,189900000.0,2026-03-28,2026-04-01,,,,,0
1.1.5.2.1.6.3,Slab Formwork,Tower 4,5th Floor,Civil Works- RCC,RCC,Shuttering- Conventional,,126600000.0,2026-03-31,2026-04-04,,,,,0
1.1.5.2.1.6.4,Slab Reinforcement,Tower 4,5th Floor,Civil Works- RCC,RCC,Reinforcement,,227087892.0,2026-04-02,2026-04-06,,,,,0
1.1.5.2.1.6.5,Monolithic Casting,Tower 4,5th Floor,Civil Works- RCC,RCC,Concreting,,428226000.0,2026-04-06,2026-04-07,,,,,0
1.1.5.2.1.7,6th Floor Roof,,,,,,,,2026-04-08,2026-04-19,,,,,
1.1.5.2.1.7.1,Column and Shear Wall Reinforcement,Tower 4,6th Floor,Civil Works- RCC,RCC,Reinforcement,,350319888.0,2026-04-08,2026-04-12,,,,,0
1.1.5.2.1.7.2,Column and Shear Wall Formwork,Tower 4,6th Floor,Civil Works- RCC,RCC,Shuttering- Conventional,,189900000.0,2026-04-09,2026-04-13,,,,,0
1.1.5.2.1.7.3,Slab Formwork,Tower 4,6th Floor,Civil Works- RCC,RCC,Shuttering- Conventional,,126600000.0,2026-04-12,2026-04-16,,,,,0
1.1.5.2.1.7.4,Slab Reinforcement,Tower 4,6th Floor,Civil Works- RCC,RCC,Reinforcement,,227087892.0,2026-04-14,2026-04-18,,,,,0
1.1.5.2.1.7.5,Monolithic Casting,Tower 4,6th Floor,Civil Works- RCC,RCC,Concreting,,428226000.0,2026-04-18,2026-04-19,,,,,0
1.1.5.2.1.8,7th Floor Roof,,,,,,,,2026-04-20,2026-05-01,,,,,
1.1.5.2.1.8.1,Column and Shear Wall Reinforcement,Tower 4,7th Floor,Civil Works- RCC,RCC,Reinforcement,,350319888.0,2026-04-20,2026-04-24,,,,,0
1.1.5.2.1.8.2,Column and Shear Wall Formwork,Tower 4,7th Floor,Civil Works- RCC,RCC,Shuttering- Conventional,,189900000.0,2026-04-21,2026-04-25,,,,,0
1.1.5.2.1.8.3,Slab Formwork,Tower 4,7th Floor,Civil Works- RCC,RCC,Shuttering- Conventional,,126600000.0,2026-04-24,2026-04-28,,,,,0
1.1.5.2.1.8.4,Slab Reinforcement,Tower 4,7th Floor,Civil Works- RCC,RCC,Reinforcement,,227087892.0,2026-04-26,2026-04-30,,,,,0
1.1.5.2.1.8.5,Monolithic Casting,Tower 4,7th Floor,Civil Works- RCC,RCC,Concreting,,428226000.0,2026-04-30,2026-05-01,,,,,0
1.1.5.2.1.9,8th Floor Roof,,,,,,,,2026-05-02,2026-05-13,,,,,
1.1.5.2.1.9.1,Column and Shear Wall Reinforcement,Tower 4,8th Floor,Civil Works- RCC,RCC,Reinforcement,,350319888.0,2026-05-02,2026-05-06,,,,,0
1.1.5.2.1.9.2,Column and Shear Wall Formwork,Tower 4,8th Floor,Civil Works- RCC,RCC,Shuttering- Conventional,,189900000.0,2026-05-03,2026-05-07,,,,,0
1.1.5.2.1.9.3,Slab Formwork,Tower 4,8th Floor,Civil Works- RCC,RCC,Shuttering- Conventional,,126600000.0,2026-05-06,2026-05-10,,,,,0
1.1.5.2.1.9.4,Slab Reinforcement,Tower 4,8th Floor,Civil Works- RCC,RCC,Reinforcement,,227087892.0,2026-05-08,2026-05-12,,,,,0
1.1.5.2.1.9.5,Monolithic Casting,Tower 4,8th Floor,Civil Works- RCC,RCC,Concreting,,428226000.0,2026-05-12,2026-05-13,,,,,0
1.1.5.2.1.10,9th Floor Roof,,,,,,,,2026-05-14,2026-05-25,,,,,
1.1.5.2.1.10.1,Column and Shear Wall Reinforcement,Tower 4,9th Floor,Civil Works- RCC,RCC,Reinforcement,,350319888.0,2026-05-14,2026-05-18,,,,,0
1.1.5.2.1.10.2,Column and Shear Wall Formwork,Tower 4,9th Floor,Civil Works- RCC,RCC,Shuttering- Conventional,,189900000.0,2026-05-15,2026-05-19,,,,,0
1.1.5.2.1.10.3,Slab Formwork,Tower 4,9th Floor,Civil Works- RCC,RCC,Shuttering- Conventional,,126600000.0,2026-05-18,2026-05-22,,,,,0
1.1.5.2.1.10.4,Slab Reinforcement,Tower 4,9th Floor,Civil Works- RCC,RCC,Reinforcement,,227087892.0,2026-05-20,2026-05-24,,,,,0
1.1.5.2.1.10.5,Monolithic Casting,Tower 4,9th Floor,Civil Works- RCC,RCC,Concreting,,428226000.0,2026-05-24,2026-05-25,,,,,0
1.1.5.2.1.11,10th Floor Roof,,,,,,,,2026-05-26,2026-06-06,,,,,
1.1.5.2.1.11.1,Column and Shear Wall Reinforcement,Tower 4,10th Floor,Civil Works- RCC,RCC,Reinforcement,,350319888.0,2026-05-26,2026-05-30,,,,,0
1.1.5.2.1.11.2,Column and Shear Wall Formwork,Tower 4,10th Floor,Civil Works- RCC,RCC,Shuttering- Conventional,,189900000.0,2026-05-27,2026-05-31,,,,,0
1.1.5.2.1.11.3,Slab Formwork,Tower 4,10th Floor,Civil Works- RCC,RCC,Shuttering- Conventional,,126600000.0,2026-05-30,2026-06-03,,,,,0
1.1.5.2.1.11.4,Slab Reinforcement,Tower 4,10th Floor,Civil Works- RCC,RCC,Reinforcement,,227087892.0,2026-06-01,2026-06-05,,,,,0
1.1.5.2.1.11.5,Monolithic Casting,Tower 4,10th Floor,Civil Works- RCC,RCC,Concreting,,428226000.0,2026-06-05,2026-06-06,,,,,0
1.1.5.2.1.12,11th Floor Roof,,,,,,,,2026-06-07,2026-06-18,,,,,
1.1.5.2.1.12.1,Column and Shear Wall Reinforcement,Tower 4,11th Floor,Civil Works- RCC,RCC,Reinforcement,,350319888.0,2026-06-07,2026-06-11,,,,,0
1.1.5.2.1.12.2,Column and Shear Wall Formwork,Tower 4,11th Floor,Civil Works- RCC,RCC,Shuttering- Conventional,,189900000.0,2026-06-08,2026-06-12,,,,,0
1.1.5.2.1.12.3,Slab Formwork,Tower 4,11th Floor,Civil Works- RCC,RCC,Shuttering- Conventional,,126600000.0,2026-06-11,2026-06-15,,,,,0
1.1.5.2.1.12.4,Slab Reinforcement,Tower 4,11th Floor,Civil Works- RCC,RCC,Reinforcement,,227087892.0,2026-06-13,2026-06-17,,,,,0
1.1.5.2.1.12.5,Monolithic Casting,Tower 4,11th Floor,Civil Works- RCC,RCC,Concreting,,428226000.0,2026-06-17,2026-06-18,,,,,0
1.1.5.2.1.13,12th Floor Roof,,,,,,,,2026-06-19,2026-06-30,,,,,
1.1.5.2.1.13.1,Column and Shear Wall Reinforcement,Tower 4,12th Floor,Civil Works- RCC,RCC,Reinforcement,,350319888.0,2026-06-19,2026-06-23,,,,,0
1.1.5.2.1.13.2,Column and Shear Wall Formwork,Tower 4,12th Floor,Civil Works- RCC,RCC,Shuttering- Conventional,,189900000.0,2026-06-20,2026-06-24,,,,,0
1.1.5.2.1.13.3,Slab Formwork,Tower 4,12th Floor,Civil Works- RCC,RCC,Shuttering- Conventional,,126600000.0,2026-06-23,2026-06-27,,,,,0
1.1.5.2.1.13.4,Slab Reinforcement,Tower 4,12th Floor,Civil Works- RCC,RCC,Reinforcement,,227087892.0,2026-06-25,2026-06-29,,,,,0
1.1.5.2.1.13.5,Monolithic Casting,Tower 4,12th Floor,Civil Works- RCC,RCC,Concreting,,428226000.0,2026-06-29,2026-06-30,,,,,0
1.1.5.2.1.14,13th Floor Roof,,,,,,,,2026-07-01,2026-07-12,,,,,
1.1.5.2.1.14.1,Column and Shear Wall Reinforcement,Tower 4,13th Floor,Civil Works- RCC,RCC,Reinforcement,,350319888.0,2026-07-01,2026-07-05,,,,,0
1.1.5.2.1.14.2,Column and Shear Wall Formwork,Tower 4,13th Floor,Civil Works- RCC,RCC,Shuttering- Conventional,,189900000.0,2026-07-02,2026-07-06,,,,,0
1.1.5.2.1.14.3,Slab Formwork,Tower 4,13th Floor,Civil Works- RCC,RCC,Shuttering- Conventional,,126600000.0,2026-07-05,2026-07-09,,,,,0
1.1.5.2.1.14.4,Slab Reinforcement,Tower 4,13th Floor,Civil Works- RCC,RCC,Reinforcement,,227087892.0,2026-07-07,2026-07-11,,,,,0
1.1.5.2.1.14.5,Monolithic Casting,Tower 4,13th Floor,Civil Works- RCC,RCC,Concreting,,428226000.0,2026-07-11,2026-07-12,,,,,0
1.1.5.2.1.15,14th Floor Roof,,,,,,,,2026-07-13,2026-07-24,,,,,
1.1.5.2.1.15.1,Column and Shear Wall Reinforcement,Tower 4,14th Floor,Civil Works- RCC,RCC,Reinforcement,,350319888.0,2026-07-13,2026-07-17,,,,,0
1.1.5.2.1.15.2,Column and Shear Wall Formwork,Tower 4,14th Floor,Civil Works- RCC,RCC,Shuttering- Conventional,,189900000.0,2026-07-14,2026-07-18,,,,,0
1.1.5.2.1.15.3,Slab Formwork,Tower 4,14th Floor,Civil Works- RCC,RCC,Shuttering- Conventional,,126600000.0,2026-07-17,2026-07-21,,,,,0
1.1.5.2.1.15.4,Slab Reinforcement,Tower 4,14th Floor,Civil Works- RCC,RCC,Reinforcement,,227087892.0,2026-07-19,2026-07-23,,,,,0
1.1.5.2.1.15.5,Monolithic Casting,Tower 4,14th Floor,Civil Works- RCC,RCC,Concreting,,428226000.0,2026-07-23,2026-07-24,,,,,0
1.1.5.2.1.16,15th Floor Roof,,,,,,,,2026-07-25,2026-08-05,,,,,
1.1.5.2.1.16.1,Column and Shear Wall Reinforcement,Tower 4,15th Floor,Civil Works- RCC,RCC,Reinforcement,,350319888.0,2026-07-25,2026-07-29,,,,,0
1.1.5.2.1.16.2,Column and Shear Wall Formwork,Tower 4,15th Floor,Civil Works- RCC,RCC,Shuttering- Conventional,,189900000.0,2026-07-26,2026-07-30,,,,,0
1.1.5.2.1.16.3,Slab Formwork,Tower 4,15th Floor,Civil Works- RCC,RCC,Shuttering- Conventional,,126600000.0,2026-07-29,2026-08-02,,,,,0
1.1.5.2.1.16.4,Slab Reinforcement,Tower 4,15th Floor,Civil Works- RCC,RCC,Reinforcement,,227087892.0,2026-07-31,2026-08-04,,,,,0
1.1.5.2.1.16.5,Monolithic Casting,Tower 4,15th Floor,Civil Works- RCC,RCC,Concreting,,428226000.0,2026-08-04,2026-08-05,,,,,0
1.1.5.2.1.17,16th Floor Roof,,,,,,,,2026-08-06,2026-08-22,,,,,
1.1.5.2.1.17.1,Column and Shear Wall Reinforcement,Tower 4,16th Floor,Civil Works- RCC,RCC,Reinforcement,,350319888.0,2026-08-06,2026-08-12,,,,,0
1.1.5.2.1.17.2,Column and Shear Wall Formwork,Tower 4,16th Floor,Civil Works- RCC,RCC,Shuttering- Conventional,,189900000.0,2026-08-07,2026-08-13,,,,,0
1.1.5.2.1.17.3,Slab Formwork,Tower 4,16th Floor,Civil Works- RCC,RCC,Shuttering- Conventional,,126600000.0,2026-08-12,2026-08-19,,,,,0
1.1.5.2.1.17.4,Slab Reinforcement,Tower 4,16th Floor,Civil Works- RCC,RCC,Reinforcement,,227087892.0,2026-08-15,2026-08-21,,,,,0
1.1.5.2.1.17.5,Monolithic Casting,Tower 4,16th Floor,Civil Works- RCC,RCC,Concreting,,428226000.0,2026-08-19,2026-08-22,,,,,0
1.1.5.2.1.18,17th Floor Roof,,,,,,,,2026-08-23,2026-09-03,,,,,
1.1.5.2.1.18.1,Column and Shear Wall Reinforcement,Tower 4,17th Floor,Civil Works- RCC,RCC,Reinforcement,,350319888.0,2026-08-23,2026-08-27,,,,,0
1.1.5.2.1.18.2,Column and Shear Wall Formwork,Tower 4,17th Floor,Civil Works- RCC,RCC,Shuttering- Conventional,,189900000.0,2026-08-24,2026-08-28,,,,,0
1.1.5.2.1.18.3,Slab Formwork,Tower 4,17th Floor,Civil Works- RCC,RCC,Shuttering- Conventional,,126600000.0,2026-08-27,2026-08-31,,,,,0
1.1.5.2.1.18.4,Slab Reinforcement,Tower 4,17th Floor,Civil Works- RCC,RCC,Reinforcement,,227087892.0,2026-08-29,2026-09-02,,,,,0
1.1.5.2.1.18.5,Monolithic Casting,Tower 4,17th Floor,Civil Works- RCC,RCC,Concreting,,428226000.0,2026-09-02,2026-09-03,,,,,0
1.1.5.2.1.19,18th Floor Roof,,,,,,,,2026-09-04,2026-09-15,,,,,
1.1.5.2.1.19.1,Column and Shear Wall Reinforcement,Tower 4,18th Floor,Civil Works- RCC,RCC,Reinforcement,,350319888.0,2026-09-04,2026-09-09,,,,,0
1.1.5.2.1.19.2,Column and Shear Wall Formwork,Tower 4,18th Floor,Civil Works- RCC,RCC,Shuttering- Conventional,,189900000.0,2026-09-06,2026-09-10,,,,,0
1.1.5.2.1.19.3,Slab Formwork,Tower 4,18th Floor,Civil Works- RCC,RCC,Shuttering- Conventional,,126600000.0,2026-09-09,2026-09-13,,,,,0
1.1.5.2.1.19.4,Slab Reinforcement,Tower 4,18th Floor,Civil Works- RCC,RCC,Reinforcement,,227087892.0,2026-09-10,2026-09-14,,,,,0
1.1.5.2.1.19.5,Monolithic Casting,Tower 4,18th Floor,Civil Works- RCC,RCC,Concreting,,428226000.0,2026-09-14,2026-09-15,,,,,0
1.1.5.2.1.20,19th Floor Roof,,,,,,,,2026-09-16,2026-09-26,,,,,
1.1.5.2.1.20.1,Column and Shear Wall Reinforcement,Tower 4,19th Floor,Civil Works- RCC,RCC,Reinforcement,,350319888.0,2026-09-16,2026-09-19,,,,,0
1.1.5.2.1.20.2,Column and Shear Wall Formwork,Tower 4,19th Floor,Civil Works- RCC,RCC,Shuttering- Conventional,,189900000.0,2026-09-17,2026-09-20,,,,,0
1.1.5.2.1.20.3,Slab Formwork,Tower 4,19th Floor,Civil Works- RCC,RCC,Shuttering- Conventional,,126600000.0,2026-09-19,2026-09-24,,,,,0
1.1.5.2.1.20.4,Slab Reinforcement,Tower 4,19th Floor,Civil Works- RCC,RCC,Reinforcement,,227087892.0,2026-09-21,2026-09-25,,,,,0
1.1.5.2.1.20.5,Monolithic Casting,Tower 4,19th Floor,Civil Works- RCC,RCC,Concreting,,428226000.0,2026-09-23,2026-09-26,,,,,0
1.1.5.2.1.21,20th Floor Roof,,,,,,,,2026-09-27,2026-10-07,,,,,
1.1.5.2.1.21.1,Column and Shear Wall Reinforcement,Tower 4,20th Floor,Civil Works- RCC,RCC,Reinforcement,,350319888.0,2026-09-27,2026-09-30,,,,,0
1.1.5.2.1.21.2,Column and Shear Wall Formwork,Tower 4,20th Floor,Civil Works- RCC,RCC,Shuttering- Conventional,,189900000.0,2026-09-28,2026-10-01,,,,,0
1.1.5.2.1.21.3,Slab Formwork,Tower 4,20th Floor,Civil Works- RCC,RCC,Shuttering- Conventional,,126600000.0,2026-09-30,2026-10-05,,,,,0
1.1.5.2.1.21.4,Slab Reinforcement,Tower 4,20th Floor,Civil Works- RCC,RCC,Reinforcement,,227087892.0,2026-10-02,2026-10-06,,,,,0
1.1.5.2.1.21.5,Monolithic Casting,Tower 4,20th Floor,Civil Works- RCC,RCC,Concreting,,428226000.0,2026-10-04,2026-10-07,,,,,0
1.1.5.2.1.22,21th Floor Roof,,,,,,,,2026-10-08,2026-10-18,,,,,
1.1.5.2.1.22.1,Column and Shear Wall Reinforcement,Tower 4,21st Floor,Civil Works- RCC,RCC,Reinforcement,,350319888.0,2026-10-08,2026-10-11,,,,,0
1.1.5.2.1.22.2,Column and Shear Wall Formwork,Tower 4,21st Floor,Civil Works- RCC,RCC,Shuttering- Conventional,,189900000.0,2026-10-09,2026-10-12,,,,,0
1.1.5.2.1.22.3,Slab Formwork,Tower 4,21st Floor,Civil Works- RCC,RCC,Shuttering- Conventional,,126600000.0,2026-10-11,2026-10-16,,,,,0
1.1.5.2.1.22.4,Slab Reinforcement,Tower 4,21st Floor,Civil Works- RCC,RCC,Reinforcement,,227087892.0,2026-10-13,2026-10-17,,,,,0
1.1.5.2.1.22.5,Monolithic Casting,Tower 4,21st Floor,Civil Works- RCC,RCC,Concreting,,428226000.0,2026-10-15,2026-10-18,,,,,0
1.1.5.2.1.23,22th Floor Roof,,,,,,,,2026-10-19,2026-10-29,,,,,
1.1.5.2.1.23.1,Column and Shear Wall Reinforcement,Tower 4,22nd Floor,Civil Works- RCC,RCC,Reinforcement,,350319888.0,2026-10-19,2026-10-22,,,,,0
1.1.5.2.1.23.2,Column and Shear Wall Formwork,Tower 4,22nd Floor,Civil Works- RCC,RCC,Shuttering- Conventional,,189900000.0,2026-10-20,2026-10-23,,,,,0
1.1.5.2.1.23.3,Slab Formwork,Tower 4,22nd Floor,Civil Works- RCC,RCC,Shuttering- Conventional,,126600000.0,2026-10-22,2026-10-27,,,,,0
1.1.5.2.1.23.4,Slab Reinforcement,Tower 4,22nd Floor,Civil Works- RCC,RCC,Reinforcement,,227087892.0,2026-10-24,2026-10-28,,,,,0
1.1.5.2.1.23.5,Monolithic Casting,Tower 4,22nd Floor,Civil Works- RCC,RCC,Concreting,,428226000.0,2026-10-26,2026-10-29,,,,,0
1.1.5.2.1.24,23th Floor Roof,,,,,,,,2026-10-30,2026-12-24,,,,,
1.1.5.2.1.24.1,Column and Shear Wall Reinforcement,Tower 4,23rd Floor,Civil Works- RCC,RCC,Reinforcement,,350319888.0,2026-10-30,2026-12-17,,,,,0
1.1.5.2.1.24.2,Column and Shear Wall Formwork,Tower 4,23rd Floor,Civil Works- RCC,RCC,Shuttering- Conventional,,189900000.0,2026-10-31,2026-12-18,,,,,0
1.1.5.2.1.24.3,Slab Formwork,Tower 4,23rd Floor,Civil Works- RCC,RCC,Shuttering- Conventional,,126600000.0,2026-12-17,2026-12-22,,,,,0
1.1.5.2.1.24.4,Slab Reinforcement,Tower 4,23rd Floor,Civil Works- RCC,RCC,Reinforcement,,227087892.0,2026-12-19,2026-12-23,,,,,0
1.1.5.2.1.24.5,Monolithic Casting,Tower 4,23rd Floor,Civil Works- RCC,RCC,Concreting,,428226000.0,2026-12-21,2026-12-24,,,,,0
1.1.5.2.1.25,24th Floor Roof,,,,,,,,2026-12-25,2027-01-04,,,,,
1.1.5.2.1.25.1,Column and Shear Wall Reinforcement,Tower 4,24th Floor,Civil Works- RCC,RCC,Reinforcement,,350319888.0,2026-12-25,2026-12-28,,,,,0
1.1.5.2.1.25.2,Column and Shear Wall Formwork,Tower 4,24th Floor,Civil Works- RCC,RCC,Shuttering- Conventional,,189900000.0,2026-12-26,2026-12-29,,,,,0
1.1.5.2.1.25.3,Slab Formwork,Tower 4,24th Floor,Civil Works- RCC,RCC,Shuttering- Conventional,,126600000.0,2026-12-28,2027-01-02,,,,,0
1.1.5.2.1.25.4,Slab Reinforcement,Tower 4,24th Floor,Civil Works- RCC,RCC,Reinforcement,,227087892.0,2026-12-30,2027-01-03,,,,,0
1.1.5.2.1.25.5,Monolithic Casting,Tower 4,24th Floor,Civil Works- RCC,RCC,Concreting,,428226000.0,2027-01-01,2027-01-04,,,,,0
1.1.5.2.1.26,25th Floor Roof,,,,,,,,2027-01-05,2027-01-15,,,,,
1.1.5.2.1.26.1,Column and Shear Wall Reinforcement,Tower 4,25th Floor,Civil Works- RCC,RCC,Reinforcement,,350319888.0,2027-01-05,2027-01-08,,,,,0
1.1.5.2.1.26.2,Column and Shear Wall Formwork,Tower 4,25th Floor,Civil Works- RCC,RCC,Shuttering- Conventional,,189900000.0,2027-01-06,2027-01-09,,,,,0
1.1.5.2.1.26.3,Slab Formwork,Tower 4,25th Floor,Civil Works- RCC,RCC,Shuttering- Conventional,,126600000.0,2027-01-08,2027-01-13,,,,,0
1.1.5.2.1.26.4,Slab Reinforcement,Tower 4,25th Floor,Civil Works- RCC,RCC,Reinforcement,,227087892.0,2027-01-10,2027-01-14,,,,,0
1.1.5.2.1.26.5,Monolithic Casting,Tower 4,25th Floor,Civil Works- RCC,RCC,Concreting,,428226000.0,2027-01-12,2027-01-15,,,,,0
1.1.5.2.1.27,26th Floor Roof,,,,,,,,2027-01-16,2027-02-01,,,,,
1.1.5.2.1.27.1,Column and Shear Wall Reinforcement,Tower 4,26th Floor,Civil Works- RCC,RCC,Reinforcement,,350319888.0,2027-01-16,2027-01-23,,,,,0
1.1.5.2.1.27.2,Column and Shear Wall Formwork,Tower 4,26th Floor,Civil Works- RCC,RCC,Shuttering- Conventional,,189900000.0,2027-01-18,2027-01-24,,,,,0
1.1.5.2.1.27.3,Slab Formwork,Tower 4,26th Floor,Civil Works- RCC,RCC,Shuttering- Conventional,,126600000.0,2027-01-23,2027-01-30,,,,,0
1.1.5.2.1.27.4,Slab Reinforcement,Tower 4,26th Floor,Civil Works- RCC,RCC,Reinforcement,,227087892.0,2027-01-24,2027-01-31,,,,,0
1.1.5.2.1.27.5,Monolithic Casting,Tower 4,26th Floor,Civil Works- RCC,RCC,Concreting,,428226000.0,2027-01-29,2027-02-01,,,,,0
1.1.5.2.1.28,27th Floor Roof,,,,,,,,2027-02-02,2027-02-12,,,,,
1.1.5.2.1.28.1,Column and Shear Wall Reinforcement,Tower 4,27th Floor,Civil Works- RCC,RCC,Reinforcement,,350319888.0,2027-02-02,2027-02-05,,,,,0
1.1.5.2.1.28.2,Column and Shear Wall Formwork,Tower 4,27th Floor,Civil Works- RCC,RCC,Shuttering- Conventional,,189900000.0,2027-02-03,2027-02-06,,,,,0
1.1.5.2.1.28.3,Slab Formwork,Tower 4,27th Floor,Civil Works- RCC,RCC,Shuttering- Conventional,,126600000.0,2027-02-05,2027-02-10,,,,,0
1.1.5.2.1.28.4,Slab Reinforcement,Tower 4,27th Floor,Civil Works- RCC,RCC,Reinforcement,,227087892.0,2027-02-07,2027-02-11,,,,,0
1.1.5.2.1.28.5,Monolithic Casting,Tower 4,27th Floor,Civil Works- RCC,RCC,Concreting,,428226000.0,2027-02-09,2027-02-12,,,,,0
1.1.5.2.1.29,28th Floor Roof,,,,,,,,2027-02-13,2027-02-23,,,,,
1.1.5.2.1.29.1,Column and Shear Wall Reinforcement,Tower 4,28th Floor,Civil Works- RCC,RCC,Reinforcement,,350319888.0,2027-02-13,2027-02-16,,,,,0
1.1.5.2.1.29.2,Column and Shear Wall Formwork,Tower 4,28th Floor,Civil Works- RCC,RCC,Shuttering- Conventional,,189900000.0,2027-02-14,2027-02-17,,,,,0
1.1.5.2.1.29.3,Slab Formwork,Tower 4,28th Floor,Civil Works- RCC,RCC,Shuttering- Conventional,,126600000.0,2027-02-16,2027-02-21,,,,,0
1.1.5.2.1.29.4,Slab Reinforcement,Tower 4,28th Floor,Civil Works- RCC,RCC,Reinforcement,,227087892.0,2027-02-18,2027-02-22,,,,,0
1.1.5.2.1.29.5,Monolithic Casting,Tower 4,28th Floor,Civil Works- RCC,RCC,Concreting,,428226000.0,2027-02-20,2027-02-23,,,,,0
1.1.5.2.1.30,29th Floor Roof,,,,,,,,2027-02-24,2027-03-06,,,,,
1.1.5.2.1.30.1,Column and Shear Wall Reinforcement,Tower 4,29th Floor,Civil Works- RCC,RCC,Reinforcement,,350319888.0,2027-02-24,2027-02-27,,,,,0
1.1.5.2.1.30.2,Column and Shear Wall Formwork,Tower 4,29th Floor,Civil Works- RCC,RCC,Shuttering- Conventional,,189900000.0,2027-02-25,2027-02-28,,,,,0
1.1.5.2.1.30.3,Slab Formwork,Tower 4,29th Floor,Civil Works- RCC,RCC,Shuttering- Conventional,,126600000.0,2027-02-27,2027-03-04,,,,,0
1.1.5.2.1.30.4,Slab Reinforcement,Tower 4,29th Floor,Civil Works- RCC,RCC,Reinforcement,,227087892.0,2027-03-01,2027-03-05,,,,,0
1.1.5.2.1.30.5,Monolithic Casting,Tower 4,29th Floor,Civil Works- RCC,RCC,Concreting,,428226000.0,2027-03-03,2027-03-06,,,,,0
1.1.5.2.1.31,30th Floor Roof,,,,,,,,2027-03-07,2027-03-17,,,,,
1.1.5.2.1.31.1,Column and Shear Wall Reinforcement,Tower 4,30th Floor,Civil Works- RCC,RCC,Reinforcement,,350319888.0,2027-03-07,2027-03-10,,,,,0
1.1.5.2.1.31.2,Column and Shear Wall Formwork,Tower 4,30th Floor,Civil Works- RCC,RCC,Shuttering- Conventional,,189900000.0,2027-03-08,2027-03-11,,,,,0
1.1.5.2.1.31.3,Slab Formwork,Tower 4,30th Floor,Civil Works- RCC,RCC,Shuttering- Conventional,,126600000.0,2027-03-10,2027-03-15,,,,,0
1.1.5.2.1.31.4,Slab Reinforcement,Tower 4,30th Floor,Civil Works- RCC,RCC,Reinforcement,,227087892.0,2027-03-12,2027-03-16,,,,,0
1.1.5.2.1.31.5,Monolithic Casting,Tower 4,30th Floor,Civil Works- RCC,RCC,Concreting,,428226000.0,2027-03-14,2027-03-17,,,,,0
1.1.5.2.1.32,31 th Floor Roof,,,,,,,,2027-03-18,2027-04-03,,,,,
1.1.5.2.1.32.1,Column and Shear Wall Reinforcement,Tower 4,,Civil Works- RCC,RCC,Reinforcement,,350319888.0,2027-03-18,2027-03-24,,,,,0
1.1.5.2.1.32.2,Column and Shear Wall Formwork,Tower 4,,Civil Works- RCC,RCC,Shuttering- Conventional,,251021400.0,2027-03-19,2027-03-25,,,,,0
1.1.5.2.1.32.3,Slab Formwork,Tower 4,,Civil Works- RCC,RCC,Shuttering- Conventional,,167347600.0,2027-03-24,2027-04-01,,,,,0
1.1.5.2.1.32.4,Slab Reinforcement,Tower 4,,Civil Works- RCC,RCC,Reinforcement,,227087892.0,2027-03-27,2027-04-02,,,,,0
1.1.5.2.1.32.5,Monolithic Casting,Tower 4,,Civil Works- RCC,RCC,Concreting,,428226000.0,2027-03-31,2027-04-03,,,,,0
1.1.5.2.2,Post Pour Activitis,,,,,,,,2026-03-10,2027-04-11,,,,,
1.1.5.2.2.1,1st Floor,Tower 4,1st Floor,Civil Works- RCC,RCC,Post Pour,,19513200.0,2026-03-10,2026-03-14,,,,,0
1.1.5.2.2.2,2nd Floor,Tower 4,2nd Floor,Civil Works- RCC,RCC,Post Pour,,19513200.0,2026-03-22,2026-03-26,,,,,0
1.1.5.2.2.3,3rd Floor,Tower 4,3rd Floor,Civil Works- RCC,RCC,Post Pour,,19513200.0,2026-04-03,2026-04-07,,,,,0
1.1.5.2.2.4,4th Floor,Tower 4,4th Floor,Civil Works- RCC,RCC,Post Pour,,19513200.0,2026-04-15,2026-04-19,,,,,0
1.1.5.2.2.5,5th Floor,Tower 4,5th Floor,Civil Works- RCC,RCC,Post Pour,,19513200.0,2026-04-27,2026-05-01,,,,,0
1.1.5.2.2.6,6th Floor,Tower 4,6th Floor,Civil Works- RCC,RCC,Post Pour,,19513200.0,2026-05-09,2026-05-14,,,,,0
1.1.5.2.2.7,7th Floor,Tower 4,7th Floor,Civil Works- RCC,RCC,Post Pour,,19513200.0,2026-05-21,2026-05-26,,,,,0
1.1.5.2.2.8,8th Floor,Tower 4,8th Floor,Civil Works- RCC,RCC,Post Pour,,19513200.0,2026-06-02,2026-06-07,,,,,0
1.1.5.2.2.9,9th Floor,Tower 4,9th Floor,Civil Works- RCC,RCC,Post Pour,,19513200.0,2026-06-14,2026-06-19,,,,,0
1.1.5.2.2.10,10th Floor,Tower 4,10th Floor,Civil Works- RCC,RCC,Post Pour,,19513200.0,2026-06-26,2026-07-01,,,,,0
1.1.5.2.2.11,11th Floor,Tower 4,11th Floor,Civil Works- RCC,RCC,Post Pour,,19513200.0,2026-07-08,2026-07-13,,,,,0
1.1.5.2.2.12,12th Floor,Tower 4,12th Floor,Civil Works- RCC,RCC,Post Pour,,19513200.0,2026-07-20,2026-07-25,,,,,0
1.1.5.2.2.13,13th Floor,Tower 4,13th Floor,Civil Works- RCC,RCC,Post Pour,,19513200.0,2026-08-01,2026-08-06,,,,,0
1.1.5.2.2.14,14th floor,Tower 4,14th Floor,Civil Works- RCC,RCC,Post Pour,,19513200.0,2026-08-18,2026-08-23,,,,,0
1.1.5.2.2.15,15th Floor,Tower 4,15th Floor,Civil Works- RCC,RCC,Post Pour,,19513200.0,2026-08-30,2026-09-04,,,,,0
1.1.5.2.2.16,16th Floor,Tower 4,16th Floor,Civil Works- RCC,RCC,Post Pour,,19513200.0,2026-09-11,2026-09-16,,,,,0
1.1.5.2.2.17,17th Floor,Tower 4,17th Floor,Civil Works- RCC,RCC,Post Pour,,19513200.0,2026-09-22,2026-09-27,,,,,0
1.1.5.2.2.18,18th Floor,Tower 4,18th Floor,Civil Works- RCC,RCC,Post Pour,,19513200.0,2026-10-03,2026-10-08,,,,,0
1.1.5.2.2.19,19th Floor,Tower 4,19th Floor,Civil Works- RCC,RCC,Post Pour,,19513200.0,2026-10-14,2026-10-19,,,,,0
1.1.5.2.2.20,20th Floor,Tower 4,20th Floor,Civil Works- RCC,RCC,Post Pour,,19513200.0,2026-10-25,2026-10-30,,,,,0
1.1.5.2.2.21,21th Floor,Tower 4,21st Floor,Civil Works- RCC,RCC,Post Pour,,19513200.0,2026-12-20,2026-12-25,,,,,0
1.1.5.2.2.22,22th Floor,Tower 4,22nd Floor,Civil Works- RCC,RCC,Post Pour,,19513200.0,2026-12-31,2027-01-05,,,,,0
1.1.5.2.2.23,23rd Floor,Tower 4,23rd Floor,Civil Works- RCC,RCC,Post Pour,,19513200.0,2027-01-11,2027-01-16,,,,,0
1.1.5.2.2.24,24th Floor,Tower 4,24th Floor,Civil Works- RCC,RCC,Post Pour,,19513200.0,2027-01-28,2027-02-02,,,,,0
1.1.5.2.2.25,25th Floor,Tower 4,25th Floor,Civil Works- RCC,RCC,Post Pour,,19513200.0,2027-02-08,2027-02-13,,,,,0
1.1.5.2.2.26,26th Floor,Tower 4,26th Floor,Civil Works- RCC,RCC,Post Pour,,19513200.0,2027-02-19,2027-02-23,,,,,0
1.1.5.2.2.27,27th Floor,Tower 4,27th Floor,Civil Works- RCC,RCC,Post Pour,,19513200.0,2027-03-02,2027-03-06,,,,,0
1.1.5.2.2.28,28th Floor,Tower 4,28th Floor,Civil Works- RCC,RCC,Post Pour,,19513200.0,2027-03-13,2027-03-17,,,,,0
1.1.5.2.2.29,29th Floor,Tower 4,29th Floor,Civil Works- RCC,RCC,Post Pour,,19513200.0,2027-03-30,2027-04-03,,,,,0
1.1.5.2.2.30,30th Floor,Tower 4,30th Floor,Civil Works- RCC,RCC,Post Pour,,19513200.0,2027-04-03,2027-04-07,,,,,0
1.1.5.2.2.31,31st Floor,Tower 4,31st Floor,Civil Works- RCC,RCC,Post Pour,,19513200.0,2027-04-07,2027-04-11,,,,,0
1.1.5.3,Finishing Works,,,,,,,,2025-12-01,2028-03-01,,,,,
1.1.5.3.1,Flat Finishing,,,,,,,,2025-12-01,2027-10-06,,,,,
1.1.5.3.1.1,Podium ,,,,,,,,2026-01-23,2026-04-17,,,,,
1.1.5.3.1.1.1,Masonary Works,Tower 4,,Finishing,Tower Civil Finishes,Blockwork,,25433423.4,2026-01-23,2026-02-21,,,,,0
1.1.5.3.1.1.2,Plaster Works,Tower 4,,Finishing,Tower Civil Finishes,Int Plaster,,55625000.0,2026-02-07,2026-02-26,,,,,0
1.1.5.3.1.1.3,White Wash,Tower 4,,Finishing,Tower Finishing,Paint,,18009133.3358,2026-02-22,2026-03-11,,,,,0
1.1.5.3.1.1.4,VDF,Tower 4,,Finishing,Tower Finishing,Flooring,,1232499200.0,2026-03-24,2026-04-17,,,,,0
1.1.5.3.1.2,First Floor,,,,,,,,2026-03-15,2026-05-26,,,,,
1.1.5.3.1.2.1,Masonary Works,Tower 4,1st Floor,Finishing,Tower Civil Finishes,Blockwork,,25433979.0,2026-03-15,2026-04-13,,,,,0
1.1.5.3.1.2.2,Plaster Works,Tower 4,1st Floor,Finishing,Tower Civil Finishes,Int Plaster,,55625000.0,2026-03-30,2026-04-18,,,,,0
1.1.5.3.1.2.3,White Wash,Tower 4,1st Floor,Finishing,Tower Finishing,Paint,,18009158.0,2026-04-14,2026-05-01,,,,,0
1.1.5.3.1.2.4,VDF,Tower 4,1st Floor,Finishing,Tower Finishing,Flooring,,105832656.0,2026-05-02,2026-05-26,,,,,0
1.1.5.3.1.3,Second Floor ,,,,,,,,2026-03-27,2026-07-19,,,,,
1.1.5.3.1.3.1,Blockwork,Tower 4,2nd Floor,Finishing,Tower Civil Finishes,Blockwork,,25433979.0,2026-03-27,2026-04-05,,,,,0
1.1.5.3.1.3.2,Internal Plumbing Works,Tower 4,2nd Floor,MEP,Tower MEP,Plumbing,,66746129.6969697,2026-04-06,2026-04-11,,,,,0
1.1.5.3.1.3.3,Waterproofing Works,Tower 4,2nd Floor,Finishing,Tower Civil Finishes,Waterproofing,,27180000.0,2026-04-08,2026-04-17,,,,,0
1.1.5.3.1.3.4,PCC,Tower 4,2nd Floor,Civil Works- RCC,RCC,Concreting,,0.0,2026-04-20,2026-04-27,,,,,0
1.1.5.3.1.3.5,Electrical Wiring works,Tower 4,2nd Floor,MEP,Tower MEP,Electrical,,90046621.8499511,2026-04-08,2026-04-19,,,,,0
1.1.5.3.1.3.6,Internal Plaster Works,Tower 4,2nd Floor,Finishing,Tower Civil Finishes,Int Plaster,,91708750.0,2026-04-20,2026-04-28,,,,,0
1.1.5.3.1.3.7,Toilet Dado Works,Tower 4,2nd Floor,Finishing,Tower Finishing,Flooring,,44880000.0,2026-04-29,2026-05-07,,,,,0
1.1.5.3.1.3.8,Toilet Flooring Works,Tower 4,2nd Floor,Finishing,Tower Finishing,Flooring,,46400000.0,2026-05-08,2026-05-14,,,,,0
1.1.5.3.1.3.9,Living Dining Flooring,Tower 4,2nd Floor,Finishing,Tower Finishing,Flooring,,94105000.0,2026-05-15,2026-05-29,,,,,0
1.1.5.3.1.3.10,Temporary Door Fixing,Tower 4,2nd Floor,Finishing,Tower Finishing,Door,,0.0,2026-04-06,2026-04-14,,,,,0
1.1.5.3.1.3.11,Aluminium Door Widnow Fixing,Tower 4,2nd Floor,Finishing,Tower Finishing,Door,,103573449.0,2026-05-30,2026-06-13,,,,,0
1.1.5.3.1.3.12,Rehung Door Fixing,Tower 4,2nd Floor,Finishing,Tower Finishing,Door,,0.0,2026-06-14,2026-06-21,,,,,0
1.1.5.3.1.3.13,Putty Primer coat,Tower 4,2nd Floor,Finishing,Tower Finishing,Paint,,0.0,2026-06-22,2026-06-27,,,,,0
1.1.5.3.1.3.14,Painting First Coat,Tower 4,2nd Floor,Finishing,Tower Finishing,Paint,,29145000.0,2026-06-28,2026-07-09,,,,,0
1.1.5.3.1.3.15,False ceiling works,Tower 4,2nd Floor,Finishing,Tower Finishing,False Ceiling,,25850000.0,2026-07-10,2026-07-19,,,,,0
1.1.5.3.1.4,Third Floor ,,,,,,,,2026-04-08,2026-08-20,,,,,
1.1.5.3.1.4.1,Blockwork,Tower 4,3rd Floor,Finishing,Tower Civil Finishes,Blockwork,,25433979.0,2026-04-08,2026-04-17,,,,,0
1.1.5.3.1.4.2,Internal Plumbing Works,Tower 4,3rd Floor,MEP,Tower MEP,Plumbing,,81004239.374389,2026-04-18,2026-04-23,,,,,0
1.1.5.3.1.4.3,Waterproofing Works,Tower 4,3rd Floor,Finishing,Tower Civil Finishes,Waterproofing,,27180000.0,2026-04-20,2026-04-29,,,,,0
1.1.5.3.1.4.4,PCC,Tower 4,3rd Floor,Civil Works- RCC,RCC,Concreting,,0.0,2026-05-02,2026-05-09,,,,,0
1.1.5.3.1.4.5,Electrical Wiring works,Tower 4,3rd Floor,MEP,Tower MEP,Electrical,,90046621.8499511,2026-04-20,2026-05-01,,,,,0
1.1.5.3.1.4.6,Internal Plaster Works,Tower 4,3rd Floor,Finishing,Tower Civil Finishes,Int Plaster,,91708750.0,2026-05-02,2026-05-10,,,,,0
1.1.5.3.1.4.7,Toilet Dado Works,Tower 4,3rd Floor,Finishing,Tower Finishing,Flooring,,44880000.0,2026-05-11,2026-05-19,,,,,0
1.1.5.3.1.4.8,Toilet Flooring Works,Tower 4,3rd Floor,Finishing,Tower Finishing,Flooring,,46400000.0,2026-05-20,2026-05-26,,,,,0
1.1.5.3.1.4.9,Living Dining Flooring,Tower 4,3rd Floor,Finishing,Tower Finishing,Flooring,,94105000.0,2026-05-27,2026-06-10,,,,,0
1.1.5.3.1.4.10,Temporary Door Fixing,Tower 4,3rd Floor,Finishing,Tower Finishing,Door,,0.0,2026-04-18,2026-04-26,,,,,0
1.1.5.3.1.4.11,Aluminium Door Widnow Fixing,Tower 4,3rd Floor,Finishing,Tower Finishing,Door,,103573449.0,2026-06-11,2026-07-15,,,,,0
1.1.5.3.1.4.12,Rehung Door Fixing,Tower 4,3rd Floor,Finishing,Tower Finishing,Door,,0.0,2026-07-16,2026-07-23,,,,,0
1.1.5.3.1.4.13,Putty Primer coat,Tower 4,3rd Floor,Finishing,Tower Finishing,Paint,,0.0,2026-07-24,2026-07-29,,,,,0
1.1.5.3.1.4.14,Painting First Coat,Tower 4,3rd Floor,Finishing,Tower Finishing,Paint,,29145000.0,2026-07-30,2026-08-10,,,,,0
1.1.5.3.1.4.15,False ceiling works,Tower 4,3rd Floor,Finishing,Tower Finishing,False Ceiling,,25850000.0,2026-08-11,2026-08-20,,,,,0
1.1.5.3.1.5,Fourth Floor ,,,,,,,,2026-04-20,2026-08-30,,,,,
1.1.5.3.1.5.1,Blockwork,Tower 4,4th Floor,Finishing,Tower Civil Finishes,Blockwork,,25433979.0,2026-04-20,2026-04-29,,,,,0
1.1.5.3.1.5.2,Internal Plumbing Works,Tower 4,4th Floor,MEP,Tower MEP,Plumbing,,81004239.0,2026-04-30,2026-05-05,,,,,0
1.1.5.3.1.5.3,Waterproofing Works,Tower 4,4th Floor,Finishing,Tower Civil Finishes,Waterproofing,,27180000.0,2026-05-02,2026-05-11,,,,,0
1.1.5.3.1.5.4,PCC,Tower 4,4th Floor,Civil Works- RCC,RCC,Concreting,,0.0,2026-05-14,2026-05-21,,,,,0
1.1.5.3.1.5.5,Electrical Wiring works,Tower 4,4th Floor,MEP,Tower MEP,Electrical,,90046621.8499511,2026-05-02,2026-05-13,,,,,0
1.1.5.3.1.5.6,Internal Plaster Works,Tower 4,4th Floor,Finishing,Tower Civil Finishes,Int Plaster,,91708750.0,2026-05-14,2026-05-22,,,,,0
1.1.5.3.1.5.7,Toilet Dado Works,Tower 4,4th Floor,Finishing,Tower Finishing,Flooring,,44880000.0,2026-05-23,2026-05-31,,,,,0
1.1.5.3.1.5.8,Toilet Flooring Works,Tower 4,4th Floor,Finishing,Tower Finishing,Flooring,,46400000.0,2026-06-01,2026-06-07,,,,,0
1.1.5.3.1.5.9,Living Dining Flooring,Tower 4,4th Floor,Finishing,Tower Finishing,Flooring,,94105000.0,2026-06-08,2026-06-22,,,,,0
1.1.5.3.1.5.10,Temporary Door Fixing,Tower 4,4th Floor,Finishing,Tower Finishing,Door,,0.0,2026-04-30,2026-05-08,,,,,0
1.1.5.3.1.5.11,Aluminium Door Widnow Fixing,Tower 4,4th Floor,Finishing,Tower Finishing,Door,,103573349.0,2026-06-23,2026-07-07,,,,,0
1.1.5.3.1.5.12,Rehung Door Fixing,Tower 4,4th Floor,Finishing,Tower Finishing,Door,,0.0,2026-07-08,2026-07-15,,,,,0
1.1.5.3.1.5.13,Putty Primer coat,Tower 4,4th Floor,Finishing,Tower Finishing,Paint,,0.0,2026-07-16,2026-07-21,,,,,0
1.1.5.3.1.5.14,Painting First Coat,Tower 4,4th Floor,Finishing,Tower Finishing,Paint,,29145000.0,2026-07-22,2026-08-02,,,,,0
1.1.5.3.1.5.15,False ceiling works,Tower 4,4th Floor,Finishing,Tower Finishing,False Ceiling,,25850000.0,2026-08-21,2026-08-30,,,,,0
1.1.5.3.1.6,Fifth Floor ,,,,,,,,2026-05-02,2026-09-09,,,,,
1.1.5.3.1.6.1,Blockwork,Tower 4,5th Floor,Finishing,Tower Civil Finishes,Blockwork,,25433979.0,2026-05-02,2026-05-11,,,,,0
1.1.5.3.1.6.2,Internal Plumbing Works,Tower 4,5th Floor,MEP,Tower MEP,Plumbing,,81004239.0,2026-05-12,2026-05-17,,,,,0
1.1.5.3.1.6.3,Waterproofing Works,Tower 4,5th Floor,Finishing,Tower Civil Finishes,Waterproofing,,27180000.0,2026-05-14,2026-05-23,,,,,0
1.1.5.3.1.6.4,PCC,Tower 4,5th Floor,Civil Works- RCC,RCC,Concreting,,0.0,2026-05-26,2026-06-02,,,,,0
1.1.5.3.1.6.5,Electrical Wiring works,Tower 4,5th Floor,MEP,Tower MEP,Electrical,,90046621.8499511,2026-05-14,2026-05-25,,,,,0
1.1.5.3.1.6.6,Internal Plaster Works,Tower 4,5th Floor,Finishing,Tower Civil Finishes,Int Plaster,,91708750.0,2026-05-26,2026-06-03,,,,,0
1.1.5.3.1.6.7,Toilet Dado Works,Tower 4,5th Floor,Finishing,Tower Finishing,Flooring,,44880000.0,2026-06-04,2026-06-12,,,,,0
1.1.5.3.1.6.8,Toilet Flooring Works,Tower 4,5th Floor,Finishing,Tower Finishing,Flooring,,46400000.0,2026-06-13,2026-06-19,,,,,0
1.1.5.3.1.6.9,Living Dining Flooring,Tower 4,5th Floor,Finishing,Tower Finishing,Flooring,,94105000.0,2026-06-20,2026-07-04,,,,,0
1.1.5.3.1.6.10,Temporary Door Fixing,Tower 4,5th Floor,Finishing,Tower Finishing,Door,,0.0,2026-05-12,2026-05-20,,,,,0
1.1.5.3.1.6.11,Aluminium Door Widnow Fixing,Tower 4,5th Floor,Finishing,Tower Finishing,Door,,103573249.0,2026-07-05,2026-07-19,,,,,0
1.1.5.3.1.6.12,Rehung Door Fixing,Tower 4,5th Floor,Finishing,Tower Finishing,Door,,0.0,2026-07-20,2026-07-27,,,,,0
1.1.5.3.1.6.13,Putty Primer coat,Tower 4,5th Floor,Finishing,Tower Finishing,Paint,,0.0,2026-07-28,2026-08-02,,,,,0
1.1.5.3.1.6.14,Painting First Coat,Tower 4,5th Floor,Finishing,Tower Finishing,Paint,,29145000.0,2026-08-03,2026-08-14,,,,,0
1.1.5.3.1.6.15,False ceiling works,Tower 4,5th Floor,Finishing,Tower Finishing,False Ceiling,,25850000.0,2026-08-31,2026-09-09,,,,,0
1.1.5.3.1.7,Sixth Floor ,,,,,,,,2026-05-14,2026-09-19,,,,,
1.1.5.3.1.7.1,Blockwork,Tower 4,,Finishing,Tower Civil Finishes,Blockwork,,25433979.0,2026-05-14,2026-05-24,,,,,0
1.1.5.3.1.7.2,Internal Plumbing Works,Tower 4,,MEP,Tower MEP,Plumbing,,81004239.0,2026-05-24,2026-05-30,,,,,0
1.1.5.3.1.7.3,Waterproofing Works,Tower 4,,Finishing,Tower Civil Finishes,Waterproofing,,27180000.0,2026-05-26,2026-06-05,,,,,0
1.1.5.3.1.7.4,PCC,Tower 4,,Civil Works- RCC,RCC,Concreting,,0.0,2026-06-07,2026-06-15,,,,,0
1.1.5.3.1.7.5,Electrical Wiring works,Tower 4,,MEP,Tower MEP,Electrical,,90046621.8499511,2026-05-26,2026-06-07,,,,,0
1.1.5.3.1.7.6,Internal Plaster Works,Tower 4,,Finishing,Tower Civil Finishes,Int Plaster,,91708750.0,2026-06-07,2026-06-16,,,,,0
1.1.5.3.1.7.7,Toilet Dado Works,Tower 4,,Finishing,Tower Finishing,Flooring,,44880000.0,2026-06-16,2026-06-25,,,,,0
1.1.5.3.1.7.8,Toilet Flooring Works,Tower 4,,Finishing,Tower Finishing,Flooring,,46400000.0,2026-06-25,2026-07-02,,,,,0
1.1.5.3.1.7.9,Living Dining Flooring,Tower 4,,Finishing,Tower Finishing,Flooring,,94105000.0,2026-07-02,2026-07-17,,,,,0
1.1.5.3.1.7.10,Temporary Door Fixing,Tower 4,,Finishing,Tower Finishing,Door,,0.0,2026-05-24,2026-06-02,,,,,0
1.1.5.3.1.7.11,Aluminium Door Widnow Fixing,Tower 4,,Finishing,Tower Finishing,Door,,103573249.0,2026-07-17,2026-08-01,,,,,0
1.1.5.3.1.7.12,Rehung Door Fixing,Tower 4,,Finishing,Tower Finishing,Door,,0.0,2026-08-01,2026-08-09,,,,,0
1.1.5.3.1.7.13,Putty Primer coat,Tower 4,,Finishing,Tower Finishing,Paint,,0.0,2026-08-09,2026-08-15,,,,,0
1.1.5.3.1.7.14,Painting First Coat,Tower 4,,Finishing,Tower Finishing,Paint,,29145000.0,2026-08-15,2026-08-27,,,,,0
1.1.5.3.1.7.15,False ceiling works,Tower 4,,Finishing,Tower Finishing,False Ceiling,,25850000.0,2026-09-10,2026-09-19,,,,,0
1.1.5.3.1.8,Seventh Floor ,,,,,,,,2026-05-26,2026-09-29,,,,,
1.1.5.3.1.8.1,Blockwork,Tower 4,,Finishing,Tower Civil Finishes,Blockwork,,25433979.0,2026-05-26,2026-06-05,,,,,0
1.1.5.3.1.8.2,Internal Plumbing Works,Tower 4,,MEP,Tower MEP,Plumbing,,81004239.0,2026-06-05,2026-06-11,,,,,0
1.1.5.3.1.8.3,Waterproofing Works,Tower 4,,Finishing,Tower Civil Finishes,Waterproofing,,27180000.0,2026-06-07,2026-06-17,,,,,0
1.1.5.3.1.8.4,PCC,Tower 4,,Civil Works- RCC,RCC,Concreting,,0.0,2026-06-19,2026-06-27,,,,,0
1.1.5.3.1.8.5,Electrical Wiring works,Tower 4,,MEP,Tower MEP,Electrical,,90046621.8499511,2026-06-07,2026-06-19,,,,,0
1.1.5.3.1.8.6,Internal Plaster Works,Tower 4,,Finishing,Tower Civil Finishes,Int Plaster,,91708750.0,2026-06-19,2026-06-28,,,,,0
1.1.5.3.1.8.7,Toilet Dado Works,Tower 4,,Finishing,Tower Finishing,Flooring,,44880000.0,2026-06-28,2026-07-07,,,,,0
1.1.5.3.1.8.8,Toilet Flooring Works,Tower 4,,Finishing,Tower Finishing,Flooring,,46400000.0,2026-07-07,2026-07-14,,,,,0
1.1.5.3.1.8.9,Living Dining Flooring,Tower 4,,Finishing,Tower Finishing,Flooring,,94105000.0,2026-07-14,2026-07-29,,,,,0
1.1.5.3.1.8.10,Temporary Door Fixing,Tower 4,,Finishing,Tower Finishing,Door,,0.0,2026-06-05,2026-06-14,,,,,0
1.1.5.3.1.8.11,Aluminium Door Widnow Fixing,Tower 4,,Finishing,Tower Finishing,Door,,103573249.0,2026-07-29,2026-08-13,,,,,0
1.1.5.3.1.8.12,Rehung Door Fixing,Tower 4,,Finishing,Tower Finishing,Door,,0.0,2026-08-13,2026-08-21,,,,,0
1.1.5.3.1.8.13,Putty Primer coat,Tower 4,,Finishing,Tower Finishing,Paint,,0.0,2026-08-21,2026-08-27,,,,,0
1.1.5.3.1.8.14,Painting First Coat,Tower 4,,Finishing,Tower Finishing,Paint,,29145000.0,2026-08-27,2026-09-08,,,,,0
1.1.5.3.1.8.15,False ceiling works,Tower 4,,Finishing,Tower Finishing,False Ceiling,,25850000.0,2026-09-20,2026-09-29,,,,,0
1.1.5.3.1.9,Eighth Floor ,,,,,,,,2026-06-07,2026-10-09,,,,,
1.1.5.3.1.9.1,Blockwork,Tower 4,,Finishing,Tower Civil Finishes,Blockwork,,25433979.0,2026-06-07,2026-06-17,,,,,0
1.1.5.3.1.9.2,Internal Plumbing Works,Tower 4,,MEP,Tower MEP,Plumbing,,81004239.0,2026-06-17,2026-06-23,,,,,0
1.1.5.3.1.9.3,Waterproofing Works,Tower 4,,Finishing,Tower Civil Finishes,Waterproofing,,27180000.0,2026-06-19,2026-06-29,,,,,0
1.1.5.3.1.9.4,PCC,Tower 4,,Civil Works- RCC,RCC,Concreting,,0.0,2026-07-01,2026-07-09,,,,,0
1.1.5.3.1.9.5,Electrical Wiring works,Tower 4,,MEP,Tower MEP,Electrical,,90046621.8499511,2026-06-19,2026-07-01,,,,,0
1.1.5.3.1.9.6,Internal Plaster Works,Tower 4,,Finishing,Tower Civil Finishes,Int Plaster,,91708750.0,2026-07-01,2026-07-10,,,,,0
1.1.5.3.1.9.7,Toilet Dado Works,Tower 4,,Finishing,Tower Finishing,Flooring,,44880000.0,2026-07-10,2026-07-19,,,,,0
1.1.5.3.1.9.8,Toilet Flooring Works,Tower 4,,Finishing,Tower Finishing,Flooring,,46400000.0,2026-07-19,2026-07-26,,,,,0
1.1.5.3.1.9.9,Living Dining Flooring,Tower 4,,Finishing,Tower Finishing,Flooring,,94105000.0,2026-07-26,2026-08-10,,,,,0
1.1.5.3.1.9.10,Temporary Door Fixing,Tower 4,,Finishing,Tower Finishing,Door,,0.0,2026-06-17,2026-06-26,,,,,0
1.1.5.3.1.9.11,Aluminium Door Widnow Fixing,Tower 4,,Finishing,Tower Finishing,Door,,103573449.0,2026-08-10,2026-08-25,,,,,0
1.1.5.3.1.9.12,Rehung Door Fixing,Tower 4,,Finishing,Tower Finishing,Door,,0.0,2026-08-25,2026-09-02,,,,,0
1.1.5.3.1.9.13,Putty Primer coat,Tower 4,,Finishing,Tower Finishing,Paint,,0.0,2026-09-02,2026-09-08,,,,,0
1.1.5.3.1.9.14,Painting First Coat,Tower 4,,Finishing,Tower Finishing,Paint,,29145000.0,2026-09-08,2026-09-20,,,,,0
1.1.5.3.1.9.15,False ceiling works,Tower 4,,Finishing,Tower Finishing,False Ceiling,,25850000.0,2026-09-30,2026-10-09,,,,,0
1.1.5.3.1.10,Ninth Floor ,,,,,,,,2026-06-19,2026-10-19,,,,,
1.1.5.3.1.10.1,Blockwork,Tower 4,,Finishing,Tower Civil Finishes,Blockwork,,25433979.0,2026-06-19,2026-06-29,,,,,0
1.1.5.3.1.10.2,Internal Plumbing Works,Tower 4,,MEP,Tower MEP,Plumbing,,81004239.0,2026-06-29,2026-07-05,,,,,0
1.1.5.3.1.10.3,Waterproofing Works,Tower 4,,Finishing,Tower Civil Finishes,Waterproofing,,27180000.0,2026-07-01,2026-07-11,,,,,0
1.1.5.3.1.10.4,PCC,Tower 4,,Civil Works- RCC,RCC,Concreting,,0.0,2026-07-13,2026-07-21,,,,,0
1.1.5.3.1.10.5,Electrical Wiring works,Tower 4,,MEP,Tower MEP,Electrical,,90046621.8499511,2026-07-01,2026-07-13,,,,,0
1.1.5.3.1.10.6,Internal Plaster Works,Tower 4,,Finishing,Tower Civil Finishes,Int Plaster,,91708750.0,2026-07-13,2026-07-22,,,,,0
1.1.5.3.1.10.7,Toilet Dado Works,Tower 4,,Finishing,Tower Finishing,Flooring,,44880000.0,2026-07-22,2026-07-31,,,,,0
1.1.5.3.1.10.8,Toilet Flooring Works,Tower 4,,Finishing,Tower Finishing,Flooring,,46400000.0,2026-07-31,2026-08-07,,,,,0
1.1.5.3.1.10.9,Living Dining Flooring,Tower 4,,Finishing,Tower Finishing,Flooring,,94105000.0,2026-08-07,2026-08-22,,,,,0
1.1.5.3.1.10.10,Temporary Door Fixing,Tower 4,,Finishing,Tower Finishing,Door,,0.0,2026-06-29,2026-07-08,,,,,0
1.1.5.3.1.10.11,Aluminium Door Widnow Fixing,Tower 4,,Finishing,Tower Finishing,Door,,103573249.0,2026-08-22,2026-09-06,,,,,0
1.1.5.3.1.10.12,Rehung Door Fixing,Tower 4,,Finishing,Tower Finishing,Door,,0.0,2026-09-06,2026-09-14,,,,,0
1.1.5.3.1.10.13,Putty Primer coat,Tower 4,,Finishing,Tower Finishing,Paint,,0.0,2026-09-14,2026-09-20,,,,,0
1.1.5.3.1.10.14,Painting First Coat,Tower 4,,Finishing,Tower Finishing,Paint,,29145000.0,2026-09-20,2026-10-02,,,,,0
1.1.5.3.1.10.15,False ceiling works,Tower 4,,Finishing,Tower Finishing,False Ceiling,,25850000.0,2026-10-10,2026-10-19,,,,,0
1.1.5.3.1.11,Tenth Floor ,,,,,,,,2026-07-01,2026-10-29,,,,,
1.1.5.3.1.11.1,Blockwork,Tower 4,,Finishing,Tower Civil Finishes,Blockwork,,25433979.0,2026-07-01,2026-07-11,,,,,0
1.1.5.3.1.11.2,Internal Plumbing Works,Tower 4,,MEP,Tower MEP,Plumbing,,81004239.0,2026-07-11,2026-07-17,,,,,0
1.1.5.3.1.11.3,Waterproofing Works,Tower 4,,Finishing,Tower Civil Finishes,Waterproofing,,27180000.0,2026-07-13,2026-07-23,,,,,0
1.1.5.3.1.11.4,PCC,Tower 4,,Civil Works- RCC,RCC,Concreting,,0.0,2026-07-25,2026-08-02,,,,,0
1.1.5.3.1.11.5,Electrical Wiring works,Tower 4,,MEP,Tower MEP,Electrical,,90046621.8499511,2026-07-13,2026-07-25,,,,,0
1.1.5.3.1.11.6,Internal Plaster Works,Tower 4,,Finishing,Tower Civil Finishes,Int Plaster,,91708750.0,2026-07-25,2026-08-03,,,,,0
1.1.5.3.1.11.7,Toilet Dado Works,Tower 4,,Finishing,Tower Finishing,Flooring,,44880000.0,2026-08-03,2026-08-12,,,,,0
1.1.5.3.1.11.8,Toilet Flooring Works,Tower 4,,Finishing,Tower Finishing,Flooring,,46400000.0,2026-08-12,2026-08-19,,,,,0
1.1.5.3.1.11.9,Living Dining Flooring,Tower 4,,Finishing,Tower Finishing,Flooring,,94105000.0,2026-08-19,2026-09-03,,,,,0
1.1.5.3.1.11.10,Temporary Door Fixing,Tower 4,,Finishing,Tower Finishing,Door,,0.0,2026-07-11,2026-07-20,,,,,0
1.1.5.3.1.11.11,Aluminium Door Widnow Fixing,Tower 4,,Finishing,Tower Finishing,Door,,103573449.0,2026-09-03,2026-09-18,,,,,0
1.1.5.3.1.11.12,Rehung Door Fixing,Tower 4,,Finishing,Tower Finishing,Door,,0.0,2026-09-18,2026-09-26,,,,,0
1.1.5.3.1.11.13,Putty Primer coat,Tower 4,,Finishing,Tower Finishing,Paint,,0.0,2026-09-26,2026-10-02,,,,,0
1.1.5.3.1.11.14,Painting First Coat,Tower 4,,Finishing,Tower Finishing,Paint,,29145000.0,2026-10-02,2026-10-14,,,,,0
1.1.5.3.1.11.15,False ceiling works,Tower 4,,Finishing,Tower Finishing,False Ceiling,,25850000.0,2026-10-20,2026-10-29,,,,,0
1.1.5.3.1.12,Eleventh Floor ,,,,,,,,2026-07-13,2026-12-23,,,,,
1.1.5.3.1.12.1,Blockwork,Tower 4,,Finishing,Tower Civil Finishes,Blockwork,,25433979.0,2026-07-13,2026-07-23,,,,,0
1.1.5.3.1.12.2,Internal Plumbing Works,Tower 4,,MEP,Tower MEP,Plumbing,,81004239.0,2026-07-23,2026-07-29,,,,,0
1.1.5.3.1.12.3,Waterproofing Works,Tower 4,,Finishing,Tower Civil Finishes,Waterproofing,,27180000.0,2026-07-25,2026-08-04,,,,,0
1.1.5.3.1.12.4,PCC,Tower 4,,Civil Works- RCC,RCC,Concreting,,0.0,2026-08-06,2026-08-14,,,,,0
1.1.5.3.1.12.5,Electrical Wiring works,Tower 4,,MEP,Tower MEP,Electrical,,90046621.8499511,2026-07-25,2026-08-06,,,,,0
1.1.5.3.1.12.6,Internal Plaster Works,Tower 4,,Finishing,Tower Civil Finishes,Int Plaster,,91708750.0,2026-08-06,2026-08-15,,,,,0
1.1.5.3.1.12.7,Toilet Dado Works,Tower 4,,Finishing,Tower Finishing,Flooring,,44880000.0,2026-08-15,2026-08-24,,,,,0
1.1.5.3.1.12.8,Toilet Flooring Works,Tower 4,,Finishing,Tower Finishing,Flooring,,46400000.0,2026-08-24,2026-08-31,,,,,0
1.1.5.3.1.12.9,Living Dining Flooring,Tower 4,,Finishing,Tower Finishing,Flooring,,94105000.0,2026-08-31,2026-09-15,,,,,0
1.1.5.3.1.12.10,Temporary Door Fixing,Tower 4,,Finishing,Tower Finishing,Door,,0.0,2026-07-23,2026-08-01,,,,,0
1.1.5.3.1.12.11,Aluminium Door Widnow Fixing,Tower 4,,Finishing,Tower Finishing,Door,,103573349.0,2026-09-15,2026-09-30,,,,,0
1.1.5.3.1.12.12,Rehung Door Fixing,Tower 4,,Finishing,Tower Finishing,Door,,0.0,2026-09-30,2026-10-08,,,,,0
1.1.5.3.1.12.13,Putty Primer coat,Tower 4,,Finishing,Tower Finishing,Paint,,0.0,2026-10-08,2026-10-14,,,,,0
1.1.5.3.1.12.14,Painting First Coat,Tower 4,,Finishing,Tower Finishing,Paint,,29145000.0,2026-10-14,2026-10-26,,,,,0
1.1.5.3.1.12.15,False ceiling works,Tower 4,,Finishing,Tower Finishing,False Ceiling,,25850000.0,2026-10-30,2026-12-23,,,,,0
1.1.5.3.1.13,Twelth Floor ,,,,,,,,2026-08-23,2027-01-13,,,,,
1.1.5.3.1.13.1,Blockwork,Tower 4,,Finishing,Tower Civil Finishes,Blockwork,,25433979.0,2026-08-23,2026-08-30,,,,,0
1.1.5.3.1.13.2,Internal Plumbing Works,Tower 4,,MEP,Tower MEP,Plumbing,,81004239.0,2026-08-30,2026-09-05,,,,,0
1.1.5.3.1.13.3,Waterproofing Works,Tower 4,,Finishing,Tower Civil Finishes,Waterproofing,,27180000.0,2026-09-01,2026-09-08,,,,,0
1.1.5.3.1.13.4,PCC,Tower 4,,Civil Works- RCC,RCC,Concreting,,0.0,2026-09-08,2026-09-11,,,,,0
1.1.5.3.1.13.5,Electrical Wiring works,Tower 4,,MEP,Tower MEP,Electrical,,90046621.8499511,2026-09-01,2026-09-08,,,,,0
1.1.5.3.1.13.6,Internal Plaster Works,Tower 4,,Finishing,Tower Civil Finishes,Int Plaster,,91708750.0,2026-09-08,2026-09-13,,,,,0
1.1.5.3.1.13.7,Toilet Dado Works,Tower 4,,Finishing,Tower Finishing,Flooring,,44880000.0,2026-09-13,2026-09-22,,,,,0
1.1.5.3.1.13.8,Toilet Flooring Works,Tower 4,,Finishing,Tower Finishing,Flooring,,46400000.0,2026-09-22,2026-09-29,,,,,0
1.1.5.3.1.13.9,Living Dining Flooring,Tower 4,,Finishing,Tower Finishing,Flooring,,94105000.0,2026-09-29,2026-10-09,,,,,0
1.1.5.3.1.13.10,Temporary Door Fixing,Tower 4,,Finishing,Tower Finishing,Door,,0.0,2026-08-30,2026-09-08,,,,,0
1.1.5.3.1.13.11,Aluminium Door Widnow Fixing,Tower 4,,Finishing,Tower Finishing,Door,,103573349.0,2026-10-09,2026-10-24,,,,,0
1.1.5.3.1.13.12,Rehung Door Fixing,Tower 4,,Finishing,Tower Finishing,Door,,0.0,2026-10-24,2026-12-16,,,,,0
1.1.5.3.1.13.13,Putty Primer coat,Tower 4,,Finishing,Tower Finishing,Paint,,0.0,2026-12-16,2026-12-22,,,,,0
1.1.5.3.1.13.14,Painting First Coat,Tower 4,,Finishing,Tower Finishing,Paint,,29145000.0,2026-12-22,2027-01-03,,,,,0
1.1.5.3.1.13.15,False ceiling works,Tower 4,,Finishing,Tower Finishing,False Ceiling,,25850000.0,2027-01-03,2027-01-13,,,,,0
1.1.5.3.1.14,Thirteen Floor ,,,,,,,,2026-09-04,2027-01-25,,,,,
1.1.5.3.1.14.1,Blockwork,Tower 4,,Finishing,Tower Civil Finishes,Blockwork,,25433979.0,2026-09-04,2026-09-11,,,,,0
1.1.5.3.1.14.2,Internal Plumbing Works,Tower 4,,MEP,Tower MEP,Plumbing,,81004239.0,2026-09-11,2026-09-17,,,,,0
1.1.5.3.1.14.3,Waterproofing Works,Tower 4,,Finishing,Tower Civil Finishes,Waterproofing,,27180000.0,2026-09-13,2026-09-20,,,,,0
1.1.5.3.1.14.4,PCC,Tower 4,,Civil Works- RCC,RCC,Concreting,,0.0,2026-09-20,2026-09-23,,,,,0
1.1.5.3.1.14.5,Electrical Wiring works,Tower 4,,MEP,Tower MEP,Electrical,,90046621.8499511,2026-09-13,2026-09-20,,,,,0
1.1.5.3.1.14.6,Internal Plaster Works,Tower 4,,Finishing,Tower Civil Finishes,Int Plaster,,91708750.0,2026-09-20,2026-09-25,,,,,0
1.1.5.3.1.14.7,Toilet Dado Works,Tower 4,,Finishing,Tower Finishing,Flooring,,44880000.0,2026-09-25,2026-10-04,,,,,0
1.1.5.3.1.14.8,Toilet Flooring Works,Tower 4,,Finishing,Tower Finishing,Flooring,,46400000.0,2026-10-04,2026-10-11,,,,,0
1.1.5.3.1.14.9,Living Dining Flooring,Tower 4,,Finishing,Tower Finishing,Flooring,,94105000.0,2026-10-11,2026-10-21,,,,,0
1.1.5.3.1.14.10,Temporary Door Fixing,Tower 4,,Finishing,Tower Finishing,Door,,0.0,2026-09-11,2026-09-20,,,,,0
1.1.5.3.1.14.11,Aluminium Door Widnow Fixing,Tower 4,,Finishing,Tower Finishing,Door,,103573249.0,2026-10-21,2026-12-20,,,,,0
1.1.5.3.1.14.12,Rehung Door Fixing,Tower 4,,Finishing,Tower Finishing,Door,,0.0,2026-12-20,2026-12-28,,,,,0
1.1.5.3.1.14.13,Putty Primer coat,Tower 4,,Finishing,Tower Finishing,Paint,,0.0,2026-12-28,2027-01-03,,,,,0
1.1.5.3.1.14.14,Painting First Coat,Tower 4,,Finishing,Tower Finishing,Paint,,29145000.0,2027-01-03,2027-01-15,,,,,0
1.1.5.3.1.14.15,False ceiling works,Tower 4,,Finishing,Tower Finishing,False Ceiling,,25850000.0,2027-01-15,2027-01-25,,,,,0
1.1.5.3.1.15,Fourteen Floor ,,,,,,,,2025-12-01,2027-02-04,,,,,
1.1.5.3.1.15.1,Blockwork,Tower 4,,Finishing,Tower Civil Finishes,Blockwork,,25433979.0,2026-09-09,2026-09-16,,,,,0
1.1.5.3.1.15.2,Internal Plumbing Works,Tower 4,,MEP,Tower MEP,Plumbing,,81004239.0,2026-09-16,2026-09-22,,,,,0
1.1.5.3.1.15.3,Waterproofing Works,Tower 4,,Finishing,Tower Civil Finishes,Waterproofing,,27180000.0,2026-09-18,2026-09-25,,,,,0
1.1.5.3.1.15.4,PCC,Tower 4,,Civil Works- RCC,RCC,Concreting,,0.0,2026-09-25,2026-09-28,,,,,0
1.1.5.3.1.15.5,Electrical Wiring works,Tower 4,,MEP,Tower MEP,Electrical,,90046621.8499511,2026-09-18,2026-09-25,,,,,0
1.1.5.3.1.15.6,Internal Plaster Works,Tower 4,,Finishing,Tower Civil Finishes,Int Plaster,,91708750.0,2026-09-25,2026-09-30,,,,,0
1.1.5.3.1.15.7,Toilet Dado Works,Tower 4,,Finishing,Tower Finishing,Flooring,,44880000.0,2026-09-30,2026-10-09,,,,,0
1.1.5.3.1.15.8,Toilet Flooring Works,Tower 4,,Finishing,Tower Finishing,Flooring,,46400000.0,2026-10-09,2026-10-16,,,,,0
1.1.5.3.1.15.9,Living Dining Flooring,Tower 4,,Finishing,Tower Finishing,Flooring,,94105000.0,2026-10-16,2026-10-23,,,,,0
1.1.5.3.1.15.10,Temporary Door Fixing,Tower 4,,Finishing,Tower Finishing,Door,,0.0,2026-09-16,2026-09-25,,,,,0
1.1.5.3.1.15.11,Aluminium Door Widnow Fixing,Tower 4,,Finishing,Tower Finishing,Door,,0.0,2025-12-01,2025-12-05,,,,,0
1.1.5.3.1.15.12,Aluminium Door Widnow Fixing,Tower 4,,Finishing,Tower Finishing,Door,,0.0,2026-10-23,2026-12-22,,,,,0
1.1.5.3.1.15.13,Rehung Door Fixing,Tower 4,,Finishing,Tower Finishing,Door,,0.0,2026-12-22,2026-12-30,,,,,0
1.1.5.3.1.15.14,Putty Primer coat,Tower 4,,Finishing,Tower Finishing,Paint,,0.0,2026-12-30,2027-01-05,,,,,0
1.1.5.3.1.15.15,Painting First Coat,Tower 4,,Finishing,Tower Finishing,Paint,,29145000.0,2027-01-05,2027-01-17,,,,,0
1.1.5.3.1.15.16,False ceiling works,Tower 4,,Finishing,Tower Finishing,False Ceiling,,25850000.0,2027-01-25,2027-02-04,,,,,0
1.1.5.3.1.16,Fifteen Floor ,,,,,,,,2025-12-01,2027-02-14,,,,,
1.1.5.3.1.16.1,Blockwork,Tower 4,,Finishing,Tower Civil Finishes,Blockwork,,25433979.0,2026-09-27,2026-10-04,,,,,0
1.1.5.3.1.16.2,Internal Plumbing Works,Tower 4,,MEP,Tower MEP,Plumbing,,81004239.0,2026-10-04,2026-10-10,,,,,0
1.1.5.3.1.16.3,Waterproofing Works,Tower 4,,Finishing,Tower Civil Finishes,Waterproofing,,27180000.0,2026-10-06,2026-10-13,,,,,0
1.1.5.3.1.16.4,PCC,Tower 4,,Civil Works- RCC,RCC,Concreting,,0.0,2026-10-13,2026-10-16,,,,,0
1.1.5.3.1.16.5,Electrical Wiring works,Tower 4,,MEP,Tower MEP,Electrical,,90046621.8499511,2026-10-06,2026-10-10,,,,,0
1.1.5.3.1.16.6,Internal Plaster Works,Tower 4,,Finishing,Tower Civil Finishes,Int Plaster,,91708750.0,2026-10-10,2026-10-15,,,,,0
1.1.5.3.1.16.7,Toilet Dado Works,Tower 4,,Finishing,Tower Finishing,Flooring,,44880000.0,2026-10-15,2026-10-20,,,,,0
1.1.5.3.1.16.8,Toilet Flooring Works,Tower 4,,Finishing,Tower Finishing,Flooring,,46400000.0,2026-10-20,2026-10-25,,,,,0
1.1.5.3.1.16.9,Living Dining Flooring,Tower 4,,Finishing,Tower Finishing,Flooring,,94105000.0,2026-10-25,2026-12-19,,,,,0
1.1.5.3.1.16.10,Temporary Door Fixing,Tower 4,,Finishing,Tower Finishing,Door,,0.0,2026-10-04,2026-10-13,,,,,0
1.1.5.3.1.16.11,Aluminium Door Widnow Fixing,Tower 4,,Finishing,Tower Finishing,Door,,103573449.0,2025-12-01,2025-12-05,,,,,0
1.1.5.3.1.16.12,Aluminium Door Widnow Fixing,Tower 4,,Finishing,Tower Finishing,Door,,0.0,2026-12-19,2027-01-03,,,,,0
1.1.5.3.1.16.13,Rehung Door Fixing,Tower 4,,Finishing,Tower Finishing,Door,,0.0,2027-01-03,2027-01-11,,,,,0
1.1.5.3.1.16.14,Putty Primer coat,Tower 4,,Finishing,Tower Finishing,Paint,,0.0,2027-01-11,2027-01-17,,,,,0
1.1.5.3.1.16.15,Painting First Coat,Tower 4,,Finishing,Tower Finishing,Paint,,29145000.0,2027-01-17,2027-01-29,,,,,0
1.1.5.3.1.16.16,False ceiling works,Tower 4,,Finishing,Tower Finishing,False Ceiling,,25850000.0,2027-02-04,2027-02-14,,,,,0
1.1.5.3.1.17,Sixteen Floor ,,,,,,,,2026-10-04,2027-02-24,,,,,
1.1.5.3.1.17.1,Blockwork,Tower 4,,Finishing,Tower Civil Finishes,Blockwork,,25433979.0,2026-10-04,2026-10-09,,,,,0
1.1.5.3.1.17.2,Internal Plumbing Works,Tower 4,,MEP,Tower MEP,Plumbing,,81004239.0,2026-10-09,2026-10-13,,,,,0
1.1.5.3.1.17.3,Waterproofing Works,Tower 4,,Finishing,Tower Civil Finishes,Waterproofing,,27180000.0,2026-10-11,2026-10-18,,,,,0
1.1.5.3.1.17.4,PCC,Tower 4,,Civil Works- RCC,RCC,Concreting,,0.0,2026-10-18,2026-10-22,,,,,0
1.1.5.3.1.17.5,Electrical Wiring works,Tower 4,,MEP,Tower MEP,Electrical,,90046621.8499511,2026-10-11,2026-10-18,,,,,0
1.1.5.3.1.17.6,Internal Plaster Works,Tower 4,,Finishing,Tower Civil Finishes,Int Plaster,,91708750.0,2026-10-18,2026-10-25,,,,,0
1.1.5.3.1.17.7,Toilet Dado Works,Tower 4,,Finishing,Tower Finishing,Flooring,,44880000.0,2026-10-25,2026-10-30,,,,,0
1.1.5.3.1.17.8,Toilet Flooring Works,Tower 4,,Finishing,Tower Finishing,Flooring,,46400000.0,2026-10-30,2026-12-18,,,,,0
1.1.5.3.1.17.9,Living Dining Flooring,Tower 4,,Finishing,Tower Finishing,Flooring,,94105000.0,2026-12-18,2026-12-23,,,,,0
1.1.5.3.1.17.10,Temporary Door Fixing,Tower 4,,Finishing,Tower Finishing,Door,,0.0,2026-10-09,2026-10-18,,,,,0
1.1.5.3.1.17.11,Aluminium Door Widnow Fixing,Tower 4,,Finishing,Tower Finishing,Door,,103573349.0,2026-12-23,2027-01-07,,,,,0
1.1.5.3.1.17.12,Rehung Door Fixing,Tower 4,,Finishing,Tower Finishing,Door,,0.0,2027-01-07,2027-01-15,,,,,0
1.1.5.3.1.17.13,Putty Primer coat,Tower 4,,Finishing,Tower Finishing,Paint,,0.0,2027-01-15,2027-01-21,,,,,0
1.1.5.3.1.17.14,Painting First Coat,Tower 4,,Finishing,Tower Finishing,Paint,,29145000.0,2027-01-21,2027-02-02,,,,,0
1.1.5.3.1.17.15,False ceiling works,Tower 4,,Finishing,Tower Finishing,False Ceiling,,25850000.0,2027-02-14,2027-02-24,,,,,0
1.1.5.3.1.18,Seventeen Floor ,,,,,,,,2026-10-14,2027-03-06,,,,,
1.1.5.3.1.18.1,Blockwork,Tower 4,,Finishing,Tower Civil Finishes,Blockwork,,25433979.0,2026-10-14,2026-10-19,,,,,0
1.1.5.3.1.18.2,Internal Plumbing Works,Tower 4,,MEP,Tower MEP,Plumbing,,81004239.0,2026-10-19,2026-10-23,,,,,0
1.1.5.3.1.18.3,Waterproofing Works,Tower 4,,Finishing,Tower Civil Finishes,Waterproofing,,27180000.0,2026-10-21,2026-10-28,,,,,0
1.1.5.3.1.18.4,PCC,Tower 4,,Civil Works- RCC,RCC,Concreting,,0.0,2026-10-28,2026-12-16,,,,,0
1.1.5.3.1.18.5,Electrical Wiring works,Tower 4,,MEP,Tower MEP,Electrical,,90046621.8499511,2026-10-21,2026-10-28,,,,,0
1.1.5.3.1.18.6,Internal Plaster Works,Tower 4,,Finishing,Tower Civil Finishes,Int Plaster,,91708750.0,2026-10-28,2026-12-19,,,,,0
1.1.5.3.1.18.7,Toilet Dado Works,Tower 4,,Finishing,Tower Finishing,Flooring,,44880000.0,2026-12-19,2026-12-24,,,,,0
1.1.5.3.1.18.8,Toilet Flooring Works,Tower 4,,Finishing,Tower Finishing,Flooring,,46400000.0,2026-12-24,2026-12-28,,,,,0
1.1.5.3.1.18.9,Living Dining Flooring,Tower 4,,Finishing,Tower Finishing,Flooring,,94105000.0,2026-12-28,2027-01-12,,,,,0
1.1.5.3.1.18.10,Temporary Door Fixing,Tower 4,,Finishing,Tower Finishing,Door,,0.0,2026-10-19,2026-10-28,,,,,0
1.1.5.3.1.18.11,Aluminium Door Widnow Fixing,Tower 4,,Finishing,Tower Finishing,Door,,103573449.0,2027-01-12,2027-01-27,,,,,0
1.1.5.3.1.18.12,Rehung Door Fixing,Tower 4,,Finishing,Tower Finishing,Door,,0.0,2027-01-27,2027-02-04,,,,,0
1.1.5.3.1.18.13,Putty Primer coat,Tower 4,,Finishing,Tower Finishing,Paint,,0.0,2027-02-04,2027-02-10,,,,,0
1.1.5.3.1.18.14,Painting First Coat,Tower 4,,Finishing,Tower Finishing,Paint,,29145000.0,2027-02-10,2027-02-22,,,,,0
1.1.5.3.1.18.15,False ceiling works,Tower 4,,Finishing,Tower Finishing,False Ceiling,,25850000.0,2027-02-24,2027-03-06,,,,,0
1.1.5.3.1.19,Eighteenth Floor ,,,,,,,,2026-10-25,2027-03-29,,,,,
1.1.5.3.1.19.1,Blockwork,Tower 4,,Finishing,Tower Civil Finishes,Blockwork,,25433979.0,2026-10-25,2026-10-30,,,,,0
1.1.5.3.1.19.2,Internal Plumbing Works,Tower 4,,MEP,Tower MEP,Plumbing,,81004239.0,2026-10-30,2026-12-20,,,,,0
1.1.5.3.1.19.3,Waterproofing Works,Tower 4,,Finishing,Tower Civil Finishes,Waterproofing,,27180000.0,2026-12-16,2026-12-26,,,,,0
1.1.5.3.1.19.4,PCC,Tower 4,,Civil Works- RCC,RCC,Concreting,,0.0,2026-12-28,2027-01-05,,,,,0
1.1.5.3.1.19.5,Electrical Wiring works,Tower 4,,MEP,Tower MEP,Electrical,,90046621.8499511,2026-12-16,2026-12-28,,,,,0
1.1.5.3.1.19.6,Internal Plaster Works,Tower 4,,Finishing,Tower Civil Finishes,Int Plaster,,91708750.0,2026-12-28,2027-01-06,,,,,0
1.1.5.3.1.19.7,Toilet Dado Works,Tower 4,,Finishing,Tower Finishing,Flooring,,44880000.0,2027-01-06,2027-01-15,,,,,0
1.1.5.3.1.19.8,Toilet Flooring Works,Tower 4,,Finishing,Tower Finishing,Flooring,,46400000.0,2027-01-15,2027-01-22,,,,,0
1.1.5.3.1.19.9,Living Dining Flooring,Tower 4,,Finishing,Tower Finishing,Flooring,,94105000.0,2027-01-22,2027-02-06,,,,,0
1.1.5.3.1.19.10,Temporary Door Fixing,Tower 4,,Finishing,Tower Finishing,Door,,0.0,2026-10-30,2026-12-23,,,,,0
1.1.5.3.1.19.11,Aluminium Door Widnow Fixing,Tower 4,,Finishing,Tower Finishing,Door,,103573349.0,2027-02-06,2027-02-21,,,,,0
1.1.5.3.1.19.12,Rehung Door Fixing,Tower 4,,Finishing,Tower Finishing,Door,,0.0,2027-02-21,2027-03-01,,,,,0
1.1.5.3.1.19.13,Putty Primer coat,Tower 4,,Finishing,Tower Finishing,Paint,,0.0,2027-03-01,2027-03-07,,,,,0
1.1.5.3.1.19.14,Painting First Coat,Tower 4,,Finishing,Tower Finishing,Paint,,29145000.0,2027-03-07,2027-03-19,,,,,0
1.1.5.3.1.19.15,False ceiling works,Tower 4,,Finishing,Tower Finishing,False Ceiling,,25850000.0,2027-03-19,2027-03-29,,,,,0
1.1.5.3.1.20,Ninteenth Floor ,,,,,,,,2026-12-20,2027-04-08,,,,,
1.1.5.3.1.20.1,Blockwork,Tower 4,,Finishing,Tower Civil Finishes,Blockwork,,25433979.0,2026-12-20,2026-12-25,,,,,0
1.1.5.3.1.20.2,Internal Plumbing Works,Tower 4,,MEP,Tower MEP,Plumbing,,81004239.0,2026-12-25,2026-12-30,,,,,0
1.1.5.3.1.20.3,Waterproofing Works,Tower 4,,Finishing,Tower Civil Finishes,Waterproofing,,27180000.0,2026-12-27,2027-01-01,,,,,0
1.1.5.3.1.20.4,PCC,Tower 4,,Civil Works- RCC,RCC,Concreting,,0.0,2027-01-01,2027-01-05,,,,,0
1.1.5.3.1.20.5,Electrical Wiring works,Tower 4,,MEP,Tower MEP,Electrical,,90046621.8499511,2026-12-27,2027-01-01,,,,,0
1.1.5.3.1.20.6,Internal Plaster Works,Tower 4,,Finishing,Tower Civil Finishes,Int Plaster,,91708750.0,2026-12-30,2027-01-04,,,,,0
1.1.5.3.1.20.7,Toilet Dado Works,Tower 4,,Finishing,Tower Finishing,Flooring,,44880000.0,2027-01-04,2027-01-13,,,,,0
1.1.5.3.1.20.8,Toilet Flooring Works,Tower 4,,Finishing,Tower Finishing,Flooring,,46400000.0,2027-01-13,2027-01-20,,,,,0
1.1.5.3.1.20.9,Living Dining Flooring,Tower 4,,Finishing,Tower Finishing,Flooring,,94105000.0,2027-01-20,2027-02-04,,,,,0
1.1.5.3.1.20.10,Temporary Door Fixing,Tower 4,,Finishing,Tower Finishing,Door,,0.0,2026-12-25,2027-01-03,,,,,0
1.1.5.3.1.20.11,Aluminium Door Widnow Fixing,Tower 4,,Finishing,Tower Finishing,Door,,103573349.0,2027-02-04,2027-02-19,,,,,0
1.1.5.3.1.20.12,Rehung Door Fixing,Tower 4,,Finishing,Tower Finishing,Door,,0.0,2027-02-19,2027-02-27,,,,,0
1.1.5.3.1.20.13,Putty Primer coat,Tower 4,,Finishing,Tower Finishing,Paint,,0.0,2027-02-27,2027-03-05,,,,,0
1.1.5.3.1.20.14,Painting First Coat,Tower 4,,Finishing,Tower Finishing,Paint,,29145000.0,2027-03-05,2027-03-17,,,,,0
1.1.5.3.1.20.15,False ceiling works,Tower 4,,Finishing,Tower Finishing,False Ceiling,,25850000.0,2027-03-29,2027-04-08,,,,,0
1.1.5.3.1.21,Twenty Floor ,,,,,,,,2026-12-31,2027-04-20,,,,,
1.1.5.3.1.21.1,Blockwork,Tower 4,,Finishing,Tower Civil Finishes,Blockwork,,25433979.0,2026-12-31,2027-01-05,,,,,0
1.1.5.3.1.21.2,Internal Plumbing Works,Tower 4,,MEP,Tower MEP,Plumbing,,81004239.0,2027-01-05,2027-01-11,,,,,0
1.1.5.3.1.21.3,Waterproofing Works,Tower 4,,Finishing,Tower Civil Finishes,Waterproofing,,27180000.0,2027-01-07,2027-01-17,,,,,0
1.1.5.3.1.21.4,PCC,Tower 4,,Civil Works- RCC,RCC,Concreting,,0.0,2027-01-19,2027-01-27,,,,,0
1.1.5.3.1.21.5,Electrical Wiring works,Tower 4,,MEP,Tower MEP,Electrical,,90046621.8499511,2027-01-07,2027-01-19,,,,,0
1.1.5.3.1.21.6,Internal Plaster Works,Tower 4,,Finishing,Tower Civil Finishes,Int Plaster,,91708750.0,2027-01-19,2027-01-28,,,,,0
1.1.5.3.1.21.7,Toilet Dado Works,Tower 4,,Finishing,Tower Finishing,Flooring,,44880000.0,2027-01-28,2027-02-06,,,,,0
1.1.5.3.1.21.8,Toilet Flooring Works,Tower 4,,Finishing,Tower Finishing,Flooring,,46400000.0,2027-02-06,2027-02-13,,,,,0
1.1.5.3.1.21.9,Living Dining Flooring,Tower 4,,Finishing,Tower Finishing,Flooring,,94105000.0,2027-02-13,2027-02-28,,,,,0
1.1.5.3.1.21.10,Temporary Door Fixing,Tower 4,,Finishing,Tower Finishing,Door,,0.0,2027-01-05,2027-01-14,,,,,0
1.1.5.3.1.21.11,Aluminium Door Widnow Fixing,Tower 4,,Finishing,Tower Finishing,Door,,103573349.0,2027-02-28,2027-03-15,,,,,0
1.1.5.3.1.21.12,Rehung Door Fixing,Tower 4,,Finishing,Tower Finishing,Door,,0.0,2027-03-15,2027-03-23,,,,,0
1.1.5.3.1.21.13,Putty Primer coat,Tower 4,,Finishing,Tower Finishing,Paint,,0.0,2027-03-23,2027-03-29,,,,,0
1.1.5.3.1.21.14,Painting First Coat,Tower 4,,Finishing,Tower Finishing,Paint,,29145000.0,2027-03-29,2027-04-10,,,,,0
1.1.5.3.1.21.15,False ceiling works,Tower 4,,Finishing,Tower Finishing,False Ceiling,,25850000.0,2027-04-10,2027-04-20,,,,,0
1.1.5.3.1.22,Twentyone Floor ,,,,,,,,2027-01-16,2027-05-11,,,,,
1.1.5.3.1.22.1,Blockwork,Tower 4,,Finishing,Tower Civil Finishes,Blockwork,,25433979.0,2027-01-16,2027-01-26,,,,,0
1.1.5.3.1.22.2,Internal Plumbing Works,Tower 4,,MEP,Tower MEP,Plumbing,,81004239.0,2027-01-26,2027-02-01,,,,,0
1.1.5.3.1.22.3,Waterproofing Works,Tower 4,,Finishing,Tower Civil Finishes,Waterproofing,,27180000.0,2027-01-28,2027-02-07,,,,,0
1.1.5.3.1.22.4,PCC,Tower 4,,Civil Works- RCC,RCC,Concreting,,0.0,2027-02-09,2027-02-17,,,,,0
1.1.5.3.1.22.5,Electrical Wiring works,Tower 4,,MEP,Tower MEP,Electrical,,90046621.8499511,2027-01-28,2027-02-09,,,,,0
1.1.5.3.1.22.6,Internal Plaster Works,Tower 4,,Finishing,Tower Civil Finishes,Int Plaster,,91708750.0,2027-02-09,2027-02-18,,,,,0
1.1.5.3.1.22.7,Toilet Dado Works,Tower 4,,Finishing,Tower Finishing,Flooring,,44880000.0,2027-02-18,2027-02-27,,,,,0
1.1.5.3.1.22.8,Toilet Flooring Works,Tower 4,,Finishing,Tower Finishing,Flooring,,46400000.0,2027-02-27,2027-03-06,,,,,0
1.1.5.3.1.22.9,Living Dining Flooring,Tower 4,,Finishing,Tower Finishing,Flooring,,94105000.0,2027-03-06,2027-03-21,,,,,0
1.1.5.3.1.22.10,Temporary Door Fixing,Tower 4,,Finishing,Tower Finishing,Door,,0.0,2027-01-26,2027-02-04,,,,,0
1.1.5.3.1.22.11,Aluminium Door Widnow Fixing,Tower 4,,Finishing,Tower Finishing,Door,,103573349.0,2027-03-21,2027-04-05,,,,,0
1.1.5.3.1.22.12,Rehung Door Fixing,Tower 4,,Finishing,Tower Finishing,Door,,0.0,2027-04-05,2027-04-13,,,,,0
1.1.5.3.1.22.13,Putty Primer coat,Tower 4,,Finishing,Tower Finishing,Paint,,0.0,2027-04-13,2027-04-19,,,,,0
1.1.5.3.1.22.14,Painting First Coat,Tower 4,,Finishing,Tower Finishing,Paint,,29145000.0,2027-04-19,2027-05-01,,,,,0
1.1.5.3.1.22.15,False ceiling works,Tower 4,,Finishing,Tower Finishing,False Ceiling,,25850000.0,2027-05-01,2027-05-11,,,,,0
1.1.5.3.1.23,Twenty two  Floor ,,,,,,,,2027-02-02,2027-05-28,,,,,
1.1.5.3.1.23.1,Blockwork,Tower 4,,Finishing,Tower Civil Finishes,Blockwork,,25433979.0,2027-02-02,2027-02-12,,,,,0
1.1.5.3.1.23.2,Internal Plumbing Works,Tower 4,,MEP,Tower MEP,Plumbing,,81004239.0,2027-02-12,2027-02-18,,,,,0
1.1.5.3.1.23.3,Waterproofing Works,Tower 4,,Finishing,Tower Civil Finishes,Waterproofing,,27180000.0,2027-02-14,2027-02-24,,,,,0
1.1.5.3.1.23.4,PCC,Tower 4,,Civil Works- RCC,RCC,Concreting,,0.0,2027-02-26,2027-03-06,,,,,0
1.1.5.3.1.23.5,Electrical Wiring works,Tower 4,,MEP,Tower MEP,Electrical,,90046621.8499511,2027-02-14,2027-02-26,,,,,0
1.1.5.3.1.23.6,Internal Plaster Works,Tower 4,,Finishing,Tower Civil Finishes,Int Plaster,,91708750.0,2027-02-26,2027-03-07,,,,,0
1.1.5.3.1.23.7,Toilet Dado Works,Tower 4,,Finishing,Tower Finishing,Flooring,,44880000.0,2027-03-07,2027-03-16,,,,,0
1.1.5.3.1.23.8,Toilet Flooring Works,Tower 4,,Finishing,Tower Finishing,Flooring,,46400000.0,2027-03-16,2027-03-23,,,,,0
1.1.5.3.1.23.9,Living Dining Flooring,Tower 4,,Finishing,Tower Finishing,Flooring,,94105000.0,2027-03-23,2027-04-07,,,,,0
1.1.5.3.1.23.10,Temporary Door Fixing,Tower 4,,Finishing,Tower Finishing,Door,,0.0,2027-02-12,2027-02-21,,,,,0
1.1.5.3.1.23.11,Aluminium Door Widnow Fixing,Tower 4,,Finishing,Tower Finishing,Door,,103573449.0,2027-04-07,2027-04-22,,,,,0
1.1.5.3.1.23.12,Rehung Door Fixing,Tower 4,,Finishing,Tower Finishing,Door,,0.0,2027-04-22,2027-04-30,,,,,0
1.1.5.3.1.23.13,Putty Primer coat,Tower 4,,Finishing,Tower Finishing,Paint,,0.0,2027-04-30,2027-05-06,,,,,0
1.1.5.3.1.23.14,Painting First Coat,Tower 4,,Finishing,Tower Finishing,Paint,,29145000.0,2027-05-06,2027-05-18,,,,,0
1.1.5.3.1.23.15,False ceiling works,Tower 4,,Finishing,Tower Finishing,False Ceiling,,25850000.0,2027-05-18,2027-05-28,,,,,0
1.1.5.3.1.24,Twenty Three Floor ,,,,,,,,2027-02-13,2027-06-08,,,,,
1.1.5.3.1.24.1,Blockwork,Tower 4,,Finishing,Tower Civil Finishes,Blockwork,,25433979.0,2027-02-13,2027-02-23,,,,,0
1.1.5.3.1.24.2,Internal Plumbing Works,Tower 4,,MEP,Tower MEP,Plumbing,,81004239.0,2027-02-23,2027-03-01,,,,,0
1.1.5.3.1.24.3,Waterproofing Works,Tower 4,,Finishing,Tower Civil Finishes,Waterproofing,,27180000.0,2027-02-25,2027-03-07,,,,,0
1.1.5.3.1.24.4,PCC,Tower 4,,Civil Works- RCC,RCC,Concreting,,0.0,2027-03-09,2027-03-17,,,,,0
1.1.5.3.1.24.5,Electrical Wiring works,Tower 4,,MEP,Tower MEP,Electrical,,90046621.8499511,2027-02-25,2027-03-09,,,,,0
1.1.5.3.1.24.6,Internal Plaster Works,Tower 4,,Finishing,Tower Civil Finishes,Int Plaster,,91708750.0,2027-03-09,2027-03-18,,,,,0
1.1.5.3.1.24.7,Toilet Dado Works,Tower 4,,Finishing,Tower Finishing,Flooring,,44880000.0,2027-03-18,2027-03-27,,,,,0
1.1.5.3.1.24.8,Toilet Flooring Works,Tower 4,,Finishing,Tower Finishing,Flooring,,46400000.0,2027-03-27,2027-04-03,,,,,0
1.1.5.3.1.24.9,Living Dining Flooring,Tower 4,,Finishing,Tower Finishing,Flooring,,94105000.0,2027-04-03,2027-04-18,,,,,0
1.1.5.3.1.24.10,Temporary Door Fixing,Tower 4,,Finishing,Tower Finishing,Door,,0.0,2027-02-23,2027-03-04,,,,,0
1.1.5.3.1.24.11,Aluminium Door Widnow Fixing,Tower 4,,Finishing,Tower Finishing,Door,,103573249.0,2027-04-18,2027-05-03,,,,,0
1.1.5.3.1.24.12,Rehung Door Fixing,Tower 4,,Finishing,Tower Finishing,Door,,0.0,2027-05-03,2027-05-11,,,,,0
1.1.5.3.1.24.13,Putty Primer coat,Tower 4,,Finishing,Tower Finishing,Paint,,0.0,2027-05-11,2027-05-17,,,,,0
1.1.5.3.1.24.14,Painting First Coat,Tower 4,,Finishing,Tower Finishing,Paint,,29145000.0,2027-05-17,2027-05-29,,,,,0
1.1.5.3.1.24.15,False ceiling works,Tower 4,,Finishing,Tower Finishing,False Ceiling,,25850000.0,2027-05-29,2027-06-08,,,,,0
1.1.5.3.1.25,Twenty Four Floor ,,,,,,,,2027-02-24,2027-06-18,,,,,
1.1.5.3.1.25.1,Blockwork,Tower 4,,Finishing,Tower Civil Finishes,Blockwork,,25433979.0,2027-02-24,2027-03-05,,,,,0
1.1.5.3.1.25.2,Internal Plumbing Works,Tower 4,,MEP,Tower MEP,Plumbing,,81004239.0,2027-03-06,2027-03-11,,,,,0
1.1.5.3.1.25.3,Waterproofing Works,Tower 4,,Finishing,Tower Civil Finishes,Waterproofing,,27180000.0,2027-03-08,2027-03-17,,,,,0
1.1.5.3.1.25.4,PCC,Tower 4,,Civil Works- RCC,RCC,Concreting,,0.0,2027-03-20,2027-03-27,,,,,0
1.1.5.3.1.25.5,Electrical Wiring works,Tower 4,,MEP,Tower MEP,Electrical,,90046621.8499511,2027-03-08,2027-03-19,,,,,0
1.1.5.3.1.25.6,Internal Plaster Works,Tower 4,,Finishing,Tower Civil Finishes,Int Plaster,,91708750.0,2027-03-20,2027-03-28,,,,,0
1.1.5.3.1.25.7,Toilet Dado Works,Tower 4,,Finishing,Tower Finishing,Flooring,,44880000.0,2027-03-29,2027-04-06,,,,,0
1.1.5.3.1.25.8,Toilet Flooring Works,Tower 4,,Finishing,Tower Finishing,Flooring,,46400000.0,2027-04-07,2027-04-13,,,,,0
1.1.5.3.1.25.9,Living Dining Flooring,Tower 4,,Finishing,Tower Finishing,Flooring,,94105000.0,2027-04-14,2027-04-28,,,,,0
1.1.5.3.1.25.10,Temporary Door Fixing,Tower 4,,Finishing,Tower Finishing,Door,,0.0,2027-03-06,2027-03-14,,,,,0
1.1.5.3.1.25.11,Aluminium Door Widnow Fixing,Tower 4,,Finishing,Tower Finishing,Door,,103573349.0,2027-04-29,2027-05-13,,,,,0
1.1.5.3.1.25.12,Rehung Door Fixing,Tower 4,,Finishing,Tower Finishing,Door,,0.0,2027-05-14,2027-05-21,,,,,0
1.1.5.3.1.25.13,Putty Primer coat,Tower 4,,Finishing,Tower Finishing,Paint,,0.0,2027-05-22,2027-05-27,,,,,0
1.1.5.3.1.25.14,Painting First Coat,Tower 4,,Finishing,Tower Finishing,Paint,,29145000.0,2027-05-28,2027-06-08,,,,,0
1.1.5.3.1.25.15,False ceiling works,Tower 4,,Finishing,Tower Finishing,False Ceiling,,25850000.0,2027-06-09,2027-06-18,,,,,0
1.1.5.3.1.26,Twenty Five Floors,,,,,,,,2027-03-07,2027-06-29,,,,,
1.1.5.3.1.26.1,Blockwork,Tower 4,,Finishing,Tower Civil Finishes,Blockwork,,25433979.0,2027-03-07,2027-03-16,,,,,0
1.1.5.3.1.26.2,Internal Plumbing Works,Tower 4,,MEP,Tower MEP,Plumbing,,81004239.0,2027-03-17,2027-03-22,,,,,0
1.1.5.3.1.26.3,Waterproofing Works,Tower 4,,Finishing,Tower Civil Finishes,Waterproofing,,27180000.0,2027-03-19,2027-03-28,,,,,0
1.1.5.3.1.26.4,PCC,Tower 4,,Civil Works- RCC,RCC,Concreting,,0.0,2027-03-31,2027-04-07,,,,,0
1.1.5.3.1.26.5,Electrical Wiring works,Tower 4,,MEP,Tower MEP,Electrical,,90046621.8499511,2027-03-19,2027-03-30,,,,,0
1.1.5.3.1.26.6,Internal Plaster Works,Tower 4,,Finishing,Tower Civil Finishes,Int Plaster,,91708750.0,2027-03-31,2027-04-08,,,,,0
1.1.5.3.1.26.7,Toilet Dado Works,Tower 4,,Finishing,Tower Finishing,Flooring,,44880000.0,2027-04-09,2027-04-17,,,,,0
1.1.5.3.1.26.8,Toilet Flooring Works,Tower 4,,Finishing,Tower Finishing,Flooring,,46400000.0,2027-04-18,2027-04-24,,,,,0
1.1.5.3.1.26.9,Living Dining Flooring,Tower 4,,Finishing,Tower Finishing,Flooring,,94105000.0,2027-04-25,2027-05-09,,,,,0
1.1.5.3.1.26.10,Temporary Door Fixing,Tower 4,,Finishing,Tower Finishing,Door,,0.0,2027-03-17,2027-03-25,,,,,0
1.1.5.3.1.26.11,Aluminium Door Widnow Fixing,Tower 4,,Finishing,Tower Finishing,Door,,103573349.0,2027-05-10,2027-05-24,,,,,0
1.1.5.3.1.26.12,Rehung Door Fixing,Tower 4,,Finishing,Tower Finishing,Door,,0.0,2027-05-25,2027-06-01,,,,,0
1.1.5.3.1.26.13,Putty Primer coat,Tower 4,,Finishing,Tower Finishing,Paint,,0.0,2027-06-02,2027-06-07,,,,,0
1.1.5.3.1.26.14,Painting First Coat,Tower 4,,Finishing,Tower Finishing,Paint,,29145000.0,2027-06-08,2027-06-19,,,,,0
1.1.5.3.1.26.15,False ceiling works,Tower 4,,Finishing,Tower Finishing,False Ceiling,,25850000.0,2027-06-20,2027-06-29,,,,,0
1.1.5.3.1.27,Twenty Six Floor ,,,,,,,,2027-03-18,2027-07-10,,,,,
1.1.5.3.1.27.1,Blockwork,Tower 4,,Finishing,Tower Civil Finishes,Blockwork,,25433979.0,2027-03-18,2027-03-27,,,,,0
1.1.5.3.1.27.2,Internal Plumbing Works,Tower 4,,MEP,Tower MEP,Plumbing,,81004239.0,2027-03-28,2027-04-02,,,,,0
1.1.5.3.1.27.3,Waterproofing Works,Tower 4,,Finishing,Tower Civil Finishes,Waterproofing,,27180000.0,2027-03-30,2027-04-08,,,,,0
1.1.5.3.1.27.4,PCC,Tower 4,,Civil Works- RCC,RCC,Concreting,,0.0,2027-04-11,2027-04-18,,,,,0
1.1.5.3.1.27.5,Electrical Wiring works,Tower 4,,MEP,Tower MEP,Electrical,,90046621.8499511,2027-03-30,2027-04-10,,,,,0
1.1.5.3.1.27.6,Internal Plaster Works,Tower 4,,Finishing,Tower Civil Finishes,Int Plaster,,91708750.0,2027-04-11,2027-04-19,,,,,0
1.1.5.3.1.27.7,Toilet Dado Works,Tower 4,,Finishing,Tower Finishing,Flooring,,44880000.0,2027-04-20,2027-04-28,,,,,0
1.1.5.3.1.27.8,Toilet Flooring Works,Tower 4,,Finishing,Tower Finishing,Flooring,,46400000.0,2027-04-29,2027-05-05,,,,,0
1.1.5.3.1.27.9,Living Dining Flooring,Tower 4,,Finishing,Tower Finishing,Flooring,,94105000.0,2027-05-06,2027-05-20,,,,,0
1.1.5.3.1.27.10,Temporary Door Fixing,Tower 4,,Finishing,Tower Finishing,Door,,0.0,2027-03-28,2027-04-05,,,,,0
1.1.5.3.1.27.11,Aluminium Door Widnow Fixing,Tower 4,,Finishing,Tower Finishing,Door,,103573249.0,2027-05-21,2027-06-04,,,,,0
1.1.5.3.1.27.12,Rehung Door Fixing,Tower 4,,Finishing,Tower Finishing,Door,,0.0,2027-06-05,2027-06-12,,,,,0
1.1.5.3.1.27.13,Putty Primer coat,Tower 4,,Finishing,Tower Finishing,Paint,,0.0,2027-06-13,2027-06-18,,,,,0
1.1.5.3.1.27.14,Painting First Coat,Tower 4,,Finishing,Tower Finishing,Paint,,29145000.0,2027-06-19,2027-06-30,,,,,0
1.1.5.3.1.27.15,False ceiling works,Tower 4,,Finishing,Tower Finishing,False Ceiling,,25850000.0,2027-07-01,2027-07-10,,,,,0
1.1.5.3.1.28,Twenty Seven Floors,,,,,,,,2027-04-04,2027-07-27,,,,,
1.1.5.3.1.28.1,Blockwork,Tower 4,,Finishing,Tower Civil Finishes,Blockwork,,25433979.0,2027-04-04,2027-04-13,,,,,0
1.1.5.3.1.28.2,Internal Plumbing Works,Tower 4,,MEP,Tower MEP,Plumbing,,81004239.0,2027-04-14,2027-04-19,,,,,0
1.1.5.3.1.28.3,Waterproofing Works,Tower 4,,Finishing,Tower Civil Finishes,Waterproofing,,27180000.0,2027-04-16,2027-04-25,,,,,0
1.1.5.3.1.28.4,PCC,Tower 4,,Civil Works- RCC,RCC,Concreting,,0.0,2027-04-28,2027-05-05,,,,,0
1.1.5.3.1.28.5,Electrical Wiring works,Tower 4,,MEP,Tower MEP,Electrical,,90046621.8499511,2027-04-16,2027-04-27,,,,,0
1.1.5.3.1.28.6,Internal Plaster Works,Tower 4,,Finishing,Tower Civil Finishes,Int Plaster,,91708750.0,2027-04-28,2027-05-06,,,,,0
1.1.5.3.1.28.7,Toilet Dado Works,Tower 4,,Finishing,Tower Finishing,Flooring,,44880000.0,2027-05-07,2027-05-15,,,,,0
1.1.5.3.1.28.8,Toilet Flooring Works,Tower 4,,Finishing,Tower Finishing,Flooring,,46400000.0,2027-05-16,2027-05-22,,,,,0
1.1.5.3.1.28.9,Living Dining Flooring,Tower 4,,Finishing,Tower Finishing,Flooring,,94105000.0,2027-05-23,2027-06-06,,,,,0
1.1.5.3.1.28.10,Temporary Door Fixing,Tower 4,,Finishing,Tower Finishing,Door,,0.0,2027-04-14,2027-04-22,,,,,0
1.1.5.3.1.28.11,Aluminium Door Widnow Fixing,Tower 4,,Finishing,Tower Finishing,Door,,103573149.0,2027-06-07,2027-06-21,,,,,0
1.1.5.3.1.28.12,Rehung Door Fixing,Tower 4,,Finishing,Tower Finishing,Door,,0.0,2027-06-22,2027-06-29,,,,,0
1.1.5.3.1.28.13,Putty Primer coat,Tower 4,,Finishing,Tower Finishing,Paint,,0.0,2027-06-30,2027-07-05,,,,,0
1.1.5.3.1.28.14,Painting First Coat,Tower 4,,Finishing,Tower Finishing,Paint,,29145000.0,2027-07-06,2027-07-17,,,,,0
1.1.5.3.1.28.15,False ceiling works,Tower 4,,Finishing,Tower Finishing,False Ceiling,,25850000.0,2027-07-18,2027-07-27,,,,,0
1.1.5.3.1.29,Twenty Eight Floor ,,,,,,,,2027-04-08,2027-08-06,,,,,
1.1.5.3.1.29.1,Blockwork,Tower 4,,Finishing,Tower Civil Finishes,Blockwork,,25433979.0,2027-04-08,2027-04-17,,,,,0
1.1.5.3.1.29.2,Internal Plumbing Works,Tower 4,,MEP,Tower MEP,Plumbing,,81004239.0,2027-04-18,2027-04-23,,,,,0
1.1.5.3.1.29.3,Waterproofing Works,Tower 4,,Finishing,Tower Civil Finishes,Waterproofing,,27180000.0,2027-04-20,2027-04-29,,,,,0
1.1.5.3.1.29.4,PCC,Tower 4,,Civil Works- RCC,RCC,Concreting,,0.0,2027-05-02,2027-05-09,,,,,0
1.1.5.3.1.29.5,Electrical Wiring works,Tower 4,,MEP,Tower MEP,Electrical,,90046621.8499511,2027-04-20,2027-05-01,,,,,0
1.1.5.3.1.29.6,Internal Plaster Works,Tower 4,,Finishing,Tower Civil Finishes,Int Plaster,,91708750.0,2027-05-02,2027-05-10,,,,,0
1.1.5.3.1.29.7,Toilet Dado Works,Tower 4,,Finishing,Tower Finishing,Flooring,,44880000.0,2027-05-11,2027-05-19,,,,,0
1.1.5.3.1.29.8,Toilet Flooring Works,Tower 4,,Finishing,Tower Finishing,Flooring,,46400000.0,2027-05-20,2027-05-26,,,,,0
1.1.5.3.1.29.9,Living Dining Flooring,Tower 4,,Finishing,Tower Finishing,Flooring,,94105000.0,2027-05-27,2027-06-10,,,,,0
1.1.5.3.1.29.10,Temporary Door Fixing,Tower 4,,Finishing,Tower Finishing,Door,,0.0,2027-04-18,2027-04-26,,,,,0
1.1.5.3.1.29.11,Aluminium Door Widnow Fixing,Tower 4,,Finishing,Tower Finishing,Door,,103573449.0,2027-06-11,2027-06-25,,,,,0
1.1.5.3.1.29.12,Rehung Door Fixing,Tower 4,,Finishing,Tower Finishing,Door,,0.0,2027-06-26,2027-07-03,,,,,0
1.1.5.3.1.29.13,Putty Primer coat,Tower 4,,Finishing,Tower Finishing,Paint,,0.0,2027-07-04,2027-07-09,,,,,0
1.1.5.3.1.29.14,Painting First Coat,Tower 4,,Finishing,Tower Finishing,Paint,,29145000.0,2027-07-10,2027-07-21,,,,,0
1.1.5.3.1.29.15,False ceiling works,Tower 4,,Finishing,Tower Finishing,False Ceiling,,25850000.0,2027-07-28,2027-08-06,,,,,0
1.1.5.3.1.30,Twenty Nine Floors,,,,,,,,2027-04-12,2027-08-16,,,,,
1.1.5.3.1.30.1,Blockwork,Tower 4,,Finishing,Tower Civil Finishes,Blockwork,,25433979.0,2027-04-12,2027-05-03,,,,,0
1.1.5.3.1.30.2,Internal Plumbing Works,Tower 4,,MEP,Tower MEP,Plumbing,,81004239.0,2027-05-04,2027-05-09,,,,,0
1.1.5.3.1.30.3,Waterproofing Works,Tower 4,,Finishing,Tower Civil Finishes,Waterproofing,,27180000.0,2027-05-06,2027-05-15,,,,,0
1.1.5.3.1.30.4,PCC,Tower 4,,Civil Works- RCC,RCC,Concreting,,0.0,2027-05-18,2027-05-25,,,,,0
1.1.5.3.1.30.5,Electrical Wiring works,Tower 4,,MEP,Tower MEP,Electrical,,90046621.8499511,2027-05-06,2027-05-17,,,,,0
1.1.5.3.1.30.6,Internal Plaster Works,Tower 4,,Finishing,Tower Civil Finishes,Int Plaster,,91708750.0,2027-05-18,2027-05-26,,,,,0
1.1.5.3.1.30.7,Toilet Dado Works,Tower 4,,Finishing,Tower Finishing,Flooring,,44880000.0,2027-05-27,2027-06-04,,,,,0
1.1.5.3.1.30.8,Toilet Flooring Works,Tower 4,,Finishing,Tower Finishing,Flooring,,46400000.0,2027-06-05,2027-06-11,,,,,0
1.1.5.3.1.30.9,Living Dining Flooring,Tower 4,,Finishing,Tower Finishing,Flooring,,94105000.0,2027-06-12,2027-06-26,,,,,0
1.1.5.3.1.30.10,Temporary Door Fixing,Tower 4,,Finishing,Tower Finishing,Door,,0.0,2027-05-04,2027-05-12,,,,,0
1.1.5.3.1.30.11,Aluminium Door Widnow Fixing,Tower 4,,Finishing,Tower Finishing,Door,,103573249.0,2027-06-27,2027-07-11,,,,,0
1.1.5.3.1.30.12,Rehung Door Fixing,Tower 4,,Finishing,Tower Finishing,Door,,0.0,2027-07-12,2027-07-19,,,,,0
1.1.5.3.1.30.13,Putty Primer coat,Tower 4,,Finishing,Tower Finishing,Paint,,0.0,2027-07-20,2027-07-25,,,,,0
1.1.5.3.1.30.14,Painting First Coat,Tower 4,,Finishing,Tower Finishing,Paint,,29145000.0,2027-07-26,2027-08-06,,,,,0
1.1.5.3.1.30.15,False ceiling works,Tower 4,,Finishing,Tower Finishing,False Ceiling,,25850000.0,2027-08-07,2027-08-16,,,,,0
1.1.5.3.1.31,Thirty Floors,,,,,,,,2027-05-04,2027-08-26,,,,,
1.1.5.3.1.31.1,Blockwork,Tower 4,,Finishing,Tower Civil Finishes,Blockwork,,25433979.0,2027-05-04,2027-05-06,,,,,0
1.1.5.3.1.31.2,Internal Plumbing Works,Tower 4,,MEP,Tower MEP,Plumbing,,81004239.0,2027-05-07,2027-05-12,,,,,0
1.1.5.3.1.31.3,Waterproofing Works,Tower 4,,Finishing,Tower Civil Finishes,Waterproofing,,27180000.0,2027-05-09,2027-05-18,,,,,0
1.1.5.3.1.31.4,PCC,Tower 4,,Civil Works- RCC,RCC,Concreting,,0.0,2027-05-21,2027-05-28,,,,,0
1.1.5.3.1.31.5,Electrical Wiring works,Tower 4,,MEP,Tower MEP,Electrical,,90046621.8499511,2027-05-09,2027-05-20,,,,,0
1.1.5.3.1.31.6,Internal Plaster Works,Tower 4,,Finishing,Tower Civil Finishes,Int Plaster,,91708750.0,2027-05-21,2027-05-29,,,,,0
1.1.5.3.1.31.7,Toilet Dado Works,Tower 4,,Finishing,Tower Finishing,Flooring,,44880000.0,2027-05-30,2027-06-07,,,,,0
1.1.5.3.1.31.8,Toilet Flooring Works,Tower 4,,Finishing,Tower Finishing,Flooring,,46400000.0,2027-06-08,2027-06-14,,,,,0
1.1.5.3.1.31.9,Living Dining Flooring,Tower 4,,Finishing,Tower Finishing,Flooring,,94105000.0,2027-06-15,2027-06-29,,,,,0
1.1.5.3.1.31.10,Temporary Door Fixing,Tower 4,,Finishing,Tower Finishing,Door,,0.0,2027-05-07,2027-05-15,,,,,0
1.1.5.3.1.31.11,Aluminium Door Widnow Fixing,Tower 4,,Finishing,Tower Finishing,Door,,103573249.0,2027-06-30,2027-07-14,,,,,0
1.1.5.3.1.31.12,Rehung Door Fixing,Tower 4,,Finishing,Tower Finishing,Door,,0.0,2027-07-15,2027-07-22,,,,,0
1.1.5.3.1.31.13,Putty Primer coat,Tower 4,,Finishing,Tower Finishing,Paint,,0.0,2027-07-23,2027-07-28,,,,,0
1.1.5.3.1.31.14,Painting First Coat,Tower 4,,Finishing,Tower Finishing,Paint,,29145000.0,2027-07-29,2027-08-09,,,,,0
1.1.5.3.1.31.15,False ceiling works,Tower 4,,Finishing,Tower Finishing,False Ceiling,,25850000.0,2027-08-17,2027-08-26,,,,,0
1.1.5.3.1.32,Thirty one Floor ,,,,,,,,2027-05-07,2027-10-06,,,,,
1.1.5.3.1.32.1,Blockwork,Tower 4,,Finishing,Tower Civil Finishes,Blockwork,,25433979.0,2027-05-07,2027-05-13,,,,,0
1.1.5.3.1.32.2,Internal Plumbing Works,Tower 4,,MEP,Tower MEP,Plumbing,,162008478.748778,2027-05-14,2027-05-28,,,,,0
1.1.5.3.1.32.3,Waterproofing Works,Tower 4,,Finishing,Tower Civil Finishes,Waterproofing,,27180000.0,2027-05-16,2027-05-30,,,,,0
1.1.5.3.1.32.4,PCC,Tower 4,,Civil Works- RCC,RCC,Concreting,,0.0,2027-05-31,2027-06-11,,,,,0
1.1.5.3.1.32.5,Electrical Wiring works,Tower 4,,MEP,Tower MEP,Electrical,,90046621.8499511,2027-05-16,2027-05-30,,,,,0
1.1.5.3.1.32.6,Internal Plaster Works,Tower 4,,Finishing,Tower Civil Finishes,Int Plaster,,91708750.0,2027-05-31,2027-06-12,,,,,0
1.1.5.3.1.32.7,Toilet Dado Works,Tower 4,,Finishing,Tower Finishing,Flooring,,44880000.0,2027-06-13,2027-07-02,,,,,0
1.1.5.3.1.32.8,Toilet Flooring Works,Tower 4,,Finishing,Tower Finishing,Flooring,,46400000.0,2027-07-03,2027-08-01,,,,,0
1.1.5.3.1.32.9,Living Dining Flooring,Tower 4,,Finishing,Tower Finishing,Flooring,,94105000.0,2027-08-02,2027-08-16,,,,,0
1.1.5.3.1.32.10,Temporary Door Fixing,Tower 4,,Finishing,Tower Finishing,Door,,0.0,2027-05-14,2027-05-22,,,,,0
1.1.5.3.1.32.11,Aluminium Door Widnow Fixing,Tower 4,,Finishing,Tower Finishing,Door,,103573449.0,2027-08-17,2027-08-31,,,,,0
1.1.5.3.1.32.12,Rehung Door Fixing,Tower 4,,Finishing,Tower Finishing,Door,,54925000.0,2027-09-01,2027-09-08,,,,,0
1.1.5.3.1.32.13,Putty Primer coat,Tower 4,,Finishing,Tower Finishing,Paint,,0.0,2027-09-09,2027-09-14,,,,,0
1.1.5.3.1.32.14,Painting First Coat,Tower 4,,Finishing,Tower Finishing,Paint,,29145000.0,2027-09-15,2027-09-26,,,,,0
1.1.5.3.1.32.15,False ceiling works,Tower 4,,Finishing,Tower Finishing,False Ceiling,,25850000.0,2027-09-27,2027-10-06,,,,,0
1.1.5.3.2,Terrace Finishing,,,,,,,,2027-04-04,2027-06-22,,,,,
1.1.5.3.2.1,Terrace Waterproofing,Tower 4,Terrace,Finishing,Tower Civil Finishes,Waterproofing,,315727200.0,2027-04-04,2027-05-13,,,,,0
1.1.5.3.2.2,Terrace Finishing,Tower 4,Terrace,Finishing,Common area finishes,CA-Flooring,,0.0,2027-05-14,2027-06-22,,,,,0
1.1.5.3.3,Common Area Finishing,,,,,,,,2027-04-04,2028-03-01,,,,,
1.1.5.3.3.1,Blockwork,Tower 4,,Finishing,Common area finishes,CA-Blockwork,,100.0,2027-04-04,2027-05-13,,,,,0
1.1.5.3.3.2,Internal Plaster,Tower 4,,Finishing,Common area finishes,CA-Int Plaster,,100.0,2027-04-24,2027-08-21,,,,,0
1.1.5.3.3.3,Staircase railing fixing,Tower 4,,Finishing,Common area finishes,CA-Railing,,100.0,2027-05-14,2027-10-10,,,,,0
1.1.5.3.3.4,Main Staircase flooring,Tower 4,,Finishing,Common area finishes,CA-Flooring,,100.0,2027-07-23,2028-02-02,,,,,0
1.1.5.3.3.5,Fire Staircase railing,Tower 4,,Finishing,Common area finishes,CA-Railing,,100.0,2027-10-11,2028-03-01,,,,,0
1.1.5.3.3.6,Fire Door Work,Tower 4,,Finishing,Common area finishes,CA-Door,,404352000.0,2027-08-22,2027-10-20,,,,,0
1.1.5.3.3.7,Electrical wiring work,Tower 4,,MEP,Common area-MEP,CA-Electrical,,100.0,2027-04-24,2027-08-21,,,,,0
1.1.5.3.3.8,Lobby Flooring,Tower 4,,Finishing,Common area finishes,CA-Flooring,,100.0,2027-05-24,2027-10-20,,,,,0
1.1.5.3.3.9,Ceiling & wall putty-primer,Tower 4,,Finishing,Common area finishes,CA-Paint,,100.0,2027-05-24,2027-09-10,,,,,0
1.1.5.3.3.10,Ceiling and wall painting,Tower 4,,Finishing,Common area finishes,CA-Paint,,100.0,2027-06-03,2027-09-10,,,,,0
1.1.5.3.3.11,Light fixture supply & installation,Tower 4,,MEP,Common area-MEP,CA-Electrical,,100.0,2027-08-02,2027-09-15,,,,,0
1.1.5.3.4,Glass Railing Fixing,,,,,,,,2027-09-03,2027-12-16,,,,,
1.1.5.3.4.1,2nd Floor,Tower 4,2nd Floor,Finishing,Tower Civil Finishes,Railing,,100.0,2027-09-03,2027-09-04,,,,,0
1.1.5.3.4.2,3rd Floor,Tower 4,3rd Floor,Finishing,Tower Civil Finishes,Railing,,100.0,2027-09-05,2027-09-06,,,,,0
1.1.5.3.4.3,4th Floor,Tower 4,4th Floor,Finishing,Tower Civil Finishes,Railing,,100.0,2027-09-07,2027-09-08,,,,,0
1.1.5.3.4.4,5th Floor,Tower 4,5th Floor,Finishing,Tower Civil Finishes,Railing,,100.0,2027-09-09,2027-09-10,,,,,0
1.1.5.3.4.5,6th Floor,Tower 4,6th Floor,Finishing,Tower Civil Finishes,Railing,,100.0,2027-09-11,2027-09-12,,,,,0
1.1.5.3.4.6,7th Floor,Tower 4,7th Floor,Finishing,Tower Civil Finishes,Railing,,100.0,2027-09-13,2027-09-14,,,,,0
1.1.5.3.4.7,8th Floor,Tower 4,8th Floor,Finishing,Tower Civil Finishes,Railing,,100.0,2027-09-15,2027-09-16,,,,,0
1.1.5.3.4.8,9th Floor,Tower 4,9th Floor,Finishing,Tower Civil Finishes,Railing,,100.0,2027-09-17,2027-09-18,,,,,0
1.1.5.3.4.9,10th Floor,Tower 4,10th Floor,Finishing,Tower Civil Finishes,Railing,,100.0,2027-09-19,2027-09-20,,,,,0
1.1.5.3.4.10,11th Floor,Tower 4,11th Floor,Finishing,Tower Civil Finishes,Railing,,100.0,2027-09-21,2027-09-22,,,,,0
1.1.5.3.4.11,12th Floor,Tower 4,12th Floor,Finishing,Tower Civil Finishes,Railing,,100.0,2027-09-23,2027-09-24,,,,,0
1.1.5.3.4.12,13th Floor,Tower 4,13th Floor,Finishing,Tower Civil Finishes,Railing,,100.0,2027-09-25,2027-09-26,,,,,0
1.1.5.3.4.13,14th Floor,Tower 4,14th Floor,Finishing,Tower Civil Finishes,Railing,,100.0,2027-09-27,2027-09-28,,,,,0
1.1.5.3.4.14,15th Floor,Tower 4,15th Floor,Finishing,Tower Civil Finishes,Railing,,100.0,2027-09-29,2027-09-30,,,,,0
1.1.5.3.4.15,16th Floor,Tower 4,16th Floor,Finishing,Tower Civil Finishes,Railing,,100.0,2027-10-01,2027-10-02,,,,,0
1.1.5.3.4.16,17th Floor,Tower 4,17th Floor,Finishing,Tower Civil Finishes,Railing,,100.0,2027-10-03,2027-10-04,,,,,0
1.1.5.3.4.17,18th Floor,Tower 4,18th Floor,Finishing,Tower Civil Finishes,Railing,,100.0,2027-10-05,2027-10-06,,,,,0
1.1.5.3.4.18,19th Floor,Tower 4,19th Floor,Finishing,Tower Civil Finishes,Railing,,100.0,2027-10-07,2027-10-08,,,,,0
1.1.5.3.4.19,20th Floor,Tower 4,20th Floor,Finishing,Tower Civil Finishes,Railing,,100.0,2027-10-09,2027-10-10,,,,,0
1.1.5.3.4.20,21st Floor,Tower 4,21st Floor,Finishing,Tower Civil Finishes,Railing,,100.0,2027-10-11,2027-10-12,,,,,0
1.1.5.3.4.21,22nd Floor,Tower 4,22nd Floor,Finishing,Tower Civil Finishes,Railing,,100.0,2027-10-13,2027-10-14,,,,,0
1.1.5.3.4.22,23rd Floor,Tower 4,23rd Floor,Finishing,Tower Civil Finishes,Railing,,100.0,2027-10-15,2027-10-16,,,,,0
1.1.5.3.4.23,24th Floor,Tower 4,24th Floor,Finishing,Tower Civil Finishes,Railing,,100.0,2027-10-17,2027-10-18,,,,,0
1.1.5.3.4.24,25th Floor,Tower 4,25th Floor,Finishing,Tower Civil Finishes,Railing,,100.0,2027-10-19,2027-10-20,,,,,0
1.1.5.3.4.25,26th Floor,Tower 4,26th Floor,Finishing,Tower Civil Finishes,Railing,,100.0,2027-10-21,2027-10-22,,,,,0
1.1.5.3.4.26,27th Floor,Tower 4,27th Floor,Finishing,Tower Civil Finishes,Railing,,100.0,2027-10-23,2027-10-24,,,,,0
1.1.5.3.4.27,28th Floor,Tower 4,28th Floor,Finishing,Tower Civil Finishes,Railing,,100.0,2027-10-25,2027-10-26,,,,,0
1.1.5.3.4.28,29th Floor,Tower 4,29th Floor,Finishing,Tower Civil Finishes,Railing,,100.0,2027-10-27,2027-10-28,,,,,0
1.1.5.3.4.29,30th Floor,Tower 4,30th Floor,Finishing,Tower Civil Finishes,Railing,,100.0,2027-10-29,2027-10-30,,,,,0
1.1.5.3.4.30,31st Floor,Tower 4,31st Floor,Finishing,Tower Civil Finishes,Railing,,100.0,2027-10-31,2027-12-16,,,,,0
1.1.5.4,MEP,,,,,,,,2027-04-04,2028-07-11,,,,,
1.1.5.4.1,Electrical Works,,,,,,,,2027-04-04,2028-02-07,,,,,
1.1.5.4.1.1,Cable Tray,Tower 4,,MEP,Tower MEP,Electrical,,239843850.0,2027-04-04,2027-07-02,,,,,0
1.1.5.4.1.2,"Cable, main & sub main",Tower 4,,MEP,Tower MEP,Electrical,,1084245083.33333,2027-05-19,2027-08-06,,,,,0
1.1.5.4.1.3,LT panel & DB,Tower 4,,MEP,Tower MEP,Electrical,,1007439483.33333,2027-07-03,2027-10-30,,,,,0
1.1.5.4.1.4,Rising main,Tower 4,,MEP,Tower MEP,Plumbing,,178200000.0,2027-06-03,2027-08-31,,,,,0
1.1.5.4.1.5,EARTHING Works,Tower 4,,MEP,Tower MEP,Electrical,,179018733.333333,2027-04-19,2027-06-17,,,,,0
1.1.5.4.1.6,Advance lightening protection,Tower 4,,MEP,Tower MEP,Electrical,,100.0,2027-06-23,2027-08-21,,,,,0
1.1.5.4.1.7,Inverter,Tower 4,,MEP,Tower MEP,Electrical,,100.0,2027-10-06,2027-12-24,,,,,0
1.1.5.4.1.8,Energy meter,Tower 4,,MEP,Tower MEP,Electrical,,84000000.0,2027-08-07,2027-10-05,,,,,0
1.1.5.4.1.9,Exhast fan,Tower 4,,MEP,Tower MEP,Electrical,,80700000.0,2027-07-08,2027-09-05,,,,,0
1.1.5.4.1.10,FTTH,Tower 4,,MEP,Tower MEP,Electrical,,54000000.0,2027-06-08,2027-08-06,,,,,0
1.1.5.4.1.11,Security System - FA & PA,Tower 4,,MEP,Tower MEP,Electrical,,503715200.0,2027-10-31,2028-02-07,,,,,0
1.1.5.4.1.12,Solar water heater,Tower 4,,MEP,Tower MEP,Plumbing,,100.0,2027-06-23,2027-08-21,,,,,0
1.1.5.4.2,Plumbing Works,,,,,,,,2027-05-14,2028-01-23,,,,,
1.1.5.4.2.1,Terrace looping,Tower 4,Terrace,MEP,Tower MEP,Plumbing,,100.0,2027-05-14,2027-06-27,,,,,0
1.1.5.4.2.2,Shaft Plumbing,Tower 4,,MEP,Tower MEP,Plumbing,,100.0,2027-06-28,2027-10-25,,,,,0
1.1.5.4.2.3,CP sanitary fixture supply,Tower 4,,MEP,Tower MEP,CP Sanitary,,773500000.0,2027-06-13,2027-08-26,,,,,0
1.1.5.4.2.4,Cold & flushing water supply,Tower 4,,MEP,Tower MEP,Plumbing,,100.0,2027-08-22,2028-01-03,,,,,0
1.1.5.4.2.5,Misc work,Tower 4,,Finishing,Miscellaneous,Misc,,100.0,2027-12-25,2028-01-23,,,,,0
1.1.5.4.3,Fire Fighting Works,,,,,,,,2027-06-13,2028-03-01,,,,,
1.1.5.4.3.1,Fire hydrant work,Tower 4,,MEP,Tower MEP,Plumbing,,463708900.0,2027-06-23,2027-09-20,,,,,0
1.1.5.4.3.2,Sprinkler & piping work,Tower 4,,MEP,Tower MEP,Plumbing,,923155250.0,2027-10-21,2028-03-01,,,,,0
1.1.5.4.3.3,Shaft Downtake works,Tower 4,,MEP,Tower MEP,Plumbing,,100.0,2027-06-13,2027-09-10,,,,,0
1.1.5.4.3.4,Connection to pump room,Tower 4,,MEP,Tower MEP,Plumbing,,100.0,2027-09-11,2027-10-10,,,,,0
1.1.5.4.4,Lift Works,,,,,,,,2027-04-04,2027-09-20,,,,,
1.1.5.4.4.1,Lift Shaft Handover,Tower 4,,MEP,Common area-MEP,Lift,,100.0,2027-04-04,2027-05-13,,,,,0
1.1.5.4.4.2,Lift installation work,Tower 4,,MEP,Common area-MEP,Lift,,1428000000.0,2027-05-14,2027-06-27,,,,,0
1.1.5.4.4.3,Lift testing and commissioning,Tower 4,,MEP,Common area-MEP,Lift,,100.0,2027-06-28,2027-09-20,,,,,0
1.1.5.4.5,AC Works,,,,,,,,2028-04-03,2028-07-11,,,,,
1.1.5.4.5.1,Split AC,Tower 4,,MEP,Tower MEP,Electrical,,4794428727.8316,2028-04-03,2028-07-11,,,,,0
1.1.5.5,Tower Completion,,,,,,,,2027-03-07,2028-01-15,,,,,
1.1.5.5.1,SURFACE PREPARATION,Tower 4,,Finishing,Tower Finishing,Paint,,100.0,2027-03-07,2027-05-25,,,,,0
1.1.5.5.2,External Painting,Tower 4,,Finishing,Tower Finishing,Ext Paint,,781350000.0,2027-05-26,2027-09-02,,,,,0
1.1.5.5.3,Final coat of painting,Tower 4,,Finishing,Tower Finishing,Paint,,100.0,2027-09-03,2027-10-02,,,,,0
1.1.5.5.4,Misc. work,Tower 4,,Finishing,Miscellaneous,Misc,,2054043500.0,2027-10-03,2028-01-15,,,,,0
1.1.5.6,Basement Lobby,,,,,,,,2027-10-21,2028-02-02,,,,,
1.1.5.6.1,Basement Lobby,Tower 4,Basement,Finishing,Common area finishes,CA-Flooring,,600000000.0,2027-10-21,2028-02-02,,,,,0
1.1.5.7,Post OC Activities,,,,,,,,2027-08-22,2029-01-31,,,,,
1.1.5.7.1,Wardrobe installation,Tower 4,,,,NTA Finishing,,100.0,2028-04-03,2028-09-29,,,,,0
1.1.5.7.2,CP & SANITARYWARE,Tower 4,,MEP,Tower MEP,CP Sanitary,,230802300.0,2027-08-27,2028-02-07,,,,,0
1.1.5.7.3,Wooden Flooring,Tower 4,,Finishing,Tower Finishing,Flooring,,100.0,2028-04-03,2028-09-29,,,,,0
1.1.5.7.4,Electrical Fixtures And Fittings,Tower 4,,MEP,Tower MEP,Electrical,,150196680.0,2027-08-22,2028-02-02,,,,,0
1.1.5.7.5,Modular Kitchen,Tower 4,,,,NTA Finishing,,100.0,2028-04-03,2028-09-29,,,,,0
1.1.5.7.6,Final Coat Paint,Tower 4,,Finishing,Tower Finishing,Paint,,100.0,2027-09-16,2028-01-28,,,,,0
1.1.5.7.7,OC Application/Readiness,Tower 4,,Finishing,Miscellaneous,Misc,,100.0,2028-03-02,2028-03-02,,,,,0
1.1.5.7.8,OC Receipt,Tower 4,,Finishing,Miscellaneous,Misc,,100.0,2028-05-02,2028-05-02,,,,,0
1.1.5.7.9,Offer To Possession,Tower 4,,Finishing,Miscellaneous,Misc,,100.0,2029-01-02,2029-01-31,,,,,0
1.1.6,Tower 3,,,,,,,,2024-09-19,2029-01-04,,,,,
1.1.6.1,Substructure Works,,,,,,,,2024-09-19,2026-03-23,,,,,
1.1.6.1.1,RCC Works,,,,,,,,2024-09-19,2025-04-25,,,,,
1.1.6.1.1.1,Raft,,,,,,,,2024-09-19,2024-10-13,,,,,
1.1.6.1.1.1.1,Surface Dressing,Tower 3,,Civil Works- RCC,NTA RCC,NTA RCC,,100.0,2024-09-22,2024-09-23,2024-09-22,2024-09-23,,,100
1.1.6.1.1.1.2,Anti Termite Treatment,Tower 3,,Finishing,Tower Civil Finishes,Waterproofing,,100.0,2024-09-19,2024-09-23,2024-09-19,2024-09-23,,,100
1.1.6.1.1.1.3,PCC,Tower 3,,Civil Works- RCC,RCC,Concreting,,105905535.75,2024-09-23,2024-09-25,2024-09-23,2024-09-25,,,100
1.1.6.1.1.1.4,Reinforcement Laying,Tower 3,,Civil Works- RCC,RCC,Reinforcement,,3175925520.0,2024-09-25,2024-10-08,2024-09-25,2024-10-08,,,100
1.1.6.1.1.1.5,Outer Shuttering of Raft Area,Tower 3,,Civil Works- RCC,RCC,Shuttering- Conventional,,42848887.0,2024-10-01,2024-10-08,2024-10-01,2024-10-08,,,100
1.1.6.1.1.1.6,Raft Concreting,Tower 3,,Civil Works- RCC,RCC,Concreting,,2546334502.0,2024-10-12,2024-10-13,2024-10-12,2024-10-13,,,100
1.1.6.1.1.2,Dummy Basement,,,,,,,,2024-10-17,2025-01-27,,,,,
1.1.6.1.1.2.1,Column and Shear Wall Reinforcement,Tower 3,Basement,Civil Works- RCC,RCC,Reinforcement,,171232000.0,2024-10-26,2024-10-31,2024-10-26,2024-10-31,,,100
1.1.6.1.1.2.2,Column and Shear Wall Formwork,Tower 3,Basement,Civil Works- RCC,RCC,Shuttering- Conventional,,97653200.0,2024-10-27,2024-12-30,2024-10-27,2024-12-30,,,100
1.1.6.1.1.2.3,Column and Shear Wall Casting,Tower 3,Basement,Civil Works- RCC,RCC,Concreting,,285120168.0,2024-10-17,2024-12-30,2024-10-17,2024-12-30,,,100
1.1.6.1.1.2.4,Slab Formwork,Tower 3,Basement,Civil Works- RCC,RCC,Shuttering- Conventional,,170690500.0,2024-10-28,2025-01-24,2024-10-28,2025-01-24,,,100
1.1.6.1.1.2.5,Slab Reinforcement,Tower 3,Basement,Civil Works- RCC,RCC,Reinforcement,,410956800.0,2024-12-17,2025-01-27,2024-12-17,2025-01-27,,,100
1.1.6.1.1.2.6,Slab Casting,Tower 3,Basement,Civil Works- RCC,RCC,Concreting,,173955864.0,2024-12-31,2025-01-27,2024-12-31,2025-01-27,,,100
1.1.6.1.1.3,B2 Roof,,,,,,,,2025-01-15,2025-03-22,,,,,
1.1.6.1.1.3.1,Column and Shear Wall Reinforcement,Tower 3,Basement 2,Civil Works- RCC,RCC,Reinforcement,,667804800.0,2025-01-15,2025-02-17,2025-01-15,2025-02-17,,,100
1.1.6.1.1.3.2,Column and Shear Wall Formwork,Tower 3,Basement 2,Civil Works- RCC,RCC,Shuttering- Conventional,,160459200.0,2025-01-25,2025-03-11,2025-01-25,2025-03-11,,,100
1.1.6.1.1.3.3,Column and Shear Wall Casting,Tower 3,Basement 2,Civil Works- RCC,RCC,Concreting,,285120168.0,2025-01-18,2025-03-11,2025-01-18,2025-03-11,,,100
1.1.6.1.1.3.4,Slab Formwork,Tower 3,Basement 2,Civil Works- RCC,RCC,Shuttering- Conventional,,280398400.0,2025-02-01,2025-03-17,2025-02-01,2025-03-17,,,100
1.1.6.1.1.3.5,Slab Reinforcement,Tower 3,Basement 2,Civil Works- RCC,RCC,Reinforcement,,291094400.0,2025-02-15,2025-03-19,2025-02-15,2025-03-19,,,100
1.1.6.1.1.3.6,Slab Casting,Tower 3,Basement 2,Civil Works- RCC,RCC,Concreting,,235773027.0,2025-02-19,2025-03-22,2025-02-19,2025-03-22,,,100
1.1.6.1.1.4,B1 Roof,,,,,,,,2025-02-20,2025-04-25,,,,,
1.1.6.1.1.4.1,Column and Shear Wall Reinforcement,Tower 3,Basement 1,Civil Works- RCC,RCC,Reinforcement,,667804800.0,2025-02-20,2025-04-12,2025-02-20,2025-04-12,,,100
1.1.6.1.1.4.2,Column and Shear Wall Formwork,Tower 3,Basement 1,Civil Works- RCC,RCC,Shuttering- Conventional,,160459200.0,2025-03-04,2025-04-22,2025-03-04,2025-04-22,,,100
1.1.6.1.1.4.3,Column and Shear Wall Casting,Tower 3,Basement 1,Civil Works- RCC,RCC,Concreting,,518363200.0,2025-03-04,2025-04-22,2025-03-04,2025-04-22,,,100
1.1.6.1.1.4.4,Slab Formwork,Tower 3,Basement 1,Civil Works- RCC,RCC,Shuttering- Conventional,,280398400.0,2025-03-11,2025-04-25,2025-03-11,2025-04-25,,,100
1.1.6.1.1.4.5,Slab Reinforcement,Tower 3,Basement 1,Civil Works- RCC,RCC,Reinforcement,,291094400.0,2025-03-28,2025-04-25,2025-03-28,2025-04-25,,,100
1.1.6.1.1.4.6,Slab Casting,Tower 3,Basement 1,Civil Works- RCC,RCC,Concreting,,269224345.0,2025-04-08,2025-04-25,2025-04-08,2025-04-25,,,100
1.1.6.1.2,Substructure Finishing Works,,,,,,,,2025-12-16,2026-03-23,,,,,
1.1.6.1.2.1,Basement - 2,,,,,,,,2025-12-16,2026-02-26,,,,,
1.1.6.1.2.1.1,Masonary Works,Tower 3,Basement 2,Finishing,Common area finishes,CA-Blockwork,,31508700.0,2025-12-16,2026-01-14,,,,,0
1.1.6.1.2.1.2,Plaster Works,Tower 3,Basement 2,Finishing,Common area finishes,CA-Int Plaster,,91800000.0,2025-12-31,2026-01-19,,,,,0
1.1.6.1.2.1.3,White Wash,Tower 3,Basement 2,Finishing,Common area finishes,CA-Paint,,0.0,2026-01-15,2026-02-01,,,,,0
1.1.6.1.2.1.4,VDF,Tower 3,Basement 2,Finishing,Common area finishes,CA-Flooring,,158750000.0,2026-02-02,2026-02-26,,,,,0
1.1.6.1.2.2,Basement - 1,,,,,,,,2025-12-16,2026-03-23,,,,,
1.1.6.1.2.2.1,Masonary Works,Tower 3,Basement 1,Finishing,Common area finishes,CA-Blockwork,,31508700.0,2025-12-16,2026-01-14,,,,,0
1.1.6.1.2.2.2,Plaster Works,Tower 3,Basement 1,Finishing,Common area finishes,CA-Int Plaster,,91800000.0,2025-12-31,2026-01-19,,,,,0
1.1.6.1.2.2.3,White Wash,Tower 3,Basement 1,Finishing,Common area finishes,CA-Paint,,0.0,2026-02-02,2026-02-19,,,,,0
1.1.6.1.2.2.4,VDF,Tower 3,Basement 1,Finishing,Common area finishes,CA-Flooring,,158750000.0,2026-02-27,2026-03-23,,,,,0
1.1.6.2,Superstructure Works,,,,,,,,2025-04-28,2027-03-19,,,,,
1.1.6.2.1,RCC Works,,,,,,,,2025-04-28,2027-03-07,,,,,
1.1.6.2.1.1,Podium Roof,,,,,,,,2025-04-28,2025-10-30,,,,,
1.1.6.2.1.1.1,Column and Shear Wall Reinforcement,Tower 3,,Civil Works- RCC,RCC,Reinforcement,,350319888.0,2025-04-28,2025-08-13,2025-04-28,2025-08-13,,,100
1.1.6.2.1.1.2,Column and Shear Wall Formwork,Tower 3,,Civil Works- RCC,RCC,Shuttering- Conventional,,267026800.0,2025-06-29,2025-08-14,2025-06-29,2025-08-14,,,100
1.1.6.2.1.1.3,Column and Shear Wall Casting,Tower 3,,Civil Works- RCC,RCC,Concreting,,661219200.0,2025-06-29,2025-08-27,2025-06-29,2025-08-27,,,100
1.1.6.2.1.1.4,Slab Formwork,Tower 3,,Civil Works- RCC,RCC,Shuttering- Conventional,,207123900.0,2025-07-13,2025-08-27,2025-07-13,2025-08-27,,,100
1.1.6.2.1.1.5,Slab Reinforcement,Tower 3,,Civil Works- RCC,RCC,Reinforcement,,227087892.0,2025-07-21,2025-08-27,2025-07-21,2025-08-27,,,100
1.1.6.2.1.1.6,Slab Casting,Tower 3,,Civil Works- RCC,RCC,Concreting,,109640800.0,2025-08-11,2025-10-30,2025-08-11,2025-10-30,,,100
1.1.6.2.1.2,First Floor Roof,,,,,,,,2025-09-01,2025-12-31,,,,,
1.1.6.2.1.2.1,Column and Shear Wall Reinforcement,Tower 3,1st Floor,Civil Works- RCC,RCC,Reinforcement,,350319888.0,2025-09-01,2025-12-23,2025-09-01,,,,90
1.1.6.2.1.2.2,Column and Shear Wall Formwork,Tower 3,1st Floor,Civil Works- RCC,RCC,Shuttering- Conventional,,267026800.0,2025-09-15,2025-12-18,2025-09-15,,,,70
1.1.6.2.1.2.3,Column and Shear Wall Casting,Tower 3,1st Floor,Civil Works- RCC,RCC,Concreting,,344599284.0,2025-09-23,2025-12-19,2025-09-23,,,,60
1.1.6.2.1.2.4,Slab Formwork,Tower 3,1st Floor,Civil Works- RCC,RCC,Shuttering- Conventional,,177984100.0,2025-10-13,2025-12-28,2025-10-13,,,,20
1.1.6.2.1.2.5,Slab Reinforcement,Tower 3,1st Floor,Civil Works- RCC,RCC,Reinforcement,,227087892.0,2025-12-16,2025-12-29,,,,,0
1.1.6.2.1.2.6,Slab Casting,Tower 3,1st Floor,Civil Works- RCC,RCC,Concreting,,158551200.0,2025-12-19,2025-12-31,,,,,0
1.1.6.2.1.3,Second Floor Roof,,,,,,,,2026-01-01,2026-01-28,,,,,
1.1.6.2.1.3.1,Column and Shear Wall Reinforcement,Tower 3,2nd Floor,Civil Works- RCC,RCC,Reinforcement,,350319888.0,2026-01-01,2026-01-10,,,,,0
1.1.6.2.1.3.2,Column and Shear Wall Formwork,Tower 3,2nd Floor,Civil Works- RCC,RCC,Shuttering- Conventional,,189900000.0,2026-01-02,2026-01-11,,,,,0
1.1.6.2.1.3.3,Slab Formwork,Tower 3,2nd Floor,Civil Works- RCC,RCC,Shuttering- Conventional,,126600000.0,2026-01-10,2026-01-25,,,,,0
1.1.6.2.1.3.4,Slab Reinforcement,Tower 3,2nd Floor,Civil Works- RCC,RCC,Reinforcement,,227087892.0,2026-01-14,2026-01-27,,,,,0
1.1.6.2.1.3.5,Monolithic Casting,Tower 3,2nd Floor,Civil Works- RCC,RCC,Concreting,,428226000.0,2026-01-21,2026-01-28,,,,,0
1.1.6.2.1.4,Third Floor Roof,,,,,,,,2026-01-29,2026-02-15,,,,,
1.1.6.2.1.4.1,Column and Shear Wall Reinforcement,Tower 3,3rd Floor,Civil Works- RCC,RCC,Reinforcement,,350319888.0,2026-01-29,2026-02-04,,,,,0
1.1.6.2.1.4.2,Column and Shear Wall Formwork,Tower 3,3rd Floor,Civil Works- RCC,RCC,Shuttering- Conventional,,189900000.0,2026-01-30,2026-02-05,,,,,0
1.1.6.2.1.4.3,Slab Formwork,Tower 3,3rd Floor,Civil Works- RCC,RCC,Shuttering- Conventional,,126600000.0,2026-02-04,2026-02-12,,,,,0
1.1.6.2.1.4.4,Slab Reinforcement,Tower 3,3rd Floor,Civil Works- RCC,RCC,Reinforcement,,227087892.0,2026-02-05,2026-02-14,,,,,0
1.1.6.2.1.4.5,Monolithic Casting,Tower 3,3rd Floor,Civil Works- RCC,RCC,Concreting,,428226000.0,2026-02-08,2026-02-15,,,,,0
1.1.6.2.1.5,4th Floor Roof,,,,,,,,2026-02-16,2026-02-27,,,,,
1.1.6.2.1.5.1,Column and Shear Wall Reinforcement,Tower 3,4th Floor,Civil Works- RCC,RCC,Reinforcement,,350319888.0,2026-02-16,2026-02-20,,,,,0
1.1.6.2.1.5.2,Column and Shear Wall Formwork,Tower 3,4th Floor,Civil Works- RCC,RCC,Shuttering- Conventional,,189900000.0,2026-02-17,2026-02-21,,,,,0
1.1.6.2.1.5.3,Slab Formwork,Tower 3,4th Floor,Civil Works- RCC,RCC,Shuttering- Conventional,,126600000.0,2026-02-20,2026-02-24,,,,,0
1.1.6.2.1.5.4,Slab Reinforcement,Tower 3,4th Floor,Civil Works- RCC,RCC,Reinforcement,,227087892.0,2026-02-22,2026-02-26,,,,,0
1.1.6.2.1.5.5,Monolithic Casting,Tower 3,4th Floor,Civil Works- RCC,RCC,Concreting,,428226000.0,2026-02-26,2026-02-27,,,,,0
1.1.6.2.1.6,5th Floor Roof,,,,,,,,2026-02-28,2026-03-11,,,,,
1.1.6.2.1.6.1,Column and Shear Wall Reinforcement,Tower 3,5th Floor,Civil Works- RCC,RCC,Reinforcement,,350319888.0,2026-02-28,2026-03-04,,,,,0
1.1.6.2.1.6.2,Column and Shear Wall Formwork,Tower 3,5th Floor,Civil Works- RCC,RCC,Shuttering- Conventional,,189900000.0,2026-03-01,2026-03-05,,,,,0
1.1.6.2.1.6.3,Slab Formwork,Tower 3,5th Floor,Civil Works- RCC,RCC,Shuttering- Conventional,,126600000.0,2026-03-04,2026-03-08,,,,,0
1.1.6.2.1.6.4,Slab Reinforcement,Tower 3,5th Floor,Civil Works- RCC,RCC,Reinforcement,,227087892.0,2026-03-06,2026-03-10,,,,,0
1.1.6.2.1.6.5,Monolithic Casting,Tower 3,5th Floor,Civil Works- RCC,RCC,Concreting,,428226000.0,2026-03-10,2026-03-11,,,,,0
1.1.6.2.1.7,6th Floor Roof,,,,,,,,2026-03-12,2026-03-23,,,,,
1.1.6.2.1.7.1,Column and Shear Wall Reinforcement,Tower 3,6th Floor,Civil Works- RCC,RCC,Reinforcement,,350319888.0,2026-03-12,2026-03-16,,,,,0
1.1.6.2.1.7.2,Column and Shear Wall Formwork,Tower 3,6th Floor,Civil Works- RCC,RCC,Shuttering- Conventional,,189900000.0,2026-03-13,2026-03-17,,,,,0
1.1.6.2.1.7.3,Slab Formwork,Tower 3,6th Floor,Civil Works- RCC,RCC,Shuttering- Conventional,,126600000.0,2026-03-16,2026-03-20,,,,,0
1.1.6.2.1.7.4,Slab Reinforcement,Tower 3,6th Floor,Civil Works- RCC,RCC,Reinforcement,,227087892.0,2026-03-18,2026-03-22,,,,,0
1.1.6.2.1.7.5,Monolithic Casting,Tower 3,6th Floor,Civil Works- RCC,RCC,Concreting,,428226000.0,2026-03-22,2026-03-23,,,,,0
1.1.6.2.1.8,7th Floor Roof,,,,,,,,2026-03-24,2026-04-04,,,,,
1.1.6.2.1.8.1,Column and Shear Wall Reinforcement,Tower 3,7th Floor,Civil Works- RCC,RCC,Reinforcement,,350319888.0,2026-03-24,2026-03-28,,,,,0
1.1.6.2.1.8.2,Column and Shear Wall Formwork,Tower 3,7th Floor,Civil Works- RCC,RCC,Shuttering- Conventional,,189900000.0,2026-03-25,2026-03-29,,,,,0
1.1.6.2.1.8.3,Slab Formwork,Tower 3,7th Floor,Civil Works- RCC,RCC,Shuttering- Conventional,,126600000.0,2026-03-28,2026-04-01,,,,,0
1.1.6.2.1.8.4,Slab Reinforcement,Tower 3,7th Floor,Civil Works- RCC,RCC,Reinforcement,,227087892.0,2026-03-30,2026-04-03,,,,,0
1.1.6.2.1.8.5,Monolithic Casting,Tower 3,7th Floor,Civil Works- RCC,RCC,Concreting,,428226000.0,2026-04-03,2026-04-04,,,,,0
1.1.6.2.1.9,8th Floor Roof,,,,,,,,2026-04-05,2026-04-16,,,,,
1.1.6.2.1.9.1,Column and Shear Wall Reinforcement,Tower 3,8th Floor,Civil Works- RCC,RCC,Reinforcement,,350319888.0,2026-04-05,2026-04-09,,,,,0
1.1.6.2.1.9.2,Column and Shear Wall Formwork,Tower 3,8th Floor,Civil Works- RCC,RCC,Shuttering- Conventional,,189900000.0,2026-04-06,2026-04-10,,,,,0
1.1.6.2.1.9.3,Slab Formwork,Tower 3,8th Floor,Civil Works- RCC,RCC,Shuttering- Conventional,,126600000.0,2026-04-09,2026-04-13,,,,,0
1.1.6.2.1.9.4,Slab Reinforcement,Tower 3,8th Floor,Civil Works- RCC,RCC,Reinforcement,,227087892.0,2026-04-11,2026-04-15,,,,,0
1.1.6.2.1.9.5,Monolithic Casting,Tower 3,8th Floor,Civil Works- RCC,RCC,Concreting,,428226000.0,2026-04-15,2026-04-16,,,,,0
1.1.6.2.1.10,9th Floor Roof,,,,,,,,2026-04-17,2026-04-28,,,,,
1.1.6.2.1.10.1,Column and Shear Wall Reinforcement,Tower 3,9th Floor,Civil Works- RCC,RCC,Reinforcement,,350319888.0,2026-04-17,2026-04-21,,,,,0
1.1.6.2.1.10.2,Column and Shear Wall Formwork,Tower 3,9th Floor,Civil Works- RCC,RCC,Shuttering- Conventional,,189900000.0,2026-04-18,2026-04-22,,,,,0
1.1.6.2.1.10.3,Slab Formwork,Tower 3,9th Floor,Civil Works- RCC,RCC,Shuttering- Conventional,,126600000.0,2026-04-21,2026-04-25,,,,,0
1.1.6.2.1.10.4,Slab Reinforcement,Tower 3,9th Floor,Civil Works- RCC,RCC,Reinforcement,,227087892.0,2026-04-23,2026-04-27,,,,,0
1.1.6.2.1.10.5,Monolithic Casting,Tower 3,9th Floor,Civil Works- RCC,RCC,Concreting,,428226000.0,2026-04-27,2026-04-28,,,,,0
1.1.6.2.1.11,10th Floor Roof,,,,,,,,2026-04-29,2026-05-10,,,,,
1.1.6.2.1.11.1,Column and Shear Wall Reinforcement,Tower 3,10th Floor,Civil Works- RCC,RCC,Reinforcement,,350319888.0,2026-04-29,2026-05-03,,,,,0
1.1.6.2.1.11.2,Column and Shear Wall Formwork,Tower 3,10th Floor,Civil Works- RCC,RCC,Shuttering- Conventional,,189900000.0,2026-04-30,2026-05-04,,,,,0
1.1.6.2.1.11.3,Slab Formwork,Tower 3,10th Floor,Civil Works- RCC,RCC,Shuttering- Conventional,,126600000.0,2026-05-03,2026-05-07,,,,,0
1.1.6.2.1.11.4,Slab Reinforcement,Tower 3,10th Floor,Civil Works- RCC,RCC,Reinforcement,,227087892.0,2026-05-05,2026-05-09,,,,,0
1.1.6.2.1.11.5,Monolithic Casting,Tower 3,10th Floor,Civil Works- RCC,RCC,Concreting,,428226000.0,2026-05-09,2026-05-10,,,,,0
1.1.6.2.1.12,11th Floor Roof,,,,,,,,2026-05-11,2026-05-22,,,,,
1.1.6.2.1.12.1,Column and Shear Wall Reinforcement,Tower 3,11th Floor,Civil Works- RCC,RCC,Reinforcement,,350319888.0,2026-05-11,2026-05-15,,,,,0
1.1.6.2.1.12.2,Column and Shear Wall Formwork,Tower 3,11th Floor,Civil Works- RCC,RCC,Shuttering- Conventional,,189900000.0,2026-05-12,2026-05-16,,,,,0
1.1.6.2.1.12.3,Slab Formwork,Tower 3,11th Floor,Civil Works- RCC,RCC,Shuttering- Conventional,,126600000.0,2026-05-15,2026-05-19,,,,,0
1.1.6.2.1.12.4,Slab Reinforcement,Tower 3,11th Floor,Civil Works- RCC,RCC,Reinforcement,,227087892.0,2026-05-17,2026-05-21,,,,,0
1.1.6.2.1.12.5,Monolithic Casting,Tower 3,11th Floor,Civil Works- RCC,RCC,Concreting,,428226000.0,2026-05-21,2026-05-22,,,,,0
1.1.6.2.1.13,12th Floor Roof,,,,,,,,2026-05-23,2026-06-03,,,,,
1.1.6.2.1.13.1,Column and Shear Wall Reinforcement,Tower 3,12th Floor,Civil Works- RCC,RCC,Reinforcement,,350319888.0,2026-05-23,2026-05-27,,,,,0
1.1.6.2.1.13.2,Column and Shear Wall Formwork,Tower 3,12th Floor,Civil Works- RCC,RCC,Shuttering- Conventional,,189900000.0,2026-05-24,2026-05-28,,,,,0
1.1.6.2.1.13.3,Slab Formwork,Tower 3,12th Floor,Civil Works- RCC,RCC,Shuttering- Conventional,,126600000.0,2026-05-27,2026-05-31,,,,,0
1.1.6.2.1.13.4,Slab Reinforcement,Tower 3,12th Floor,Civil Works- RCC,RCC,Reinforcement,,227087892.0,2026-05-29,2026-06-02,,,,,0
1.1.6.2.1.13.5,Monolithic Casting,Tower 3,12th Floor,Civil Works- RCC,RCC,Concreting,,428226000.0,2026-06-02,2026-06-03,,,,,0
1.1.6.2.1.14,13th Floor Roof,,,,,,,,2026-06-04,2026-06-15,,,,,
1.1.6.2.1.14.1,Column and Shear Wall Reinforcement,Tower 3,13th Floor,Civil Works- RCC,RCC,Reinforcement,,350319888.0,2026-06-04,2026-06-08,,,,,0
1.1.6.2.1.14.2,Column and Shear Wall Formwork,Tower 3,13th Floor,Civil Works- RCC,RCC,Shuttering- Conventional,,189900000.0,2026-06-05,2026-06-09,,,,,0
1.1.6.2.1.14.3,Slab Formwork,Tower 3,13th Floor,Civil Works- RCC,RCC,Shuttering- Conventional,,126600000.0,2026-06-08,2026-06-12,,,,,0
1.1.6.2.1.14.4,Slab Reinforcement,Tower 3,13th Floor,Civil Works- RCC,RCC,Reinforcement,,227087892.0,2026-06-10,2026-06-14,,,,,0
1.1.6.2.1.14.5,Monolithic Casting,Tower 3,13th Floor,Civil Works- RCC,RCC,Concreting,,428226000.0,2026-06-14,2026-06-15,,,,,0
1.1.6.2.1.15,14th Floor Roof,,,,,,,,2026-06-16,2026-06-27,,,,,
1.1.6.2.1.15.1,Column and Shear Wall Reinforcement,Tower 3,14th Floor,Civil Works- RCC,RCC,Reinforcement,,350319888.0,2026-06-16,2026-06-20,,,,,0
1.1.6.2.1.15.2,Column and Shear Wall Formwork,Tower 3,14th Floor,Civil Works- RCC,RCC,Shuttering- Conventional,,189900000.0,2026-06-17,2026-06-21,,,,,0
1.1.6.2.1.15.3,Slab Formwork,Tower 3,14th Floor,Civil Works- RCC,RCC,Shuttering- Conventional,,126600000.0,2026-06-20,2026-06-24,,,,,0
1.1.6.2.1.15.4,Slab Reinforcement,Tower 3,14th Floor,Civil Works- RCC,RCC,Reinforcement,,227087892.0,2026-06-22,2026-06-26,,,,,0
1.1.6.2.1.15.5,Monolithic Casting,Tower 3,14th Floor,Civil Works- RCC,RCC,Concreting,,428226000.0,2026-06-26,2026-06-27,,,,,0
1.1.6.2.1.16,15th Floor Roof,,,,,,,,2026-06-28,2026-07-09,,,,,
1.1.6.2.1.16.1,Column and Shear Wall Reinforcement,Tower 3,15th Floor,Civil Works- RCC,RCC,Reinforcement,,350319888.0,2026-06-28,2026-07-02,,,,,0
1.1.6.2.1.16.2,Column and Shear Wall Formwork,Tower 3,15th Floor,Civil Works- RCC,RCC,Shuttering- Conventional,,189900000.0,2026-06-29,2026-07-03,,,,,0
1.1.6.2.1.16.3,Slab Formwork,Tower 3,15th Floor,Civil Works- RCC,RCC,Shuttering- Conventional,,126600000.0,2026-07-02,2026-07-06,,,,,0
1.1.6.2.1.16.4,Slab Reinforcement,Tower 3,15th Floor,Civil Works- RCC,RCC,Reinforcement,,227087892.0,2026-07-04,2026-07-08,,,,,0
1.1.6.2.1.16.5,Monolithic Casting,Tower 3,15th Floor,Civil Works- RCC,RCC,Concreting,,428226000.0,2026-07-08,2026-07-09,,,,,0
1.1.6.2.1.17,16th Floor Roof,,,,,,,,2026-07-10,2026-07-26,,,,,
1.1.6.2.1.17.1,Column and Shear Wall Reinforcement,Tower 3,16th Floor,Civil Works- RCC,RCC,Reinforcement,,350319888.0,2026-07-10,2026-07-16,,,,,0
1.1.6.2.1.17.2,Column and Shear Wall Formwork,Tower 3,16th Floor,Civil Works- RCC,RCC,Shuttering- Conventional,,189900000.0,2026-07-11,2026-07-17,,,,,0
1.1.6.2.1.17.3,Slab Formwork,Tower 3,16th Floor,Civil Works- RCC,RCC,Shuttering- Conventional,,126600000.0,2026-07-16,2026-07-23,,,,,0
1.1.6.2.1.17.4,Slab Reinforcement,Tower 3,16th Floor,Civil Works- RCC,RCC,Reinforcement,,227087892.0,2026-07-19,2026-07-25,,,,,0
1.1.6.2.1.17.5,Monolithic Casting,Tower 3,16th Floor,Civil Works- RCC,RCC,Concreting,,428226000.0,2026-07-23,2026-07-26,,,,,0
1.1.6.2.1.18,17th Floor Roof,,,,,,,,2026-07-27,2026-08-07,,,,,
1.1.6.2.1.18.1,Column and Shear Wall Reinforcement,Tower 3,17th Floor,Civil Works- RCC,RCC,Reinforcement,,350319888.0,2026-07-27,2026-07-31,,,,,0
1.1.6.2.1.18.2,Column and Shear Wall Formwork,Tower 3,17th Floor,Civil Works- RCC,RCC,Shuttering- Conventional,,189900000.0,2026-07-28,2026-08-01,,,,,0
1.1.6.2.1.18.3,Slab Formwork,Tower 3,17th Floor,Civil Works- RCC,RCC,Shuttering- Conventional,,126600000.0,2026-07-31,2026-08-04,,,,,0
1.1.6.2.1.18.4,Slab Reinforcement,Tower 3,17th Floor,Civil Works- RCC,RCC,Reinforcement,,227087892.0,2026-08-02,2026-08-06,,,,,0
1.1.6.2.1.18.5,Monolithic Casting,Tower 3,17th Floor,Civil Works- RCC,RCC,Concreting,,428226000.0,2026-08-06,2026-08-07,,,,,0
1.1.6.2.1.19,18th Floor Roof,,,,,,,,2026-08-08,2026-08-19,,,,,
1.1.6.2.1.19.1,Column and Shear Wall Reinforcement,Tower 3,18th Floor,Civil Works- RCC,RCC,Reinforcement,,350319888.0,2026-08-08,2026-08-13,,,,,0
1.1.6.2.1.19.2,Column and Shear Wall Formwork,Tower 3,18th Floor,Civil Works- RCC,RCC,Shuttering- Conventional,,189900000.0,2026-08-10,2026-08-14,,,,,0
1.1.6.2.1.19.3,Slab Formwork,Tower 3,18th Floor,Civil Works- RCC,RCC,Shuttering- Conventional,,126600000.0,2026-08-13,2026-08-17,,,,,0
1.1.6.2.1.19.4,Slab Reinforcement,Tower 3,18th Floor,Civil Works- RCC,RCC,Reinforcement,,227087892.0,2026-08-14,2026-08-18,,,,,0
1.1.6.2.1.19.5,Monolithic Casting,Tower 3,18th Floor,Civil Works- RCC,RCC,Concreting,,428226000.0,2026-08-18,2026-08-19,,,,,0
1.1.6.2.1.20,19th Floor Roof,,,,,,,,2026-08-20,2026-08-30,,,,,
1.1.6.2.1.20.1,Column and Shear Wall Reinforcement,Tower 3,19th Floor,Civil Works- RCC,RCC,Reinforcement,,350319888.0,2026-08-20,2026-08-23,,,,,0
1.1.6.2.1.20.2,Column and Shear Wall Formwork,Tower 3,19th Floor,Civil Works- RCC,RCC,Shuttering- Conventional,,189900000.0,2026-08-21,2026-08-24,,,,,0
1.1.6.2.1.20.3,Slab Formwork,Tower 3,19th Floor,Civil Works- RCC,RCC,Shuttering- Conventional,,126600000.0,2026-08-23,2026-08-28,,,,,0
1.1.6.2.1.20.4,Slab Reinforcement,Tower 3,19th Floor,Civil Works- RCC,RCC,Reinforcement,,227087892.0,2026-08-25,2026-08-29,,,,,0
1.1.6.2.1.20.5,Monolithic Casting,Tower 3,19th Floor,Civil Works- RCC,RCC,Concreting,,428226000.0,2026-08-27,2026-08-30,,,,,0
1.1.6.2.1.21,20th Floor Roof,,,,,,,,2026-08-31,2026-09-10,,,,,
1.1.6.2.1.21.1,Column and Shear Wall Reinforcement,Tower 3,20th Floor,Civil Works- RCC,RCC,Reinforcement,,350319888.0,2026-08-31,2026-09-03,,,,,0
1.1.6.2.1.21.2,Column and Shear Wall Formwork,Tower 3,20th Floor,Civil Works- RCC,RCC,Shuttering- Conventional,,189900000.0,2026-09-01,2026-09-04,,,,,0
1.1.6.2.1.21.3,Slab Formwork,Tower 3,20th Floor,Civil Works- RCC,RCC,Shuttering- Conventional,,126600000.0,2026-09-03,2026-09-08,,,,,0
1.1.6.2.1.21.4,Slab Reinforcement,Tower 3,20th Floor,Civil Works- RCC,RCC,Reinforcement,,227087892.0,2026-09-05,2026-09-09,,,,,0
1.1.6.2.1.21.5,Monolithic Casting,Tower 3,20th Floor,Civil Works- RCC,RCC,Concreting,,428226000.0,2026-09-07,2026-09-10,,,,,0
1.1.6.2.1.22,21th Floor Roof,,,,,,,,2026-09-11,2026-09-21,,,,,
1.1.6.2.1.22.1,Column and Shear Wall Reinforcement,Tower 3,21st Floor,Civil Works- RCC,RCC,Reinforcement,,350319888.0,2026-09-11,2026-09-14,,,,,0
1.1.6.2.1.22.2,Column and Shear Wall Formwork,Tower 3,21st Floor,Civil Works- RCC,RCC,Shuttering- Conventional,,189900000.0,2026-09-12,2026-09-15,,,,,0
1.1.6.2.1.22.3,Slab Formwork,Tower 3,21st Floor,Civil Works- RCC,RCC,Shuttering- Conventional,,126600000.0,2026-09-14,2026-09-19,,,,,0
1.1.6.2.1.22.4,Slab Reinforcement,Tower 3,21st Floor,Civil Works- RCC,RCC,Reinforcement,,227087892.0,2026-09-16,2026-09-20,,,,,0
1.1.6.2.1.22.5,Monolithic Casting,Tower 3,21st Floor,Civil Works- RCC,RCC,Concreting,,428226000.0,2026-09-18,2026-09-21,,,,,0
1.1.6.2.1.23,22th Floor Roof,,,,,,,,2026-09-22,2026-10-02,,,,,
1.1.6.2.1.23.1,Column and Shear Wall Reinforcement,Tower 3,22nd Floor,Civil Works- RCC,RCC,Reinforcement,,350319888.0,2026-09-22,2026-09-25,,,,,0
1.1.6.2.1.23.2,Column and Shear Wall Formwork,Tower 3,22nd Floor,Civil Works- RCC,RCC,Shuttering- Conventional,,189900000.0,2026-09-23,2026-09-26,,,,,0
1.1.6.2.1.23.3,Slab Formwork,Tower 3,22nd Floor,Civil Works- RCC,RCC,Shuttering- Conventional,,126600000.0,2026-09-25,2026-09-30,,,,,0
1.1.6.2.1.23.4,Slab Reinforcement,Tower 3,22nd Floor,Civil Works- RCC,RCC,Reinforcement,,227087892.0,2026-09-27,2026-10-01,,,,,0
1.1.6.2.1.23.5,Monolithic Casting,Tower 3,22nd Floor,Civil Works- RCC,RCC,Concreting,,428226000.0,2026-09-29,2026-10-02,,,,,0
1.1.6.2.1.24,23th Floor Roof,,,,,,,,2026-10-03,2026-10-13,,,,,
1.1.6.2.1.24.1,Column and Shear Wall Reinforcement,Tower 3,23rd Floor,Civil Works- RCC,RCC,Reinforcement,,350319888.0,2026-10-03,2026-10-06,,,,,0
1.1.6.2.1.24.2,Column and Shear Wall Formwork,Tower 3,23rd Floor,Civil Works- RCC,RCC,Shuttering- Conventional,,189900000.0,2026-10-04,2026-10-07,,,,,0
1.1.6.2.1.24.3,Slab Formwork,Tower 3,23rd Floor,Civil Works- RCC,RCC,Shuttering- Conventional,,126600000.0,2026-10-06,2026-10-11,,,,,0
1.1.6.2.1.24.4,Slab Reinforcement,Tower 3,23rd Floor,Civil Works- RCC,RCC,Reinforcement,,227087892.0,2026-10-08,2026-10-12,,,,,0
1.1.6.2.1.24.5,Monolithic Casting,Tower 3,23rd Floor,Civil Works- RCC,RCC,Concreting,,428226000.0,2026-10-10,2026-10-13,,,,,0
1.1.6.2.1.25,24th Floor Roof,,,,,,,,2026-10-14,2026-10-24,,,,,
1.1.6.2.1.25.1,Column and Shear Wall Reinforcement,Tower 3,24th Floor,Civil Works- RCC,RCC,Reinforcement,,350319888.0,2026-10-14,2026-10-17,,,,,0
1.1.6.2.1.25.2,Column and Shear Wall Formwork,Tower 3,24th Floor,Civil Works- RCC,RCC,Shuttering- Conventional,,189900000.0,2026-10-15,2026-10-18,,,,,0
1.1.6.2.1.25.3,Slab Formwork,Tower 3,24th Floor,Civil Works- RCC,RCC,Shuttering- Conventional,,126600000.0,2026-10-17,2026-10-22,,,,,0
1.1.6.2.1.25.4,Slab Reinforcement,Tower 3,24th Floor,Civil Works- RCC,RCC,Reinforcement,,227087892.0,2026-10-19,2026-10-23,,,,,0
1.1.6.2.1.25.5,Monolithic Casting,Tower 3,24th Floor,Civil Works- RCC,RCC,Concreting,,428226000.0,2026-10-21,2026-10-24,,,,,0
1.1.6.2.1.26,25th Floor Roof,,,,,,,,2026-10-25,2026-12-19,,,,,
1.1.6.2.1.26.1,Column and Shear Wall Reinforcement,Tower 3,25th Floor,Civil Works- RCC,RCC,Reinforcement,,350319888.0,2026-10-25,2026-10-28,,,,,0
1.1.6.2.1.26.2,Column and Shear Wall Formwork,Tower 3,25th Floor,Civil Works- RCC,RCC,Shuttering- Conventional,,189900000.0,2026-10-26,2026-10-29,,,,,0
1.1.6.2.1.26.3,Slab Formwork,Tower 3,25th Floor,Civil Works- RCC,RCC,Shuttering- Conventional,,126600000.0,2026-10-28,2026-12-17,,,,,0
1.1.6.2.1.26.4,Slab Reinforcement,Tower 3,25th Floor,Civil Works- RCC,RCC,Reinforcement,,227087892.0,2026-10-30,2026-12-18,,,,,0
1.1.6.2.1.26.5,Monolithic Casting,Tower 3,25th Floor,Civil Works- RCC,RCC,Concreting,,428226000.0,2026-12-16,2026-12-19,,,,,0
1.1.6.2.1.27,26th Floor Roof,,,,,,,,2026-12-20,2027-01-05,,,,,
1.1.6.2.1.27.1,Column and Shear Wall Reinforcement,Tower 3,26th Floor,Civil Works- RCC,RCC,Reinforcement,,350319888.0,2026-12-20,2026-12-27,,,,,0
1.1.6.2.1.27.2,Column and Shear Wall Formwork,Tower 3,26th Floor,Civil Works- RCC,RCC,Shuttering- Conventional,,189900000.0,2026-12-22,2026-12-28,,,,,0
1.1.6.2.1.27.3,Slab Formwork,Tower 3,26th Floor,Civil Works- RCC,RCC,Shuttering- Conventional,,126600000.0,2026-12-27,2027-01-03,,,,,0
1.1.6.2.1.27.4,Slab Reinforcement,Tower 3,26th Floor,Civil Works- RCC,RCC,Reinforcement,,227087892.0,2026-12-28,2027-01-04,,,,,0
1.1.6.2.1.27.5,Monolithic Casting,Tower 3,26th Floor,Civil Works- RCC,RCC,Concreting,,428226000.0,2027-01-02,2027-01-05,,,,,0
1.1.6.2.1.28,27th Floor Roof,,,,,,,,2027-01-06,2027-01-16,,,,,
1.1.6.2.1.28.1,Column and Shear Wall Reinforcement,Tower 3,27th Floor,Civil Works- RCC,RCC,Reinforcement,,350319888.0,2027-01-06,2027-01-09,,,,,0
1.1.6.2.1.28.2,Column and Shear Wall Formwork,Tower 3,27th Floor,Civil Works- RCC,RCC,Shuttering- Conventional,,189900000.0,2027-01-07,2027-01-10,,,,,0
1.1.6.2.1.28.3,Slab Formwork,Tower 3,27th Floor,Civil Works- RCC,RCC,Shuttering- Conventional,,126600000.0,2027-01-09,2027-01-14,,,,,0
1.1.6.2.1.28.4,Slab Reinforcement,Tower 3,27th Floor,Civil Works- RCC,RCC,Reinforcement,,227087892.0,2027-01-11,2027-01-15,,,,,0
1.1.6.2.1.28.5,Monolithic Casting,Tower 3,27th Floor,Civil Works- RCC,RCC,Concreting,,428226000.0,2027-01-13,2027-01-16,,,,,0
1.1.6.2.1.29,28th Floor Roof,,,,,,,,2027-01-17,2027-01-27,,,,,
1.1.6.2.1.29.1,Column and Shear Wall Reinforcement,Tower 3,28th Floor,Civil Works- RCC,RCC,Reinforcement,,350319888.0,2027-01-17,2027-01-20,,,,,0
1.1.6.2.1.29.2,Column and Shear Wall Formwork,Tower 3,28th Floor,Civil Works- RCC,RCC,Shuttering- Conventional,,189900000.0,2027-01-18,2027-01-21,,,,,0
1.1.6.2.1.29.3,Slab Formwork,Tower 3,28th Floor,Civil Works- RCC,RCC,Shuttering- Conventional,,126600000.0,2027-01-20,2027-01-25,,,,,0
1.1.6.2.1.29.4,Slab Reinforcement,Tower 3,28th Floor,Civil Works- RCC,RCC,Reinforcement,,227087892.0,2027-01-22,2027-01-26,,,,,0
1.1.6.2.1.29.5,Monolithic Casting,Tower 3,28th Floor,Civil Works- RCC,RCC,Concreting,,428226000.0,2027-01-24,2027-01-27,,,,,0
1.1.6.2.1.30,29th Floor Roof,,,,,,,,2027-01-28,2027-02-07,,,,,
1.1.6.2.1.30.1,Column and Shear Wall Reinforcement,Tower 3,29th Floor,Civil Works- RCC,RCC,Reinforcement,,350319888.0,2027-01-28,2027-01-31,,,,,0
1.1.6.2.1.30.2,Column and Shear Wall Formwork,Tower 3,29th Floor,Civil Works- RCC,RCC,Shuttering- Conventional,,189900000.0,2027-01-29,2027-02-01,,,,,0
1.1.6.2.1.30.3,Slab Formwork,Tower 3,29th Floor,Civil Works- RCC,RCC,Shuttering- Conventional,,126600000.0,2027-01-31,2027-02-05,,,,,0
1.1.6.2.1.30.4,Slab Reinforcement,Tower 3,29th Floor,Civil Works- RCC,RCC,Reinforcement,,227087892.0,2027-02-02,2027-02-06,,,,,0
1.1.6.2.1.30.5,Monolithic Casting,Tower 3,29th Floor,Civil Works- RCC,RCC,Concreting,,428226000.0,2027-02-04,2027-02-07,,,,,0
1.1.6.2.1.31,30th Floor Roof,,,,,,,,2027-02-08,2027-02-18,,,,,
1.1.6.2.1.31.1,Column and Shear Wall Reinforcement,Tower 3,30th Floor,Civil Works- RCC,RCC,Reinforcement,,350319888.0,2027-02-08,2027-02-11,,,,,0
1.1.6.2.1.31.2,Column and Shear Wall Formwork,Tower 3,30th Floor,Civil Works- RCC,RCC,Shuttering- Conventional,,189900000.0,2027-02-09,2027-02-12,,,,,0
1.1.6.2.1.31.3,Slab Formwork,Tower 3,30th Floor,Civil Works- RCC,RCC,Shuttering- Conventional,,126600000.0,2027-02-11,2027-02-16,,,,,0
1.1.6.2.1.31.4,Slab Reinforcement,Tower 3,30th Floor,Civil Works- RCC,RCC,Reinforcement,,227087892.0,2027-02-13,2027-02-17,,,,,0
1.1.6.2.1.31.5,Monolithic Casting,Tower 3,30th Floor,Civil Works- RCC,RCC,Concreting,,428226000.0,2027-02-15,2027-02-18,,,,,0
1.1.6.2.1.32,31 th Floor Roof,,,,,,,,2027-02-19,2027-03-07,,,,,
1.1.6.2.1.32.1,Column and Shear Wall Reinforcement,Tower 3,,Civil Works- RCC,RCC,Reinforcement,,350319888.0,2027-02-19,2027-02-25,,,,,0
1.1.6.2.1.32.2,Column and Shear Wall Formwork,Tower 3,,Civil Works- RCC,RCC,Shuttering- Conventional,,251021400.0,2027-02-20,2027-02-26,,,,,0
1.1.6.2.1.32.3,Slab Formwork,Tower 3,,Civil Works- RCC,RCC,Shuttering- Conventional,,167347600.0,2027-02-25,2027-03-05,,,,,0
1.1.6.2.1.32.4,Slab Reinforcement,Tower 3,,Civil Works- RCC,RCC,Reinforcement,,227087892.0,2027-02-28,2027-03-06,,,,,0
1.1.6.2.1.32.5,Monolithic Casting,Tower 3,,Civil Works- RCC,RCC,Concreting,,428226000.0,2027-03-04,2027-03-07,,,,,0
1.1.6.2.2,Post Pour Activitis,,,,,,,,2026-02-09,2027-03-19,,,,,
1.1.6.2.2.1,1st Floor,Tower 3,1st Floor,Civil Works- RCC,RCC,Post Pour,,19513200.0,2026-02-09,2026-02-15,,,,,0
1.1.6.2.2.2,2nd Floor,Tower 3,2nd Floor,Civil Works- RCC,RCC,Post Pour,,19513200.0,2026-02-21,2026-02-27,,,,,0
1.1.6.2.2.3,3rd Floor,Tower 3,3rd Floor,Civil Works- RCC,RCC,Post Pour,,19513200.0,2026-03-05,2026-03-11,,,,,0
1.1.6.2.2.4,4th Floor,Tower 3,4th Floor,Civil Works- RCC,RCC,Post Pour,,19513200.0,2026-03-17,2026-03-23,,,,,0
1.1.6.2.2.5,5th Floor,Tower 3,5th Floor,Civil Works- RCC,RCC,Post Pour,,19513200.0,2026-03-29,2026-04-04,,,,,0
1.1.6.2.2.6,6th Floor,Tower 3,6th Floor,Civil Works- RCC,RCC,Post Pour,,19513200.0,2026-04-10,2026-04-17,,,,,0
1.1.6.2.2.7,7th Floor,Tower 3,7th Floor,Civil Works- RCC,RCC,Post Pour,,19513200.0,2026-04-22,2026-04-29,,,,,0
1.1.6.2.2.8,8th Floor,Tower 3,8th Floor,Civil Works- RCC,RCC,Post Pour,,19513200.0,2026-05-04,2026-05-11,,,,,0
1.1.6.2.2.9,9th Floor,Tower 3,9th Floor,Civil Works- RCC,RCC,Post Pour,,19513200.0,2026-05-16,2026-05-23,,,,,0
1.1.6.2.2.10,10th Floor,Tower 3,10th Floor,Civil Works- RCC,RCC,Post Pour,,19513200.0,2026-05-28,2026-06-04,,,,,0
1.1.6.2.2.11,11th Floor,Tower 3,11th Floor,Civil Works- RCC,RCC,Post Pour,,19513200.0,2026-06-09,2026-06-16,,,,,0
1.1.6.2.2.12,12th Floor,Tower 3,12th Floor,Civil Works- RCC,RCC,Post Pour,,19513200.0,2026-06-21,2026-06-28,,,,,0
1.1.6.2.2.13,13th Floor,Tower 3,13th Floor,Civil Works- RCC,RCC,Post Pour,,19513200.0,2026-07-03,2026-07-10,,,,,0
1.1.6.2.2.14,14th floor,Tower 3,14th Floor,Civil Works- RCC,RCC,Post Pour,,19513200.0,2026-07-20,2026-07-27,,,,,0
1.1.6.2.2.15,15th Floor,Tower 3,15th Floor,Civil Works- RCC,RCC,Post Pour,,19513200.0,2026-08-01,2026-08-08,,,,,0
1.1.6.2.2.16,16th Floor,Tower 3,16th Floor,Civil Works- RCC,RCC,Post Pour,,19513200.0,2026-08-13,2026-08-20,,,,,0
1.1.6.2.2.17,17th Floor,Tower 3,17th Floor,Civil Works- RCC,RCC,Post Pour,,19513200.0,2026-08-24,2026-08-31,,,,,0
1.1.6.2.2.18,18th Floor,Tower 3,18th Floor,Civil Works- RCC,RCC,Post Pour,,19513200.0,2026-09-04,2026-09-11,,,,,0
1.1.6.2.2.19,19th Floor,Tower 3,19th Floor,Civil Works- RCC,RCC,Post Pour,,19513200.0,2026-09-15,2026-09-22,,,,,0
1.1.6.2.2.20,20th Floor,Tower 3,20th Floor,Civil Works- RCC,RCC,Post Pour,,19513200.0,2026-09-26,2026-10-03,,,,,0
1.1.6.2.2.21,21th Floor,Tower 3,21st Floor,Civil Works- RCC,RCC,Post Pour,,19513200.0,2026-10-07,2026-10-14,,,,,0
1.1.6.2.2.22,22th Floor,Tower 3,22nd Floor,Civil Works- RCC,RCC,Post Pour,,19513200.0,2026-10-18,2026-10-25,,,,,0
1.1.6.2.2.23,23rd Floor,Tower 3,23rd Floor,Civil Works- RCC,RCC,Post Pour,,19513200.0,2026-10-29,2026-12-20,,,,,0
1.1.6.2.2.24,24th Floor,Tower 3,24th Floor,Civil Works- RCC,RCC,Post Pour,,19513200.0,2026-12-30,2027-01-06,,,,,0
1.1.6.2.2.25,25th Floor,Tower 3,25th Floor,Civil Works- RCC,RCC,Post Pour,,19513200.0,2027-01-10,2027-01-17,,,,,0
1.1.6.2.2.26,26th Floor,Tower 3,26th Floor,Civil Works- RCC,RCC,Post Pour,,19513200.0,2027-01-21,2027-01-27,,,,,0
1.1.6.2.2.27,27th Floor,Tower 3,27th Floor,Civil Works- RCC,RCC,Post Pour,,19513200.0,2027-02-01,2027-02-07,,,,,0
1.1.6.2.2.28,28th Floor,Tower 3,28th Floor,Civil Works- RCC,RCC,Post Pour,,19513200.0,2027-02-12,2027-02-18,,,,,0
1.1.6.2.2.29,29th Floor,Tower 3,29th Floor,Civil Works- RCC,RCC,Post Pour,,19513200.0,2027-03-01,2027-03-07,,,,,0
1.1.6.2.2.30,30th Floor,Tower 3,30th Floor,Civil Works- RCC,RCC,Post Pour,,19513200.0,2027-03-07,2027-03-13,,,,,0
1.1.6.2.2.31,31st Floor,Tower 3,31st Floor,Civil Works- RCC,RCC,Post Pour,,19513200.0,2027-03-13,2027-03-19,,,,,0
1.1.6.3,Finishing Works,,,,,,,,2026-01-20,2028-02-03,,,,,
1.1.6.3.1,Flat Finishing,,,,,,,,2026-01-20,2027-08-25,,,,,
1.1.6.3.1.1,Podium ,,,,,,,,2026-01-20,2026-04-17,,,,,
1.1.6.3.1.1.1,Masonary Works,Tower 3,,Finishing,Tower Civil Finishes,Blockwork,,25433979.0,2026-01-20,2026-02-19,,,,,0
1.1.6.3.1.1.2,Plaster Works,Tower 3,,Finishing,Tower Civil Finishes,Int Plaster,,55625000.0,2026-02-04,2026-02-24,,,,,0
1.1.6.3.1.1.3,White Wash,Tower 3,,Finishing,Tower Finishing,Paint,,18009158.0,2026-02-20,2026-03-09,,,,,0
1.1.6.3.1.1.4,VDF,Tower 3,,Finishing,Tower Finishing,Flooring,,1232499200.0,2026-03-24,2026-04-17,,,,,0
1.1.6.3.1.2,First Floor,,,,,,,,2026-02-16,2026-05-12,,,,,
1.1.6.3.1.2.1,Masonary Works,Tower 3,1st Floor,Finishing,Tower Civil Finishes,Blockwork,,25433979.0,2026-02-16,2026-03-17,,,,,0
1.1.6.3.1.2.2,Plaster Works,Tower 3,1st Floor,Finishing,Tower Civil Finishes,Int Plaster,,55625000.0,2026-03-03,2026-03-22,,,,,0
1.1.6.3.1.2.3,White Wash,Tower 3,1st Floor,Finishing,Tower Finishing,Paint,,18009158.0,2026-03-18,2026-04-04,,,,,0
1.1.6.3.1.2.4,VDF,Tower 3,1st Floor,Finishing,Tower Finishing,Flooring,,105832656.0,2026-04-18,2026-05-12,,,,,0
1.1.6.3.1.3,Second Floor ,,,,,,,,2026-02-28,2026-06-22,,,,,
1.1.6.3.1.3.1,Blockwork,Tower 3,2nd Floor,Finishing,Tower Civil Finishes,Blockwork,,25433979.0,2026-02-28,2026-03-09,,,,,0
1.1.6.3.1.3.2,Internal Plumbing Works,Tower 3,2nd Floor,MEP,Tower MEP,Plumbing,,66746129.6969697,2026-03-10,2026-03-15,,,,,0
1.1.6.3.1.3.3,Waterproofing Works,Tower 3,2nd Floor,Finishing,Tower Civil Finishes,Waterproofing,,27180000.0,2026-03-12,2026-03-21,,,,,0
1.1.6.3.1.3.4,PCC,Tower 3,2nd Floor,Civil Works- RCC,RCC,Concreting,,0.0,2026-03-24,2026-03-31,,,,,0
1.1.6.3.1.3.5,Electrical Wiring works,Tower 3,2nd Floor,MEP,Tower MEP,Electrical,,90046621.8499511,2026-03-12,2026-03-23,,,,,0
1.1.6.3.1.3.6,Internal Plaster Works,Tower 3,2nd Floor,Finishing,Tower Civil Finishes,Int Plaster,,91708750.0,2026-03-24,2026-04-01,,,,,0
1.1.6.3.1.3.7,Toilet Dado Works,Tower 3,2nd Floor,Finishing,Tower Finishing,Flooring,,44880000.0,2026-04-02,2026-04-10,,,,,0
1.1.6.3.1.3.8,Toilet Flooring Works,Tower 3,2nd Floor,Finishing,Tower Finishing,Flooring,,46400000.0,2026-04-11,2026-04-17,,,,,0
1.1.6.3.1.3.9,Living Dining Flooring,Tower 3,2nd Floor,Finishing,Tower Finishing,Flooring,,94105000.0,2026-04-18,2026-05-02,,,,,0
1.1.6.3.1.3.10,Temporary Door Fixing,Tower 3,2nd Floor,Finishing,Tower Finishing,Door,,0.0,2026-03-10,2026-03-18,,,,,0
1.1.6.3.1.3.11,Aluminium Door Widnow Fixing,Tower 3,2nd Floor,Finishing,Tower Finishing,Door,,103573549.0,2026-05-03,2026-05-17,,,,,0
1.1.6.3.1.3.12,Rehung Door Fixing,Tower 3,2nd Floor,Finishing,Tower Finishing,Door,,0.0,2026-05-18,2026-05-25,,,,,0
1.1.6.3.1.3.13,Putty Primer coat,Tower 3,2nd Floor,Finishing,Tower Finishing,Paint,,0.0,2026-05-26,2026-05-31,,,,,0
1.1.6.3.1.3.14,Painting First Coat,Tower 3,2nd Floor,Finishing,Tower Finishing,Paint,,29145000.0,2026-06-01,2026-06-12,,,,,0
1.1.6.3.1.3.15,False ceiling works,Tower 3,2nd Floor,Finishing,Tower Finishing,False Ceiling,,25850000.0,2026-06-13,2026-06-22,,,,,0
1.1.6.3.1.4,Third Floor ,,,,,,,,2026-03-12,2026-07-04,,,,,
1.1.6.3.1.4.1,Blockwork,Tower 3,3rd Floor,Finishing,Tower Civil Finishes,Blockwork,,25433979.0,2026-03-12,2026-03-21,,,,,0
1.1.6.3.1.4.2,Internal Plumbing Works,Tower 3,3rd Floor,MEP,Tower MEP,Plumbing,,81004239.374389,2026-03-22,2026-03-27,,,,,0
1.1.6.3.1.4.3,Waterproofing Works,Tower 3,3rd Floor,Finishing,Tower Civil Finishes,Waterproofing,,27180000.0,2026-03-24,2026-04-02,,,,,0
1.1.6.3.1.4.4,PCC,Tower 3,3rd Floor,Civil Works- RCC,RCC,Concreting,,0.0,2026-04-05,2026-04-12,,,,,0
1.1.6.3.1.4.5,Electrical Wiring works,Tower 3,3rd Floor,MEP,Tower MEP,Electrical,,90046621.8499511,2026-03-24,2026-04-04,,,,,0
1.1.6.3.1.4.6,Internal Plaster Works,Tower 3,3rd Floor,Finishing,Tower Civil Finishes,Int Plaster,,91708750.0,2026-04-05,2026-04-13,,,,,0
1.1.6.3.1.4.7,Toilet Dado Works,Tower 3,3rd Floor,Finishing,Tower Finishing,Flooring,,44880000.0,2026-04-14,2026-04-22,,,,,0
1.1.6.3.1.4.8,Toilet Flooring Works,Tower 3,3rd Floor,Finishing,Tower Finishing,Flooring,,46400000.0,2026-04-23,2026-04-29,,,,,0
1.1.6.3.1.4.9,Living Dining Flooring,Tower 3,3rd Floor,Finishing,Tower Finishing,Flooring,,94105000.0,2026-04-30,2026-05-14,,,,,0
1.1.6.3.1.4.10,Temporary Door Fixing,Tower 3,3rd Floor,Finishing,Tower Finishing,Door,,0.0,2026-03-22,2026-03-30,,,,,0
1.1.6.3.1.4.11,Aluminium Door Widnow Fixing,Tower 3,3rd Floor,Finishing,Tower Finishing,Door,,103573549.0,2026-05-15,2026-05-29,,,,,0
1.1.6.3.1.4.12,Rehung Door Fixing,Tower 3,3rd Floor,Finishing,Tower Finishing,Door,,0.0,2026-05-30,2026-06-06,,,,,0
1.1.6.3.1.4.13,Putty Primer coat,Tower 3,3rd Floor,Finishing,Tower Finishing,Paint,,0.0,2026-06-07,2026-06-12,,,,,0
1.1.6.3.1.4.14,Painting First Coat,Tower 3,3rd Floor,Finishing,Tower Finishing,Paint,,29145000.0,2026-06-13,2026-06-24,,,,,0
1.1.6.3.1.4.15,False ceiling works,Tower 3,3rd Floor,Finishing,Tower Finishing,False Ceiling,,25850000.0,2026-06-25,2026-07-04,,,,,0
1.1.6.3.1.5,Fourth Floor ,,,,,,,,2026-03-24,2026-07-16,,,,,
1.1.6.3.1.5.1,Blockwork,Tower 3,4th Floor,Finishing,Tower Civil Finishes,Blockwork,,25433979.0,2026-03-24,2026-04-02,,,,,0
1.1.6.3.1.5.2,Internal Plumbing Works,Tower 3,4th Floor,MEP,Tower MEP,Plumbing,,81004239.0,2026-04-03,2026-04-08,,,,,0
1.1.6.3.1.5.3,Waterproofing Works,Tower 3,4th Floor,Finishing,Tower Civil Finishes,Waterproofing,,27180000.0,2026-04-05,2026-04-14,,,,,0
1.1.6.3.1.5.4,PCC,Tower 3,4th Floor,Civil Works- RCC,RCC,Concreting,,0.0,2026-04-17,2026-04-24,,,,,0
1.1.6.3.1.5.5,Electrical Wiring works,Tower 3,4th Floor,MEP,Tower MEP,Electrical,,90046621.8499511,2026-04-05,2026-04-16,,,,,0
1.1.6.3.1.5.6,Internal Plaster Works,Tower 3,4th Floor,Finishing,Tower Civil Finishes,Int Plaster,,91708750.0,2026-04-17,2026-04-25,,,,,0
1.1.6.3.1.5.7,Toilet Dado Works,Tower 3,4th Floor,Finishing,Tower Finishing,Flooring,,44880000.0,2026-04-26,2026-05-04,,,,,0
1.1.6.3.1.5.8,Toilet Flooring Works,Tower 3,4th Floor,Finishing,Tower Finishing,Flooring,,46400000.0,2026-05-05,2026-05-11,,,,,0
1.1.6.3.1.5.9,Living Dining Flooring,Tower 3,4th Floor,Finishing,Tower Finishing,Flooring,,94105000.0,2026-05-12,2026-05-26,,,,,0
1.1.6.3.1.5.10,Temporary Door Fixing,Tower 3,4th Floor,Finishing,Tower Finishing,Door,,0.0,2026-04-03,2026-04-11,,,,,0
1.1.6.3.1.5.11,Aluminium Door Widnow Fixing,Tower 3,4th Floor,Finishing,Tower Finishing,Door,,103573549.0,2026-05-27,2026-06-10,,,,,0
1.1.6.3.1.5.12,Rehung Door Fixing,Tower 3,4th Floor,Finishing,Tower Finishing,Door,,0.0,2026-06-11,2026-06-18,,,,,0
1.1.6.3.1.5.13,Putty Primer coat,Tower 3,4th Floor,Finishing,Tower Finishing,Paint,,0.0,2026-06-19,2026-06-24,,,,,0
1.1.6.3.1.5.14,Painting First Coat,Tower 3,4th Floor,Finishing,Tower Finishing,Paint,,29145000.0,2026-06-25,2026-07-06,,,,,0
1.1.6.3.1.5.15,False ceiling works,Tower 3,4th Floor,Finishing,Tower Finishing,False Ceiling,,25850000.0,2026-07-07,2026-07-16,,,,,0
1.1.6.3.1.6,Fifth Floor ,,,,,,,,2026-04-05,2026-07-28,,,,,
1.1.6.3.1.6.1,Blockwork,Tower 3,5th Floor,Finishing,Tower Civil Finishes,Blockwork,,25433979.0,2026-04-05,2026-04-14,,,,,0
1.1.6.3.1.6.2,Internal Plumbing Works,Tower 3,5th Floor,MEP,Tower MEP,Plumbing,,81004239.0,2026-04-15,2026-04-20,,,,,0
1.1.6.3.1.6.3,Waterproofing Works,Tower 3,5th Floor,Finishing,Tower Civil Finishes,Waterproofing,,27180000.0,2026-04-17,2026-04-26,,,,,0
1.1.6.3.1.6.4,PCC,Tower 3,5th Floor,Civil Works- RCC,RCC,Concreting,,0.0,2026-04-29,2026-05-06,,,,,0
1.1.6.3.1.6.5,Electrical Wiring works,Tower 3,5th Floor,MEP,Tower MEP,Electrical,,90046621.8499511,2026-04-17,2026-04-28,,,,,0
1.1.6.3.1.6.6,Internal Plaster Works,Tower 3,5th Floor,Finishing,Tower Civil Finishes,Int Plaster,,91708750.0,2026-04-29,2026-05-07,,,,,0
1.1.6.3.1.6.7,Toilet Dado Works,Tower 3,5th Floor,Finishing,Tower Finishing,Flooring,,44880000.0,2026-05-08,2026-05-16,,,,,0
1.1.6.3.1.6.8,Toilet Flooring Works,Tower 3,5th Floor,Finishing,Tower Finishing,Flooring,,46400000.0,2026-05-17,2026-05-23,,,,,0
1.1.6.3.1.6.9,Living Dining Flooring,Tower 3,5th Floor,Finishing,Tower Finishing,Flooring,,94105000.0,2026-05-24,2026-06-07,,,,,0
1.1.6.3.1.6.10,Temporary Door Fixing,Tower 3,5th Floor,Finishing,Tower Finishing,Door,,0.0,2026-04-15,2026-04-23,,,,,0
1.1.6.3.1.6.11,Aluminium Door Widnow Fixing,Tower 3,5th Floor,Finishing,Tower Finishing,Door,,103573549.0,2026-06-08,2026-06-22,,,,,0
1.1.6.3.1.6.12,Rehung Door Fixing,Tower 3,5th Floor,Finishing,Tower Finishing,Door,,0.0,2026-06-23,2026-06-30,,,,,0
1.1.6.3.1.6.13,Putty Primer coat,Tower 3,5th Floor,Finishing,Tower Finishing,Paint,,0.0,2026-07-01,2026-07-06,,,,,0
1.1.6.3.1.6.14,Painting First Coat,Tower 3,5th Floor,Finishing,Tower Finishing,Paint,,29145000.0,2026-07-07,2026-07-18,,,,,0
1.1.6.3.1.6.15,False ceiling works,Tower 3,5th Floor,Finishing,Tower Finishing,False Ceiling,,25850000.0,2026-07-19,2026-07-28,,,,,0
1.1.6.3.1.7,Sixth Floor ,,,,,,,,2026-04-17,2026-08-10,,,,,
1.1.6.3.1.7.1,Blockwork,Tower 3,,Finishing,Tower Civil Finishes,Blockwork,,25433979.0,2026-04-17,2026-04-27,,,,,0
1.1.6.3.1.7.2,Internal Plumbing Works,Tower 3,,MEP,Tower MEP,Plumbing,,81004239.0,2026-04-27,2026-05-03,,,,,0
1.1.6.3.1.7.3,Waterproofing Works,Tower 3,,Finishing,Tower Civil Finishes,Waterproofing,,27180000.0,2026-04-29,2026-05-09,,,,,0
1.1.6.3.1.7.4,PCC,Tower 3,,Civil Works- RCC,RCC,Concreting,,0.0,2026-05-11,2026-05-19,,,,,0
1.1.6.3.1.7.5,Electrical Wiring works,Tower 3,,MEP,Tower MEP,Electrical,,90046621.8499511,2026-04-29,2026-05-11,,,,,0
1.1.6.3.1.7.6,Internal Plaster Works,Tower 3,,Finishing,Tower Civil Finishes,Int Plaster,,91708750.0,2026-05-11,2026-05-20,,,,,0
1.1.6.3.1.7.7,Toilet Dado Works,Tower 3,,Finishing,Tower Finishing,Flooring,,44880000.0,2026-05-20,2026-05-29,,,,,0
1.1.6.3.1.7.8,Toilet Flooring Works,Tower 3,,Finishing,Tower Finishing,Flooring,,46400000.0,2026-05-29,2026-06-05,,,,,0
1.1.6.3.1.7.9,Living Dining Flooring,Tower 3,,Finishing,Tower Finishing,Flooring,,94105000.0,2026-06-05,2026-06-20,,,,,0
1.1.6.3.1.7.10,Temporary Door Fixing,Tower 3,,Finishing,Tower Finishing,Door,,0.0,2026-04-27,2026-05-06,,,,,0
1.1.6.3.1.7.11,Aluminium Door Widnow Fixing,Tower 3,,Finishing,Tower Finishing,Door,,103573549.0,2026-06-20,2026-07-05,,,,,0
1.1.6.3.1.7.12,Rehung Door Fixing,Tower 3,,Finishing,Tower Finishing,Door,,0.0,2026-07-05,2026-07-13,,,,,0
1.1.6.3.1.7.13,Putty Primer coat,Tower 3,,Finishing,Tower Finishing,Paint,,0.0,2026-07-13,2026-07-19,,,,,0
1.1.6.3.1.7.14,Painting First Coat,Tower 3,,Finishing,Tower Finishing,Paint,,29145000.0,2026-07-19,2026-07-31,,,,,0
1.1.6.3.1.7.15,False ceiling works,Tower 3,,Finishing,Tower Finishing,False Ceiling,,25850000.0,2026-07-31,2026-08-10,,,,,0
1.1.6.3.1.8,Seventh Floor ,,,,,,,,2026-04-29,2026-08-22,,,,,
1.1.6.3.1.8.1,Blockwork,Tower 3,,Finishing,Tower Civil Finishes,Blockwork,,25433979.0,2026-04-29,2026-05-09,,,,,0
1.1.6.3.1.8.2,Internal Plumbing Works,Tower 3,,MEP,Tower MEP,Plumbing,,81004239.0,2026-05-09,2026-05-15,,,,,0
1.1.6.3.1.8.3,Waterproofing Works,Tower 3,,Finishing,Tower Civil Finishes,Waterproofing,,27180000.0,2026-05-11,2026-05-21,,,,,0
1.1.6.3.1.8.4,PCC,Tower 3,,Civil Works- RCC,RCC,Concreting,,0.0,2026-05-23,2026-05-31,,,,,0
1.1.6.3.1.8.5,Electrical Wiring works,Tower 3,,MEP,Tower MEP,Electrical,,90046621.8499511,2026-05-11,2026-05-23,,,,,0
1.1.6.3.1.8.6,Internal Plaster Works,Tower 3,,Finishing,Tower Civil Finishes,Int Plaster,,91708750.0,2026-05-23,2026-06-01,,,,,0
1.1.6.3.1.8.7,Toilet Dado Works,Tower 3,,Finishing,Tower Finishing,Flooring,,44880000.0,2026-06-01,2026-06-10,,,,,0
1.1.6.3.1.8.8,Toilet Flooring Works,Tower 3,,Finishing,Tower Finishing,Flooring,,46400000.0,2026-06-10,2026-06-17,,,,,0
1.1.6.3.1.8.9,Living Dining Flooring,Tower 3,,Finishing,Tower Finishing,Flooring,,94105000.0,2026-06-17,2026-07-02,,,,,0
1.1.6.3.1.8.10,Temporary Door Fixing,Tower 3,,Finishing,Tower Finishing,Door,,0.0,2026-05-09,2026-05-18,,,,,0
1.1.6.3.1.8.11,Aluminium Door Widnow Fixing,Tower 3,,Finishing,Tower Finishing,Door,,103573549.0,2026-07-02,2026-07-17,,,,,0
1.1.6.3.1.8.12,Rehung Door Fixing,Tower 3,,Finishing,Tower Finishing,Door,,0.0,2026-07-17,2026-07-25,,,,,0
1.1.6.3.1.8.13,Putty Primer coat,Tower 3,,Finishing,Tower Finishing,Paint,,0.0,2026-07-25,2026-07-31,,,,,0
1.1.6.3.1.8.14,Painting First Coat,Tower 3,,Finishing,Tower Finishing,Paint,,29145000.0,2026-07-31,2026-08-12,,,,,0
1.1.6.3.1.8.15,False ceiling works,Tower 3,,Finishing,Tower Finishing,False Ceiling,,25850000.0,2026-08-12,2026-08-22,,,,,0
1.1.6.3.1.9,Eighth Floor ,,,,,,,,2026-05-11,2026-09-03,,,,,
1.1.6.3.1.9.1,Blockwork,Tower 3,,Finishing,Tower Civil Finishes,Blockwork,,25433979.0,2026-05-11,2026-05-21,,,,,0
1.1.6.3.1.9.2,Internal Plumbing Works,Tower 3,,MEP,Tower MEP,Plumbing,,81004239.0,2026-05-21,2026-05-27,,,,,0
1.1.6.3.1.9.3,Waterproofing Works,Tower 3,,Finishing,Tower Civil Finishes,Waterproofing,,27180000.0,2026-05-23,2026-06-02,,,,,0
1.1.6.3.1.9.4,PCC,Tower 3,,Civil Works- RCC,RCC,Concreting,,0.0,2026-06-04,2026-06-12,,,,,0
1.1.6.3.1.9.5,Electrical Wiring works,Tower 3,,MEP,Tower MEP,Electrical,,90046621.8499511,2026-05-23,2026-06-04,,,,,0
1.1.6.3.1.9.6,Internal Plaster Works,Tower 3,,Finishing,Tower Civil Finishes,Int Plaster,,91708750.0,2026-06-04,2026-06-13,,,,,0
1.1.6.3.1.9.7,Toilet Dado Works,Tower 3,,Finishing,Tower Finishing,Flooring,,44880000.0,2026-06-13,2026-06-22,,,,,0
1.1.6.3.1.9.8,Toilet Flooring Works,Tower 3,,Finishing,Tower Finishing,Flooring,,46400000.0,2026-06-22,2026-06-29,,,,,0
1.1.6.3.1.9.9,Living Dining Flooring,Tower 3,,Finishing,Tower Finishing,Flooring,,94105000.0,2026-06-29,2026-07-14,,,,,0
1.1.6.3.1.9.10,Temporary Door Fixing,Tower 3,,Finishing,Tower Finishing,Door,,0.0,2026-05-21,2026-05-30,,,,,0
1.1.6.3.1.9.11,Aluminium Door Widnow Fixing,Tower 3,,Finishing,Tower Finishing,Door,,103573549.0,2026-07-14,2026-07-29,,,,,0
1.1.6.3.1.9.12,Rehung Door Fixing,Tower 3,,Finishing,Tower Finishing,Door,,0.0,2026-07-29,2026-08-06,,,,,0
1.1.6.3.1.9.13,Putty Primer coat,Tower 3,,Finishing,Tower Finishing,Paint,,0.0,2026-08-06,2026-08-12,,,,,0
1.1.6.3.1.9.14,Painting First Coat,Tower 3,,Finishing,Tower Finishing,Paint,,29145000.0,2026-08-12,2026-08-24,,,,,0
1.1.6.3.1.9.15,False ceiling works,Tower 3,,Finishing,Tower Finishing,False Ceiling,,25850000.0,2026-08-24,2026-09-03,,,,,0
1.1.6.3.1.10,Ninth Floor ,,,,,,,,2026-05-23,2026-09-15,,,,,
1.1.6.3.1.10.1,Blockwork,Tower 3,,Finishing,Tower Civil Finishes,Blockwork,,25433979.0,2026-05-23,2026-06-02,,,,,0
1.1.6.3.1.10.2,Internal Plumbing Works,Tower 3,,MEP,Tower MEP,Plumbing,,81004239.0,2026-06-02,2026-06-08,,,,,0
1.1.6.3.1.10.3,Waterproofing Works,Tower 3,,Finishing,Tower Civil Finishes,Waterproofing,,27180000.0,2026-06-04,2026-06-14,,,,,0
1.1.6.3.1.10.4,PCC,Tower 3,,Civil Works- RCC,RCC,Concreting,,0.0,2026-06-16,2026-06-24,,,,,0
1.1.6.3.1.10.5,Electrical Wiring works,Tower 3,,MEP,Tower MEP,Electrical,,90046621.8499511,2026-06-04,2026-06-16,,,,,0
1.1.6.3.1.10.6,Internal Plaster Works,Tower 3,,Finishing,Tower Civil Finishes,Int Plaster,,91708750.0,2026-06-16,2026-06-25,,,,,0
1.1.6.3.1.10.7,Toilet Dado Works,Tower 3,,Finishing,Tower Finishing,Flooring,,44880000.0,2026-06-25,2026-07-04,,,,,0
1.1.6.3.1.10.8,Toilet Flooring Works,Tower 3,,Finishing,Tower Finishing,Flooring,,46400000.0,2026-07-04,2026-07-11,,,,,0
1.1.6.3.1.10.9,Living Dining Flooring,Tower 3,,Finishing,Tower Finishing,Flooring,,94105000.0,2026-07-11,2026-07-26,,,,,0
1.1.6.3.1.10.10,Temporary Door Fixing,Tower 3,,Finishing,Tower Finishing,Door,,0.0,2026-06-02,2026-06-11,,,,,0
1.1.6.3.1.10.11,Aluminium Door Widnow Fixing,Tower 3,,Finishing,Tower Finishing,Door,,103573549.0,2026-07-26,2026-08-10,,,,,0
1.1.6.3.1.10.12,Rehung Door Fixing,Tower 3,,Finishing,Tower Finishing,Door,,0.0,2026-08-10,2026-08-18,,,,,0
1.1.6.3.1.10.13,Putty Primer coat,Tower 3,,Finishing,Tower Finishing,Paint,,0.0,2026-08-18,2026-08-24,,,,,0
1.1.6.3.1.10.14,Painting First Coat,Tower 3,,Finishing,Tower Finishing,Paint,,29145000.0,2026-08-24,2026-09-05,,,,,0
1.1.6.3.1.10.15,False ceiling works,Tower 3,,Finishing,Tower Finishing,False Ceiling,,25850000.0,2026-09-05,2026-09-15,,,,,0
1.1.6.3.1.11,Tenth Floor ,,,,,,,,2026-06-04,2026-09-27,,,,,
1.1.6.3.1.11.1,Blockwork,Tower 3,,Finishing,Tower Civil Finishes,Blockwork,,25433979.0,2026-06-04,2026-06-14,,,,,0
1.1.6.3.1.11.2,Internal Plumbing Works,Tower 3,,MEP,Tower MEP,Plumbing,,81004239.0,2026-06-14,2026-06-20,,,,,0
1.1.6.3.1.11.3,Waterproofing Works,Tower 3,,Finishing,Tower Civil Finishes,Waterproofing,,27180000.0,2026-06-16,2026-06-26,,,,,0
1.1.6.3.1.11.4,PCC,Tower 3,,Civil Works- RCC,RCC,Concreting,,0.0,2026-06-28,2026-07-06,,,,,0
1.1.6.3.1.11.5,Electrical Wiring works,Tower 3,,MEP,Tower MEP,Electrical,,90046621.8499511,2026-06-16,2026-06-28,,,,,0
1.1.6.3.1.11.6,Internal Plaster Works,Tower 3,,Finishing,Tower Civil Finishes,Int Plaster,,91708750.0,2026-06-28,2026-07-07,,,,,0
1.1.6.3.1.11.7,Toilet Dado Works,Tower 3,,Finishing,Tower Finishing,Flooring,,44880000.0,2026-07-07,2026-07-16,,,,,0
1.1.6.3.1.11.8,Toilet Flooring Works,Tower 3,,Finishing,Tower Finishing,Flooring,,46400000.0,2026-07-16,2026-07-23,,,,,0
1.1.6.3.1.11.9,Living Dining Flooring,Tower 3,,Finishing,Tower Finishing,Flooring,,94105000.0,2026-07-23,2026-08-07,,,,,0
1.1.6.3.1.11.10,Temporary Door Fixing,Tower 3,,Finishing,Tower Finishing,Door,,0.0,2026-06-14,2026-06-23,,,,,0
1.1.6.3.1.11.11,Aluminium Door Widnow Fixing,Tower 3,,Finishing,Tower Finishing,Door,,103573549.0,2026-08-07,2026-08-22,,,,,0
1.1.6.3.1.11.12,Rehung Door Fixing,Tower 3,,Finishing,Tower Finishing,Door,,0.0,2026-08-22,2026-08-30,,,,,0
1.1.6.3.1.11.13,Putty Primer coat,Tower 3,,Finishing,Tower Finishing,Paint,,0.0,2026-08-30,2026-09-05,,,,,0
1.1.6.3.1.11.14,Painting First Coat,Tower 3,,Finishing,Tower Finishing,Paint,,29145000.0,2026-09-05,2026-09-17,,,,,0
1.1.6.3.1.11.15,False ceiling works,Tower 3,,Finishing,Tower Finishing,False Ceiling,,25850000.0,2026-09-17,2026-09-27,,,,,0
1.1.6.3.1.12,Eleventh Floor ,,,,,,,,2026-06-16,2026-10-09,,,,,
1.1.6.3.1.12.1,Blockwork,Tower 3,,Finishing,Tower Civil Finishes,Blockwork,,25433979.0,2026-06-16,2026-06-26,,,,,0
1.1.6.3.1.12.2,Internal Plumbing Works,Tower 3,,MEP,Tower MEP,Plumbing,,81004239.0,2026-06-26,2026-07-02,,,,,0
1.1.6.3.1.12.3,Waterproofing Works,Tower 3,,Finishing,Tower Civil Finishes,Waterproofing,,27180000.0,2026-06-28,2026-07-08,,,,,0
1.1.6.3.1.12.4,PCC,Tower 3,,Civil Works- RCC,RCC,Concreting,,0.0,2026-07-10,2026-07-18,,,,,0
1.1.6.3.1.12.5,Electrical Wiring works,Tower 3,,MEP,Tower MEP,Electrical,,90046621.8499511,2026-06-28,2026-07-10,,,,,0
1.1.6.3.1.12.6,Internal Plaster Works,Tower 3,,Finishing,Tower Civil Finishes,Int Plaster,,91708750.0,2026-07-10,2026-07-19,,,,,0
1.1.6.3.1.12.7,Toilet Dado Works,Tower 3,,Finishing,Tower Finishing,Flooring,,44880000.0,2026-07-19,2026-07-28,,,,,0
1.1.6.3.1.12.8,Toilet Flooring Works,Tower 3,,Finishing,Tower Finishing,Flooring,,46400000.0,2026-07-28,2026-08-04,,,,,0
1.1.6.3.1.12.9,Living Dining Flooring,Tower 3,,Finishing,Tower Finishing,Flooring,,94105000.0,2026-08-04,2026-08-19,,,,,0
1.1.6.3.1.12.10,Temporary Door Fixing,Tower 3,,Finishing,Tower Finishing,Door,,0.0,2026-06-26,2026-07-05,,,,,0
1.1.6.3.1.12.11,Aluminium Door Widnow Fixing,Tower 3,,Finishing,Tower Finishing,Door,,103573549.0,2026-08-19,2026-09-03,,,,,0
1.1.6.3.1.12.12,Rehung Door Fixing,Tower 3,,Finishing,Tower Finishing,Door,,0.0,2026-09-03,2026-09-11,,,,,0
1.1.6.3.1.12.13,Putty Primer coat,Tower 3,,Finishing,Tower Finishing,Paint,,0.0,2026-09-11,2026-09-17,,,,,0
1.1.6.3.1.12.14,Painting First Coat,Tower 3,,Finishing,Tower Finishing,Paint,,29145000.0,2026-09-17,2026-09-29,,,,,0
1.1.6.3.1.12.15,False ceiling works,Tower 3,,Finishing,Tower Finishing,False Ceiling,,25850000.0,2026-09-29,2026-10-09,,,,,0
1.1.6.3.1.13,Twelth Floor ,,,,,,,,2026-07-27,2027-01-03,,,,,
1.1.6.3.1.13.1,Blockwork,Tower 3,,Finishing,Tower Civil Finishes,Blockwork,,25433979.0,2026-07-27,2026-08-06,,,,,0
1.1.6.3.1.13.2,Internal Plumbing Works,Tower 3,,MEP,Tower MEP,Plumbing,,81004239.0,2026-08-06,2026-08-12,,,,,0
1.1.6.3.1.13.3,Waterproofing Works,Tower 3,,Finishing,Tower Civil Finishes,Waterproofing,,27180000.0,2026-08-08,2026-08-18,,,,,0
1.1.6.3.1.13.4,PCC,Tower 3,,Civil Works- RCC,RCC,Concreting,,0.0,2026-08-20,2026-08-28,,,,,0
1.1.6.3.1.13.5,Electrical Wiring works,Tower 3,,MEP,Tower MEP,Electrical,,90046621.8499511,2026-08-08,2026-08-20,,,,,0
1.1.6.3.1.13.6,Internal Plaster Works,Tower 3,,Finishing,Tower Civil Finishes,Int Plaster,,91708750.0,2026-08-20,2026-08-29,,,,,0
1.1.6.3.1.13.7,Toilet Dado Works,Tower 3,,Finishing,Tower Finishing,Flooring,,44880000.0,2026-08-29,2026-09-07,,,,,0
1.1.6.3.1.13.8,Toilet Flooring Works,Tower 3,,Finishing,Tower Finishing,Flooring,,46400000.0,2026-09-07,2026-09-14,,,,,0
1.1.6.3.1.13.9,Living Dining Flooring,Tower 3,,Finishing,Tower Finishing,Flooring,,94105000.0,2026-09-14,2026-09-29,,,,,0
1.1.6.3.1.13.10,Temporary Door Fixing,Tower 3,,Finishing,Tower Finishing,Door,,0.0,2026-08-06,2026-08-15,,,,,0
1.1.6.3.1.13.11,Aluminium Door Widnow Fixing,Tower 3,,Finishing,Tower Finishing,Door,,103573549.0,2026-09-29,2026-10-14,,,,,0
1.1.6.3.1.13.12,Rehung Door Fixing,Tower 3,,Finishing,Tower Finishing,Door,,0.0,2026-10-14,2026-10-22,,,,,0
1.1.6.3.1.13.13,Putty Primer coat,Tower 3,,Finishing,Tower Finishing,Paint,,0.0,2026-10-22,2026-10-28,,,,,0
1.1.6.3.1.13.14,Painting First Coat,Tower 3,,Finishing,Tower Finishing,Paint,,29145000.0,2026-10-28,2026-12-24,,,,,0
1.1.6.3.1.13.15,False ceiling works,Tower 3,,Finishing,Tower Finishing,False Ceiling,,25850000.0,2026-12-24,2027-01-03,,,,,0
1.1.6.3.1.14,Thirteen Floor ,,,,,,,,2026-08-08,2027-01-13,,,,,
1.1.6.3.1.14.1,Blockwork,Tower 3,,Finishing,Tower Civil Finishes,Blockwork,,25433979.0,2026-08-08,2026-08-15,,,,,0
1.1.6.3.1.14.2,Internal Plumbing Works,Tower 3,,MEP,Tower MEP,Plumbing,,81004239.0,2026-08-15,2026-08-21,,,,,0
1.1.6.3.1.14.3,Waterproofing Works,Tower 3,,Finishing,Tower Civil Finishes,Waterproofing,,27180000.0,2026-08-17,2026-08-24,,,,,0
1.1.6.3.1.14.4,PCC,Tower 3,,Civil Works- RCC,RCC,Concreting,,0.0,2026-08-24,2026-09-01,,,,,0
1.1.6.3.1.14.5,Electrical Wiring works,Tower 3,,MEP,Tower MEP,Electrical,,90046621.8499511,2026-08-17,2026-08-24,,,,,0
1.1.6.3.1.14.6,Internal Plaster Works,Tower 3,,Finishing,Tower Civil Finishes,Int Plaster,,91708750.0,2026-08-24,2026-08-29,,,,,0
1.1.6.3.1.14.7,Toilet Dado Works,Tower 3,,Finishing,Tower Finishing,Flooring,,44880000.0,2026-08-29,2026-09-05,,,,,0
1.1.6.3.1.14.8,Toilet Flooring Works,Tower 3,,Finishing,Tower Finishing,Flooring,,46400000.0,2026-09-05,2026-09-10,,,,,0
1.1.6.3.1.14.9,Living Dining Flooring,Tower 3,,Finishing,Tower Finishing,Flooring,,94105000.0,2026-09-10,2026-09-20,,,,,0
1.1.6.3.1.14.10,Temporary Door Fixing,Tower 3,,Finishing,Tower Finishing,Door,,0.0,2026-08-15,2026-08-24,,,,,0
1.1.6.3.1.14.11,Aluminium Door Widnow Fixing,Tower 3,,Finishing,Tower Finishing,Door,,103573549.0,2026-09-20,2026-09-27,,,,,0
1.1.6.3.1.14.12,Rehung Door Fixing,Tower 3,,Finishing,Tower Finishing,Door,,0.0,2026-09-27,2026-10-05,,,,,0
1.1.6.3.1.14.13,Putty Primer coat,Tower 3,,Finishing,Tower Finishing,Paint,,0.0,2026-10-05,2026-10-11,,,,,0
1.1.6.3.1.14.14,Painting First Coat,Tower 3,,Finishing,Tower Finishing,Paint,,29145000.0,2026-10-11,2026-10-23,,,,,0
1.1.6.3.1.14.15,False ceiling works,Tower 3,,Finishing,Tower Finishing,False Ceiling,,25850000.0,2027-01-03,2027-01-13,,,,,0
1.1.6.3.1.15,Fourteen Floor ,,,,,,,,2026-08-20,2027-01-23,,,,,
1.1.6.3.1.15.1,Blockwork,Tower 3,,Finishing,Tower Civil Finishes,Blockwork,,25433979.0,2026-08-20,2026-08-27,,,,,0
1.1.6.3.1.15.2,Internal Plumbing Works,Tower 3,,MEP,Tower MEP,Plumbing,,81004239.0,2026-08-27,2026-09-02,,,,,0
1.1.6.3.1.15.3,Waterproofing Works,Tower 3,,Finishing,Tower Civil Finishes,Waterproofing,,27180000.0,2026-08-29,2026-09-05,,,,,0
1.1.6.3.1.15.4,PCC,Tower 3,,Civil Works- RCC,RCC,Concreting,,0.0,2026-09-05,2026-09-13,,,,,0
1.1.6.3.1.15.5,Electrical Wiring works,Tower 3,,MEP,Tower MEP,Electrical,,90046621.8499511,2026-08-29,2026-09-05,,,,,0
1.1.6.3.1.15.6,Internal Plaster Works,Tower 3,,Finishing,Tower Civil Finishes,Int Plaster,,91708750.0,2026-09-05,2026-09-10,,,,,0
1.1.6.3.1.15.7,Toilet Dado Works,Tower 3,,Finishing,Tower Finishing,Flooring,,44880000.0,2026-09-10,2026-09-17,,,,,0
1.1.6.3.1.15.8,Toilet Flooring Works,Tower 3,,Finishing,Tower Finishing,Flooring,,46400000.0,2026-09-17,2026-09-22,,,,,0
1.1.6.3.1.15.9,Living Dining Flooring,Tower 3,,Finishing,Tower Finishing,Flooring,,94105000.0,2026-09-22,2026-10-02,,,,,0
1.1.6.3.1.15.10,Temporary Door Fixing,Tower 3,,Finishing,Tower Finishing,Door,,0.0,2026-08-27,2026-09-05,,,,,0
1.1.6.3.1.15.11,Aluminium Door Widnow Fixing,Tower 3,,Finishing,Tower Finishing,Door,,103573549.0,2026-10-02,2026-10-17,,,,,0
1.1.6.3.1.15.12,Rehung Door Fixing,Tower 3,,Finishing,Tower Finishing,Door,,0.0,2026-10-17,2026-10-25,,,,,0
1.1.6.3.1.15.13,Putty Primer coat,Tower 3,,Finishing,Tower Finishing,Paint,,0.0,2026-10-25,2026-10-31,,,,,0
1.1.6.3.1.15.14,Painting First Coat,Tower 3,,Finishing,Tower Finishing,Paint,,29145000.0,2026-10-31,2026-12-27,,,,,0
1.1.6.3.1.15.15,False ceiling works,Tower 3,,Finishing,Tower Finishing,False Ceiling,,25850000.0,2027-01-13,2027-01-23,,,,,0
1.1.6.3.1.16,Fifteen Floor ,,,,,,,,2026-08-31,2027-02-02,,,,,
1.1.6.3.1.16.1,Blockwork,Tower 3,,Finishing,Tower Civil Finishes,Blockwork,,25433979.0,2026-08-31,2026-09-07,,,,,0
1.1.6.3.1.16.2,Internal Plumbing Works,Tower 3,,MEP,Tower MEP,Plumbing,,81004239.0,2026-09-07,2026-09-13,,,,,0
1.1.6.3.1.16.3,Waterproofing Works,Tower 3,,Finishing,Tower Civil Finishes,Waterproofing,,27180000.0,2026-09-09,2026-09-16,,,,,0
1.1.6.3.1.16.4,PCC,Tower 3,,Civil Works- RCC,RCC,Concreting,,0.0,2026-09-16,2026-09-24,,,,,0
1.1.6.3.1.16.5,Electrical Wiring works,Tower 3,,MEP,Tower MEP,Electrical,,90046621.8499511,2026-09-09,2026-09-16,,,,,0
1.1.6.3.1.16.6,Internal Plaster Works,Tower 3,,Finishing,Tower Civil Finishes,Int Plaster,,91708750.0,2026-09-16,2026-09-21,,,,,0
1.1.6.3.1.16.7,Toilet Dado Works,Tower 3,,Finishing,Tower Finishing,Flooring,,44880000.0,2026-09-21,2026-09-28,,,,,0
1.1.6.3.1.16.8,Toilet Flooring Works,Tower 3,,Finishing,Tower Finishing,Flooring,,46400000.0,2026-09-28,2026-10-03,,,,,0
1.1.6.3.1.16.9,Living Dining Flooring,Tower 3,,Finishing,Tower Finishing,Flooring,,94105000.0,2026-10-03,2026-10-13,,,,,0
1.1.6.3.1.16.10,Temporary Door Fixing,Tower 3,,Finishing,Tower Finishing,Door,,0.0,2026-09-07,2026-09-16,,,,,0
1.1.6.3.1.16.11,Aluminium Door Widnow Fixing,Tower 3,,Finishing,Tower Finishing,Door,,103573549.0,2026-10-13,2026-10-28,,,,,0
1.1.6.3.1.16.12,Rehung Door Fixing,Tower 3,,Finishing,Tower Finishing,Door,,0.0,2026-10-28,2026-12-20,,,,,0
1.1.6.3.1.16.13,Putty Primer coat,Tower 3,,Finishing,Tower Finishing,Paint,,0.0,2026-12-20,2026-12-26,,,,,0
1.1.6.3.1.16.14,Painting First Coat,Tower 3,,Finishing,Tower Finishing,Paint,,29145000.0,2026-12-26,2027-01-07,,,,,0
1.1.6.3.1.16.15,False ceiling works,Tower 3,,Finishing,Tower Finishing,False Ceiling,,25850000.0,2027-01-23,2027-02-02,,,,,0
1.1.6.3.1.17,Sixteen Floor ,,,,,,,,2026-09-11,2027-02-12,,,,,
1.1.6.3.1.17.1,Blockwork,Tower 3,,Finishing,Tower Civil Finishes,Blockwork,,25433979.0,2026-09-11,2026-09-18,,,,,0
1.1.6.3.1.17.2,Internal Plumbing Works,Tower 3,,MEP,Tower MEP,Plumbing,,100.0,2026-09-18,2026-09-24,,,,,0
1.1.6.3.1.17.3,Waterproofing Works,Tower 3,,Finishing,Tower Civil Finishes,Waterproofing,,27180000.0,2026-09-20,2026-09-27,,,,,0
1.1.6.3.1.17.4,PCC,Tower 3,,Civil Works- RCC,RCC,Concreting,,0.0,2026-09-27,2026-10-05,,,,,0
1.1.6.3.1.17.5,Electrical Wiring works,Tower 3,,MEP,Tower MEP,Electrical,,90046621.8499511,2026-09-20,2026-09-27,,,,,0
1.1.6.3.1.17.6,Internal Plaster Works,Tower 3,,Finishing,Tower Civil Finishes,Int Plaster,,91708750.0,2026-09-27,2026-10-02,,,,,0
1.1.6.3.1.17.7,Toilet Dado Works,Tower 3,,Finishing,Tower Finishing,Flooring,,44880000.0,2026-10-02,2026-10-09,,,,,0
1.1.6.3.1.17.8,Toilet Flooring Works,Tower 3,,Finishing,Tower Finishing,Flooring,,46400000.0,2026-10-09,2026-10-14,,,,,0
1.1.6.3.1.17.9,Living Dining Flooring,Tower 3,,Finishing,Tower Finishing,Flooring,,94105000.0,2026-10-14,2026-10-24,,,,,0
1.1.6.3.1.17.10,Temporary Door Fixing,Tower 3,,Finishing,Tower Finishing,Door,,0.0,2026-09-18,2026-09-27,,,,,0
1.1.6.3.1.17.11,Aluminium Door Widnow Fixing,Tower 3,,Finishing,Tower Finishing,Door,,103573549.0,2026-10-24,2026-12-23,,,,,0
1.1.6.3.1.17.12,Rehung Door Fixing,Tower 3,,Finishing,Tower Finishing,Door,,0.0,2026-12-23,2026-12-31,,,,,0
1.1.6.3.1.17.13,Putty Primer coat,Tower 3,,Finishing,Tower Finishing,Paint,,0.0,2026-12-31,2027-01-06,,,,,0
1.1.6.3.1.17.14,Painting First Coat,Tower 3,,Finishing,Tower Finishing,Paint,,29145000.0,2027-01-06,2027-01-18,,,,,0
1.1.6.3.1.17.15,False ceiling works,Tower 3,,Finishing,Tower Finishing,False Ceiling,,25850000.0,2027-02-02,2027-02-12,,,,,0
1.1.6.3.1.18,Seventeen Floor ,,,,,,,,2026-09-22,2027-02-22,,,,,
1.1.6.3.1.18.1,Blockwork,Tower 3,,Finishing,Tower Civil Finishes,Blockwork,,25433979.0,2026-09-22,2026-09-29,,,,,0
1.1.6.3.1.18.2,Internal Plumbing Works,Tower 3,,MEP,Tower MEP,Plumbing,,81004239.0,2026-09-29,2026-10-05,,,,,0
1.1.6.3.1.18.3,Waterproofing Works,Tower 3,,Finishing,Tower Civil Finishes,Waterproofing,,27180000.0,2026-10-01,2026-10-06,,,,,0
1.1.6.3.1.18.4,PCC,Tower 3,,Civil Works- RCC,RCC,Concreting,,0.0,2026-10-06,2026-10-14,,,,,0
1.1.6.3.1.18.5,Electrical Wiring works,Tower 3,,MEP,Tower MEP,Electrical,,90046621.8499511,2026-10-01,2026-10-06,,,,,0
1.1.6.3.1.18.6,Internal Plaster Works,Tower 3,,Finishing,Tower Civil Finishes,Int Plaster,,91708750.0,2026-10-06,2026-10-11,,,,,0
1.1.6.3.1.18.7,Toilet Dado Works,Tower 3,,Finishing,Tower Finishing,Flooring,,44880000.0,2026-10-06,2026-10-13,,,,,0
1.1.6.3.1.18.8,Toilet Flooring Works,Tower 3,,Finishing,Tower Finishing,Flooring,,46400000.0,2026-10-14,2026-10-19,,,,,0
1.1.6.3.1.18.9,Living Dining Flooring,Tower 3,,Finishing,Tower Finishing,Flooring,,94105000.0,2026-10-19,2026-10-26,,,,,0
1.1.6.3.1.18.10,Temporary Door Fixing,Tower 3,,Finishing,Tower Finishing,Door,,0.0,2026-09-29,2026-10-08,,,,,0
1.1.6.3.1.18.11,Aluminium Door Widnow Fixing,Tower 3,,Finishing,Tower Finishing,Door,,103573549.0,2026-10-26,2026-12-25,,,,,0
1.1.6.3.1.18.12,Rehung Door Fixing,Tower 3,,Finishing,Tower Finishing,Door,,0.0,2026-12-25,2027-01-02,,,,,0
1.1.6.3.1.18.13,Putty Primer coat,Tower 3,,Finishing,Tower Finishing,Paint,,0.0,2027-01-02,2027-01-08,,,,,0
1.1.6.3.1.18.14,Painting First Coat,Tower 3,,Finishing,Tower Finishing,Paint,,29145000.0,2027-01-08,2027-01-20,,,,,0
1.1.6.3.1.18.15,False ceiling works,Tower 3,,Finishing,Tower Finishing,False Ceiling,,25850000.0,2027-02-12,2027-02-22,,,,,0
1.1.6.3.1.19,Eighteenth Floor ,,,,,,,,2026-10-03,2027-03-04,,,,,
1.1.6.3.1.19.1,Blockwork,Tower 3,,Finishing,Tower Civil Finishes,Blockwork,,25433979.0,2026-10-03,2026-10-10,,,,,0
1.1.6.3.1.19.2,Internal Plumbing Works,Tower 3,,MEP,Tower MEP,Plumbing,,81004239.0,2026-10-10,2026-10-16,,,,,0
1.1.6.3.1.19.3,Waterproofing Works,Tower 3,,Finishing,Tower Civil Finishes,Waterproofing,,27180000.0,2026-10-12,2026-10-19,,,,,0
1.1.6.3.1.19.4,PCC,Tower 3,,Civil Works- RCC,RCC,Concreting,,0.0,2026-10-19,2026-10-23,,,,,0
1.1.6.3.1.19.5,Electrical Wiring works,Tower 3,,MEP,Tower MEP,Electrical,,90046621.8499511,2026-10-12,2026-10-16,,,,,0
1.1.6.3.1.19.6,Internal Plaster Works,Tower 3,,Finishing,Tower Civil Finishes,Int Plaster,,91708750.0,2026-10-19,2026-10-23,,,,,0
1.1.6.3.1.19.7,Toilet Dado Works,Tower 3,,Finishing,Tower Finishing,Flooring,,44880000.0,2026-10-21,2026-10-25,,,,,0
1.1.6.3.1.19.8,Toilet Flooring Works,Tower 3,,Finishing,Tower Finishing,Flooring,,46400000.0,2026-10-25,2026-10-29,,,,,0
1.1.6.3.1.19.9,Living Dining Flooring,Tower 3,,Finishing,Tower Finishing,Flooring,,94105000.0,2026-10-29,2026-12-23,,,,,0
1.1.6.3.1.19.10,Temporary Door Fixing,Tower 3,,Finishing,Tower Finishing,Door,,0.0,2026-10-10,2026-10-19,,,,,0
1.1.6.3.1.19.11,Aluminium Door Widnow Fixing,Tower 3,,Finishing,Tower Finishing,Door,,103573549.0,2026-12-23,2027-01-07,,,,,0
1.1.6.3.1.19.12,Rehung Door Fixing,Tower 3,,Finishing,Tower Finishing,Door,,0.0,2027-01-07,2027-01-15,,,,,0
1.1.6.3.1.19.13,Putty Primer coat,Tower 3,,Finishing,Tower Finishing,Paint,,0.0,2027-01-15,2027-01-21,,,,,0
1.1.6.3.1.19.14,Painting First Coat,Tower 3,,Finishing,Tower Finishing,Paint,,29145000.0,2027-01-21,2027-02-02,,,,,0
1.1.6.3.1.19.15,False ceiling works,Tower 3,,Finishing,Tower Finishing,False Ceiling,,25850000.0,2027-02-22,2027-03-04,,,,,0
1.1.6.3.1.20,Ninteenth Floor ,,,,,,,,2026-10-14,2027-03-14,,,,,
1.1.6.3.1.20.1,Blockwork,Tower 3,,Finishing,Tower Civil Finishes,Blockwork,,25433979.0,2026-10-14,2026-10-21,,,,,0
1.1.6.3.1.20.2,Internal Plumbing Works,Tower 3,,MEP,Tower MEP,Plumbing,,81004239.0,2026-10-21,2026-10-27,,,,,0
1.1.6.3.1.20.3,Waterproofing Works,Tower 3,,Finishing,Tower Civil Finishes,Waterproofing,,27180000.0,2026-10-23,2026-10-30,,,,,0
1.1.6.3.1.20.4,PCC,Tower 3,,Civil Works- RCC,RCC,Concreting,,0.0,2026-10-30,2026-12-18,,,,,0
1.1.6.3.1.20.5,Electrical Wiring works,Tower 3,,MEP,Tower MEP,Electrical,,90046621.8499511,2026-10-23,2026-10-30,,,,,0
1.1.6.3.1.20.6,Internal Plaster Works,Tower 3,,Finishing,Tower Civil Finishes,Int Plaster,,91708750.0,2026-10-30,2026-12-19,,,,,0
1.1.6.3.1.20.7,Toilet Dado Works,Tower 3,,Finishing,Tower Finishing,Flooring,,44880000.0,2026-12-19,2026-12-24,,,,,0
1.1.6.3.1.20.8,Toilet Flooring Works,Tower 3,,Finishing,Tower Finishing,Flooring,,46400000.0,2026-12-24,2026-12-29,,,,,0
1.1.6.3.1.20.9,Living Dining Flooring,Tower 3,,Finishing,Tower Finishing,Flooring,,94105000.0,2026-12-29,2027-01-13,,,,,0
1.1.6.3.1.20.10,Temporary Door Fixing,Tower 3,,Finishing,Tower Finishing,Door,,0.0,2026-10-21,2026-10-30,,,,,0
1.1.6.3.1.20.11,Aluminium Door Widnow Fixing,Tower 3,,Finishing,Tower Finishing,Door,,103573549.0,2027-01-13,2027-01-28,,,,,0
1.1.6.3.1.20.12,Rehung Door Fixing,Tower 3,,Finishing,Tower Finishing,Door,,0.0,2027-01-28,2027-02-05,,,,,0
1.1.6.3.1.20.13,Putty Primer coat,Tower 3,,Finishing,Tower Finishing,Paint,,0.0,2027-02-05,2027-02-11,,,,,0
1.1.6.3.1.20.14,Painting First Coat,Tower 3,,Finishing,Tower Finishing,Paint,,29145000.0,2027-02-11,2027-02-23,,,,,0
1.1.6.3.1.20.15,False ceiling works,Tower 3,,Finishing,Tower Finishing,False Ceiling,,25850000.0,2027-03-04,2027-03-14,,,,,0
1.1.6.3.1.21,Twenty Floor ,,,,,,,,2026-10-18,2027-03-24,,,,,
1.1.6.3.1.21.1,Blockwork,Tower 3,,Finishing,Tower Civil Finishes,Blockwork,,25433979.0,2026-10-18,2026-10-25,,,,,0
1.1.6.3.1.21.2,Internal Plumbing Works,Tower 3,,MEP,Tower MEP,Plumbing,,81004239.0,2026-10-22,2026-10-28,,,,,0
1.1.6.3.1.21.3,Waterproofing Works,Tower 3,,Finishing,Tower Civil Finishes,Waterproofing,,27180000.0,2026-10-24,2026-10-30,,,,,0
1.1.6.3.1.21.4,PCC,Tower 3,,Civil Works- RCC,RCC,Concreting,,0.0,2026-10-30,2026-12-18,,,,,0
1.1.6.3.1.21.5,Electrical Wiring works,Tower 3,,MEP,Tower MEP,Electrical,,90046621.8499511,2026-10-24,2026-10-28,,,,,0
1.1.6.3.1.21.6,Internal Plaster Works,Tower 3,,Finishing,Tower Civil Finishes,Int Plaster,,91708750.0,2026-10-30,2026-12-19,,,,,0
1.1.6.3.1.21.7,Toilet Dado Works,Tower 3,,Finishing,Tower Finishing,Flooring,,44880000.0,2026-12-19,2026-12-26,,,,,0
1.1.6.3.1.21.8,Toilet Flooring Works,Tower 3,,Finishing,Tower Finishing,Flooring,,46400000.0,2026-12-26,2026-12-31,,,,,0
1.1.6.3.1.21.9,Living Dining Flooring,Tower 3,,Finishing,Tower Finishing,Flooring,,94105000.0,2026-12-31,2027-01-10,,,,,0
1.1.6.3.1.21.10,Temporary Door Fixing,Tower 3,,Finishing,Tower Finishing,Door,,0.0,2026-10-25,2026-12-18,,,,,0
1.1.6.3.1.21.11,Aluminium Door Widnow Fixing,Tower 3,,Finishing,Tower Finishing,Door,,103573549.0,2027-01-10,2027-01-25,,,,,0
1.1.6.3.1.21.12,Rehung Door Fixing,Tower 3,,Finishing,Tower Finishing,Door,,0.0,2027-01-25,2027-02-02,,,,,0
1.1.6.3.1.21.13,Putty Primer coat,Tower 3,,Finishing,Tower Finishing,Paint,,0.0,2027-02-02,2027-02-08,,,,,0
1.1.6.3.1.21.14,Painting First Coat,Tower 3,,Finishing,Tower Finishing,Paint,,29145000.0,2027-02-08,2027-02-20,,,,,0
1.1.6.3.1.21.15,False ceiling works,Tower 3,,Finishing,Tower Finishing,False Ceiling,,25850000.0,2027-03-14,2027-03-24,,,,,0
1.1.6.3.1.22,Twentyone Floor ,,,,,,,,2026-10-29,2027-04-03,,,,,
1.1.6.3.1.22.1,Blockwork,Tower 3,,Finishing,Tower Civil Finishes,Blockwork,,25433979.0,2026-10-29,2026-12-20,,,,,0
1.1.6.3.1.22.2,Internal Plumbing Works,Tower 3,,MEP,Tower MEP,Plumbing,,81004239.0,2026-12-20,2026-12-26,,,,,0
1.1.6.3.1.22.3,Waterproofing Works,Tower 3,,Finishing,Tower Civil Finishes,Waterproofing,,27180000.0,2026-12-22,2026-12-29,,,,,0
1.1.6.3.1.22.4,PCC,Tower 3,,Civil Works- RCC,RCC,Concreting,,0.0,2026-12-29,2027-01-06,,,,,0
1.1.6.3.1.22.5,Electrical Wiring works,Tower 3,,MEP,Tower MEP,Electrical,,90046621.8499511,2026-12-22,2026-12-29,,,,,0
1.1.6.3.1.22.6,Internal Plaster Works,Tower 3,,Finishing,Tower Civil Finishes,Int Plaster,,91708750.0,2026-12-29,2027-01-04,,,,,0
1.1.6.3.1.22.7,Toilet Dado Works,Tower 3,,Finishing,Tower Finishing,Flooring,,44880000.0,2027-01-04,2027-01-13,,,,,0
1.1.6.3.1.22.8,Toilet Flooring Works,Tower 3,,Finishing,Tower Finishing,Flooring,,46400000.0,2027-01-13,2027-01-20,,,,,0
1.1.6.3.1.22.9,Living Dining Flooring,Tower 3,,Finishing,Tower Finishing,Flooring,,94105000.0,2027-01-20,2027-02-04,,,,,0
1.1.6.3.1.22.10,Temporary Door Fixing,Tower 3,,Finishing,Tower Finishing,Door,,0.0,2026-12-20,2026-12-29,,,,,0
1.1.6.3.1.22.11,Aluminium Door Widnow Fixing,Tower 3,,Finishing,Tower Finishing,Door,,103573549.0,2027-02-04,2027-02-19,,,,,0
1.1.6.3.1.22.12,Rehung Door Fixing,Tower 3,,Finishing,Tower Finishing,Door,,54925000.0,2027-02-19,2027-02-27,,,,,0
1.1.6.3.1.22.13,Putty Primer coat,Tower 3,,Finishing,Tower Finishing,Paint,,0.0,2027-02-27,2027-03-05,,,,,0
1.1.6.3.1.22.14,Painting First Coat,Tower 3,,Finishing,Tower Finishing,Paint,,29145000.0,2027-03-05,2027-03-17,,,,,0
1.1.6.3.1.22.15,False ceiling works,Tower 3,,Finishing,Tower Finishing,False Ceiling,,25850000.0,2027-03-24,2027-04-03,,,,,0
1.1.6.3.1.23,Twenty two  Floor ,,,,,,,,2026-12-30,2027-04-21,,,,,
1.1.6.3.1.23.1,Blockwork,Tower 3,,Finishing,Tower Civil Finishes,Blockwork,,25433979.0,2026-12-30,2027-01-06,,,,,0
1.1.6.3.1.23.2,Internal Plumbing Works,Tower 3,,MEP,Tower MEP,Plumbing,,81004239.0,2027-01-06,2027-01-12,,,,,0
1.1.6.3.1.23.3,Waterproofing Works,Tower 3,,Finishing,Tower Civil Finishes,Waterproofing,,27180000.0,2027-01-08,2027-01-18,,,,,0
1.1.6.3.1.23.4,PCC,Tower 3,,Civil Works- RCC,RCC,Concreting,,0.0,2027-01-20,2027-01-28,,,,,0
1.1.6.3.1.23.5,Electrical Wiring works,Tower 3,,MEP,Tower MEP,Electrical,,90046621.8499511,2027-01-08,2027-01-20,,,,,0
1.1.6.3.1.23.6,Internal Plaster Works,Tower 3,,Finishing,Tower Civil Finishes,Int Plaster,,91708750.0,2027-01-20,2027-01-29,,,,,0
1.1.6.3.1.23.7,Toilet Dado Works,Tower 3,,Finishing,Tower Finishing,Flooring,,44880000.0,2027-01-29,2027-02-07,,,,,0
1.1.6.3.1.23.8,Toilet Flooring Works,Tower 3,,Finishing,Tower Finishing,Flooring,,46400000.0,2027-02-07,2027-02-14,,,,,0
1.1.6.3.1.23.9,Living Dining Flooring,Tower 3,,Finishing,Tower Finishing,Flooring,,94105000.0,2027-02-14,2027-03-01,,,,,0
1.1.6.3.1.23.10,Temporary Door Fixing,Tower 3,,Finishing,Tower Finishing,Door,,0.0,2027-01-06,2027-01-15,,,,,0
1.1.6.3.1.23.11,Aluminium Door Widnow Fixing,Tower 3,,Finishing,Tower Finishing,Door,,103573549.0,2027-03-01,2027-03-16,,,,,0
1.1.6.3.1.23.12,Rehung Door Fixing,Tower 3,,Finishing,Tower Finishing,Door,,0.0,2027-03-16,2027-03-24,,,,,0
1.1.6.3.1.23.13,Putty Primer coat,Tower 3,,Finishing,Tower Finishing,Paint,,0.0,2027-03-24,2027-03-30,,,,,0
1.1.6.3.1.23.14,Painting First Coat,Tower 3,,Finishing,Tower Finishing,Paint,,29145000.0,2027-03-30,2027-04-11,,,,,0
1.1.6.3.1.23.15,False ceiling works,Tower 3,,Finishing,Tower Finishing,False Ceiling,,25850000.0,2027-04-11,2027-04-21,,,,,0
1.1.6.3.1.24,Twenty Three Floor ,,,,,,,,2027-01-17,2027-05-12,,,,,
1.1.6.3.1.24.1,Blockwork,Tower 3,,Finishing,Tower Civil Finishes,Blockwork,,25433979.0,2027-01-17,2027-01-27,,,,,0
1.1.6.3.1.24.2,Internal Plumbing Works,Tower 3,,MEP,Tower MEP,Plumbing,,81004239.0,2027-01-27,2027-02-02,,,,,0
1.1.6.3.1.24.3,Waterproofing Works,Tower 3,,Finishing,Tower Civil Finishes,Waterproofing,,27180000.0,2027-01-29,2027-02-08,,,,,0
1.1.6.3.1.24.4,PCC,Tower 3,,Civil Works- RCC,RCC,Concreting,,0.0,2027-02-10,2027-02-18,,,,,0
1.1.6.3.1.24.5,Electrical Wiring works,Tower 3,,MEP,Tower MEP,Electrical,,90046621.8499511,2027-01-29,2027-02-10,,,,,0
1.1.6.3.1.24.6,Internal Plaster Works,Tower 3,,Finishing,Tower Civil Finishes,Int Plaster,,91708750.0,2027-02-10,2027-02-19,,,,,0
1.1.6.3.1.24.7,Toilet Dado Works,Tower 3,,Finishing,Tower Finishing,Flooring,,44880000.0,2027-02-19,2027-02-28,,,,,0
1.1.6.3.1.24.8,Toilet Flooring Works,Tower 3,,Finishing,Tower Finishing,Flooring,,46400000.0,2027-02-28,2027-03-07,,,,,0
1.1.6.3.1.24.9,Living Dining Flooring,Tower 3,,Finishing,Tower Finishing,Flooring,,94105000.0,2027-03-07,2027-03-22,,,,,0
1.1.6.3.1.24.10,Temporary Door Fixing,Tower 3,,Finishing,Tower Finishing,Door,,0.0,2027-01-27,2027-02-05,,,,,0
1.1.6.3.1.24.11,Aluminium Door Widnow Fixing,Tower 3,,Finishing,Tower Finishing,Door,,103573549.0,2027-03-22,2027-04-06,,,,,0
1.1.6.3.1.24.12,Rehung Door Fixing,Tower 3,,Finishing,Tower Finishing,Door,,0.0,2027-04-06,2027-04-14,,,,,0
1.1.6.3.1.24.13,Putty Primer coat,Tower 3,,Finishing,Tower Finishing,Paint,,0.0,2027-04-14,2027-04-20,,,,,0
1.1.6.3.1.24.14,Painting First Coat,Tower 3,,Finishing,Tower Finishing,Paint,,29145000.0,2027-04-20,2027-05-02,,,,,0
1.1.6.3.1.24.15,False ceiling works,Tower 3,,Finishing,Tower Finishing,False Ceiling,,25850000.0,2027-05-02,2027-05-12,,,,,0
1.1.6.3.1.25,Twenty Four Floor ,,,,,,,,2027-01-28,2027-05-22,,,,,
1.1.6.3.1.25.1,Blockwork,Tower 3,,Finishing,Tower Civil Finishes,Blockwork,,25433979.0,2027-01-28,2027-02-06,,,,,0
1.1.6.3.1.25.2,Internal Plumbing Works,Tower 3,,MEP,Tower MEP,Plumbing,,81004239.0,2027-02-07,2027-02-12,,,,,0
1.1.6.3.1.25.3,Waterproofing Works,Tower 3,,Finishing,Tower Civil Finishes,Waterproofing,,27180000.0,2027-02-09,2027-02-18,,,,,0
1.1.6.3.1.25.4,PCC,Tower 3,,Civil Works- RCC,RCC,Concreting,,0.0,2027-02-21,2027-02-28,,,,,0
1.1.6.3.1.25.5,Electrical Wiring works,Tower 3,,MEP,Tower MEP,Electrical,,90046621.8499511,2027-02-09,2027-02-20,,,,,0
1.1.6.3.1.25.6,Internal Plaster Works,Tower 3,,Finishing,Tower Civil Finishes,Int Plaster,,91708750.0,2027-02-21,2027-03-01,,,,,0
1.1.6.3.1.25.7,Toilet Dado Works,Tower 3,,Finishing,Tower Finishing,Flooring,,44880000.0,2027-03-02,2027-03-10,,,,,0
1.1.6.3.1.25.8,Toilet Flooring Works,Tower 3,,Finishing,Tower Finishing,Flooring,,46400000.0,2027-03-11,2027-03-17,,,,,0
1.1.6.3.1.25.9,Living Dining Flooring,Tower 3,,Finishing,Tower Finishing,Flooring,,94105000.0,2027-03-18,2027-04-01,,,,,0
1.1.6.3.1.25.10,Temporary Door Fixing,Tower 3,,Finishing,Tower Finishing,Door,,0.0,2027-02-07,2027-02-15,,,,,0
1.1.6.3.1.25.11,Aluminium Door Widnow Fixing,Tower 3,,Finishing,Tower Finishing,Door,,103573549.0,2027-04-02,2027-04-16,,,,,0
1.1.6.3.1.25.12,Rehung Door Fixing,Tower 3,,Finishing,Tower Finishing,Door,,0.0,2027-04-17,2027-04-24,,,,,0
1.1.6.3.1.25.13,Putty Primer coat,Tower 3,,Finishing,Tower Finishing,Paint,,0.0,2027-04-25,2027-04-30,,,,,0
1.1.6.3.1.25.14,Painting First Coat,Tower 3,,Finishing,Tower Finishing,Paint,,29145000.0,2027-05-01,2027-05-12,,,,,0
1.1.6.3.1.25.15,False ceiling works,Tower 3,,Finishing,Tower Finishing,False Ceiling,,25850000.0,2027-05-13,2027-05-22,,,,,0
1.1.6.3.1.26,Twenty Five Floors,,,,,,,,2027-02-08,2027-06-02,,,,,
1.1.6.3.1.26.1,Blockwork,Tower 3,,Finishing,Tower Civil Finishes,Blockwork,,25433979.0,2027-02-08,2027-02-17,,,,,0
1.1.6.3.1.26.2,Internal Plumbing Works,Tower 3,,MEP,Tower MEP,Plumbing,,81004239.0,2027-02-18,2027-02-23,,,,,0
1.1.6.3.1.26.3,Waterproofing Works,Tower 3,,Finishing,Tower Civil Finishes,Waterproofing,,27180000.0,2027-02-20,2027-03-01,,,,,0
1.1.6.3.1.26.4,PCC,Tower 3,,Civil Works- RCC,RCC,Concreting,,0.0,2027-03-04,2027-03-11,,,,,0
1.1.6.3.1.26.5,Electrical Wiring works,Tower 3,,MEP,Tower MEP,Electrical,,90046621.8499511,2027-02-20,2027-03-03,,,,,0
1.1.6.3.1.26.6,Internal Plaster Works,Tower 3,,Finishing,Tower Civil Finishes,Int Plaster,,91708750.0,2027-03-04,2027-03-12,,,,,0
1.1.6.3.1.26.7,Toilet Dado Works,Tower 3,,Finishing,Tower Finishing,Flooring,,44880000.0,2027-03-13,2027-03-21,,,,,0
1.1.6.3.1.26.8,Toilet Flooring Works,Tower 3,,Finishing,Tower Finishing,Flooring,,46400000.0,2027-03-22,2027-03-28,,,,,0
1.1.6.3.1.26.9,Living Dining Flooring,Tower 3,,Finishing,Tower Finishing,Flooring,,94105000.0,2027-03-29,2027-04-12,,,,,0
1.1.6.3.1.26.10,Temporary Door Fixing,Tower 3,,Finishing,Tower Finishing,Door,,0.0,2027-02-18,2027-02-26,,,,,0
1.1.6.3.1.26.11,Aluminium Door Widnow Fixing,Tower 3,,Finishing,Tower Finishing,Door,,103573549.0,2027-04-13,2027-04-27,,,,,0
1.1.6.3.1.26.12,Rehung Door Fixing,Tower 3,,Finishing,Tower Finishing,Door,,0.0,2027-04-28,2027-05-05,,,,,0
1.1.6.3.1.26.13,Putty Primer coat,Tower 3,,Finishing,Tower Finishing,Paint,,0.0,2027-05-06,2027-05-11,,,,,0
1.1.6.3.1.26.14,Painting First Coat,Tower 3,,Finishing,Tower Finishing,Paint,,29145000.0,2027-05-12,2027-05-23,,,,,0
1.1.6.3.1.26.15,False ceiling works,Tower 3,,Finishing,Tower Finishing,False Ceiling,,25850000.0,2027-05-24,2027-06-02,,,,,0
1.1.6.3.1.27,Twenty Six Floor ,,,,,,,,2027-02-19,2027-06-13,,,,,
1.1.6.3.1.27.1,Blockwork,Tower 3,,Finishing,Tower Civil Finishes,Blockwork,,25433979.0,2027-02-19,2027-02-28,,,,,0
1.1.6.3.1.27.2,Internal Plumbing Works,Tower 3,,MEP,Tower MEP,Plumbing,,81004239.0,2027-03-01,2027-03-06,,,,,0
1.1.6.3.1.27.3,Waterproofing Works,Tower 3,,Finishing,Tower Civil Finishes,Waterproofing,,27180000.0,2027-03-03,2027-03-12,,,,,0
1.1.6.3.1.27.4,PCC,Tower 3,,Civil Works- RCC,RCC,Concreting,,0.0,2027-03-15,2027-03-22,,,,,0
1.1.6.3.1.27.5,Electrical Wiring works,Tower 3,,MEP,Tower MEP,Electrical,,90046621.8499511,2027-03-03,2027-03-14,,,,,0
1.1.6.3.1.27.6,Internal Plaster Works,Tower 3,,Finishing,Tower Civil Finishes,Int Plaster,,91708750.0,2027-03-15,2027-03-23,,,,,0
1.1.6.3.1.27.7,Toilet Dado Works,Tower 3,,Finishing,Tower Finishing,Flooring,,44880000.0,2027-03-24,2027-04-01,,,,,0
1.1.6.3.1.27.8,Toilet Flooring Works,Tower 3,,Finishing,Tower Finishing,Flooring,,46400000.0,2027-04-02,2027-04-08,,,,,0
1.1.6.3.1.27.9,Living Dining Flooring,Tower 3,,Finishing,Tower Finishing,Flooring,,94105000.0,2027-04-09,2027-04-23,,,,,0
1.1.6.3.1.27.10,Temporary Door Fixing,Tower 3,,Finishing,Tower Finishing,Door,,0.0,2027-03-01,2027-03-09,,,,,0
1.1.6.3.1.27.11,Aluminium Door Widnow Fixing,Tower 3,,Finishing,Tower Finishing,Door,,103573549.0,2027-04-24,2027-05-08,,,,,0
1.1.6.3.1.27.12,Rehung Door Fixing,Tower 3,,Finishing,Tower Finishing,Door,,0.0,2027-05-09,2027-05-16,,,,,0
1.1.6.3.1.27.13,Putty Primer coat,Tower 3,,Finishing,Tower Finishing,Paint,,0.0,2027-05-17,2027-05-22,,,,,0
1.1.6.3.1.27.14,Painting First Coat,Tower 3,,Finishing,Tower Finishing,Paint,,29145000.0,2027-05-23,2027-06-03,,,,,0
1.1.6.3.1.27.15,False ceiling works,Tower 3,,Finishing,Tower Finishing,False Ceiling,,25850000.0,2027-06-04,2027-06-13,,,,,0
1.1.6.3.1.28,Twenty Seven Floors,,,,,,,,2027-03-08,2027-06-30,,,,,
1.1.6.3.1.28.1,Blockwork,Tower 3,,Finishing,Tower Civil Finishes,Blockwork,,25433979.0,2027-03-08,2027-03-17,,,,,0
1.1.6.3.1.28.2,Internal Plumbing Works,Tower 3,,MEP,Tower MEP,Plumbing,,81004239.0,2027-03-18,2027-03-23,,,,,0
1.1.6.3.1.28.3,Waterproofing Works,Tower 3,,Finishing,Tower Civil Finishes,Waterproofing,,27180000.0,2027-03-20,2027-03-29,,,,,0
1.1.6.3.1.28.4,PCC,Tower 3,,Civil Works- RCC,RCC,Concreting,,0.0,2027-04-01,2027-04-08,,,,,0
1.1.6.3.1.28.5,Electrical Wiring works,Tower 3,,MEP,Tower MEP,Electrical,,90046621.8499511,2027-03-20,2027-03-31,,,,,0
1.1.6.3.1.28.6,Internal Plaster Works,Tower 3,,Finishing,Tower Civil Finishes,Int Plaster,,91708750.0,2027-04-01,2027-04-09,,,,,0
1.1.6.3.1.28.7,Toilet Dado Works,Tower 3,,Finishing,Tower Finishing,Flooring,,44880000.0,2027-04-10,2027-04-18,,,,,0
1.1.6.3.1.28.8,Toilet Flooring Works,Tower 3,,Finishing,Tower Finishing,Flooring,,46400000.0,2027-04-19,2027-04-25,,,,,0
1.1.6.3.1.28.9,Living Dining Flooring,Tower 3,,Finishing,Tower Finishing,Flooring,,94105000.0,2027-04-26,2027-05-10,,,,,0
1.1.6.3.1.28.10,Temporary Door Fixing,Tower 3,,Finishing,Tower Finishing,Door,,0.0,2027-03-18,2027-03-26,,,,,0
1.1.6.3.1.28.11,Aluminium Door Widnow Fixing,Tower 3,,Finishing,Tower Finishing,Door,,103573549.0,2027-05-11,2027-05-25,,,,,0
1.1.6.3.1.28.12,Rehung Door Fixing,Tower 3,,Finishing,Tower Finishing,Door,,0.0,2027-05-26,2027-06-02,,,,,0
1.1.6.3.1.28.13,Putty Primer coat,Tower 3,,Finishing,Tower Finishing,Paint,,0.0,2027-06-03,2027-06-08,,,,,0
1.1.6.3.1.28.14,Painting First Coat,Tower 3,,Finishing,Tower Finishing,Paint,,29145000.0,2027-06-09,2027-06-20,,,,,0
1.1.6.3.1.28.15,False ceiling works,Tower 3,,Finishing,Tower Finishing,False Ceiling,,25850000.0,2027-06-21,2027-06-30,,,,,0
1.1.6.3.1.29,Twenty Eight Floor ,,,,,,,,2027-03-14,2027-07-10,,,,,
1.1.6.3.1.29.1,Blockwork,Tower 3,,Finishing,Tower Civil Finishes,Blockwork,,25433979.0,2027-03-14,2027-03-18,,,,,0
1.1.6.3.1.29.2,Internal Plumbing Works,Tower 3,,MEP,Tower MEP,Plumbing,,81004239.0,2027-03-19,2027-03-24,,,,,0
1.1.6.3.1.29.3,Waterproofing Works,Tower 3,,Finishing,Tower Civil Finishes,Waterproofing,,27180000.0,2027-03-21,2027-03-30,,,,,0
1.1.6.3.1.29.4,PCC,Tower 3,,Civil Works- RCC,RCC,Concreting,,0.0,2027-04-02,2027-04-09,,,,,0
1.1.6.3.1.29.5,Electrical Wiring works,Tower 3,,MEP,Tower MEP,Electrical,,90046621.8499511,2027-03-21,2027-04-01,,,,,0
1.1.6.3.1.29.6,Internal Plaster Works,Tower 3,,Finishing,Tower Civil Finishes,Int Plaster,,91708750.0,2027-04-02,2027-04-10,,,,,0
1.1.6.3.1.29.7,Toilet Dado Works,Tower 3,,Finishing,Tower Finishing,Flooring,,44880000.0,2027-04-11,2027-04-19,,,,,0
1.1.6.3.1.29.8,Toilet Flooring Works,Tower 3,,Finishing,Tower Finishing,Flooring,,46400000.0,2027-04-20,2027-04-26,,,,,0
1.1.6.3.1.29.9,Living Dining Flooring,Tower 3,,Finishing,Tower Finishing,Flooring,,94105000.0,2027-04-27,2027-05-11,,,,,0
1.1.6.3.1.29.10,Temporary Door Fixing,Tower 3,,Finishing,Tower Finishing,Door,,0.0,2027-03-19,2027-03-27,,,,,0
1.1.6.3.1.29.11,Aluminium Door Widnow Fixing,Tower 3,,Finishing,Tower Finishing,Door,,103573549.0,2027-05-12,2027-05-26,,,,,0
1.1.6.3.1.29.12,Rehung Door Fixing,Tower 3,,Finishing,Tower Finishing,Door,,54925000.0,2027-05-27,2027-06-03,,,,,0
1.1.6.3.1.29.13,Putty Primer coat,Tower 3,,Finishing,Tower Finishing,Paint,,0.0,2027-06-04,2027-06-09,,,,,0
1.1.6.3.1.29.14,Painting First Coat,Tower 3,,Finishing,Tower Finishing,Paint,,29145000.0,2027-06-10,2027-06-21,,,,,0
1.1.6.3.1.29.15,False ceiling works,Tower 3,,Finishing,Tower Finishing,False Ceiling,,25850000.0,2027-07-01,2027-07-10,,,,,0
1.1.6.3.1.30,Twenty Nine Floors,,,,,,,,2027-03-20,2027-07-20,,,,,
1.1.6.3.1.30.1,Blockwork,Tower 3,,Finishing,Tower Civil Finishes,Blockwork,,25433979.0,2027-03-20,2027-03-24,,,,,0
1.1.6.3.1.30.2,Internal Plumbing Works,Tower 3,,MEP,Tower MEP,Plumbing,,81004239.0,2027-03-25,2027-03-30,,,,,0
1.1.6.3.1.30.3,Waterproofing Works,Tower 3,,Finishing,Tower Civil Finishes,Waterproofing,,27180000.0,2027-03-27,2027-04-05,,,,,0
1.1.6.3.1.30.4,PCC,Tower 3,,Civil Works- RCC,RCC,Concreting,,0.0,2027-04-08,2027-04-15,,,,,0
1.1.6.3.1.30.5,Electrical Wiring works,Tower 3,,MEP,Tower MEP,Electrical,,90046621.8499511,2027-03-27,2027-04-07,,,,,0
1.1.6.3.1.30.6,Internal Plaster Works,Tower 3,,Finishing,Tower Civil Finishes,Int Plaster,,91708750.0,2027-04-08,2027-04-17,,,,,0
1.1.6.3.1.30.7,Toilet Dado Works,Tower 3,,Finishing,Tower Finishing,Flooring,,44880000.0,2027-04-18,2027-04-26,,,,,0
1.1.6.3.1.30.8,Toilet Flooring Works,Tower 3,,Finishing,Tower Finishing,Flooring,,46400000.0,2027-04-27,2027-05-03,,,,,0
1.1.6.3.1.30.9,Living Dining Flooring,Tower 3,,Finishing,Tower Finishing,Flooring,,94105000.0,2027-05-04,2027-05-18,,,,,0
1.1.6.3.1.30.10,Temporary Door Fixing,Tower 3,,Finishing,Tower Finishing,Door,,0.0,2027-03-25,2027-04-02,,,,,0
1.1.6.3.1.30.11,Aluminium Door Widnow Fixing,Tower 3,,Finishing,Tower Finishing,Door,,103573549.0,2027-05-19,2027-06-02,,,,,0
1.1.6.3.1.30.12,Rehung Door Fixing,Tower 3,,Finishing,Tower Finishing,Door,,0.0,2027-06-03,2027-06-10,,,,,0
1.1.6.3.1.30.13,Putty Primer coat,Tower 3,,Finishing,Tower Finishing,Paint,,0.0,2027-06-11,2027-06-16,,,,,0
1.1.6.3.1.30.14,Painting First Coat,Tower 3,,Finishing,Tower Finishing,Paint,,29145000.0,2027-06-17,2027-06-28,,,,,0
1.1.6.3.1.30.15,False ceiling works,Tower 3,,Finishing,Tower Finishing,False Ceiling,,25850000.0,2027-07-11,2027-07-20,,,,,0
1.1.6.3.1.31,Thirty Floors,,,,,,,,2027-03-25,2027-08-15,,,,,
1.1.6.3.1.31.1,Blockwork,Tower 3,,Finishing,Tower Civil Finishes,Blockwork,,25433979.0,2027-03-25,2027-03-29,,,,,0
1.1.6.3.1.31.2,Internal Plumbing Works,Tower 3,,MEP,Tower MEP,Plumbing,,81004239.0,2027-03-30,2027-04-13,,,,,0
1.1.6.3.1.31.3,Waterproofing Works,Tower 3,,Finishing,Tower Civil Finishes,Waterproofing,,27180000.0,2027-04-01,2027-04-15,,,,,0
1.1.6.3.1.31.4,PCC,Tower 3,,Civil Works- RCC,RCC,Concreting,,0.0,2027-04-16,2027-04-27,,,,,0
1.1.6.3.1.31.5,Electrical Wiring works,Tower 3,,MEP,Tower MEP,Electrical,,90046621.8499511,2027-04-01,2027-04-15,,,,,0
1.1.6.3.1.31.6,Internal Plaster Works,Tower 3,,Finishing,Tower Civil Finishes,Int Plaster,,91708750.0,2027-04-16,2027-05-06,,,,,0
1.1.6.3.1.31.7,Toilet Dado Works,Tower 3,,Finishing,Tower Finishing,Flooring,,44880000.0,2027-05-07,2027-05-26,,,,,0
1.1.6.3.1.31.8,Toilet Flooring Works,Tower 3,,Finishing,Tower Finishing,Flooring,,46400000.0,2027-05-27,2027-06-10,,,,,0
1.1.6.3.1.31.9,Living Dining Flooring,Tower 3,,Finishing,Tower Finishing,Flooring,,94105000.0,2027-06-11,2027-06-25,,,,,0
1.1.6.3.1.31.10,Temporary Door Fixing,Tower 3,,Finishing,Tower Finishing,Door,,0.0,2027-03-30,2027-04-07,,,,,0
1.1.6.3.1.31.11,Aluminium Door Widnow Fixing,Tower 3,,Finishing,Tower Finishing,Door,,103573549.0,2027-06-26,2027-07-10,,,,,0
1.1.6.3.1.31.12,Rehung Door Fixing,Tower 3,,Finishing,Tower Finishing,Door,,0.0,2027-07-11,2027-07-18,,,,,0
1.1.6.3.1.31.13,Putty Primer coat,Tower 3,,Finishing,Tower Finishing,Paint,,0.0,2027-07-19,2027-07-24,,,,,0
1.1.6.3.1.31.14,Painting First Coat,Tower 3,,Finishing,Tower Finishing,Paint,,29145000.0,2027-07-25,2027-08-05,,,,,0
1.1.6.3.1.31.15,False ceiling works,Tower 3,,Finishing,Tower Finishing,False Ceiling,,25850000.0,2027-08-06,2027-08-15,,,,,0
1.1.6.3.1.32,Thirty one Floor ,,,,,,,,2027-03-30,2027-08-25,,,,,
1.1.6.3.1.32.1,Blockwork,Tower 3,,Finishing,Tower Civil Finishes,Blockwork,,25433979.0,2027-03-30,2027-04-17,,,,,0
1.1.6.3.1.32.2,Internal Plumbing Works,Tower 3,,MEP,Tower MEP,Plumbing,,162008478.748778,2027-04-17,2027-05-02,,,,,0
1.1.6.3.1.32.3,Waterproofing Works,Tower 3,,Finishing,Tower Civil Finishes,Waterproofing,,27180000.0,2027-04-19,2027-05-04,,,,,0
1.1.6.3.1.32.4,PCC,Tower 3,,Civil Works- RCC,RCC,Concreting,,0.0,2027-05-04,2027-05-16,,,,,0
1.1.6.3.1.32.5,Electrical Wiring works,Tower 3,,MEP,Tower MEP,Electrical,,90046621.8499511,2027-04-19,2027-05-04,,,,,0
1.1.6.3.1.32.6,Internal Plaster Works,Tower 3,,Finishing,Tower Civil Finishes,Int Plaster,,91708750.0,2027-05-04,2027-05-16,,,,,0
1.1.6.3.1.32.7,Toilet Dado Works,Tower 3,,Finishing,Tower Finishing,Flooring,,44880000.0,2027-05-16,2027-06-05,,,,,0
1.1.6.3.1.32.8,Toilet Flooring Works,Tower 3,,Finishing,Tower Finishing,Flooring,,46400000.0,2027-06-05,2027-06-20,,,,,0
1.1.6.3.1.32.9,Living Dining Flooring,Tower 3,,Finishing,Tower Finishing,Flooring,,94105000.0,2027-06-20,2027-07-09,,,,,0
1.1.6.3.1.32.10,Temporary Door Fixing,Tower 3,,Finishing,Tower Finishing,Door,,0.0,2027-04-17,2027-04-26,,,,,0
1.1.6.3.1.32.11,Aluminium Door Widnow Fixing,Tower 3,,Finishing,Tower Finishing,Door,,103573549.0,2027-07-09,2027-07-20,,,,,0
1.1.6.3.1.32.12,Rehung Door Fixing,Tower 3,,Finishing,Tower Finishing,Door,,0.0,2027-07-20,2027-07-28,,,,,0
1.1.6.3.1.32.13,Putty Primer coat,Tower 3,,Finishing,Tower Finishing,Paint,,0.0,2027-07-28,2027-08-03,,,,,0
1.1.6.3.1.32.14,Painting First Coat,Tower 3,,Finishing,Tower Finishing,Paint,,29145000.0,2027-08-03,2027-08-15,,,,,0
1.1.6.3.1.32.15,False ceiling works,Tower 3,,Finishing,Tower Finishing,False Ceiling,,25850000.0,2027-08-16,2027-08-25,,,,,0
1.1.6.3.2,Terrace Finishing,,,,,,,,2027-03-08,2027-05-26,,,,,
1.1.6.3.2.1,Terrace Waterproofing,Tower 3,Terrace,Finishing,Tower Civil Finishes,Waterproofing,,315727200.0,2027-03-08,2027-04-16,,,,,0
1.1.6.3.2.2,Terrace Finishing,Tower 3,Terrace,Finishing,Common area finishes,CA-Flooring,,0.0,2027-04-17,2027-05-26,,,,,0
1.1.6.3.3,Common Area Finishing,,,,,,,,2027-03-08,2028-02-03,,,,,
1.1.6.3.3.1,Blockwork,Tower 3,,Finishing,Common area finishes,CA-Blockwork,,100.0,2027-03-08,2027-04-16,,,,,0
1.1.6.3.3.2,Internal Plaster,Tower 3,,Finishing,Common area finishes,CA-Int Plaster,,100.0,2027-03-28,2027-07-25,,,,,0
1.1.6.3.3.3,Staircase railing fixing,Tower 3,,Finishing,Common area finishes,CA-Railing,,100.0,2027-04-17,2027-09-13,,,,,0
1.1.6.3.3.4,Main Staircase flooring,Tower 3,,Finishing,Common area finishes,CA-Flooring,,100.0,2027-06-26,2028-01-06,,,,,0
1.1.6.3.3.5,Fire Staircase railing,Tower 3,,Finishing,Common area finishes,CA-Railing,,100.0,2027-09-14,2028-02-03,,,,,0
1.1.6.3.3.6,Fire Door Work,Tower 3,,Finishing,Common area finishes,CA-Door,,404352000.0,2027-07-26,2027-09-23,,,,,0
1.1.6.3.3.7,Electrical wiring work,Tower 3,,MEP,Common area-MEP,CA-Electrical,,100.0,2027-03-28,2027-07-25,,,,,0
1.1.6.3.3.8,Lobby Flooring,Tower 3,,Finishing,Common area finishes,CA-Flooring,,100.0,2027-04-27,2027-09-23,,,,,0
1.1.6.3.3.9,Ceiling & wall putty-primer,Tower 3,,Finishing,Common area finishes,CA-Paint,,100.0,2027-04-27,2027-08-14,,,,,0
1.1.6.3.3.10,Ceiling and wall painting,Tower 3,,Finishing,Common area finishes,CA-Paint,,100.0,2027-05-07,2027-08-14,,,,,0
1.1.6.3.3.11,Light fixture supply & installation,Tower 3,,MEP,Common area-MEP,CA-Electrical,,100.0,2027-07-06,2027-08-19,,,,,0
1.1.6.3.4,Glass Railing Fixing,,,,,,,,2027-08-07,2027-10-05,,,,,
1.1.6.3.4.1,2nd Floor,Tower 3,2nd Floor,Finishing,Tower Civil Finishes,Railing,,100.0,2027-08-07,2027-08-08,,,,,0
1.1.6.3.4.2,3rd Floor,Tower 3,3rd Floor,Finishing,Tower Civil Finishes,Railing,,100.0,2027-08-09,2027-08-10,,,,,0
1.1.6.3.4.3,4th Floor,Tower 3,4th Floor,Finishing,Tower Civil Finishes,Railing,,100.0,2027-08-11,2027-08-12,,,,,0
1.1.6.3.4.4,5th Floor,Tower 3,5th Floor,Finishing,Tower Civil Finishes,Railing,,100.0,2027-08-13,2027-08-14,,,,,0
1.1.6.3.4.5,6th Floor,Tower 3,6th Floor,Finishing,Tower Civil Finishes,Railing,,100.0,2027-08-15,2027-08-16,,,,,0
1.1.6.3.4.6,7th Floor,Tower 3,7th Floor,Finishing,Tower Civil Finishes,Railing,,100.0,2027-08-17,2027-08-18,,,,,0
1.1.6.3.4.7,8th Floor,Tower 3,8th Floor,Finishing,Tower Civil Finishes,Railing,,100.0,2027-08-19,2027-08-20,,,,,0
1.1.6.3.4.8,9th Floor,Tower 3,9th Floor,Finishing,Tower Civil Finishes,Railing,,100.0,2027-08-21,2027-08-22,,,,,0
1.1.6.3.4.9,10th Floor,Tower 3,10th Floor,Finishing,Tower Civil Finishes,Railing,,100.0,2027-08-23,2027-08-24,,,,,0
1.1.6.3.4.10,11th Floor,Tower 3,11th Floor,Finishing,Tower Civil Finishes,Railing,,100.0,2027-08-25,2027-08-26,,,,,0
1.1.6.3.4.11,12th Floor,Tower 3,12th Floor,Finishing,Tower Civil Finishes,Railing,,100.0,2027-08-27,2027-08-28,,,,,0
1.1.6.3.4.12,13th Floor,Tower 3,13th Floor,Finishing,Tower Civil Finishes,Railing,,100.0,2027-08-29,2027-08-30,,,,,0
1.1.6.3.4.13,14th Floor,Tower 3,14th Floor,Finishing,Tower Civil Finishes,Railing,,100.0,2027-08-31,2027-09-01,,,,,0
1.1.6.3.4.14,15th Floor,Tower 3,15th Floor,Finishing,Tower Civil Finishes,Railing,,100.0,2027-09-02,2027-09-03,,,,,0
1.1.6.3.4.15,16th Floor,Tower 3,16th Floor,Finishing,Tower Civil Finishes,Railing,,100.0,2027-09-04,2027-09-05,,,,,0
1.1.6.3.4.16,17th Floor,Tower 3,17th Floor,Finishing,Tower Civil Finishes,Railing,,100.0,2027-09-06,2027-09-07,,,,,0
1.1.6.3.4.17,18th Floor,Tower 3,18th Floor,Finishing,Tower Civil Finishes,Railing,,100.0,2027-09-08,2027-09-09,,,,,0
1.1.6.3.4.18,19th Floor,Tower 3,19th Floor,Finishing,Tower Civil Finishes,Railing,,100.0,2027-09-10,2027-09-11,,,,,0
1.1.6.3.4.19,20th Floor,Tower 3,20th Floor,Finishing,Tower Civil Finishes,Railing,,100.0,2027-09-12,2027-09-13,,,,,0
1.1.6.3.4.20,21st Floor,Tower 3,21st Floor,Finishing,Tower Civil Finishes,Railing,,100.0,2027-09-14,2027-09-15,,,,,0
1.1.6.3.4.21,22nd Floor,Tower 3,22nd Floor,Finishing,Tower Civil Finishes,Railing,,100.0,2027-09-16,2027-09-17,,,,,0
1.1.6.3.4.22,23rd Floor,Tower 3,23rd Floor,Finishing,Tower Civil Finishes,Railing,,100.0,2027-09-18,2027-09-19,,,,,0
1.1.6.3.4.23,24th Floor,Tower 3,24th Floor,Finishing,Tower Civil Finishes,Railing,,100.0,2027-09-20,2027-09-21,,,,,0
1.1.6.3.4.24,25th Floor,Tower 3,25th Floor,Finishing,Tower Civil Finishes,Railing,,100.0,2027-09-22,2027-09-23,,,,,0
1.1.6.3.4.25,26th Floor,Tower 3,26th Floor,Finishing,Tower Civil Finishes,Railing,,100.0,2027-09-24,2027-09-25,,,,,0
1.1.6.3.4.26,27th Floor,Tower 3,27th Floor,Finishing,Tower Civil Finishes,Railing,,100.0,2027-09-26,2027-09-27,,,,,0
1.1.6.3.4.27,28th Floor,Tower 3,28th Floor,Finishing,Tower Civil Finishes,Railing,,100.0,2027-09-28,2027-09-29,,,,,0
1.1.6.3.4.28,29th Floor,Tower 3,29th Floor,Finishing,Tower Civil Finishes,Railing,,100.0,2027-09-30,2027-10-01,,,,,0
1.1.6.3.4.29,30th Floor,Tower 3,30th Floor,Finishing,Tower Civil Finishes,Railing,,100.0,2027-10-02,2027-10-03,,,,,0
1.1.6.3.4.30,31st Floor,Tower 3,31st Floor,Finishing,Tower Civil Finishes,Railing,,100.0,2027-10-04,2027-10-05,,,,,0
1.1.6.4,MEP,,,,,,,,2027-03-08,2028-06-14,,,,,
1.1.6.4.1,Electrical Works,,,,,,,,2027-03-08,2028-01-11,,,,,
1.1.6.4.1.1,Cable Tray,Tower 3,,MEP,Tower MEP,Electrical,,239843850.0,2027-03-08,2027-06-05,,,,,0
1.1.6.4.1.2,"Cable, main & sub main",Tower 3,,MEP,Tower MEP,Electrical,,1084245083.33333,2027-04-22,2027-07-10,,,,,0
1.1.6.4.1.3,LT panel & DB,Tower 3,,MEP,Tower MEP,Electrical,,1007439483.33333,2027-06-06,2027-10-03,,,,,0
1.1.6.4.1.4,Rising main,Tower 3,,MEP,Tower MEP,Plumbing,,178200000.0,2027-05-07,2027-08-04,,,,,0
1.1.6.4.1.5,EARTHING Works,Tower 3,,MEP,Tower MEP,Electrical,,179018733.333333,2027-03-23,2027-05-21,,,,,0
1.1.6.4.1.6,Advance lightening protection,Tower 3,,MEP,Tower MEP,Electrical,,100.0,2027-05-27,2027-07-25,,,,,0
1.1.6.4.1.7,Inverter,Tower 3,,MEP,Tower MEP,Electrical,,100.0,2027-09-09,2027-10-13,,,,,0
1.1.6.4.1.8,Energy meter,Tower 3,,MEP,Tower MEP,Electrical,,84000000.0,2027-07-11,2027-09-08,,,,,0
1.1.6.4.1.9,Exhast fan,Tower 3,,MEP,Tower MEP,Electrical,,80700000.0,2027-05-26,2027-07-25,,,,,0
1.1.6.4.1.10,FTTH,Tower 3,,MEP,Tower MEP,Electrical,,54000000.0,2027-05-12,2027-07-10,,,,,0
1.1.6.4.1.11,Security System - FA & PA,Tower 3,,MEP,Tower MEP,Electrical,,503715200.0,2027-10-04,2028-01-11,,,,,0
1.1.6.4.1.12,Solar water heater,Tower 3,,MEP,Tower MEP,Plumbing,,100.0,2027-05-27,2027-07-25,,,,,0
1.1.6.4.2,Plumbing Works,,,,,,,,2027-04-17,2027-12-27,,,,,
1.1.6.4.2.1,Terrace looping,Tower 3,Terrace,MEP,Tower MEP,Plumbing,,100.0,2027-04-17,2027-05-31,,,,,0
1.1.6.4.2.2,Shaft Plumbing,Tower 3,,MEP,Tower MEP,Plumbing,,100.0,2027-06-01,2027-09-28,,,,,0
1.1.6.4.2.3,CP sanitary fixture supply,Tower 3,,MEP,Tower MEP,CP Sanitary,,773500000.0,2027-05-16,2027-07-30,,,,,0
1.1.6.4.2.4,Cold & flushing water supply,Tower 3,,MEP,Tower MEP,Plumbing,,100.0,2027-07-26,2027-10-23,,,,,0
1.1.6.4.2.5,Misc work,Tower 3,,Finishing,Miscellaneous,Misc,,100.0,2027-10-14,2027-12-27,,,,,0
1.1.6.4.3,Fire Fighting Works,,,,,,,,2027-05-17,2028-02-03,,,,,
1.1.6.4.3.1,Fire hydrant work,Tower 3,,MEP,Tower MEP,Plumbing,,463708900.0,2027-05-27,2027-08-24,,,,,0
1.1.6.4.3.2,Sprinkler & piping work,Tower 3,,MEP,Tower MEP,Plumbing,,923155250.0,2027-09-24,2028-02-03,,,,,0
1.1.6.4.3.3,Shaft Downtake works,Tower 3,,MEP,Tower MEP,Plumbing,,100.0,2027-05-17,2027-08-14,,,,,0
1.1.6.4.3.4,Connection to pump room,Tower 3,,MEP,Tower MEP,Plumbing,,100.0,2027-08-15,2027-09-13,,,,,0
1.1.6.4.4,Lift Works,,,,,,,,2027-03-08,2027-08-24,,,,,
1.1.6.4.4.1,Lift Shaft Handover,Tower 3,,MEP,Common area-MEP,Lift,,100.0,2027-03-08,2027-04-16,,,,,0
1.1.6.4.4.2,Lift installation work,Tower 3,,MEP,Common area-MEP,Lift,,1428000000.0,2027-04-17,2027-05-31,,,,,0
1.1.6.4.4.3,Lift testing and commissioning,Tower 3,,MEP,Common area-MEP,Lift,,100.0,2027-06-01,2027-08-24,,,,,0
1.1.6.4.5,AC Works,,,,,,,,2028-03-07,2028-06-14,,,,,
1.1.6.4.5.1,Split AC,Tower 3,,MEP,Tower MEP,Electrical,,4794428727.8316,2028-03-07,2028-06-14,,,,,0
1.1.6.5,Tower Completion,,,,,,,,2027-02-08,2027-12-19,,,,,
1.1.6.5.1,SURFACE PREPARATION,Tower 3,,Finishing,Tower Finishing,Paint,,100.0,2027-02-08,2027-04-28,,,,,0
1.1.6.5.2,External Painting,Tower 3,,Finishing,Tower Finishing,Ext Paint,,781350000.0,2027-04-29,2027-08-06,,,,,0
1.1.6.5.3,Final coat of painting,Tower 3,,Finishing,Tower Finishing,Paint,,100.0,2027-08-07,2027-09-05,,,,,0
1.1.6.5.4,Misc. work,Tower 3,,Finishing,Miscellaneous,Misc,,2054043500.0,2027-09-06,2027-12-19,,,,,0
1.1.6.6,Basement Lobby,,,,,,,,2027-09-24,2028-01-06,,,,,
1.1.6.6.1,Basement Lobby,Tower 3,Basement,Finishing,Common area finishes,CA-Flooring,,600000000.0,2027-09-24,2028-01-06,,,,,0
1.1.6.7,Post OC Activities,,,,,,,,2027-07-26,2029-01-04,,,,,
1.1.6.7.1,Wardrobe installation,Tower 3,,,,NTA Finishing,,100.0,2028-03-07,2028-09-02,,,,,0
1.1.6.7.2,CP & SANITARYWARE,Tower 3,,MEP,Tower MEP,CP Sanitary,,230802300.0,2027-07-30,2028-01-11,,,,,0
1.1.6.7.3,Wooden Flooring,Tower 3,,Finishing,Tower Finishing,Flooring,,100.0,2028-03-07,2028-09-02,,,,,0
1.1.6.7.4,Electrical Fixtures And Fittings,Tower 3,,MEP,Tower MEP,Electrical,,150196680.0,2027-07-26,2028-01-06,,,,,0
1.1.6.7.5,Modular Kitchen,Tower 3,,,,NTA Finishing,,100.0,2028-03-07,2028-09-02,,,,,0
1.1.6.7.6,Final Coat Paint,Tower 3,,Finishing,Tower Finishing,Paint,,100.0,2027-08-20,2028-01-01,,,,,0
1.1.6.7.7,OC Application/Readiness,Tower 3,,Finishing,Miscellaneous,Misc,,100.0,2028-02-04,2028-02-04,,,,,0
1.1.6.7.8,OC Receipt,Tower 3,,Finishing,Miscellaneous,Misc,,100.0,2028-04-05,2028-04-05,,,,,0
1.1.6.7.9,Offer To Possession,Tower 3,,Finishing,Miscellaneous,Misc,,100.0,2028-12-06,2029-01-04,,,,,0
1.1.7,Tower 2 ,,,,,,,,2024-07-13,2028-11-08,,,,,
1.1.7.1,Substructure Works,,,,,,,,2024-07-13,2026-03-23,,,,,
1.1.7.1.1,RCC Works,,,,,,,,2024-07-13,2025-03-07,,,,,
1.1.7.1.1.1,Raft,,,,,,,,2024-07-13,2024-09-23,,,,,
1.1.7.1.1.1.1,Surface Dressing,Tower 2,,Civil Works- RCC,NTA RCC,NTA RCC,,100.0,2024-08-14,2024-08-15,2024-08-14,2024-08-15,,,100
1.1.7.1.1.1.2,Anti Termite Treatment,Tower 2,,Finishing,Tower Civil Finishes,Waterproofing,,100.0,2024-08-11,2024-08-15,2024-08-11,2024-08-15,,,100
1.1.7.1.1.1.3,PCC,Tower 2,,Civil Works- RCC,RCC,Concreting,,115745346.0,2024-08-15,2024-08-17,2024-08-15,2024-08-17,,,100
1.1.7.1.1.1.4,Reinforcement Laying,Tower 2,,Civil Works- RCC,RCC,Reinforcement,,3175925520.0,2024-07-13,2024-09-10,2024-07-13,2024-09-10,,,100
1.1.7.1.1.1.5,Outer Shuttering of Raft Area,Tower 2,,Civil Works- RCC,RCC,Shuttering- Conventional,,46178618.0,2024-09-09,2024-09-11,2024-09-09,2024-09-11,,,100
1.1.7.1.1.1.6,Raft Concreting,Tower 2,,Civil Works- RCC,RCC,Concreting,,2435921874.0,2024-09-16,2024-09-23,2024-09-16,2024-09-23,,,100
1.1.7.1.1.2,Dummy Basement,,,,,,,,2024-10-14,2024-11-15,,,,,
1.1.7.1.1.2.1,Column and Shear Wall Reinforcement,Tower 2,Basement,Civil Works- RCC,RCC,Reinforcement,,188355200.0,2024-10-26,2024-11-07,2024-10-26,2024-12-16,,,100
1.1.7.1.1.2.2,Column and Shear Wall Formwork,Tower 2,Basement,Civil Works- RCC,RCC,Shuttering- Conventional,,94614200.0,2024-10-26,2024-11-07,2024-10-26,2024-12-16,,,100
1.1.7.1.1.2.3,Column and Shear Wall Casting,Tower 2,Basement,Civil Works- RCC,RCC,Concreting,,272405984.0,2024-10-26,2024-11-10,2024-10-26,2024-12-16,,,100
1.1.7.1.1.2.4,Slab Formwork,Tower 2,Basement,Civil Works- RCC,RCC,Shuttering- Conventional,,165422900.0,2024-10-14,2024-11-13,2024-10-14,2024-12-16,,,100
1.1.7.1.1.2.5,Slab Reinforcement,Tower 2,Basement,Civil Works- RCC,RCC,Reinforcement,,445203200.0,2024-10-16,2024-11-15,2024-10-16,2024-12-16,,,100
1.1.7.1.1.2.6,Slab Casting,Tower 2,Basement,Civil Works- RCC,RCC,Concreting,,181770344.7,2024-10-15,2024-11-15,2024-10-15,2024-12-16,,,100
1.1.7.1.1.3,B2 Roof,,,,,,,,2024-10-21,2025-02-10,,,,,
1.1.7.1.1.3.1,Column and Shear Wall Reinforcement,Tower 2,Basement 2,Civil Works- RCC,RCC,Reinforcement,,308217600.0,2024-10-21,2024-12-30,2024-10-21,2024-12-30,,,100
1.1.7.1.1.3.2,Column and Shear Wall Formwork,Tower 2,Basement 2,Civil Works- RCC,RCC,Shuttering- Conventional,,155495500.0,2024-10-31,2025-01-01,2024-10-31,2025-01-01,,,100
1.1.7.1.1.3.3,Column and Shear Wall Casting,Tower 2,Basement 2,Civil Works- RCC,RCC,Concreting,,272405984.0,2024-10-31,2025-01-01,2024-10-31,2025-01-01,,,100
1.1.7.1.1.3.4,Slab Formwork,Tower 2,Basement 2,Civil Works- RCC,RCC,Shuttering- Conventional,,271686600.0,2024-12-31,2025-02-08,2024-12-31,2025-02-08,,,100
1.1.7.1.1.3.5,Slab Reinforcement,Tower 2,Basement 2,Civil Works- RCC,RCC,Reinforcement,,727736000.0,2025-01-05,2025-02-08,2025-01-05,2025-02-08,,,100
1.1.7.1.1.3.6,Slab Casting,Tower 2,Basement 2,Civil Works- RCC,RCC,Concreting,,195900800.0,2025-01-05,2025-02-10,2025-01-05,2025-02-10,,,100
1.1.7.1.1.4,B1 Roof,,,,,,,,2025-01-24,2025-03-07,,,,,
1.1.7.1.1.4.1,Column and Shear Wall Reinforcement,Tower 2,Basement 1,Civil Works- RCC,RCC,Reinforcement,,308217600.0,2025-01-24,2025-02-22,2025-01-24,2025-02-22,,,100
1.1.7.1.1.4.2,Column and Shear Wall Formwork,Tower 2,Basement 1,Civil Works- RCC,RCC,Shuttering- Conventional,,155495500.0,2025-01-28,2025-02-26,2025-01-28,2025-02-26,,,100
1.1.7.1.1.4.3,Column and Shear Wall Casting,Tower 2,Basement 1,Civil Works- RCC,RCC,Concreting,,385836204.0,2025-01-28,2025-03-07,2025-01-28,2025-03-07,,,100
1.1.7.1.1.4.4,Slab Formwork,Tower 2,Basement 1,Civil Works- RCC,RCC,Shuttering- Conventional,,271686600.0,2025-01-27,2025-03-07,2025-01-27,2025-03-07,,,100
1.1.7.1.1.4.5,Slab Reinforcement,Tower 2,Basement 1,Civil Works- RCC,RCC,Reinforcement,,727736000.0,2025-02-17,2025-03-07,2025-02-17,2025-03-07,,,100
1.1.7.1.1.4.6,Slab Casting,Tower 2,Basement 1,Civil Works- RCC,RCC,Concreting,,196332681.0,2025-02-23,2025-03-07,2025-02-23,2025-03-07,,,100
1.1.7.1.2,Substructure Finishing Works,,,,,,,,2025-12-16,2026-03-23,,,,,
1.1.7.1.2.1,Basement - 2,,,,,,,,2025-12-16,2026-02-26,,,,,
1.1.7.1.2.1.1,Masonary Works,Tower 2,Basement 2,Finishing,Common area finishes,CA-Blockwork,,30268200.0,2025-12-16,2026-01-14,,,,,0
1.1.7.1.2.1.2,Plaster Works,Tower 2,Basement 2,Finishing,Common area finishes,CA-Int Plaster,,87887500.0,2025-12-31,2026-01-19,,,,,0
1.1.7.1.2.1.3,White Wash,Tower 2,Basement 2,Finishing,Common area finishes,CA-Paint,,0.0,2026-01-15,2026-02-01,,,,,0
1.1.7.1.2.1.4,VDF,Tower 2,Basement 2,Finishing,Common area finishes,CA-Flooring,,143611600.0,2026-02-02,2026-02-26,,,,,0
1.1.7.1.2.2,Basement - 1,,,,,,,,2025-12-16,2026-03-23,,,,,
1.1.7.1.2.2.1,Masonary Works,Tower 2,Basement 1,Finishing,Common area finishes,CA-Blockwork,,30268200.0,2025-12-16,2026-01-14,,,,,0
1.1.7.1.2.2.2,Plaster Works,Tower 2,Basement 1,Finishing,Common area finishes,CA-Int Plaster,,87887500.0,2025-12-31,2026-01-19,,,,,0
1.1.7.1.2.2.3,White Wash,Tower 2,Basement 1,Finishing,Common area finishes,CA-Paint,,0.0,2026-01-15,2026-02-01,,,,,0
1.1.7.1.2.2.4,VDF,Tower 2,Basement 1,Finishing,Common area finishes,CA-Flooring,,143611600.0,2026-02-27,2026-03-23,,,,,0
1.1.7.2,Superstructure Works,,,,,,,,2025-03-10,2027-01-10,,,,,
1.1.7.2.1,RCC Works,,,,,,,,2025-03-10,2027-01-10,,,,,
1.1.7.2.1.1,Podium Roof,,,,,,,,2025-03-10,2025-07-14,,,,,
1.1.7.2.1.1.1,Column and Shear Wall Reinforcement,Tower 2,,Civil Works- RCC,RCC,Reinforcement,,324398972.0,2025-03-10,2025-05-03,2025-03-10,2025-05-03,,,100
1.1.7.2.1.1.2,Column and Shear Wall Formwork,Tower 2,,Civil Works- RCC,RCC,Shuttering- Conventional,,251021400.0,2025-03-17,2025-05-23,2025-03-17,2025-05-23,,,100
1.1.7.2.1.1.3,Column and Shear Wall Casting,Tower 2,,Civil Works- RCC,RCC,Concreting,,638178568.0,2025-03-19,2025-05-25,2025-03-19,2025-05-25,,,100
1.1.7.2.1.1.4,Slab Formwork,Tower 2,,Civil Works- RCC,RCC,Shuttering- Conventional,,167347600.0,2025-05-18,2025-07-03,2025-05-18,2025-07-03,,,100
1.1.7.2.1.1.5,Slab Reinforcement,Tower 2,,Civil Works- RCC,RCC,Reinforcement,,210381388.0,2025-05-18,2025-07-08,2025-05-18,2025-07-08,,,100
1.1.7.2.1.1.6,Slab Casting,Tower 2,,Civil Works- RCC,RCC,Concreting,,99123000.0,2025-05-21,2025-07-14,2025-05-21,2025-07-14,,,100
1.1.7.2.1.2,First Floor Roof,,,,,,,,2025-07-06,2025-09-14,,,,,
1.1.7.2.1.2.1,Column and Shear Wall Reinforcement,Tower 2,1st Floor,Civil Works- RCC,RCC,Reinforcement,,324398972.0,2025-07-06,2025-08-31,2025-07-06,2025-08-31,,,100
1.1.7.2.1.2.2,Column and Shear Wall Formwork,Tower 2,1st Floor,Civil Works- RCC,RCC,Shuttering- Conventional,,251021400.0,2025-07-06,2025-09-03,2025-07-06,2025-09-03,,,100
1.1.7.2.1.2.3,Column and Shear Wall Casting,Tower 2,1st Floor,Civil Works- RCC,RCC,Concreting,,333160600.0,2025-07-06,2025-09-05,2025-07-06,2025-09-05,,,100
1.1.7.2.1.2.4,Slab Formwork,Tower 2,1st Floor,Civil Works- RCC,RCC,Shuttering- Conventional,,167347600.0,2025-07-07,2025-09-09,2025-07-07,2025-09-09,,,100
1.1.7.2.1.2.5,Slab Reinforcement,Tower 2,1st Floor,Civil Works- RCC,RCC,Reinforcement,,210381388.0,2025-07-16,2025-09-08,2025-07-16,2025-09-08,,,100
1.1.7.2.1.2.6,Slab Casting,Tower 2,1st Floor,Civil Works- RCC,RCC,Concreting,,143169100.0,2025-07-31,2025-09-14,2025-07-31,2025-09-14,,,100
1.1.7.2.1.3,Second Floor Roof,,,,,,,,2025-08-18,2025-10-16,,,,,
1.1.7.2.1.3.1,Column and Shear Wall Reinforcement,Tower 2,2nd Floor,Civil Works- RCC,RCC,Reinforcement,,324398972.0,2025-08-18,2025-09-15,2025-08-18,2025-09-15,,,100
1.1.7.2.1.3.2,Column and Shear Wall Formwork,Tower 2,2nd Floor,Civil Works- RCC,RCC,Shuttering- Conventional,,199425000.0,2025-08-19,2025-09-29,2025-08-19,2025-09-29,,,100
1.1.7.2.1.3.3,Slab Formwork,Tower 2,2nd Floor,Civil Works- RCC,RCC,Shuttering- Conventional,,132975000.0,2025-08-22,2025-10-13,2025-08-22,2025-10-13,,,100
1.1.7.2.1.3.4,Slab Reinforcement,Tower 2,2nd Floor,Civil Works- RCC,RCC,Reinforcement,,210381388.0,2025-09-26,2025-10-16,2025-09-26,2025-10-16,,,100
1.1.7.2.1.3.5,Monolithic Casting,Tower 2,2nd Floor,Civil Works- RCC,RCC,Concreting,,395245800.0,2025-10-13,2025-10-16,2025-10-13,2025-10-16,,,100
1.1.7.2.1.4,Third Floor Roof,,,,,,,,2025-10-20,2025-12-20,,,,,
1.1.7.2.1.4.1,Column and Shear Wall Reinforcement,Tower 2,3rd Floor,Civil Works- RCC,RCC,Reinforcement,,324398972.0,2025-10-20,2025-11-07,2025-10-20,2025-11-07,,,100
1.1.7.2.1.4.2,Column and Shear Wall Formwork,Tower 2,3rd Floor,Civil Works- RCC,RCC,Shuttering- Conventional,,199425000.0,2025-10-21,2025-12-18,2025-10-21,,,,57
1.1.7.2.1.4.3,Slab Formwork,Tower 2,3rd Floor,Civil Works- RCC,RCC,Shuttering- Conventional,,132975000.0,2025-10-23,2025-12-17,2025-10-23,,,,77
1.1.7.2.1.4.4,Slab Reinforcement,Tower 2,3rd Floor,Civil Works- RCC,RCC,Reinforcement,,210381388.0,2025-10-26,2025-12-19,2025-10-26,,,,60
1.1.7.2.1.4.5,Monolithic Casting,Tower 2,3rd Floor,Civil Works- RCC,RCC,Concreting,,395245800.0,2025-10-29,2025-12-20,2025-10-29,,,,37
1.1.7.2.1.5,4th Floor Roof,,,,,,,,2025-12-21,2026-01-02,,,,,
1.1.7.2.1.5.1,Column and Shear Wall Reinforcement,Tower 2,4th Floor,Civil Works- RCC,RCC,Reinforcement,,324398972.0,2025-12-21,2025-12-26,,,,,0
1.1.7.2.1.5.2,Column and Shear Wall Formwork,Tower 2,4th Floor,Civil Works- RCC,RCC,Shuttering- Conventional,,199425000.0,2025-12-23,2025-12-27,,,,,0
1.1.7.2.1.5.3,Slab Formwork,Tower 2,4th Floor,Civil Works- RCC,RCC,Shuttering- Conventional,,132975000.0,2025-12-26,2025-12-30,,,,,0
1.1.7.2.1.5.4,Slab Reinforcement,Tower 2,4th Floor,Civil Works- RCC,RCC,Reinforcement,,210381388.0,2025-12-28,2026-01-01,,,,,0
1.1.7.2.1.5.5,Monolithic Casting,Tower 2,4th Floor,Civil Works- RCC,RCC,Concreting,,395245800.0,2026-01-01,2026-01-02,,,,,0
1.1.7.2.1.6,5th Floor Roof,,,,,,,,2026-01-03,2026-01-14,,,,,
1.1.7.2.1.6.1,Column and Shear Wall Reinforcement,Tower 2,5th Floor,Civil Works- RCC,RCC,Reinforcement,,324398972.0,2026-01-03,2026-01-07,,,,,0
1.1.7.2.1.6.2,Column and Shear Wall Formwork,Tower 2,5th Floor,Civil Works- RCC,RCC,Shuttering- Conventional,,199425000.0,2026-01-04,2026-01-08,,,,,0
1.1.7.2.1.6.3,Slab Formwork,Tower 2,5th Floor,Civil Works- RCC,RCC,Shuttering- Conventional,,132975000.0,2026-01-07,2026-01-11,,,,,0
1.1.7.2.1.6.4,Slab Reinforcement,Tower 2,5th Floor,Civil Works- RCC,RCC,Reinforcement,,210381388.0,2026-01-09,2026-01-13,,,,,0
1.1.7.2.1.6.5,Monolithic Casting,Tower 2,5th Floor,Civil Works- RCC,RCC,Concreting,,395245800.0,2026-01-13,2026-01-14,,,,,0
1.1.7.2.1.7,6th Floor Roof,,,,,,,,2026-01-15,2026-01-26,,,,,
1.1.7.2.1.7.1,Column and Shear Wall Reinforcement,Tower 2,6th Floor,Civil Works- RCC,RCC,Reinforcement,,324398972.0,2026-01-15,2026-01-19,,,,,0
1.1.7.2.1.7.2,Column and Shear Wall Formwork,Tower 2,6th Floor,Civil Works- RCC,RCC,Shuttering- Conventional,,199425000.0,2026-01-16,2026-01-20,,,,,0
1.1.7.2.1.7.3,Slab Formwork,Tower 2,6th Floor,Civil Works- RCC,RCC,Shuttering- Conventional,,132975000.0,2026-01-19,2026-01-23,,,,,0
1.1.7.2.1.7.4,Slab Reinforcement,Tower 2,6th Floor,Civil Works- RCC,RCC,Reinforcement,,210381388.0,2026-01-21,2026-01-25,,,,,0
1.1.7.2.1.7.5,Monolithic Casting,Tower 2,6th Floor,Civil Works- RCC,RCC,Concreting,,395245800.0,2026-01-25,2026-01-26,,,,,0
1.1.7.2.1.8,7th Floor Roof,,,,,,,,2026-01-27,2026-02-07,,,,,
1.1.7.2.1.8.1,Column and Shear Wall Reinforcement,Tower 2,7th Floor,Civil Works- RCC,RCC,Reinforcement,,324398972.0,2026-01-27,2026-01-31,,,,,0
1.1.7.2.1.8.2,Column and Shear Wall Formwork,Tower 2,7th Floor,Civil Works- RCC,RCC,Shuttering- Conventional,,199425000.0,2026-01-28,2026-02-01,,,,,0
1.1.7.2.1.8.3,Slab Formwork,Tower 2,7th Floor,Civil Works- RCC,RCC,Shuttering- Conventional,,132975000.0,2026-01-31,2026-02-04,,,,,0
1.1.7.2.1.8.4,Slab Reinforcement,Tower 2,7th Floor,Civil Works- RCC,RCC,Reinforcement,,210381388.0,2026-02-02,2026-02-06,,,,,0
1.1.7.2.1.8.5,Monolithic Casting,Tower 2,7th Floor,Civil Works- RCC,RCC,Concreting,,395245800.0,2026-02-06,2026-02-07,,,,,0
1.1.7.2.1.9,8th Floor Roof,,,,,,,,2026-02-08,2026-02-19,,,,,
1.1.7.2.1.9.1,Column and Shear Wall Reinforcement,Tower 2,8th Floor,Civil Works- RCC,RCC,Reinforcement,,324398972.0,2026-02-08,2026-02-12,,,,,0
1.1.7.2.1.9.2,Column and Shear Wall Formwork,Tower 2,8th Floor,Civil Works- RCC,RCC,Shuttering- Conventional,,199425000.0,2026-02-09,2026-02-13,,,,,0
1.1.7.2.1.9.3,Slab Formwork,Tower 2,8th Floor,Civil Works- RCC,RCC,Shuttering- Conventional,,132975000.0,2026-02-12,2026-02-16,,,,,0
1.1.7.2.1.9.4,Slab Reinforcement,Tower 2,8th Floor,Civil Works- RCC,RCC,Reinforcement,,210381388.0,2026-02-14,2026-02-18,,,,,0
1.1.7.2.1.9.5,Monolithic Casting,Tower 2,8th Floor,Civil Works- RCC,RCC,Concreting,,395245800.0,2026-02-18,2026-02-19,,,,,0
1.1.7.2.1.10,9th Floor Roof,,,,,,,,2026-02-20,2026-03-03,,,,,
1.1.7.2.1.10.1,Column and Shear Wall Reinforcement,Tower 2,9th Floor,Civil Works- RCC,RCC,Reinforcement,,324398972.0,2026-02-20,2026-02-24,,,,,0
1.1.7.2.1.10.2,Column and Shear Wall Formwork,Tower 2,9th Floor,Civil Works- RCC,RCC,Shuttering- Conventional,,199425000.0,2026-02-21,2026-02-25,,,,,0
1.1.7.2.1.10.3,Slab Formwork,Tower 2,9th Floor,Civil Works- RCC,RCC,Shuttering- Conventional,,132975000.0,2026-02-24,2026-02-28,,,,,0
1.1.7.2.1.10.4,Slab Reinforcement,Tower 2,9th Floor,Civil Works- RCC,RCC,Reinforcement,,210381388.0,2026-02-26,2026-03-02,,,,,0
1.1.7.2.1.10.5,Monolithic Casting,Tower 2,9th Floor,Civil Works- RCC,RCC,Concreting,,395245800.0,2026-03-02,2026-03-03,,,,,0
1.1.7.2.1.11,10th Floor Roof,,,,,,,,2026-03-04,2026-03-15,,,,,
1.1.7.2.1.11.1,Column and Shear Wall Reinforcement,Tower 2,10th Floor,Civil Works- RCC,RCC,Reinforcement,,324398972.0,2026-03-04,2026-03-08,,,,,0
1.1.7.2.1.11.2,Column and Shear Wall Formwork,Tower 2,10th Floor,Civil Works- RCC,RCC,Shuttering- Conventional,,199425000.0,2026-03-05,2026-03-09,,,,,0
1.1.7.2.1.11.3,Slab Formwork,Tower 2,10th Floor,Civil Works- RCC,RCC,Shuttering- Conventional,,132975000.0,2026-03-08,2026-03-12,,,,,0
1.1.7.2.1.11.4,Slab Reinforcement,Tower 2,10th Floor,Civil Works- RCC,RCC,Reinforcement,,210381388.0,2026-03-10,2026-03-14,,,,,0
1.1.7.2.1.11.5,Monolithic Casting,Tower 2,10th Floor,Civil Works- RCC,RCC,Concreting,,395245800.0,2026-03-14,2026-03-15,,,,,0
1.1.7.2.1.12,11th Floor Roof,,,,,,,,2026-03-16,2026-03-27,,,,,
1.1.7.2.1.12.1,Column and Shear Wall Reinforcement,Tower 2,11th Floor,Civil Works- RCC,RCC,Reinforcement,,324398972.0,2026-03-16,2026-03-20,,,,,0
1.1.7.2.1.12.2,Column and Shear Wall Formwork,Tower 2,11th Floor,Civil Works- RCC,RCC,Shuttering- Conventional,,199425000.0,2026-03-17,2026-03-21,,,,,0
1.1.7.2.1.12.3,Slab Formwork,Tower 2,11th Floor,Civil Works- RCC,RCC,Shuttering- Conventional,,132975000.0,2026-03-20,2026-03-24,,,,,0
1.1.7.2.1.12.4,Slab Reinforcement,Tower 2,11th Floor,Civil Works- RCC,RCC,Reinforcement,,210381388.0,2026-03-22,2026-03-26,,,,,0
1.1.7.2.1.12.5,Monolithic Casting,Tower 2,11th Floor,Civil Works- RCC,RCC,Concreting,,395245800.0,2026-03-26,2026-03-27,,,,,0
1.1.7.2.1.13,12th Floor Roof,,,,,,,,2026-03-28,2026-04-08,,,,,
1.1.7.2.1.13.1,Column and Shear Wall Reinforcement,Tower 2,12th Floor,Civil Works- RCC,RCC,Reinforcement,,324398972.0,2026-03-28,2026-04-01,,,,,0
1.1.7.2.1.13.2,Column and Shear Wall Formwork,Tower 2,12th Floor,Civil Works- RCC,RCC,Shuttering- Conventional,,199425000.0,2026-03-29,2026-04-02,,,,,0
1.1.7.2.1.13.3,Slab Formwork,Tower 2,12th Floor,Civil Works- RCC,RCC,Shuttering- Conventional,,132975000.0,2026-04-01,2026-04-05,,,,,0
1.1.7.2.1.13.4,Slab Reinforcement,Tower 2,12th Floor,Civil Works- RCC,RCC,Reinforcement,,210381388.0,2026-04-03,2026-04-07,,,,,0
1.1.7.2.1.13.5,Monolithic Casting,Tower 2,12th Floor,Civil Works- RCC,RCC,Concreting,,395245800.0,2026-04-07,2026-04-08,,,,,0
1.1.7.2.1.14,13th Floor Roof,,,,,,,,2026-04-09,2026-04-20,,,,,
1.1.7.2.1.14.1,Column and Shear Wall Reinforcement,Tower 2,13th Floor,Civil Works- RCC,RCC,Reinforcement,,324398972.0,2026-04-09,2026-04-13,,,,,0
1.1.7.2.1.14.2,Column and Shear Wall Formwork,Tower 2,13th Floor,Civil Works- RCC,RCC,Shuttering- Conventional,,199425000.0,2026-04-10,2026-04-14,,,,,0
1.1.7.2.1.14.3,Slab Formwork,Tower 2,13th Floor,Civil Works- RCC,RCC,Shuttering- Conventional,,132975000.0,2026-04-13,2026-04-17,,,,,0
1.1.7.2.1.14.4,Slab Reinforcement,Tower 2,13th Floor,Civil Works- RCC,RCC,Reinforcement,,210381388.0,2026-04-15,2026-04-19,,,,,0
1.1.7.2.1.14.5,Monolithic Casting,Tower 2,13th Floor,Civil Works- RCC,RCC,Concreting,,395245800.0,2026-04-19,2026-04-20,,,,,0
1.1.7.2.1.15,14th Floor Roof,,,,,,,,2026-04-21,2026-05-02,,,,,
1.1.7.2.1.15.1,Column and Shear Wall Reinforcement,Tower 2,14th Floor,Civil Works- RCC,RCC,Reinforcement,,324398972.0,2026-04-21,2026-04-25,,,,,0
1.1.7.2.1.15.2,Column and Shear Wall Formwork,Tower 2,14th Floor,Civil Works- RCC,RCC,Shuttering- Conventional,,199425000.0,2026-04-22,2026-04-26,,,,,0
1.1.7.2.1.15.3,Slab Formwork,Tower 2,14th Floor,Civil Works- RCC,RCC,Shuttering- Conventional,,132975000.0,2026-04-25,2026-04-29,,,,,0
1.1.7.2.1.15.4,Slab Reinforcement,Tower 2,14th Floor,Civil Works- RCC,RCC,Reinforcement,,210381388.0,2026-04-27,2026-05-01,,,,,0
1.1.7.2.1.15.5,Monolithic Casting,Tower 2,14th Floor,Civil Works- RCC,RCC,Concreting,,395245800.0,2026-05-01,2026-05-02,,,,,0
1.1.7.2.1.16,15th Floor Roof,,,,,,,,2026-05-03,2026-05-14,,,,,
1.1.7.2.1.16.1,Column and Shear Wall Reinforcement,Tower 2,15th Floor,Civil Works- RCC,RCC,Reinforcement,,324398972.0,2026-05-03,2026-05-07,,,,,0
1.1.7.2.1.16.2,Column and Shear Wall Formwork,Tower 2,15th Floor,Civil Works- RCC,RCC,Shuttering- Conventional,,199425000.0,2026-05-04,2026-05-08,,,,,0
1.1.7.2.1.16.3,Slab Formwork,Tower 2,15th Floor,Civil Works- RCC,RCC,Shuttering- Conventional,,132975000.0,2026-05-07,2026-05-11,,,,,0
1.1.7.2.1.16.4,Slab Reinforcement,Tower 2,15th Floor,Civil Works- RCC,RCC,Reinforcement,,210381388.0,2026-05-09,2026-05-13,,,,,0
1.1.7.2.1.16.5,Monolithic Casting,Tower 2,15th Floor,Civil Works- RCC,RCC,Concreting,,395245800.0,2026-05-13,2026-05-14,,,,,0
1.1.7.2.1.17,16th Floor Roof,,,,,,,,2026-05-15,2026-05-31,,,,,
1.1.7.2.1.17.1,Column and Shear Wall Reinforcement,Tower 2,16th Floor,Civil Works- RCC,RCC,Reinforcement,,324398972.0,2026-05-15,2026-05-21,,,,,0
1.1.7.2.1.17.2,Column and Shear Wall Formwork,Tower 2,16th Floor,Civil Works- RCC,RCC,Shuttering- Conventional,,199425000.0,2026-05-16,2026-05-22,,,,,0
1.1.7.2.1.17.3,Slab Formwork,Tower 2,16th Floor,Civil Works- RCC,RCC,Shuttering- Conventional,,132975000.0,2026-05-21,2026-05-28,,,,,0
1.1.7.2.1.17.4,Slab Reinforcement,Tower 2,16th Floor,Civil Works- RCC,RCC,Reinforcement,,210381388.0,2026-05-24,2026-05-30,,,,,0
1.1.7.2.1.17.5,Monolithic Casting,Tower 2,16th Floor,Civil Works- RCC,RCC,Concreting,,395245800.0,2026-05-28,2026-05-31,,,,,0
1.1.7.2.1.18,17th Floor Roof,,,,,,,,2026-06-01,2026-06-12,,,,,
1.1.7.2.1.18.1,Column and Shear Wall Reinforcement,Tower 2,17th Floor,Civil Works- RCC,RCC,Reinforcement,,324398972.0,2026-06-01,2026-06-05,,,,,0
1.1.7.2.1.18.2,Column and Shear Wall Formwork,Tower 2,17th Floor,Civil Works- RCC,RCC,Shuttering- Conventional,,199425000.0,2026-06-02,2026-06-06,,,,,0
1.1.7.2.1.18.3,Slab Formwork,Tower 2,17th Floor,Civil Works- RCC,RCC,Shuttering- Conventional,,132975000.0,2026-06-05,2026-06-09,,,,,0
1.1.7.2.1.18.4,Slab Reinforcement,Tower 2,17th Floor,Civil Works- RCC,RCC,Reinforcement,,210381388.0,2026-06-07,2026-06-11,,,,,0
1.1.7.2.1.18.5,Monolithic Casting,Tower 2,17th Floor,Civil Works- RCC,RCC,Concreting,,395245800.0,2026-06-11,2026-06-12,,,,,0
1.1.7.2.1.19,18th Floor Roof,,,,,,,,2026-06-13,2026-06-24,,,,,
1.1.7.2.1.19.1,Column and Shear Wall Reinforcement,Tower 2,18th Floor,Civil Works- RCC,RCC,Reinforcement,,324398972.0,2026-06-13,2026-06-18,,,,,0
1.1.7.2.1.19.2,Column and Shear Wall Formwork,Tower 2,18th Floor,Civil Works- RCC,RCC,Shuttering- Conventional,,199425000.0,2026-06-15,2026-06-19,,,,,0
1.1.7.2.1.19.3,Slab Formwork,Tower 2,18th Floor,Civil Works- RCC,RCC,Shuttering- Conventional,,132975000.0,2026-06-18,2026-06-22,,,,,0
1.1.7.2.1.19.4,Slab Reinforcement,Tower 2,18th Floor,Civil Works- RCC,RCC,Reinforcement,,210381388.0,2026-06-19,2026-06-23,,,,,0
1.1.7.2.1.19.5,Monolithic Casting,Tower 2,18th Floor,Civil Works- RCC,RCC,Concreting,,395245800.0,2026-06-23,2026-06-24,,,,,0
1.1.7.2.1.20,19th Floor Roof,,,,,,,,2026-06-25,2026-07-05,,,,,
1.1.7.2.1.20.1,Column and Shear Wall Reinforcement,Tower 2,19th Floor,Civil Works- RCC,RCC,Reinforcement,,324398972.0,2026-06-25,2026-06-28,,,,,0
1.1.7.2.1.20.2,Column and Shear Wall Formwork,Tower 2,19th Floor,Civil Works- RCC,RCC,Shuttering- Conventional,,199425000.0,2026-06-26,2026-06-29,,,,,0
1.1.7.2.1.20.3,Slab Formwork,Tower 2,19th Floor,Civil Works- RCC,RCC,Shuttering- Conventional,,132975000.0,2026-06-28,2026-07-03,,,,,0
1.1.7.2.1.20.4,Slab Reinforcement,Tower 2,19th Floor,Civil Works- RCC,RCC,Reinforcement,,210381388.0,2026-06-30,2026-07-04,,,,,0
1.1.7.2.1.20.5,Monolithic Casting,Tower 2,19th Floor,Civil Works- RCC,RCC,Concreting,,395245800.0,2026-07-02,2026-07-05,,,,,0
1.1.7.2.1.21,20th Floor Roof,,,,,,,,2026-07-06,2026-07-16,,,,,
1.1.7.2.1.21.1,Column and Shear Wall Reinforcement,Tower 2,20th Floor,Civil Works- RCC,RCC,Reinforcement,,324398972.0,2026-07-06,2026-07-09,,,,,0
1.1.7.2.1.21.2,Column and Shear Wall Formwork,Tower 2,20th Floor,Civil Works- RCC,RCC,Shuttering- Conventional,,199425000.0,2026-07-07,2026-07-10,,,,,0
1.1.7.2.1.21.3,Slab Formwork,Tower 2,20th Floor,Civil Works- RCC,RCC,Shuttering- Conventional,,132975000.0,2026-07-09,2026-07-14,,,,,0
1.1.7.2.1.21.4,Slab Reinforcement,Tower 2,20th Floor,Civil Works- RCC,RCC,Reinforcement,,210381388.0,2026-07-11,2026-07-15,,,,,0
1.1.7.2.1.21.5,Monolithic Casting,Tower 2,20th Floor,Civil Works- RCC,RCC,Concreting,,395245800.0,2026-07-13,2026-07-16,,,,,0
1.1.7.2.1.22,21th Floor Roof,,,,,,,,2026-07-17,2026-07-27,,,,,
1.1.7.2.1.22.1,Column and Shear Wall Reinforcement,Tower 2,21st Floor,Civil Works- RCC,RCC,Reinforcement,,324398972.0,2026-07-17,2026-07-20,,,,,0
1.1.7.2.1.22.2,Column and Shear Wall Formwork,Tower 2,21st Floor,Civil Works- RCC,RCC,Shuttering- Conventional,,199425000.0,2026-07-18,2026-07-21,,,,,0
1.1.7.2.1.22.3,Slab Formwork,Tower 2,21st Floor,Civil Works- RCC,RCC,Shuttering- Conventional,,132975000.0,2026-07-20,2026-07-25,,,,,0
1.1.7.2.1.22.4,Slab Reinforcement,Tower 2,21st Floor,Civil Works- RCC,RCC,Reinforcement,,210381388.0,2026-07-22,2026-07-26,,,,,0
1.1.7.2.1.22.5,Monolithic Casting,Tower 2,21st Floor,Civil Works- RCC,RCC,Concreting,,395245800.0,2026-07-24,2026-07-27,,,,,0
1.1.7.2.1.23,22th Floor Roof,,,,,,,,2026-07-28,2026-08-07,,,,,
1.1.7.2.1.23.1,Column and Shear Wall Reinforcement,Tower 2,22nd Floor,Civil Works- RCC,RCC,Reinforcement,,324398972.0,2026-07-28,2026-07-31,,,,,0
1.1.7.2.1.23.2,Column and Shear Wall Formwork,Tower 2,22nd Floor,Civil Works- RCC,RCC,Shuttering- Conventional,,199425000.0,2026-07-29,2026-08-01,,,,,0
1.1.7.2.1.23.3,Slab Formwork,Tower 2,22nd Floor,Civil Works- RCC,RCC,Shuttering- Conventional,,132975000.0,2026-07-31,2026-08-05,,,,,0
1.1.7.2.1.23.4,Slab Reinforcement,Tower 2,22nd Floor,Civil Works- RCC,RCC,Reinforcement,,210381388.0,2026-08-02,2026-08-06,,,,,0
1.1.7.2.1.23.5,Monolithic Casting,Tower 2,22nd Floor,Civil Works- RCC,RCC,Concreting,,395245800.0,2026-08-04,2026-08-07,,,,,0
1.1.7.2.1.24,23th Floor Roof,,,,,,,,2026-08-08,2026-08-18,,,,,
1.1.7.2.1.24.1,Column and Shear Wall Reinforcement,Tower 2,23rd Floor,Civil Works- RCC,RCC,Reinforcement,,324398972.0,2026-08-08,2026-08-11,,,,,0
1.1.7.2.1.24.2,Column and Shear Wall Formwork,Tower 2,23rd Floor,Civil Works- RCC,RCC,Shuttering- Conventional,,199425000.0,2026-08-09,2026-08-12,,,,,0
1.1.7.2.1.24.3,Slab Formwork,Tower 2,23rd Floor,Civil Works- RCC,RCC,Shuttering- Conventional,,132975000.0,2026-08-11,2026-08-16,,,,,0
1.1.7.2.1.24.4,Slab Reinforcement,Tower 2,23rd Floor,Civil Works- RCC,RCC,Reinforcement,,210381388.0,2026-08-13,2026-08-17,,,,,0
1.1.7.2.1.24.5,Monolithic Casting,Tower 2,23rd Floor,Civil Works- RCC,RCC,Concreting,,395245800.0,2026-08-15,2026-08-18,,,,,0
1.1.7.2.1.25,24th Floor Roof,,,,,,,,2026-08-19,2026-08-29,,,,,
1.1.7.2.1.25.1,Column and Shear Wall Reinforcement,Tower 2,24th Floor,Civil Works- RCC,RCC,Reinforcement,,324398972.0,2026-08-19,2026-08-22,,,,,0
1.1.7.2.1.25.2,Column and Shear Wall Formwork,Tower 2,24th Floor,Civil Works- RCC,RCC,Shuttering- Conventional,,199425000.0,2026-08-20,2026-08-23,,,,,0
1.1.7.2.1.25.3,Slab Formwork,Tower 2,24th Floor,Civil Works- RCC,RCC,Shuttering- Conventional,,132975000.0,2026-08-22,2026-08-27,,,,,0
1.1.7.2.1.25.4,Slab Reinforcement,Tower 2,24th Floor,Civil Works- RCC,RCC,Reinforcement,,210381388.0,2026-08-24,2026-08-28,,,,,0
1.1.7.2.1.25.5,Monolithic Casting,Tower 2,24th Floor,Civil Works- RCC,RCC,Concreting,,395245800.0,2026-08-26,2026-08-29,,,,,0
1.1.7.2.1.26,25th Floor Roof,,,,,,,,2026-08-30,2026-09-09,,,,,
1.1.7.2.1.26.1,Column and Shear Wall Reinforcement,Tower 2,25th Floor,Civil Works- RCC,RCC,Reinforcement,,324398972.0,2026-08-30,2026-09-02,,,,,0
1.1.7.2.1.26.2,Column and Shear Wall Formwork,Tower 2,25th Floor,Civil Works- RCC,RCC,Shuttering- Conventional,,199425000.0,2026-08-31,2026-09-03,,,,,0
1.1.7.2.1.26.3,Slab Formwork,Tower 2,25th Floor,Civil Works- RCC,RCC,Shuttering- Conventional,,132975000.0,2026-09-02,2026-09-07,,,,,0
1.1.7.2.1.26.4,Slab Reinforcement,Tower 2,25th Floor,Civil Works- RCC,RCC,Reinforcement,,210381388.0,2026-09-04,2026-09-08,,,,,0
1.1.7.2.1.26.5,Monolithic Casting,Tower 2,25th Floor,Civil Works- RCC,RCC,Concreting,,395245800.0,2026-09-06,2026-09-09,,,,,0
1.1.7.2.1.27,26th Floor Roof,,,,,,,,2026-09-10,2026-09-26,,,,,
1.1.7.2.1.27.1,Column and Shear Wall Reinforcement,Tower 2,26th Floor,Civil Works- RCC,RCC,Reinforcement,,324398972.0,2026-09-10,2026-09-17,,,,,0
1.1.7.2.1.27.2,Column and Shear Wall Formwork,Tower 2,26th Floor,Civil Works- RCC,RCC,Shuttering- Conventional,,199425000.0,2026-09-12,2026-09-18,,,,,0
1.1.7.2.1.27.3,Slab Formwork,Tower 2,26th Floor,Civil Works- RCC,RCC,Shuttering- Conventional,,132975000.0,2026-09-17,2026-09-24,,,,,0
1.1.7.2.1.27.4,Slab Reinforcement,Tower 2,26th Floor,Civil Works- RCC,RCC,Reinforcement,,210381388.0,2026-09-18,2026-09-25,,,,,0
1.1.7.2.1.27.5,Monolithic Casting,Tower 2,26th Floor,Civil Works- RCC,RCC,Concreting,,395245800.0,2026-09-23,2026-09-26,,,,,0
1.1.7.2.1.28,27th Floor Roof,,,,,,,,2026-09-27,2026-10-07,,,,,
1.1.7.2.1.28.1,Column and Shear Wall Reinforcement,Tower 2,27th Floor,Civil Works- RCC,RCC,Reinforcement,,324398972.0,2026-09-27,2026-09-30,,,,,0
1.1.7.2.1.28.2,Column and Shear Wall Formwork,Tower 2,27th Floor,Civil Works- RCC,RCC,Shuttering- Conventional,,199425000.0,2026-09-28,2026-10-01,,,,,0
1.1.7.2.1.28.3,Slab Formwork,Tower 2,27th Floor,Civil Works- RCC,RCC,Shuttering- Conventional,,132975000.0,2026-09-30,2026-10-05,,,,,0
1.1.7.2.1.28.4,Slab Reinforcement,Tower 2,27th Floor,Civil Works- RCC,RCC,Reinforcement,,210381388.0,2026-10-02,2026-10-06,,,,,0
1.1.7.2.1.28.5,Monolithic Casting,Tower 2,27th Floor,Civil Works- RCC,RCC,Concreting,,395245800.0,2026-10-04,2026-10-07,,,,,0
1.1.7.2.1.29,28th Floor Roof,,,,,,,,2026-10-08,2026-10-18,,,,,
1.1.7.2.1.29.1,Column and Shear Wall Reinforcement,Tower 2,28th Floor,Civil Works- RCC,RCC,Reinforcement,,324398972.0,2026-10-08,2026-10-11,,,,,0
1.1.7.2.1.29.2,Column and Shear Wall Formwork,Tower 2,28th Floor,Civil Works- RCC,RCC,Shuttering- Conventional,,199425000.0,2026-10-09,2026-10-12,,,,,0
1.1.7.2.1.29.3,Slab Formwork,Tower 2,28th Floor,Civil Works- RCC,RCC,Shuttering- Conventional,,132975000.0,2026-10-11,2026-10-16,,,,,0
1.1.7.2.1.29.4,Slab Reinforcement,Tower 2,28th Floor,Civil Works- RCC,RCC,Reinforcement,,210381388.0,2026-10-13,2026-10-17,,,,,0
1.1.7.2.1.29.5,Monolithic Casting,Tower 2,28th Floor,Civil Works- RCC,RCC,Concreting,,395245800.0,2026-10-15,2026-10-18,,,,,0
1.1.7.2.1.30,29th Floor Roof,,,,,,,,2026-10-19,2026-10-29,,,,,
1.1.7.2.1.30.1,Column and Shear Wall Reinforcement,Tower 2,29th Floor,Civil Works- RCC,RCC,Reinforcement,,324398972.0,2026-10-19,2026-10-22,,,,,0
1.1.7.2.1.30.2,Column and Shear Wall Formwork,Tower 2,29th Floor,Civil Works- RCC,RCC,Shuttering- Conventional,,199425000.0,2026-10-20,2026-10-23,,,,,0
1.1.7.2.1.30.3,Slab Formwork,Tower 2,29th Floor,Civil Works- RCC,RCC,Shuttering- Conventional,,132975000.0,2026-10-22,2026-10-27,,,,,0
1.1.7.2.1.30.4,Slab Reinforcement,Tower 2,29th Floor,Civil Works- RCC,RCC,Reinforcement,,210381388.0,2026-10-24,2026-10-28,,,,,0
1.1.7.2.1.30.5,Monolithic Casting,Tower 2,29th Floor,Civil Works- RCC,RCC,Concreting,,395245800.0,2026-10-26,2026-10-29,,,,,0
1.1.7.2.1.31,30th Floor Roof,,,,,,,,2026-10-30,2026-12-24,,,,,
1.1.7.2.1.31.1,Column and Shear Wall Reinforcement,Tower 2,30th Floor,Civil Works- RCC,RCC,Reinforcement,,324398972.0,2026-10-30,2026-12-17,,,,,0
1.1.7.2.1.31.2,Column and Shear Wall Formwork,Tower 2,30th Floor,Civil Works- RCC,RCC,Shuttering- Conventional,,199425000.0,2026-10-31,2026-12-18,,,,,0
1.1.7.2.1.31.3,Slab Formwork,Tower 2,30th Floor,Civil Works- RCC,RCC,Shuttering- Conventional,,132975000.0,2026-12-17,2026-12-22,,,,,0
1.1.7.2.1.31.4,Slab Reinforcement,Tower 2,30th Floor,Civil Works- RCC,RCC,Reinforcement,,210381388.0,2026-12-19,2026-12-23,,,,,0
1.1.7.2.1.31.5,Monolithic Casting,Tower 2,30th Floor,Civil Works- RCC,RCC,Concreting,,395245800.0,2026-12-21,2026-12-24,,,,,0
1.1.7.2.1.32,31st Floor Roof,,,,,,,,2026-12-25,2027-01-10,,,,,
1.1.7.2.1.32.1,Column and Shear Wall Reinforcement,Tower 2,31st Floor,Civil Works- RCC,RCC,Reinforcement,,324398972.0,2026-12-25,2026-12-31,,,,,0
1.1.7.2.1.32.2,Column and Shear Wall Formwork,Tower 2,31st Floor,Civil Works- RCC,RCC,Shuttering- Conventional,,251021400.0,2026-12-26,2027-01-01,,,,,0
1.1.7.2.1.32.3,Slab Formwork,Tower 2,31st Floor,Civil Works- RCC,RCC,Shuttering- Conventional,,167347600.0,2026-12-31,2027-01-08,,,,,0
1.1.7.2.1.32.4,Slab Reinforcement,Tower 2,31st Floor,Civil Works- RCC,RCC,Reinforcement,,210381388.0,2027-01-03,2027-01-09,,,,,0
1.1.7.2.1.32.5,Monolithic Casting,Tower 2,31st Floor,Civil Works- RCC,RCC,Concreting,,395245800.0,2027-01-07,2027-01-10,,,,,0
1.1.7.3,Post Pour Activitis,,,,,,,,2026-01-02,2027-02-23,,,,,
1.1.7.3.1,1st Floor,Tower 2,1st Floor,Civil Works- RCC,RCC,Post Pour,,20290200.0,2026-01-02,2026-01-14,,,,,0
1.1.7.3.2,2nd Floor,Tower 2,2nd Floor,Civil Works- RCC,RCC,Post Pour,,20290200.0,2026-01-14,2026-01-26,,,,,0
1.1.7.3.3,3rd Floor,Tower 2,3rd Floor,Civil Works- RCC,RCC,Post Pour,,20290200.0,2026-01-26,2026-02-07,,,,,0
1.1.7.3.4,4th Floor,Tower 2,4th Floor,Civil Works- RCC,RCC,Post Pour,,20290200.0,2026-02-07,2026-02-19,,,,,0
1.1.7.3.5,5th Floor,Tower 2,5th Floor,Civil Works- RCC,RCC,Post Pour,,20290200.0,2026-02-19,2026-03-03,,,,,0
1.1.7.3.6,6th Floor,Tower 2,6th Floor,Civil Works- RCC,RCC,Post Pour,,20290200.0,2026-03-03,2026-03-15,,,,,0
1.1.7.3.7,7th Floor,Tower 2,7th Floor,Civil Works- RCC,RCC,Post Pour,,20290200.0,2026-03-15,2026-03-27,,,,,0
1.1.7.3.8,8th Floor,Tower 2,8th Floor,Civil Works- RCC,RCC,Post Pour,,20290200.0,2026-03-27,2026-04-08,,,,,0
1.1.7.3.9,9th Floor,Tower 2,9th Floor,Civil Works- RCC,RCC,Post Pour,,20290200.0,2026-04-08,2026-04-20,,,,,0
1.1.7.3.10,10th Floor,Tower 2,10th Floor,Civil Works- RCC,RCC,Post Pour,,20290200.0,2026-04-20,2026-05-02,,,,,0
1.1.7.3.11,11th Floor,Tower 2,11th Floor,Civil Works- RCC,RCC,Post Pour,,20290200.0,2026-05-02,2026-05-14,,,,,0
1.1.7.3.12,12th Floor,Tower 2,12th Floor,Civil Works- RCC,RCC,Post Pour,,20290200.0,2026-05-14,2026-05-26,,,,,0
1.1.7.3.13,13th Floor,Tower 2,13th Floor,Civil Works- RCC,RCC,Post Pour,,20290200.0,2026-05-26,2026-06-07,,,,,0
1.1.7.3.14,14th floor,Tower 2,14th Floor,Civil Works- RCC,RCC,Post Pour,,20290200.0,2026-06-07,2026-06-19,,,,,0
1.1.7.3.15,15th Floor,Tower 2,15th Floor,Civil Works- RCC,RCC,Post Pour,,20290200.0,2026-06-19,2026-07-01,,,,,0
1.1.7.3.16,16th Floor,Tower 2,16th Floor,Civil Works- RCC,RCC,Post Pour,,20290200.0,2026-07-01,2026-07-13,,,,,0
1.1.7.3.17,17th Floor,Tower 2,17th Floor,Civil Works- RCC,RCC,Post Pour,,20290200.0,2026-07-13,2026-07-25,,,,,0
1.1.7.3.18,18th Floor,Tower 2,18th Floor,Civil Works- RCC,RCC,Post Pour,,20290200.0,2026-07-25,2026-08-06,,,,,0
1.1.7.3.19,19th Floor,Tower 2,19th Floor,Civil Works- RCC,RCC,Post Pour,,20290200.0,2026-08-06,2026-08-18,,,,,0
1.1.7.3.20,20th Floor,Tower 2,20th Floor,Civil Works- RCC,RCC,Post Pour,,20290200.0,2026-08-18,2026-08-30,,,,,0
1.1.7.3.21,21th Floor,Tower 2,21st Floor,Civil Works- RCC,RCC,Post Pour,,20290200.0,2026-08-30,2026-09-11,,,,,0
1.1.7.3.22,22th Floor,Tower 2,22nd Floor,Civil Works- RCC,RCC,Post Pour,,20290200.0,2026-09-11,2026-09-23,,,,,0
1.1.7.3.23,23rd Floor,Tower 2,23rd Floor,Civil Works- RCC,RCC,Post Pour,,20290200.0,2026-09-23,2026-10-05,,,,,0
1.1.7.3.24,24th Floor,Tower 2,24th Floor,Civil Works- RCC,RCC,Post Pour,,20290200.0,2026-10-05,2026-10-17,,,,,0
1.1.7.3.25,25th Floor,Tower 2,25th Floor,Civil Works- RCC,RCC,Post Pour,,20290200.0,2026-10-17,2026-10-29,,,,,0
1.1.7.3.26,26th Floor,Tower 2,26th Floor,Civil Works- RCC,RCC,Post Pour,,20290200.0,2026-10-29,2026-12-25,,,,,0
1.1.7.3.27,27th Floor,Tower 2,27th Floor,Civil Works- RCC,RCC,Post Pour,,20290200.0,2026-12-25,2027-01-06,,,,,0
1.1.7.3.28,28th Floor,Tower 2,28th Floor,Civil Works- RCC,RCC,Post Pour,,20290200.0,2027-01-06,2027-01-18,,,,,0
1.1.7.3.29,29th Floor,Tower 2,29th Floor,Civil Works- RCC,RCC,Post Pour,,20290200.0,2027-01-18,2027-01-30,,,,,0
1.1.7.3.30,30th Floor,Tower 2,30th Floor,Civil Works- RCC,RCC,Post Pour,,20290200.0,2027-01-30,2027-02-11,,,,,0
1.1.7.3.31,31st Floor,Tower 2,31st Floor,Civil Works- RCC,RCC,Post Pour,,20290200.0,2027-02-11,2027-02-23,,,,,0
1.1.7.4,Finishing Works,,,,,,,,2025-12-16,2027-10-25,,,,,
1.1.7.4.1,Flat Finishing,,,,,,,,2025-12-16,2027-08-20,,,,,
1.1.7.4.1.1,Podium ,,,,,,,,2025-12-16,2026-04-17,,,,,
1.1.7.4.1.1.1,Masonary Works,Tower 2,,Finishing,Tower Civil Finishes,Blockwork,,26731305.0,2025-12-16,2026-01-14,,,,,0
1.1.7.4.1.1.2,Plaster Works,Tower 2,,Finishing,Tower Civil Finishes,Int Plaster,,53275000.0,2025-12-31,2026-01-19,,,,,0
1.1.7.4.1.1.3,White Wash,Tower 2,,Finishing,Tower Finishing,Paint,,0.0,2026-01-15,2026-02-01,,,,,0
1.1.7.4.1.1.4,VDF,Tower 2,,Finishing,Tower Finishing,Flooring,,1270274200.0,2026-03-24,2026-04-17,,,,,0
1.1.7.4.1.2,First Floor,,,,,,,,2026-01-15,2026-05-12,,,,,
1.1.7.4.1.2.1,Masonary Works,Tower 2,1st Floor,Finishing,Tower Civil Finishes,Blockwork,,26731305.0,2026-01-15,2026-02-13,,,,,0
1.1.7.4.1.2.2,Plaster Works,Tower 2,1st Floor,Finishing,Tower Civil Finishes,Int Plaster,,53275000.0,2026-01-30,2026-02-18,,,,,0
1.1.7.4.1.2.3,White Wash,Tower 2,1st Floor,Finishing,Tower Finishing,Paint,,0.0,2026-02-14,2026-03-03,,,,,0
1.1.7.4.1.2.4,VDF,Tower 2,1st Floor,Finishing,Tower Finishing,Flooring,,143607536.0,2026-04-18,2026-05-12,,,,,0
1.1.7.4.1.3,Second Floor ,,,,,,,,2026-01-27,2026-06-22,,,,,
1.1.7.4.1.3.1,Blockwork,Tower 2,2nd Floor,Finishing,Tower Civil Finishes,Blockwork,,26731305.0,2026-01-27,2026-02-07,,,,,0
1.1.7.4.1.3.2,Internal Plumbing Works,Tower 2,2nd Floor,MEP,Tower MEP,Plumbing,,66565203.982684,2026-02-08,2026-02-13,,,,,0
1.1.7.4.1.3.3,Waterproofing Works,Tower 2,2nd Floor,Finishing,Tower Civil Finishes,Waterproofing,,27810000.0,2026-02-10,2026-02-19,,,,,0
1.1.7.4.1.3.4,PCC,Tower 2,2nd Floor,Civil Works- RCC,RCC,Concreting,,0.0,2026-02-22,2026-03-01,,,,,0
1.1.7.4.1.3.5,Electrical Wiring works,Tower 2,2nd Floor,MEP,Tower MEP,Electrical,,76079293.0,2026-02-10,2026-02-21,,,,,0
1.1.7.4.1.3.6,Internal Plaster Works,Tower 2,2nd Floor,Finishing,Tower Civil Finishes,Int Plaster,,87796250.0,2026-02-22,2026-03-02,,,,,0
1.1.7.4.1.3.7,Toilet Dado Works,Tower 2,2nd Floor,Finishing,Tower Finishing,Flooring,,44055000.0,2026-03-03,2026-03-11,,,,,0
1.1.7.4.1.3.8,Toilet Flooring Works,Tower 2,2nd Floor,Finishing,Tower Finishing,Flooring,,43645000.0,2026-03-12,2026-03-18,,,,,0
1.1.7.4.1.3.9,Living Dining Flooring,Tower 2,2nd Floor,Finishing,Tower Finishing,Flooring,,88595000.0,2026-03-19,2026-04-02,,,,,0
1.1.7.4.1.3.10,Temporary Door Fixing,Tower 2,2nd Floor,Finishing,Tower Finishing,Door,,0.0,2026-02-08,2026-02-16,,,,,0
1.1.7.4.1.3.11,Aluminium Door Widnow Fixing,Tower 2,2nd Floor,Finishing,Tower Finishing,Door,,99456652.0,2026-04-03,2026-05-17,,,,,0
1.1.7.4.1.3.12,Rehung Door Fixing,Tower 2,2nd Floor,Finishing,Tower Finishing,Door,,54925000.0,2026-05-18,2026-05-25,,,,,0
1.1.7.4.1.3.13,Putty Primer coat,Tower 2,2nd Floor,Finishing,Tower Finishing,Paint,,0.0,2026-05-26,2026-05-31,,,,,0
1.1.7.4.1.3.14,Painting First Coat,Tower 2,2nd Floor,Finishing,Tower Finishing,Paint,,27525000.0,2026-06-01,2026-06-12,,,,,0
1.1.7.4.1.3.15,False ceiling works,Tower 2,2nd Floor,Finishing,Tower Finishing,False Ceiling,,25740000.0,2026-06-13,2026-06-22,,,,,0
1.1.7.4.1.4,Third Floor ,,,,,,,,2026-02-08,2026-07-02,,,,,
1.1.7.4.1.4.1,Blockwork,Tower 2,3rd Floor,Finishing,Tower Civil Finishes,Blockwork,,26731305.0,2026-02-08,2026-02-15,,,,,0
1.1.7.4.1.4.2,Internal Plumbing Works,Tower 2,3rd Floor,MEP,Tower MEP,Plumbing,,80346681.4020388,2026-02-16,2026-02-21,,,,,0
1.1.7.4.1.4.3,Waterproofing Works,Tower 2,3rd Floor,Finishing,Tower Civil Finishes,Waterproofing,,27810000.0,2026-02-18,2026-02-27,,,,,0
1.1.7.4.1.4.4,PCC,Tower 2,3rd Floor,Civil Works- RCC,RCC,Concreting,,0.0,2026-03-02,2026-03-09,,,,,0
1.1.7.4.1.4.5,Electrical Wiring works,Tower 2,3rd Floor,MEP,Tower MEP,Electrical,,76079293.4083927,2026-02-18,2026-03-01,,,,,0
1.1.7.4.1.4.6,Internal Plaster Works,Tower 2,3rd Floor,Finishing,Tower Civil Finishes,Int Plaster,,87796250.0,2026-03-02,2026-03-10,,,,,0
1.1.7.4.1.4.7,Toilet Dado Works,Tower 2,3rd Floor,Finishing,Tower Finishing,Flooring,,44055000.0,2026-03-11,2026-03-19,,,,,0
1.1.7.4.1.4.8,Toilet Flooring Works,Tower 2,3rd Floor,Finishing,Tower Finishing,Flooring,,43645000.0,2026-03-20,2026-03-26,,,,,0
1.1.7.4.1.4.9,Living Dining Flooring,Tower 2,3rd Floor,Finishing,Tower Finishing,Flooring,,88595000.0,2026-03-27,2026-04-10,,,,,0
1.1.7.4.1.4.10,Temporary Door Fixing,Tower 2,3rd Floor,Finishing,Tower Finishing,Door,,0.0,2026-02-16,2026-02-24,,,,,0
1.1.7.4.1.4.11,Aluminium Door Widnow Fixing,Tower 2,3rd Floor,Finishing,Tower Finishing,Door,,99456652.0,2026-04-11,2026-04-25,,,,,0
1.1.7.4.1.4.12,Rehung Door Fixing,Tower 2,3rd Floor,Finishing,Tower Finishing,Door,,0.0,2026-04-26,2026-05-03,,,,,0
1.1.7.4.1.4.13,Putty Primer coat,Tower 2,3rd Floor,Finishing,Tower Finishing,Paint,,0.0,2026-05-04,2026-05-09,,,,,0
1.1.7.4.1.4.14,Painting First Coat,Tower 2,3rd Floor,Finishing,Tower Finishing,Paint,,27525000.0,2026-05-10,2026-05-21,,,,,0
1.1.7.4.1.4.15,False ceiling works,Tower 2,3rd Floor,Finishing,Tower Finishing,False Ceiling,,25740000.0,2026-06-23,2026-07-02,,,,,0
1.1.7.4.1.5,Fourth Floor ,,,,,,,,2026-02-20,2026-07-12,,,,,
1.1.7.4.1.5.1,Blockwork,Tower 2,4th Floor,Finishing,Tower Civil Finishes,Blockwork,,26731305.0,2026-02-20,2026-02-27,,,,,0
1.1.7.4.1.5.2,Internal Plumbing Works,Tower 2,4th Floor,MEP,Tower MEP,Plumbing,,80346681.0,2026-02-28,2026-03-05,,,,,0
1.1.7.4.1.5.3,Waterproofing Works,Tower 2,4th Floor,Finishing,Tower Civil Finishes,Waterproofing,,27810000.0,2026-03-02,2026-03-11,,,,,0
1.1.7.4.1.5.4,PCC,Tower 2,4th Floor,Civil Works- RCC,RCC,Concreting,,0.0,2026-03-14,2026-03-21,,,,,0
1.1.7.4.1.5.5,Electrical Wiring works,Tower 2,4th Floor,MEP,Tower MEP,Electrical,,76079293.0,2026-03-02,2026-03-13,,,,,0
1.1.7.4.1.5.6,Internal Plaster Works,Tower 2,4th Floor,Finishing,Tower Civil Finishes,Int Plaster,,87796250.0,2026-03-14,2026-03-22,,,,,0
1.1.7.4.1.5.7,Toilet Dado Works,Tower 2,4th Floor,Finishing,Tower Finishing,Flooring,,44055000.0,2026-03-23,2026-03-31,,,,,0
1.1.7.4.1.5.8,Toilet Flooring Works,Tower 2,4th Floor,Finishing,Tower Finishing,Flooring,,43645000.0,2026-04-01,2026-04-07,,,,,0
1.1.7.4.1.5.9,Living Dining Flooring,Tower 2,4th Floor,Finishing,Tower Finishing,Flooring,,88595000.0,2026-04-08,2026-04-22,,,,,0
1.1.7.4.1.5.10,Temporary Door Fixing,Tower 2,4th Floor,Finishing,Tower Finishing,Door,,0.0,2026-02-28,2026-03-08,,,,,0
1.1.7.4.1.5.11,Aluminium Door Widnow Fixing,Tower 2,4th Floor,Finishing,Tower Finishing,Door,,99456652.0,2026-04-23,2026-05-07,,,,,0
1.1.7.4.1.5.12,Rehung Door Fixing,Tower 2,4th Floor,Finishing,Tower Finishing,Door,,0.0,2026-05-08,2026-05-15,,,,,0
1.1.7.4.1.5.13,Putty Primer coat,Tower 2,4th Floor,Finishing,Tower Finishing,Paint,,0.0,2026-05-16,2026-05-21,,,,,0
1.1.7.4.1.5.14,Painting First Coat,Tower 2,4th Floor,Finishing,Tower Finishing,Paint,,27525000.0,2026-05-22,2026-06-02,,,,,0
1.1.7.4.1.5.15,False ceiling works,Tower 2,4th Floor,Finishing,Tower Finishing,False Ceiling,,25740000.0,2026-07-03,2026-07-12,,,,,0
1.1.7.4.1.6,Fifth Floor ,,,,,,,,2026-03-04,2026-07-22,,,,,
1.1.7.4.1.6.1,Blockwork,Tower 2,5th Floor,Finishing,Tower Civil Finishes,Blockwork,,26731305.0,2026-03-04,2026-03-11,,,,,0
1.1.7.4.1.6.2,Internal Plumbing Works,Tower 2,5th Floor,MEP,Tower MEP,Plumbing,,80346681.0,2026-03-12,2026-03-17,,,,,0
1.1.7.4.1.6.3,Waterproofing Works,Tower 2,5th Floor,Finishing,Tower Civil Finishes,Waterproofing,,27810000.0,2026-03-14,2026-03-23,,,,,0
1.1.7.4.1.6.4,PCC,Tower 2,5th Floor,Civil Works- RCC,RCC,Concreting,,0.0,2026-03-26,2026-04-02,,,,,0
1.1.7.4.1.6.5,Electrical Wiring works,Tower 2,5th Floor,MEP,Tower MEP,Electrical,,76079293.4083927,2026-03-14,2026-03-25,,,,,0
1.1.7.4.1.6.6,Internal Plaster Works,Tower 2,5th Floor,Finishing,Tower Civil Finishes,Int Plaster,,87796250.0,2026-03-26,2026-04-03,,,,,0
1.1.7.4.1.6.7,Toilet Dado Works,Tower 2,5th Floor,Finishing,Tower Finishing,Flooring,,44055000.0,2026-04-04,2026-04-12,,,,,0
1.1.7.4.1.6.8,Toilet Flooring Works,Tower 2,5th Floor,Finishing,Tower Finishing,Flooring,,43645000.0,2026-04-13,2026-04-19,,,,,0
1.1.7.4.1.6.9,Living Dining Flooring,Tower 2,5th Floor,Finishing,Tower Finishing,Flooring,,88595000.0,2026-04-20,2026-05-04,,,,,0
1.1.7.4.1.6.10,Temporary Door Fixing,Tower 2,5th Floor,Finishing,Tower Finishing,Door,,0.0,2026-03-12,2026-03-20,,,,,0
1.1.7.4.1.6.11,Aluminium Door Widnow Fixing,Tower 2,5th Floor,Finishing,Tower Finishing,Door,,99456652.0,2026-05-05,2026-05-19,,,,,0
1.1.7.4.1.6.12,Rehung Door Fixing,Tower 2,5th Floor,Finishing,Tower Finishing,Door,,0.0,2026-05-20,2026-05-27,,,,,0
1.1.7.4.1.6.13,Putty Primer coat,Tower 2,5th Floor,Finishing,Tower Finishing,Paint,,0.0,2026-05-28,2026-06-02,,,,,0
1.1.7.4.1.6.14,Painting First Coat,Tower 2,5th Floor,Finishing,Tower Finishing,Paint,,27525000.0,2026-06-03,2026-06-14,,,,,0
1.1.7.4.1.6.15,False ceiling works,Tower 2,5th Floor,Finishing,Tower Finishing,False Ceiling,,25740000.0,2026-07-13,2026-07-22,,,,,0
1.1.7.4.1.7,Sixth Floor ,,,,,,,,2026-03-16,2026-08-01,,,,,
1.1.7.4.1.7.1,Blockwork,Tower 2,,Finishing,Tower Civil Finishes,Blockwork,,26731305.0,2026-03-16,2026-03-23,,,,,0
1.1.7.4.1.7.2,Internal Plumbing Works,Tower 2,,MEP,Tower MEP,Plumbing,,80346681.0,2026-03-24,2026-03-29,,,,,0
1.1.7.4.1.7.3,Waterproofing Works,Tower 2,,Finishing,Tower Civil Finishes,Waterproofing,,27810000.0,2026-03-26,2026-04-04,,,,,0
1.1.7.4.1.7.4,PCC,Tower 2,,Civil Works- RCC,RCC,Concreting,,0.0,2026-04-07,2026-04-14,,,,,0
1.1.7.4.1.7.5,Electrical Wiring works,Tower 2,,MEP,Tower MEP,Electrical,,76079293.0,2026-03-26,2026-04-06,,,,,0
1.1.7.4.1.7.6,Internal Plaster Works,Tower 2,,Finishing,Tower Civil Finishes,Int Plaster,,87796250.0,2026-04-07,2026-04-15,,,,,0
1.1.7.4.1.7.7,Toilet Dado Works,Tower 2,,Finishing,Tower Finishing,Flooring,,44055000.0,2026-04-16,2026-04-24,,,,,0
1.1.7.4.1.7.8,Toilet Flooring Works,Tower 2,,Finishing,Tower Finishing,Flooring,,43645000.0,2026-04-25,2026-05-01,,,,,0
1.1.7.4.1.7.9,Living Dining Flooring,Tower 2,,Finishing,Tower Finishing,Flooring,,88595000.0,2026-05-02,2026-05-16,,,,,0
1.1.7.4.1.7.10,Temporary Door Fixing,Tower 2,,Finishing,Tower Finishing,Door,,0.0,2026-03-24,2026-04-01,,,,,0
1.1.7.4.1.7.11,Aluminium Door Widnow Fixing,Tower 2,,Finishing,Tower Finishing,Door,,99456652.0,2026-05-17,2026-05-31,,,,,0
1.1.7.4.1.7.12,Rehung Door Fixing,Tower 2,,Finishing,Tower Finishing,Door,,54925000.0,2026-06-01,2026-06-08,,,,,0
1.1.7.4.1.7.13,Putty Primer coat,Tower 2,,Finishing,Tower Finishing,Paint,,0.0,2026-06-09,2026-06-14,,,,,0
1.1.7.4.1.7.14,Painting First Coat,Tower 2,,Finishing,Tower Finishing,Paint,,27525000.0,2026-06-15,2026-06-26,,,,,0
1.1.7.4.1.7.15,False ceiling works,Tower 2,,Finishing,Tower Finishing,False Ceiling,,25740000.0,2026-07-23,2026-08-01,,,,,0
1.1.7.4.1.8,Seventh Floor ,,,,,,,,2026-03-28,2026-08-11,,,,,
1.1.7.4.1.8.1,Blockwork,Tower 2,,Finishing,Tower Civil Finishes,Blockwork,,26731305.0,2026-03-28,2026-04-04,,,,,0
1.1.7.4.1.8.2,Internal Plumbing Works,Tower 2,,MEP,Tower MEP,Plumbing,,80346681.0,2026-04-05,2026-04-10,,,,,0
1.1.7.4.1.8.3,Waterproofing Works,Tower 2,,Finishing,Tower Civil Finishes,Waterproofing,,27810000.0,2026-04-07,2026-04-16,,,,,0
1.1.7.4.1.8.4,PCC,Tower 2,,Civil Works- RCC,RCC,Concreting,,0.0,2026-04-19,2026-04-26,,,,,0
1.1.7.4.1.8.5,Electrical Wiring works,Tower 2,,MEP,Tower MEP,Electrical,,76079293.0,2026-04-07,2026-04-18,,,,,0
1.1.7.4.1.8.6,Internal Plaster Works,Tower 2,,Finishing,Tower Civil Finishes,Int Plaster,,87796250.0,2026-04-19,2026-04-27,,,,,0
1.1.7.4.1.8.7,Toilet Dado Works,Tower 2,,Finishing,Tower Finishing,Flooring,,44055000.0,2026-04-28,2026-05-06,,,,,0
1.1.7.4.1.8.8,Toilet Flooring Works,Tower 2,,Finishing,Tower Finishing,Flooring,,43645000.0,2026-05-07,2026-05-13,,,,,0
1.1.7.4.1.8.9,Living Dining Flooring,Tower 2,,Finishing,Tower Finishing,Flooring,,88595000.0,2026-05-14,2026-05-28,,,,,0
1.1.7.4.1.8.10,Temporary Door Fixing,Tower 2,,Finishing,Tower Finishing,Door,,0.0,2026-04-05,2026-04-13,,,,,0
1.1.7.4.1.8.11,Aluminium Door Widnow Fixing,Tower 2,,Finishing,Tower Finishing,Door,,99456652.0,2026-05-29,2026-06-12,,,,,0
1.1.7.4.1.8.12,Rehung Door Fixing,Tower 2,,Finishing,Tower Finishing,Door,,0.0,2026-06-13,2026-06-20,,,,,0
1.1.7.4.1.8.13,Putty Primer coat,Tower 2,,Finishing,Tower Finishing,Paint,,0.0,2026-06-21,2026-06-26,,,,,0
1.1.7.4.1.8.14,Painting First Coat,Tower 2,,Finishing,Tower Finishing,Paint,,27525000.0,2026-06-27,2026-07-08,,,,,0
1.1.7.4.1.8.15,False ceiling works,Tower 2,,Finishing,Tower Finishing,False Ceiling,,25740000.0,2026-08-02,2026-08-11,,,,,0
1.1.7.4.1.9,Eighth Floor ,,,,,,,,2026-04-09,2026-08-21,,,,,
1.1.7.4.1.9.1,Blockwork,Tower 2,,Finishing,Tower Civil Finishes,Blockwork,,26731305.0,2026-04-09,2026-04-16,,,,,0
1.1.7.4.1.9.2,Internal Plumbing Works,Tower 2,,MEP,Tower MEP,Plumbing,,80346681.0,2026-04-17,2026-04-22,,,,,0
1.1.7.4.1.9.3,Waterproofing Works,Tower 2,,Finishing,Tower Civil Finishes,Waterproofing,,27810000.0,2026-04-19,2026-04-28,,,,,0
1.1.7.4.1.9.4,PCC,Tower 2,,Civil Works- RCC,RCC,Concreting,,0.0,2026-05-01,2026-05-08,,,,,0
1.1.7.4.1.9.5,Electrical Wiring works,Tower 2,,MEP,Tower MEP,Electrical,,76079293.0,2026-04-19,2026-04-30,,,,,0
1.1.7.4.1.9.6,Internal Plaster Works,Tower 2,,Finishing,Tower Civil Finishes,Int Plaster,,87796250.0,2026-05-01,2026-05-09,,,,,0
1.1.7.4.1.9.7,Toilet Dado Works,Tower 2,,Finishing,Tower Finishing,Flooring,,44055000.0,2026-05-10,2026-05-18,,,,,0
1.1.7.4.1.9.8,Toilet Flooring Works,Tower 2,,Finishing,Tower Finishing,Flooring,,43645000.0,2026-05-19,2026-05-25,,,,,0
1.1.7.4.1.9.9,Living Dining Flooring,Tower 2,,Finishing,Tower Finishing,Flooring,,88595000.0,2026-05-26,2026-06-09,,,,,0
1.1.7.4.1.9.10,Temporary Door Fixing,Tower 2,,Finishing,Tower Finishing,Door,,0.0,2026-04-17,2026-04-25,,,,,0
1.1.7.4.1.9.11,Aluminium Door Widnow Fixing,Tower 2,,Finishing,Tower Finishing,Door,,99456652.0,2026-06-10,2026-06-24,,,,,0
1.1.7.4.1.9.12,Rehung Door Fixing,Tower 2,,Finishing,Tower Finishing,Door,,0.0,2026-06-25,2026-07-02,,,,,0
1.1.7.4.1.9.13,Putty Primer coat,Tower 2,,Finishing,Tower Finishing,Paint,,0.0,2026-07-03,2026-07-08,,,,,0
1.1.7.4.1.9.14,Painting First Coat,Tower 2,,Finishing,Tower Finishing,Paint,,27525000.0,2026-07-09,2026-07-20,,,,,0
1.1.7.4.1.9.15,False ceiling works,Tower 2,,Finishing,Tower Finishing,False Ceiling,,25740000.0,2026-08-12,2026-08-21,,,,,0
1.1.7.4.1.10,Ninth Floor ,,,,,,,,2026-04-21,2026-08-31,,,,,
1.1.7.4.1.10.1,Blockwork,Tower 2,,Finishing,Tower Civil Finishes,Blockwork,,26731305.0,2026-04-21,2026-04-28,,,,,0
1.1.7.4.1.10.2,Internal Plumbing Works,Tower 2,,MEP,Tower MEP,Plumbing,,80346681.0,2026-04-29,2026-05-04,,,,,0
1.1.7.4.1.10.3,Waterproofing Works,Tower 2,,Finishing,Tower Civil Finishes,Waterproofing,,27810000.0,2026-05-01,2026-05-10,,,,,0
1.1.7.4.1.10.4,PCC,Tower 2,,Civil Works- RCC,RCC,Concreting,,0.0,2026-05-13,2026-05-20,,,,,0
1.1.7.4.1.10.5,Electrical Wiring works,Tower 2,,MEP,Tower MEP,Electrical,,76079293.0,2026-05-01,2026-05-12,,,,,0
1.1.7.4.1.10.6,Internal Plaster Works,Tower 2,,Finishing,Tower Civil Finishes,Int Plaster,,87796250.0,2026-05-13,2026-05-21,,,,,0
1.1.7.4.1.10.7,Toilet Dado Works,Tower 2,,Finishing,Tower Finishing,Flooring,,44055000.0,2026-05-22,2026-05-30,,,,,0
1.1.7.4.1.10.8,Toilet Flooring Works,Tower 2,,Finishing,Tower Finishing,Flooring,,43645000.0,2026-05-31,2026-06-06,,,,,0
1.1.7.4.1.10.9,Living Dining Flooring,Tower 2,,Finishing,Tower Finishing,Flooring,,88595000.0,2026-06-07,2026-06-21,,,,,0
1.1.7.4.1.10.10,Temporary Door Fixing,Tower 2,,Finishing,Tower Finishing,Door,,0.0,2026-04-29,2026-05-07,,,,,0
1.1.7.4.1.10.11,Aluminium Door Widnow Fixing,Tower 2,,Finishing,Tower Finishing,Door,,99456652.0,2026-06-22,2026-07-06,,,,,0
1.1.7.4.1.10.12,Rehung Door Fixing,Tower 2,,Finishing,Tower Finishing,Door,,0.0,2026-07-07,2026-07-14,,,,,0
1.1.7.4.1.10.13,Putty Primer coat,Tower 2,,Finishing,Tower Finishing,Paint,,0.0,2026-07-15,2026-07-20,,,,,0
1.1.7.4.1.10.14,Painting First Coat,Tower 2,,Finishing,Tower Finishing,Paint,,27525000.0,2026-07-21,2026-08-01,,,,,0
1.1.7.4.1.10.15,False ceiling works,Tower 2,,Finishing,Tower Finishing,False Ceiling,,25740000.0,2026-08-22,2026-08-31,,,,,0
1.1.7.4.1.11,Tenth Floor ,,,,,,,,2026-05-03,2026-09-10,,,,,
1.1.7.4.1.11.1,Blockwork,Tower 2,,Finishing,Tower Civil Finishes,Blockwork,,26731305.0,2026-05-03,2026-05-10,,,,,0
1.1.7.4.1.11.2,Internal Plumbing Works,Tower 2,,MEP,Tower MEP,Plumbing,,80346681.0,2026-05-11,2026-05-16,,,,,0
1.1.7.4.1.11.3,Waterproofing Works,Tower 2,,Finishing,Tower Civil Finishes,Waterproofing,,27810000.0,2026-05-13,2026-05-22,,,,,0
1.1.7.4.1.11.4,PCC,Tower 2,,Civil Works- RCC,RCC,Concreting,,0.0,2026-05-25,2026-06-01,,,,,0
1.1.7.4.1.11.5,Electrical Wiring works,Tower 2,,MEP,Tower MEP,Electrical,,76079293.4083927,2026-05-13,2026-05-24,,,,,0
1.1.7.4.1.11.6,Internal Plaster Works,Tower 2,,Finishing,Tower Civil Finishes,Int Plaster,,87796250.0,2026-05-25,2026-06-02,,,,,0
1.1.7.4.1.11.7,Toilet Dado Works,Tower 2,,Finishing,Tower Finishing,Flooring,,44055000.0,2026-06-03,2026-06-11,,,,,0
1.1.7.4.1.11.8,Toilet Flooring Works,Tower 2,,Finishing,Tower Finishing,Flooring,,43645000.0,2026-06-12,2026-06-18,,,,,0
1.1.7.4.1.11.9,Living Dining Flooring,Tower 2,,Finishing,Tower Finishing,Flooring,,88595000.0,2026-06-19,2026-07-03,,,,,0
1.1.7.4.1.11.10,Temporary Door Fixing,Tower 2,,Finishing,Tower Finishing,Door,,0.0,2026-05-11,2026-05-19,,,,,0
1.1.7.4.1.11.11,Aluminium Door Widnow Fixing,Tower 2,,Finishing,Tower Finishing,Door,,99456652.0,2026-07-04,2026-07-18,,,,,0
1.1.7.4.1.11.12,Rehung Door Fixing,Tower 2,,Finishing,Tower Finishing,Door,,0.0,2026-07-19,2026-07-26,,,,,0
1.1.7.4.1.11.13,Putty Primer coat,Tower 2,,Finishing,Tower Finishing,Paint,,0.0,2026-07-27,2026-08-01,,,,,0
1.1.7.4.1.11.14,Painting First Coat,Tower 2,,Finishing,Tower Finishing,Paint,,27525000.0,2026-08-02,2026-08-13,,,,,0
1.1.7.4.1.11.15,False ceiling works,Tower 2,,Finishing,Tower Finishing,False Ceiling,,25740000.0,2026-09-01,2026-09-10,,,,,0
1.1.7.4.1.12,Eleventh Floor ,,,,,,,,2026-05-15,2026-09-20,,,,,
1.1.7.4.1.12.1,Blockwork,Tower 2,,Finishing,Tower Civil Finishes,Blockwork,,26731305.0,2026-05-15,2026-05-22,,,,,0
1.1.7.4.1.12.2,Internal Plumbing Works,Tower 2,,MEP,Tower MEP,Plumbing,,80346681.0,2026-05-23,2026-05-28,,,,,0
1.1.7.4.1.12.3,Waterproofing Works,Tower 2,,Finishing,Tower Civil Finishes,Waterproofing,,27810000.0,2026-05-25,2026-06-03,,,,,0
1.1.7.4.1.12.4,PCC,Tower 2,,Civil Works- RCC,RCC,Concreting,,0.0,2026-06-06,2026-06-13,,,,,0
1.1.7.4.1.12.5,Electrical Wiring works,Tower 2,,MEP,Tower MEP,Electrical,,76079293.0,2026-05-25,2026-06-05,,,,,0
1.1.7.4.1.12.6,Internal Plaster Works,Tower 2,,Finishing,Tower Civil Finishes,Int Plaster,,87796250.0,2026-06-06,2026-06-14,,,,,0
1.1.7.4.1.12.7,Toilet Dado Works,Tower 2,,Finishing,Tower Finishing,Flooring,,44055000.0,2026-06-15,2026-06-23,,,,,0
1.1.7.4.1.12.8,Toilet Flooring Works,Tower 2,,Finishing,Tower Finishing,Flooring,,43645000.0,2026-06-24,2026-06-30,,,,,0
1.1.7.4.1.12.9,Living Dining Flooring,Tower 2,,Finishing,Tower Finishing,Flooring,,88595000.0,2026-07-01,2026-07-15,,,,,0
1.1.7.4.1.12.10,Temporary Door Fixing,Tower 2,,Finishing,Tower Finishing,Door,,0.0,2026-05-23,2026-05-31,,,,,0
1.1.7.4.1.12.11,Aluminium Door Widnow Fixing,Tower 2,,Finishing,Tower Finishing,Door,,99456652.0,2026-07-16,2026-07-30,,,,,0
1.1.7.4.1.12.12,Rehung Door Fixing,Tower 2,,Finishing,Tower Finishing,Door,,0.0,2026-07-31,2026-08-07,,,,,0
1.1.7.4.1.12.13,Putty Primer coat,Tower 2,,Finishing,Tower Finishing,Paint,,0.0,2026-08-08,2026-08-13,,,,,0
1.1.7.4.1.12.14,Painting First Coat,Tower 2,,Finishing,Tower Finishing,Paint,,27525000.0,2026-08-14,2026-08-25,,,,,0
1.1.7.4.1.12.15,False ceiling works,Tower 2,,Finishing,Tower Finishing,False Ceiling,,25740000.0,2026-09-11,2026-09-20,,,,,0
1.1.7.4.1.13,Twelth Floor ,,,,,,,,2026-06-20,2026-10-10,,,,,
1.1.7.4.1.13.1,Blockwork,Tower 2,,Finishing,Tower Civil Finishes,Blockwork,,26731305.0,2026-06-20,2026-06-27,,,,,0
1.1.7.4.1.13.2,Internal Plumbing Works,Tower 2,,MEP,Tower MEP,Plumbing,,80346681.0,2026-06-28,2026-07-03,,,,,0
1.1.7.4.1.13.3,Waterproofing Works,Tower 2,,Finishing,Tower Civil Finishes,Waterproofing,,27810000.0,2026-06-30,2026-07-09,,,,,0
1.1.7.4.1.13.4,PCC,Tower 2,,Civil Works- RCC,RCC,Concreting,,0.0,2026-07-12,2026-07-19,,,,,0
1.1.7.4.1.13.5,Electrical Wiring works,Tower 2,,MEP,Tower MEP,Electrical,,76079293.0,2026-06-30,2026-07-11,,,,,0
1.1.7.4.1.13.6,Internal Plaster Works,Tower 2,,Finishing,Tower Civil Finishes,Int Plaster,,87796250.0,2026-07-12,2026-07-20,,,,,0
1.1.7.4.1.13.7,Toilet Dado Works,Tower 2,,Finishing,Tower Finishing,Flooring,,44055000.0,2026-07-21,2026-07-29,,,,,0
1.1.7.4.1.13.8,Toilet Flooring Works,Tower 2,,Finishing,Tower Finishing,Flooring,,43645000.0,2026-07-30,2026-08-05,,,,,0
1.1.7.4.1.13.9,Living Dining Flooring,Tower 2,,Finishing,Tower Finishing,Flooring,,88595000.0,2026-08-06,2026-08-20,,,,,0
1.1.7.4.1.13.10,Temporary Door Fixing,Tower 2,,Finishing,Tower Finishing,Door,,0.0,2026-06-28,2026-07-06,,,,,0
1.1.7.4.1.13.11,Aluminium Door Widnow Fixing,Tower 2,,Finishing,Tower Finishing,Door,,99456652.0,2026-08-21,2026-09-04,,,,,0
1.1.7.4.1.13.12,Rehung Door Fixing,Tower 2,,Finishing,Tower Finishing,Door,,0.0,2026-09-05,2026-09-12,,,,,0
1.1.7.4.1.13.13,Putty Primer coat,Tower 2,,Finishing,Tower Finishing,Paint,,0.0,2026-09-13,2026-09-18,,,,,0
1.1.7.4.1.13.14,Painting First Coat,Tower 2,,Finishing,Tower Finishing,Paint,,27525000.0,2026-09-19,2026-09-30,,,,,0
1.1.7.4.1.13.15,False ceiling works,Tower 2,,Finishing,Tower Finishing,False Ceiling,,25740000.0,2026-10-01,2026-10-10,,,,,0
1.1.7.4.1.14,Thirteen Floor ,,,,,,,,2026-07-02,2026-10-22,,,,,
1.1.7.4.1.14.1,Blockwork,Tower 2,,Finishing,Tower Civil Finishes,Blockwork,,26731305.0,2026-07-02,2026-07-09,,,,,0
1.1.7.4.1.14.2,Internal Plumbing Works,Tower 2,,MEP,Tower MEP,Plumbing,,80346681.0,2026-07-10,2026-07-15,,,,,0
1.1.7.4.1.14.3,Waterproofing Works,Tower 2,,Finishing,Tower Civil Finishes,Waterproofing,,27810000.0,2026-07-12,2026-07-21,,,,,0
1.1.7.4.1.14.4,PCC,Tower 2,,Civil Works- RCC,RCC,Concreting,,0.0,2026-07-24,2026-07-31,,,,,0
1.1.7.4.1.14.5,Electrical Wiring works,Tower 2,,MEP,Tower MEP,Electrical,,76079293.4083927,2026-07-12,2026-07-23,,,,,0
1.1.7.4.1.14.6,Internal Plaster Works,Tower 2,,Finishing,Tower Civil Finishes,Int Plaster,,87796250.0,2026-07-24,2026-08-01,,,,,0
1.1.7.4.1.14.7,Toilet Dado Works,Tower 2,,Finishing,Tower Finishing,Flooring,,44055000.0,2026-08-02,2026-08-10,,,,,0
1.1.7.4.1.14.8,Toilet Flooring Works,Tower 2,,Finishing,Tower Finishing,Flooring,,43645000.0,2026-08-11,2026-08-17,,,,,0
1.1.7.4.1.14.9,Living Dining Flooring,Tower 2,,Finishing,Tower Finishing,Flooring,,88595000.0,2026-08-18,2026-09-01,,,,,0
1.1.7.4.1.14.10,Temporary Door Fixing,Tower 2,,Finishing,Tower Finishing,Door,,0.0,2026-07-10,2026-07-18,,,,,0
1.1.7.4.1.14.11,Aluminium Door Widnow Fixing,Tower 2,,Finishing,Tower Finishing,Door,,99456652.0,2026-09-02,2026-09-16,,,,,0
1.1.7.4.1.14.12,Rehung Door Fixing,Tower 2,,Finishing,Tower Finishing,Door,,0.0,2026-09-17,2026-09-24,,,,,0
1.1.7.4.1.14.13,Putty Primer coat,Tower 2,,Finishing,Tower Finishing,Paint,,0.0,2026-09-25,2026-09-30,,,,,0
1.1.7.4.1.14.14,Painting First Coat,Tower 2,,Finishing,Tower Finishing,Paint,,27525000.0,2026-10-01,2026-10-12,,,,,0
1.1.7.4.1.14.15,False ceiling works,Tower 2,,Finishing,Tower Finishing,False Ceiling,,25740000.0,2026-10-13,2026-10-22,,,,,0
1.1.7.4.1.15,Fourteen Floor ,,,,,,,,2026-07-14,2026-12-18,,,,,
1.1.7.4.1.15.1,Blockwork,Tower 2,,Finishing,Tower Civil Finishes,Blockwork,,26731305.0,2026-07-14,2026-07-21,,,,,0
1.1.7.4.1.15.2,Internal Plumbing Works,Tower 2,,MEP,Tower MEP,Plumbing,,80346681.0,2026-07-22,2026-07-27,,,,,0
1.1.7.4.1.15.3,Waterproofing Works,Tower 2,,Finishing,Tower Civil Finishes,Waterproofing,,27810000.0,2026-07-24,2026-08-02,,,,,0
1.1.7.4.1.15.4,PCC,Tower 2,,Civil Works- RCC,RCC,Concreting,,0.0,2026-08-05,2026-08-12,,,,,0
1.1.7.4.1.15.5,Electrical Wiring works,Tower 2,,MEP,Tower MEP,Electrical,,76079293.0,2026-07-24,2026-08-04,,,,,0
1.1.7.4.1.15.6,Internal Plaster Works,Tower 2,,Finishing,Tower Civil Finishes,Int Plaster,,87796250.0,2026-08-05,2026-08-13,,,,,0
1.1.7.4.1.15.7,Toilet Dado Works,Tower 2,,Finishing,Tower Finishing,Flooring,,44055000.0,2026-08-14,2026-08-22,,,,,0
1.1.7.4.1.15.8,Toilet Flooring Works,Tower 2,,Finishing,Tower Finishing,Flooring,,43645000.0,2026-08-23,2026-08-29,,,,,0
1.1.7.4.1.15.9,Living Dining Flooring,Tower 2,,Finishing,Tower Finishing,Flooring,,88595000.0,2026-08-30,2026-09-13,,,,,0
1.1.7.4.1.15.10,Temporary Door Fixing,Tower 2,,Finishing,Tower Finishing,Door,,0.0,2026-07-22,2026-07-30,,,,,0
1.1.7.4.1.15.11,Aluminium Door Widnow Fixing,Tower 2,,Finishing,Tower Finishing,Door,,99456652.0,2026-09-14,2026-09-28,,,,,0
1.1.7.4.1.15.12,Rehung Door Fixing,Tower 2,,Finishing,Tower Finishing,Door,,54925000.0,2026-09-29,2026-10-06,,,,,0
1.1.7.4.1.15.13,Putty Primer coat,Tower 2,,Finishing,Tower Finishing,Paint,,0.0,2026-10-07,2026-10-12,,,,,0
1.1.7.4.1.15.14,Painting First Coat,Tower 2,,Finishing,Tower Finishing,Paint,,27525000.0,2026-10-13,2026-10-24,,,,,0
1.1.7.4.1.15.15,False ceiling works,Tower 2,,Finishing,Tower Finishing,False Ceiling,,25740000.0,2026-10-25,2026-12-18,,,,,0
1.1.7.4.1.16,Fifteen Floor ,,,,,,,,2026-07-26,2026-12-30,,,,,
1.1.7.4.1.16.1,Blockwork,Tower 2,,Finishing,Tower Civil Finishes,Blockwork,,26731305.0,2026-07-26,2026-08-02,,,,,0
1.1.7.4.1.16.2,Internal Plumbing Works,Tower 2,,MEP,Tower MEP,Plumbing,,80346681.0,2026-08-03,2026-08-08,,,,,0
1.1.7.4.1.16.3,Waterproofing Works,Tower 2,,Finishing,Tower Civil Finishes,Waterproofing,,27810000.0,2026-08-05,2026-08-14,,,,,0
1.1.7.4.1.16.4,PCC,Tower 2,,Civil Works- RCC,RCC,Concreting,,0.0,2026-08-17,2026-08-24,,,,,0
1.1.7.4.1.16.5,Electrical Wiring works,Tower 2,,MEP,Tower MEP,Electrical,,76079293.0,2026-08-05,2026-08-16,,,,,0
1.1.7.4.1.16.6,Internal Plaster Works,Tower 2,,Finishing,Tower Civil Finishes,Int Plaster,,87796250.0,2026-08-17,2026-08-25,,,,,0
1.1.7.4.1.16.7,Toilet Dado Works,Tower 2,,Finishing,Tower Finishing,Flooring,,44055000.0,2026-08-26,2026-09-03,,,,,0
1.1.7.4.1.16.8,Toilet Flooring Works,Tower 2,,Finishing,Tower Finishing,Flooring,,43645000.0,2026-09-04,2026-09-10,,,,,0
1.1.7.4.1.16.9,Living Dining Flooring,Tower 2,,Finishing,Tower Finishing,Flooring,,88595000.0,2026-09-11,2026-09-25,,,,,0
1.1.7.4.1.16.10,Temporary Door Fixing,Tower 2,,Finishing,Tower Finishing,Door,,0.0,2026-08-03,2026-08-11,,,,,0
1.1.7.4.1.16.11,Aluminium Door Widnow Fixing,Tower 2,,Finishing,Tower Finishing,Door,,99456652.0,2026-09-26,2026-10-10,,,,,0
1.1.7.4.1.16.12,Rehung Door Fixing,Tower 2,,Finishing,Tower Finishing,Door,,0.0,2026-10-11,2026-10-18,,,,,0
1.1.7.4.1.16.13,Putty Primer coat,Tower 2,,Finishing,Tower Finishing,Paint,,0.0,2026-10-19,2026-10-24,,,,,0
1.1.7.4.1.16.14,Painting First Coat,Tower 2,,Finishing,Tower Finishing,Paint,,27525000.0,2026-10-25,2026-12-20,,,,,0
1.1.7.4.1.16.15,False ceiling works,Tower 2,,Finishing,Tower Finishing,False Ceiling,,25740000.0,2026-12-21,2026-12-30,,,,,0
1.1.7.4.1.17,Sixteen Floor ,,,,,,,,2026-08-07,2027-01-09,,,,,
1.1.7.4.1.17.1,Blockwork,Tower 2,,Finishing,Tower Civil Finishes,Blockwork,,26731305.0,2026-08-07,2026-08-14,,,,,0
1.1.7.4.1.17.2,Internal Plumbing Works,Tower 2,,MEP,Tower MEP,Plumbing,,80346681.0,2026-08-15,2026-08-20,,,,,0
1.1.7.4.1.17.3,Waterproofing Works,Tower 2,,Finishing,Tower Civil Finishes,Waterproofing,,27810000.0,2026-08-17,2026-08-26,,,,,0
1.1.7.4.1.17.4,PCC,Tower 2,,Civil Works- RCC,RCC,Concreting,,0.0,2026-08-29,2026-09-05,,,,,0
1.1.7.4.1.17.5,Electrical Wiring works,Tower 2,,MEP,Tower MEP,Electrical,,76079293.0,2026-08-17,2026-08-28,,,,,0
1.1.7.4.1.17.6,Internal Plaster Works,Tower 2,,Finishing,Tower Civil Finishes,Int Plaster,,87796250.0,2026-08-29,2026-09-06,,,,,0
1.1.7.4.1.17.7,Toilet Dado Works,Tower 2,,Finishing,Tower Finishing,Flooring,,44055000.0,2026-09-07,2026-09-15,,,,,0
1.1.7.4.1.17.8,Toilet Flooring Works,Tower 2,,Finishing,Tower Finishing,Flooring,,43645000.0,2026-09-16,2026-09-22,,,,,0
1.1.7.4.1.17.9,Living Dining Flooring,Tower 2,,Finishing,Tower Finishing,Flooring,,88595000.0,2026-09-23,2026-10-02,,,,,0
1.1.7.4.1.17.10,Temporary Door Fixing,Tower 2,,Finishing,Tower Finishing,Door,,0.0,2026-08-15,2026-08-19,,,,,0
1.1.7.4.1.17.11,Aluminium Door Widnow Fixing,Tower 2,,Finishing,Tower Finishing,Door,,99456652.0,2026-10-03,2026-10-12,,,,,0
1.1.7.4.1.17.12,Rehung Door Fixing,Tower 2,,Finishing,Tower Finishing,Door,,0.0,2026-10-13,2026-10-20,,,,,0
1.1.7.4.1.17.13,Putty Primer coat,Tower 2,,Finishing,Tower Finishing,Paint,,0.0,2026-10-21,2026-10-26,,,,,0
1.1.7.4.1.17.14,Painting First Coat,Tower 2,,Finishing,Tower Finishing,Paint,,27525000.0,2026-10-27,2026-12-22,,,,,0
1.1.7.4.1.17.15,False ceiling works,Tower 2,,Finishing,Tower Finishing,False Ceiling,,25740000.0,2026-12-31,2027-01-09,,,,,0
1.1.7.4.1.18,Seventeen Floor ,,,,,,,,2026-08-19,2027-01-19,,,,,
1.1.7.4.1.18.1,Blockwork,Tower 2,,Finishing,Tower Civil Finishes,Blockwork,,26731305.0,2026-08-19,2026-08-26,,,,,0
1.1.7.4.1.18.2,Internal Plumbing Works,Tower 2,,MEP,Tower MEP,Plumbing,,80346681.0,2026-08-26,2026-08-31,,,,,0
1.1.7.4.1.18.3,Waterproofing Works,Tower 2,,Finishing,Tower Civil Finishes,Waterproofing,,27810000.0,2026-08-28,2026-09-04,,,,,0
1.1.7.4.1.18.4,PCC,Tower 2,,Civil Works- RCC,RCC,Concreting,,0.0,2026-09-04,2026-09-08,,,,,0
1.1.7.4.1.18.5,Electrical Wiring works,Tower 2,,MEP,Tower MEP,Electrical,,76079293.0,2026-08-28,2026-09-04,,,,,0
1.1.7.4.1.18.6,Internal Plaster Works,Tower 2,,Finishing,Tower Civil Finishes,Int Plaster,,87796250.0,2026-09-04,2026-09-09,,,,,0
1.1.7.4.1.18.7,Toilet Dado Works,Tower 2,,Finishing,Tower Finishing,Flooring,,44055000.0,2026-09-09,2026-09-16,,,,,0
1.1.7.4.1.18.8,Toilet Flooring Works,Tower 2,,Finishing,Tower Finishing,Flooring,,43645000.0,2026-09-16,2026-09-21,,,,,0
1.1.7.4.1.18.9,Living Dining Flooring,Tower 2,,Finishing,Tower Finishing,Flooring,,88595000.0,2026-09-21,2026-10-01,,,,,0
1.1.7.4.1.18.10,Temporary Door Fixing,Tower 2,,Finishing,Tower Finishing,Door,,0.0,2026-08-26,2026-09-04,,,,,0
1.1.7.4.1.18.11,Aluminium Door Widnow Fixing,Tower 2,,Finishing,Tower Finishing,Door,,99456652.0,2026-10-01,2026-10-16,,,,,0
1.1.7.4.1.18.12,Rehung Door Fixing,Tower 2,,Finishing,Tower Finishing,Door,,0.0,2026-10-16,2026-10-24,,,,,0
1.1.7.4.1.18.13,Putty Primer coat,Tower 2,,Finishing,Tower Finishing,Paint,,0.0,2026-10-24,2026-10-30,,,,,0
1.1.7.4.1.18.14,Painting First Coat,Tower 2,,Finishing,Tower Finishing,Paint,,27525000.0,2026-10-30,2026-12-26,,,,,0
1.1.7.4.1.18.15,False ceiling works,Tower 2,,Finishing,Tower Finishing,False Ceiling,,25740000.0,2027-01-10,2027-01-19,,,,,0
1.1.7.4.1.19,Eighteenth Floor ,,,,,,,,2026-08-31,2027-01-29,,,,,
1.1.7.4.1.19.1,Blockwork,Tower 2,,Finishing,Tower Civil Finishes,Blockwork,,26731305.0,2026-08-31,2026-09-06,,,,,0
1.1.7.4.1.19.2,Internal Plumbing Works,Tower 2,,MEP,Tower MEP,Plumbing,,80346681.0,2026-09-07,2026-09-11,,,,,0
1.1.7.4.1.19.3,Waterproofing Works,Tower 2,,Finishing,Tower Civil Finishes,Waterproofing,,27810000.0,2026-09-09,2026-09-15,,,,,0
1.1.7.4.1.19.4,PCC,Tower 2,,Civil Works- RCC,RCC,Concreting,,0.0,2026-09-16,2026-09-19,,,,,0
1.1.7.4.1.19.5,Electrical Wiring works,Tower 2,,MEP,Tower MEP,Electrical,,76079293.4083927,2026-09-09,2026-09-15,,,,,0
1.1.7.4.1.19.6,Internal Plaster Works,Tower 2,,Finishing,Tower Civil Finishes,Int Plaster,,87796250.0,2026-09-16,2026-09-20,,,,,0
1.1.7.4.1.19.7,Toilet Dado Works,Tower 2,,Finishing,Tower Finishing,Flooring,,44055000.0,2026-09-21,2026-09-27,,,,,0
1.1.7.4.1.19.8,Toilet Flooring Works,Tower 2,,Finishing,Tower Finishing,Flooring,,43645000.0,2026-09-28,2026-10-02,,,,,0
1.1.7.4.1.19.9,Living Dining Flooring,Tower 2,,Finishing,Tower Finishing,Flooring,,88595000.0,2026-10-03,2026-10-12,,,,,0
1.1.7.4.1.19.10,Temporary Door Fixing,Tower 2,,Finishing,Tower Finishing,Door,,0.0,2026-09-07,2026-09-15,,,,,0
1.1.7.4.1.19.11,Aluminium Door Widnow Fixing,Tower 2,,Finishing,Tower Finishing,Door,,99456652.0,2026-10-13,2026-10-27,,,,,0
1.1.7.4.1.19.12,Rehung Door Fixing,Tower 2,,Finishing,Tower Finishing,Door,,0.0,2026-10-28,2026-12-19,,,,,0
1.1.7.4.1.19.13,Putty Primer coat,Tower 2,,Finishing,Tower Finishing,Paint,,0.0,2026-12-20,2026-12-25,,,,,0
1.1.7.4.1.19.14,Painting First Coat,Tower 2,,Finishing,Tower Finishing,Paint,,27525000.0,2026-12-26,2027-01-06,,,,,0
1.1.7.4.1.19.15,False ceiling works,Tower 2,,Finishing,Tower Finishing,False Ceiling,,25740000.0,2027-01-20,2027-01-29,,,,,0
1.1.7.4.1.20,Ninteenth Floor ,,,,,,,,2026-09-12,2027-02-08,,,,,
1.1.7.4.1.20.1,Blockwork,Tower 2,,Finishing,Tower Civil Finishes,Blockwork,,26731305.0,2026-09-12,2026-09-18,,,,,0
1.1.7.4.1.20.2,Internal Plumbing Works,Tower 2,,MEP,Tower MEP,Plumbing,,80346681.0,2026-09-19,2026-09-23,,,,,0
1.1.7.4.1.20.3,Waterproofing Works,Tower 2,,Finishing,Tower Civil Finishes,Waterproofing,,27810000.0,2026-09-21,2026-09-27,,,,,0
1.1.7.4.1.20.4,PCC,Tower 2,,Civil Works- RCC,RCC,Concreting,,0.0,2026-09-28,2026-10-01,,,,,0
1.1.7.4.1.20.5,Electrical Wiring works,Tower 2,,MEP,Tower MEP,Electrical,,76079293.4083927,2026-09-21,2026-09-27,,,,,0
1.1.7.4.1.20.6,Internal Plaster Works,Tower 2,,Finishing,Tower Civil Finishes,Int Plaster,,87796250.0,2026-09-28,2026-10-02,,,,,0
1.1.7.4.1.20.7,Toilet Dado Works,Tower 2,,Finishing,Tower Finishing,Flooring,,44055000.0,2026-10-03,2026-10-09,,,,,0
1.1.7.4.1.20.8,Toilet Flooring Works,Tower 2,,Finishing,Tower Finishing,Flooring,,43645000.0,2026-10-10,2026-10-14,,,,,0
1.1.7.4.1.20.9,Living Dining Flooring,Tower 2,,Finishing,Tower Finishing,Flooring,,88595000.0,2026-10-15,2026-10-24,,,,,0
1.1.7.4.1.20.10,Temporary Door Fixing,Tower 2,,Finishing,Tower Finishing,Door,,0.0,2026-09-19,2026-09-27,,,,,0
1.1.7.4.1.20.11,Aluminium Door Widnow Fixing,Tower 2,,Finishing,Tower Finishing,Door,,99456652.0,2026-10-25,2026-12-23,,,,,0
1.1.7.4.1.20.12,Rehung Door Fixing,Tower 2,,Finishing,Tower Finishing,Door,,0.0,2026-12-24,2026-12-31,,,,,0
1.1.7.4.1.20.13,Putty Primer coat,Tower 2,,Finishing,Tower Finishing,Paint,,0.0,2027-01-01,2027-01-06,,,,,0
1.1.7.4.1.20.14,Painting First Coat,Tower 2,,Finishing,Tower Finishing,Paint,,27525000.0,2027-01-07,2027-01-18,,,,,0
1.1.7.4.1.20.15,False ceiling works,Tower 2,,Finishing,Tower Finishing,False Ceiling,,25740000.0,2027-01-30,2027-02-08,,,,,0
1.1.7.4.1.21,Twenty Floor ,,,,,,,,2026-09-19,2027-02-18,,,,,
1.1.7.4.1.21.1,Blockwork,Tower 2,,Finishing,Tower Civil Finishes,Blockwork,,26731305.0,2026-09-19,2026-09-26,,,,,0
1.1.7.4.1.21.2,Internal Plumbing Works,Tower 2,,MEP,Tower MEP,Plumbing,,80346681.0,2026-09-26,2026-10-01,,,,,0
1.1.7.4.1.21.3,Waterproofing Works,Tower 2,,Finishing,Tower Civil Finishes,Waterproofing,,27810000.0,2026-09-28,2026-10-05,,,,,0
1.1.7.4.1.21.4,PCC,Tower 2,,Civil Works- RCC,RCC,Concreting,,0.0,2026-10-05,2026-10-09,,,,,0
1.1.7.4.1.21.5,Electrical Wiring works,Tower 2,,MEP,Tower MEP,Electrical,,76079293.0,2026-09-28,2026-10-05,,,,,0
1.1.7.4.1.21.6,Internal Plaster Works,Tower 2,,Finishing,Tower Civil Finishes,Int Plaster,,87796250.0,2026-10-05,2026-10-10,,,,,0
1.1.7.4.1.21.7,Toilet Dado Works,Tower 2,,Finishing,Tower Finishing,Flooring,,44055000.0,2026-10-10,2026-10-15,,,,,0
1.1.7.4.1.21.8,Toilet Flooring Works,Tower 2,,Finishing,Tower Finishing,Flooring,,43645000.0,2026-10-15,2026-10-20,,,,,0
1.1.7.4.1.21.9,Living Dining Flooring,Tower 2,,Finishing,Tower Finishing,Flooring,,88595000.0,2026-10-20,2026-10-25,,,,,0
1.1.7.4.1.21.10,Temporary Door Fixing,Tower 2,,Finishing,Tower Finishing,Door,,0.0,2026-09-26,2026-10-05,,,,,0
1.1.7.4.1.21.11,Aluminium Door Widnow Fixing,Tower 2,,Finishing,Tower Finishing,Door,,99456652.0,2026-10-25,2026-12-24,,,,,0
1.1.7.4.1.21.12,Rehung Door Fixing,Tower 2,,Finishing,Tower Finishing,Door,,0.0,2026-12-24,2027-01-01,,,,,0
1.1.7.4.1.21.13,Putty Primer coat,Tower 2,,Finishing,Tower Finishing,Paint,,0.0,2027-01-01,2027-01-07,,,,,0
1.1.7.4.1.21.14,Painting First Coat,Tower 2,,Finishing,Tower Finishing,Paint,,27525000.0,2027-01-07,2027-01-19,,,,,0
1.1.7.4.1.21.15,False ceiling works,Tower 2,,Finishing,Tower Finishing,False Ceiling,,25740000.0,2027-02-09,2027-02-18,,,,,0
1.1.7.4.1.22,Twentyone Floor ,,,,,,,,2026-10-06,2027-02-28,,,,,
1.1.7.4.1.22.1,Blockwork,Tower 2,,Finishing,Tower Civil Finishes,Blockwork,,26731305.0,2026-10-06,2026-10-12,,,,,0
1.1.7.4.1.22.2,Internal Plumbing Works,Tower 2,,MEP,Tower MEP,Plumbing,,80346681.0,2026-10-10,2026-10-14,,,,,0
1.1.7.4.1.22.3,Waterproofing Works,Tower 2,,Finishing,Tower Civil Finishes,Waterproofing,,27810000.0,2026-10-12,2026-10-16,,,,,0
1.1.7.4.1.22.4,PCC,Tower 2,,Civil Works- RCC,RCC,Concreting,,0.0,2026-10-19,2026-10-22,,,,,0
1.1.7.4.1.22.5,Electrical Wiring works,Tower 2,,MEP,Tower MEP,Electrical,,76079293.0,2026-10-12,2026-10-18,,,,,0
1.1.7.4.1.22.6,Internal Plaster Works,Tower 2,,Finishing,Tower Civil Finishes,Int Plaster,,87796250.0,2026-10-19,2026-10-23,,,,,0
1.1.7.4.1.22.7,Toilet Dado Works,Tower 2,,Finishing,Tower Finishing,Flooring,,44055000.0,2026-10-24,2026-10-28,,,,,0
1.1.7.4.1.22.8,Toilet Flooring Works,Tower 2,,Finishing,Tower Finishing,Flooring,,43645000.0,2026-10-27,2026-10-30,,,,,0
1.1.7.4.1.22.9,Living Dining Flooring,Tower 2,,Finishing,Tower Finishing,Flooring,,88595000.0,2026-10-31,2026-12-24,,,,,0
1.1.7.4.1.22.10,Temporary Door Fixing,Tower 2,,Finishing,Tower Finishing,Door,,0.0,2026-10-13,2026-10-21,,,,,0
1.1.7.4.1.22.11,Aluminium Door Widnow Fixing,Tower 2,,Finishing,Tower Finishing,Door,,99456652.0,2026-12-25,2027-01-08,,,,,0
1.1.7.4.1.22.12,Rehung Door Fixing,Tower 2,,Finishing,Tower Finishing,Door,,0.0,2027-01-09,2027-01-16,,,,,0
1.1.7.4.1.22.13,Putty Primer coat,Tower 2,,Finishing,Tower Finishing,Paint,,0.0,2027-01-17,2027-01-22,,,,,0
1.1.7.4.1.22.14,Painting First Coat,Tower 2,,Finishing,Tower Finishing,Paint,,27525000.0,2027-01-23,2027-02-03,,,,,0
1.1.7.4.1.22.15,False ceiling works,Tower 2,,Finishing,Tower Finishing,False Ceiling,,25740000.0,2027-02-19,2027-02-28,,,,,0
1.1.7.4.1.23,Twenty two  Floor ,,,,,,,,2026-10-13,2027-03-10,,,,,
1.1.7.4.1.23.1,Blockwork,Tower 2,,Finishing,Tower Civil Finishes,Blockwork,,26731305.0,2026-10-13,2026-10-19,,,,,0
1.1.7.4.1.23.2,Internal Plumbing Works,Tower 2,,MEP,Tower MEP,Plumbing,,80346681.0,2026-10-20,2026-10-24,,,,,0
1.1.7.4.1.23.3,Waterproofing Works,Tower 2,,Finishing,Tower Civil Finishes,Waterproofing,,27810000.0,2026-10-22,2026-10-28,,,,,0
1.1.7.4.1.23.4,PCC,Tower 2,,Civil Works- RCC,RCC,Concreting,,0.0,2026-10-29,2026-12-16,,,,,0
1.1.7.4.1.23.5,Electrical Wiring works,Tower 2,,MEP,Tower MEP,Electrical,,76079293.0,2026-10-22,2026-10-28,,,,,0
1.1.7.4.1.23.6,Internal Plaster Works,Tower 2,,Finishing,Tower Civil Finishes,Int Plaster,,87796250.0,2026-10-29,2026-12-17,,,,,0
1.1.7.4.1.23.7,Toilet Dado Works,Tower 2,,Finishing,Tower Finishing,Flooring,,44055000.0,2026-12-18,2026-12-24,,,,,0
1.1.7.4.1.23.8,Toilet Flooring Works,Tower 2,,Finishing,Tower Finishing,Flooring,,43645000.0,2026-12-25,2026-12-29,,,,,0
1.1.7.4.1.23.9,Living Dining Flooring,Tower 2,,Finishing,Tower Finishing,Flooring,,88595000.0,2026-12-30,2027-01-08,,,,,0
1.1.7.4.1.23.10,Temporary Door Fixing,Tower 2,,Finishing,Tower Finishing,Door,,0.0,2026-10-20,2026-10-28,,,,,0
1.1.7.4.1.23.11,Aluminium Door Widnow Fixing,Tower 2,,Finishing,Tower Finishing,Door,,99456652.0,2027-01-09,2027-01-23,,,,,0
1.1.7.4.1.23.12,Rehung Door Fixing,Tower 2,,Finishing,Tower Finishing,Door,,0.0,2027-01-24,2027-01-31,,,,,0
1.1.7.4.1.23.13,Putty Primer coat,Tower 2,,Finishing,Tower Finishing,Paint,,0.0,2027-02-01,2027-02-06,,,,,0
1.1.7.4.1.23.14,Painting First Coat,Tower 2,,Finishing,Tower Finishing,Paint,,27525000.0,2027-02-07,2027-02-18,,,,,0
1.1.7.4.1.23.15,False ceiling works,Tower 2,,Finishing,Tower Finishing,False Ceiling,,25740000.0,2027-03-01,2027-03-10,,,,,0
1.1.7.4.1.24,Twenty Three Floor ,,,,,,,,2026-10-23,2027-03-20,,,,,
1.1.7.4.1.24.1,Blockwork,Tower 2,,Finishing,Tower Civil Finishes,Blockwork,,26731305.0,2026-10-23,2026-10-30,,,,,0
1.1.7.4.1.24.2,Internal Plumbing Works,Tower 2,,MEP,Tower MEP,Plumbing,,80346681.0,2026-10-27,2026-12-16,,,,,0
1.1.7.4.1.24.3,Waterproofing Works,Tower 2,,Finishing,Tower Civil Finishes,Waterproofing,,27810000.0,2026-10-29,2026-12-20,,,,,0
1.1.7.4.1.24.4,PCC,Tower 2,,Civil Works- RCC,RCC,Concreting,,0.0,2026-12-20,2026-12-24,,,,,0
1.1.7.4.1.24.5,Electrical Wiring works,Tower 2,,MEP,Tower MEP,Electrical,,76079293.0,2026-10-29,2026-12-18,,,,,0
1.1.7.4.1.24.6,Internal Plaster Works,Tower 2,,Finishing,Tower Civil Finishes,Int Plaster,,87796250.0,2026-12-16,2026-12-21,,,,,0
1.1.7.4.1.24.7,Toilet Dado Works,Tower 2,,Finishing,Tower Finishing,Flooring,,44055000.0,2026-12-21,2026-12-28,,,,,0
1.1.7.4.1.24.8,Toilet Flooring Works,Tower 2,,Finishing,Tower Finishing,Flooring,,43645000.0,2026-12-28,2027-01-02,,,,,0
1.1.7.4.1.24.9,Living Dining Flooring,Tower 2,,Finishing,Tower Finishing,Flooring,,88595000.0,2027-01-02,2027-01-12,,,,,0
1.1.7.4.1.24.10,Temporary Door Fixing,Tower 2,,Finishing,Tower Finishing,Door,,0.0,2026-10-30,2026-12-23,,,,,0
1.1.7.4.1.24.11,Aluminium Door Widnow Fixing,Tower 2,,Finishing,Tower Finishing,Door,,99456652.0,2027-01-12,2027-01-27,,,,,0
1.1.7.4.1.24.12,Rehung Door Fixing,Tower 2,,Finishing,Tower Finishing,Door,,0.0,2027-01-27,2027-02-04,,,,,0
1.1.7.4.1.24.13,Putty Primer coat,Tower 2,,Finishing,Tower Finishing,Paint,,0.0,2027-02-04,2027-02-10,,,,,0
1.1.7.4.1.24.14,Painting First Coat,Tower 2,,Finishing,Tower Finishing,Paint,,27525000.0,2027-02-10,2027-02-22,,,,,0
1.1.7.4.1.24.15,False ceiling works,Tower 2,,Finishing,Tower Finishing,False Ceiling,,25740000.0,2027-03-11,2027-03-20,,,,,0
1.1.7.4.1.25,Twenty Four Floor ,,,,,,,,2026-12-20,2027-03-30,,,,,
1.1.7.4.1.25.1,Blockwork,Tower 2,,Finishing,Tower Civil Finishes,Blockwork,,26731305.0,2026-12-20,2026-12-26,,,,,0
1.1.7.4.1.25.2,Internal Plumbing Works,Tower 2,,MEP,Tower MEP,Plumbing,,80346681.0,2026-12-26,2026-12-31,,,,,0
1.1.7.4.1.25.3,Waterproofing Works,Tower 2,,Finishing,Tower Civil Finishes,Waterproofing,,27810000.0,2026-12-28,2027-01-02,,,,,0
1.1.7.4.1.25.4,PCC,Tower 2,,Civil Works- RCC,RCC,Concreting,,0.0,2027-01-02,2027-01-06,,,,,0
1.1.7.4.1.25.5,Electrical Wiring works,Tower 2,,MEP,Tower MEP,Electrical,,76079293.0,2026-12-28,2027-01-02,,,,,0
1.1.7.4.1.25.6,Internal Plaster Works,Tower 2,,Finishing,Tower Civil Finishes,Int Plaster,,87796250.0,2027-01-02,2027-01-06,,,,,0
1.1.7.4.1.25.7,Toilet Dado Works,Tower 2,,Finishing,Tower Finishing,Flooring,,44055000.0,2027-01-06,2027-01-13,,,,,0
1.1.7.4.1.25.8,Toilet Flooring Works,Tower 2,,Finishing,Tower Finishing,Flooring,,43645000.0,2027-01-13,2027-01-18,,,,,0
1.1.7.4.1.25.9,Living Dining Flooring,Tower 2,,Finishing,Tower Finishing,Flooring,,88595000.0,2027-01-18,2027-01-28,,,,,0
1.1.7.4.1.25.10,Temporary Door Fixing,Tower 2,,Finishing,Tower Finishing,Door,,0.0,2026-12-26,2027-01-04,,,,,0
1.1.7.4.1.25.11,Aluminium Door Widnow Fixing,Tower 2,,Finishing,Tower Finishing,Door,,99456652.0,2027-01-28,2027-02-12,,,,,0
1.1.7.4.1.25.12,Rehung Door Fixing,Tower 2,,Finishing,Tower Finishing,Door,,0.0,2027-02-12,2027-02-20,,,,,0
1.1.7.4.1.25.13,Putty Primer coat,Tower 2,,Finishing,Tower Finishing,Paint,,0.0,2027-02-20,2027-02-26,,,,,0
1.1.7.4.1.25.14,Painting First Coat,Tower 2,,Finishing,Tower Finishing,Paint,,27525000.0,2027-02-26,2027-03-10,,,,,0
1.1.7.4.1.25.15,False ceiling works,Tower 2,,Finishing,Tower Finishing,False Ceiling,,25740000.0,2027-03-21,2027-03-30,,,,,0
1.1.7.4.1.26,Twenty Five Floors,,,,,,,,2027-01-07,2027-05-02,,,,,
1.1.7.4.1.26.1,Blockwork,Tower 2,,Finishing,Tower Civil Finishes,Blockwork,,26731305.0,2027-01-07,2027-01-11,,,,,0
1.1.7.4.1.26.2,Internal Plumbing Works,Tower 2,,MEP,Tower MEP,Plumbing,,80346681.0,2027-01-12,2027-01-17,,,,,0
1.1.7.4.1.26.3,Waterproofing Works,Tower 2,,Finishing,Tower Civil Finishes,Waterproofing,,27810000.0,2027-01-14,2027-01-23,,,,,0
1.1.7.4.1.26.4,PCC,Tower 2,,Civil Works- RCC,RCC,Concreting,,0.0,2027-01-26,2027-02-02,,,,,0
1.1.7.4.1.26.5,Electrical Wiring works,Tower 2,,MEP,Tower MEP,Electrical,,76079293.4083927,2027-01-14,2027-01-25,,,,,0
1.1.7.4.1.26.6,Internal Plaster Works,Tower 2,,Finishing,Tower Civil Finishes,Int Plaster,,87796250.0,2027-01-26,2027-02-03,,,,,0
1.1.7.4.1.26.7,Toilet Dado Works,Tower 2,,Finishing,Tower Finishing,Flooring,,44055000.0,2027-02-04,2027-02-15,,,,,0
1.1.7.4.1.26.8,Toilet Flooring Works,Tower 2,,Finishing,Tower Finishing,Flooring,,43645000.0,2027-02-16,2027-02-25,,,,,0
1.1.7.4.1.26.9,Living Dining Flooring,Tower 2,,Finishing,Tower Finishing,Flooring,,88595000.0,2027-02-26,2027-03-12,,,,,0
1.1.7.4.1.26.10,Temporary Door Fixing,Tower 2,,Finishing,Tower Finishing,Door,,0.0,2027-01-12,2027-01-20,,,,,0
1.1.7.4.1.26.11,Aluminium Door Widnow Fixing,Tower 2,,Finishing,Tower Finishing,Door,,99456652.0,2027-03-13,2027-03-27,,,,,0
1.1.7.4.1.26.12,Rehung Door Fixing,Tower 2,,Finishing,Tower Finishing,Door,,0.0,2027-03-28,2027-04-04,,,,,0
1.1.7.4.1.26.13,Putty Primer coat,Tower 2,,Finishing,Tower Finishing,Paint,,0.0,2027-04-05,2027-04-10,,,,,0
1.1.7.4.1.26.14,Painting First Coat,Tower 2,,Finishing,Tower Finishing,Paint,,27525000.0,2027-04-11,2027-04-22,,,,,0
1.1.7.4.1.26.15,False ceiling works,Tower 2,,Finishing,Tower Finishing,False Ceiling,,25740000.0,2027-04-23,2027-05-02,,,,,0
1.1.7.4.1.27,Twenty Six Floor ,,,,,,,,2027-01-19,2027-05-17,,,,,
1.1.7.4.1.27.1,Blockwork,Tower 2,,Finishing,Tower Civil Finishes,Blockwork,,26731305.0,2027-01-19,2027-01-26,,,,,0
1.1.7.4.1.27.2,Internal Plumbing Works,Tower 2,,MEP,Tower MEP,Plumbing,,80346681.0,2027-01-27,2027-02-01,,,,,0
1.1.7.4.1.27.3,Waterproofing Works,Tower 2,,Finishing,Tower Civil Finishes,Waterproofing,,27810000.0,2027-01-29,2027-02-07,,,,,0
1.1.7.4.1.27.4,PCC,Tower 2,,Civil Works- RCC,RCC,Concreting,,0.0,2027-02-10,2027-02-17,,,,,0
1.1.7.4.1.27.5,Electrical Wiring works,Tower 2,,MEP,Tower MEP,Electrical,,76079293.4083927,2027-01-29,2027-02-09,,,,,0
1.1.7.4.1.27.6,Internal Plaster Works,Tower 2,,Finishing,Tower Civil Finishes,Int Plaster,,87796250.0,2027-02-10,2027-02-18,,,,,0
1.1.7.4.1.27.7,Toilet Dado Works,Tower 2,,Finishing,Tower Finishing,Flooring,,44055000.0,2027-02-19,2027-03-02,,,,,0
1.1.7.4.1.27.8,Toilet Flooring Works,Tower 2,,Finishing,Tower Finishing,Flooring,,43645000.0,2027-03-03,2027-03-12,,,,,0
1.1.7.4.1.27.9,Living Dining Flooring,Tower 2,,Finishing,Tower Finishing,Flooring,,88595000.0,2027-03-13,2027-03-27,,,,,0
1.1.7.4.1.27.10,Temporary Door Fixing,Tower 2,,Finishing,Tower Finishing,Door,,0.0,2027-01-27,2027-02-04,,,,,0
1.1.7.4.1.27.11,Aluminium Door Widnow Fixing,Tower 2,,Finishing,Tower Finishing,Door,,99456652.0,2027-03-28,2027-04-11,,,,,0
1.1.7.4.1.27.12,Rehung Door Fixing,Tower 2,,Finishing,Tower Finishing,Door,,0.0,2027-04-12,2027-04-19,,,,,0
1.1.7.4.1.27.13,Putty Primer coat,Tower 2,,Finishing,Tower Finishing,Paint,,0.0,2027-04-20,2027-04-25,,,,,0
1.1.7.4.1.27.14,Painting First Coat,Tower 2,,Finishing,Tower Finishing,Paint,,27525000.0,2027-04-26,2027-05-07,,,,,0
1.1.7.4.1.27.15,False ceiling works,Tower 2,,Finishing,Tower Finishing,False Ceiling,,25740000.0,2027-05-08,2027-05-17,,,,,0
1.1.7.4.1.28,Twenty Seven Floors,,,,,,,,2027-01-31,2027-05-29,,,,,
1.1.7.4.1.28.1,Blockwork,Tower 2,,Finishing,Tower Civil Finishes,Blockwork,,26731305.0,2027-01-31,2027-02-07,,,,,0
1.1.7.4.1.28.2,Internal Plumbing Works,Tower 2,,MEP,Tower MEP,Plumbing,,80346681.0,2027-02-08,2027-02-13,,,,,0
1.1.7.4.1.28.3,Waterproofing Works,Tower 2,,Finishing,Tower Civil Finishes,Waterproofing,,27810000.0,2027-02-10,2027-02-19,,,,,0
1.1.7.4.1.28.4,PCC,Tower 2,,Civil Works- RCC,RCC,Concreting,,0.0,2027-02-22,2027-03-01,,,,,0
1.1.7.4.1.28.5,Electrical Wiring works,Tower 2,,MEP,Tower MEP,Electrical,,76079293.4083927,2027-02-10,2027-02-21,,,,,0
1.1.7.4.1.28.6,Internal Plaster Works,Tower 2,,Finishing,Tower Civil Finishes,Int Plaster,,87796250.0,2027-02-22,2027-03-02,,,,,0
1.1.7.4.1.28.7,Toilet Dado Works,Tower 2,,Finishing,Tower Finishing,Flooring,,44055000.0,2027-03-03,2027-03-14,,,,,0
1.1.7.4.1.28.8,Toilet Flooring Works,Tower 2,,Finishing,Tower Finishing,Flooring,,43645000.0,2027-03-15,2027-03-24,,,,,0
1.1.7.4.1.28.9,Living Dining Flooring,Tower 2,,Finishing,Tower Finishing,Flooring,,88595000.0,2027-03-25,2027-04-08,,,,,0
1.1.7.4.1.28.10,Temporary Door Fixing,Tower 2,,Finishing,Tower Finishing,Door,,0.0,2027-02-08,2027-02-16,,,,,0
1.1.7.4.1.28.11,Aluminium Door Widnow Fixing,Tower 2,,Finishing,Tower Finishing,Door,,99456652.0,2027-04-09,2027-04-23,,,,,0
1.1.7.4.1.28.12,Rehung Door Fixing,Tower 2,,Finishing,Tower Finishing,Door,,0.0,2027-04-24,2027-05-01,,,,,0
1.1.7.4.1.28.13,Putty Primer coat,Tower 2,,Finishing,Tower Finishing,Paint,,0.0,2027-05-02,2027-05-07,,,,,0
1.1.7.4.1.28.14,Painting First Coat,Tower 2,,Finishing,Tower Finishing,Paint,,27525000.0,2027-05-08,2027-05-19,,,,,0
1.1.7.4.1.28.15,False ceiling works,Tower 2,,Finishing,Tower Finishing,False Ceiling,,25740000.0,2027-05-20,2027-05-29,,,,,0
1.1.7.4.1.29,Twenty Eight Floor ,,,,,,,,2027-02-12,2027-06-12,,,,,
1.1.7.4.1.29.1,Blockwork,Tower 2,,Finishing,Tower Civil Finishes,Blockwork,,26731305.0,2027-02-12,2027-02-19,,,,,0
1.1.7.4.1.29.2,Internal Plumbing Works,Tower 2,,MEP,Tower MEP,Plumbing,,80346681.0,2027-02-20,2027-02-25,,,,,0
1.1.7.4.1.29.3,Waterproofing Works,Tower 2,,Finishing,Tower Civil Finishes,Waterproofing,,27810000.0,2027-02-22,2027-03-03,,,,,0
1.1.7.4.1.29.4,PCC,Tower 2,,Civil Works- RCC,RCC,Concreting,,0.0,2027-03-06,2027-03-13,,,,,0
1.1.7.4.1.29.5,Electrical Wiring works,Tower 2,,MEP,Tower MEP,Electrical,,76079293.0,2027-02-22,2027-03-05,,,,,0
1.1.7.4.1.29.6,Internal Plaster Works,Tower 2,,Finishing,Tower Civil Finishes,Int Plaster,,87796250.0,2027-03-06,2027-03-16,,,,,0
1.1.7.4.1.29.7,Toilet Dado Works,Tower 2,,Finishing,Tower Finishing,Flooring,,44055000.0,2027-03-17,2027-03-28,,,,,0
1.1.7.4.1.29.8,Toilet Flooring Works,Tower 2,,Finishing,Tower Finishing,Flooring,,43645000.0,2027-03-29,2027-04-07,,,,,0
1.1.7.4.1.29.9,Living Dining Flooring,Tower 2,,Finishing,Tower Finishing,Flooring,,88595000.0,2027-04-08,2027-04-22,,,,,0
1.1.7.4.1.29.10,Temporary Door Fixing,Tower 2,,Finishing,Tower Finishing,Door,,0.0,2027-02-20,2027-02-28,,,,,0
1.1.7.4.1.29.11,Aluminium Door Widnow Fixing,Tower 2,,Finishing,Tower Finishing,Door,,99456652.0,2027-04-23,2027-05-07,,,,,0
1.1.7.4.1.29.12,Rehung Door Fixing,Tower 2,,Finishing,Tower Finishing,Door,,54925000.0,2027-05-08,2027-05-15,,,,,0
1.1.7.4.1.29.13,Putty Primer coat,Tower 2,,Finishing,Tower Finishing,Paint,,0.0,2027-05-16,2027-05-21,,,,,0
1.1.7.4.1.29.14,Painting First Coat,Tower 2,,Finishing,Tower Finishing,Paint,,27525000.0,2027-05-22,2027-06-02,,,,,0
1.1.7.4.1.29.15,False ceiling works,Tower 2,,Finishing,Tower Finishing,False Ceiling,,25740000.0,2027-06-03,2027-06-12,,,,,0
1.1.7.4.1.30,Twenty Nine Floors,,,,,,,,2027-02-24,2027-06-24,,,,,
1.1.7.4.1.30.1,Blockwork,Tower 2,,Finishing,Tower Civil Finishes,Blockwork,,26731305.0,2027-02-24,2027-03-03,,,,,0
1.1.7.4.1.30.2,Internal Plumbing Works,Tower 2,,MEP,Tower MEP,Plumbing,,80346681.0,2027-03-04,2027-03-09,,,,,0
1.1.7.4.1.30.3,Waterproofing Works,Tower 2,,Finishing,Tower Civil Finishes,Waterproofing,,27810000.0,2027-03-06,2027-03-15,,,,,0
1.1.7.4.1.30.4,PCC,Tower 2,,Civil Works- RCC,RCC,Concreting,,0.0,2027-03-18,2027-03-25,,,,,0
1.1.7.4.1.30.5,Electrical Wiring works,Tower 2,,MEP,Tower MEP,Electrical,,76079293.4083927,2027-03-06,2027-03-17,,,,,0
1.1.7.4.1.30.6,Internal Plaster Works,Tower 2,,Finishing,Tower Civil Finishes,Int Plaster,,87796250.0,2027-03-18,2027-03-28,,,,,0
1.1.7.4.1.30.7,Toilet Dado Works,Tower 2,,Finishing,Tower Finishing,Flooring,,44055000.0,2027-03-29,2027-04-09,,,,,0
1.1.7.4.1.30.8,Toilet Flooring Works,Tower 2,,Finishing,Tower Finishing,Flooring,,43645000.0,2027-04-10,2027-04-19,,,,,0
1.1.7.4.1.30.9,Living Dining Flooring,Tower 2,,Finishing,Tower Finishing,Flooring,,88595000.0,2027-04-20,2027-05-04,,,,,0
1.1.7.4.1.30.10,Temporary Door Fixing,Tower 2,,Finishing,Tower Finishing,Door,,0.0,2027-03-04,2027-03-12,,,,,0
1.1.7.4.1.30.11,Aluminium Door Widnow Fixing,Tower 2,,Finishing,Tower Finishing,Door,,99456652.0,2027-05-05,2027-05-19,,,,,0
1.1.7.4.1.30.12,Rehung Door Fixing,Tower 2,,Finishing,Tower Finishing,Door,,0.0,2027-05-20,2027-05-27,,,,,0
1.1.7.4.1.30.13,Putty Primer coat,Tower 2,,Finishing,Tower Finishing,Paint,,0.0,2027-05-28,2027-06-02,,,,,0
1.1.7.4.1.30.14,Painting First Coat,Tower 2,,Finishing,Tower Finishing,Paint,,27525000.0,2027-06-03,2027-06-14,,,,,0
1.1.7.4.1.30.15,False ceiling works,Tower 2,,Finishing,Tower Finishing,False Ceiling,,25740000.0,2027-06-15,2027-06-24,,,,,0
1.1.7.4.1.31,Thirty Floors,,,,,,,,2027-02-24,2027-07-06,,,,,
1.1.7.4.1.31.1,Blockwork,Tower 2,,Finishing,Tower Civil Finishes,Blockwork,,26731305.0,2027-02-24,2027-03-01,,,,,0
1.1.7.4.1.31.2,Internal Plumbing Works,Tower 2,,MEP,Tower MEP,Plumbing,,80346681.0,2027-03-01,2027-03-07,,,,,0
1.1.7.4.1.31.3,Waterproofing Works,Tower 2,,Finishing,Tower Civil Finishes,Waterproofing,,27810000.0,2027-03-03,2027-03-13,,,,,0
1.1.7.4.1.31.4,PCC,Tower 2,,Civil Works- RCC,RCC,Concreting,,0.0,2027-03-15,2027-03-23,,,,,0
1.1.7.4.1.31.5,Electrical Wiring works,Tower 2,,MEP,Tower MEP,Electrical,,76079293.0,2027-03-03,2027-03-15,,,,,0
1.1.7.4.1.31.6,Internal Plaster Works,Tower 2,,Finishing,Tower Civil Finishes,Int Plaster,,87796250.0,2027-03-15,2027-03-27,,,,,0
1.1.7.4.1.31.7,Toilet Dado Works,Tower 2,,Finishing,Tower Finishing,Flooring,,44055000.0,2027-03-27,2027-04-16,,,,,0
1.1.7.4.1.31.8,Toilet Flooring Works,Tower 2,,Finishing,Tower Finishing,Flooring,,43645000.0,2027-04-16,2027-05-01,,,,,0
1.1.7.4.1.31.9,Living Dining Flooring,Tower 2,,Finishing,Tower Finishing,Flooring,,88595000.0,2027-05-01,2027-05-16,,,,,0
1.1.7.4.1.31.10,Temporary Door Fixing,Tower 2,,Finishing,Tower Finishing,Door,,0.0,2027-03-01,2027-03-10,,,,,0
1.1.7.4.1.31.11,Aluminium Door Widnow Fixing,Tower 2,,Finishing,Tower Finishing,Door,,99456652.0,2027-05-16,2027-05-31,,,,,0
1.1.7.4.1.31.12,Rehung Door Fixing,Tower 2,,Finishing,Tower Finishing,Door,,0.0,2027-05-31,2027-06-08,,,,,0
1.1.7.4.1.31.13,Putty Primer coat,Tower 2,,Finishing,Tower Finishing,Paint,,0.0,2027-06-08,2027-06-14,,,,,0
1.1.7.4.1.31.14,Painting First Coat,Tower 2,,Finishing,Tower Finishing,Paint,,27525000.0,2027-06-14,2027-06-26,,,,,0
1.1.7.4.1.31.15,False ceiling works,Tower 2,,Finishing,Tower Finishing,False Ceiling,,25740000.0,2027-06-26,2027-07-06,,,,,0
1.1.7.4.1.32,Thirty one Floor ,,,,,,,,2027-03-01,2027-08-20,,,,,
1.1.7.4.1.32.1,Blockwork,Tower 2,,Finishing,Tower Civil Finishes,Blockwork,,26731305.0,2027-03-01,2027-03-13,,,,,0
1.1.7.4.1.32.2,Internal Plumbing Works,Tower 2,,MEP,Tower MEP,Plumbing,,146911885.384723,2027-03-13,2027-03-23,,,,,0
1.1.7.4.1.32.3,Waterproofing Works,Tower 2,,Finishing,Tower Civil Finishes,Waterproofing,,27810000.0,2027-03-15,2027-04-04,,,,,0
1.1.7.4.1.32.4,PCC,Tower 2,,Civil Works- RCC,RCC,Concreting,,0.0,2027-04-19,2027-04-27,,,,,0
1.1.7.4.1.32.5,Electrical Wiring works,Tower 2,,MEP,Tower MEP,Electrical,,76079293.0,2027-04-04,2027-04-19,,,,,0
1.1.7.4.1.32.6,Internal Plaster Works,Tower 2,,Finishing,Tower Civil Finishes,Int Plaster,,87796250.0,2027-04-19,2027-04-26,,,,,0
1.1.7.4.1.32.7,Toilet Dado Works,Tower 2,,Finishing,Tower Finishing,Flooring,,44055000.0,2027-04-26,2027-05-16,,,,,0
1.1.7.4.1.32.8,Toilet Flooring Works,Tower 2,,Finishing,Tower Finishing,Flooring,,43645000.0,2027-05-16,2027-06-20,,,,,0
1.1.7.4.1.32.9,Living Dining Flooring,Tower 2,,Finishing,Tower Finishing,Flooring,,88595000.0,2027-06-20,2027-06-30,,,,,0
1.1.7.4.1.32.10,Temporary Door Fixing,Tower 2,,Finishing,Tower Finishing,Door,,0.0,2027-03-13,2027-03-22,,,,,0
1.1.7.4.1.32.11,Aluminium Door Widnow Fixing,Tower 2,,Finishing,Tower Finishing,Door,,99456652.0,2027-06-30,2027-07-15,,,,,0
1.1.7.4.1.32.12,Rehung Door Fixing,Tower 2,,Finishing,Tower Finishing,Door,,0.0,2027-07-15,2027-07-23,,,,,0
1.1.7.4.1.32.13,Putty Primer coat,Tower 2,,Finishing,Tower Finishing,Paint,,0.0,2027-07-23,2027-07-29,,,,,0
1.1.7.4.1.32.14,Painting First Coat,Tower 2,,Finishing,Tower Finishing,Paint,,27525000.0,2027-07-29,2027-08-10,,,,,0
1.1.7.4.1.32.15,False ceiling works,Tower 2,,Finishing,Tower Finishing,False Ceiling,,25740000.0,2027-08-10,2027-08-20,,,,,0
1.1.7.4.2,Terrace Finishing,,,,,,,,2027-01-11,2027-03-31,,,,,
1.1.7.4.2.1,Terrace Waterproofing,Tower 2,Terrace,Finishing,Tower Civil Finishes,Waterproofing,,302260000.0,2027-01-11,2027-02-19,,,,,0
1.1.7.4.2.2,Terrace Finishing,Tower 2,Terrace,Finishing,Common area finishes,CA-Flooring,,0.0,2027-02-20,2027-03-31,,,,,0
1.1.7.4.3,Common Area Finishing,,,,,,,,2027-01-11,2027-10-25,,,,,
1.1.7.4.3.1,Blockwork,Tower 2,,Finishing,Common area finishes,CA-Blockwork,,100.0,2027-01-11,2027-02-14,,,,,0
1.1.7.4.3.2,Internal Plaster,Tower 2,,Finishing,Common area finishes,CA-Int Plaster,,100.0,2027-01-31,2027-05-30,,,,,0
1.1.7.4.3.3,Staircase railing fixing,Tower 2,,Finishing,Common area finishes,CA-Railing,,100.0,2027-02-20,2027-07-19,,,,,0
1.1.7.4.3.4,Main Staircase flooring,Tower 2,,Finishing,Common area finishes,CA-Flooring,,100.0,2027-05-01,2027-09-27,,,,,0
1.1.7.4.3.5,Fire Staircase railing,Tower 2,,Finishing,Common area finishes,CA-Railing,,100.0,2027-05-29,2027-10-25,,,,,0
1.1.7.4.3.6,Fire Door Work,Tower 2,,Finishing,Common area finishes,CA-Door,,404352000.0,2027-05-31,2027-07-29,,,,,0
1.1.7.4.3.7,Electrical wiring work,Tower 2,,MEP,Common area-MEP,CA-Electrical,,100.0,2027-01-31,2027-05-30,,,,,0
1.1.7.4.3.8,Lobby Flooring,Tower 2,,Finishing,Common area finishes,CA-Flooring,,100.0,2027-03-02,2027-07-19,,,,,0
1.1.7.4.3.9,Ceiling & wall putty-primer,Tower 2,,Finishing,Common area finishes,CA-Paint,,100.0,2027-03-02,2027-06-19,,,,,0
1.1.7.4.3.10,Ceiling and wall painting,Tower 2,,Finishing,Common area finishes,CA-Paint,,100.0,2027-03-12,2027-06-19,,,,,0
1.1.7.4.3.11,Light fixture supply & installation,Tower 2,,MEP,Common area-MEP,CA-Electrical,,100.0,2027-05-11,2027-06-24,,,,,0
1.1.7.4.4,Glass Railing Fixing,,,,,,,,2027-07-06,2027-09-03,,,,,
1.1.7.4.4.1,2nd Floor,Tower 2,2nd Floor,Finishing,Tower Civil Finishes,Railing,,100.0,2027-07-06,2027-07-07,,,,,0
1.1.7.4.4.2,3rd Floor,Tower 2,3rd Floor,Finishing,Tower Civil Finishes,Railing,,100.0,2027-07-08,2027-07-09,,,,,0
1.1.7.4.4.3,4th Floor,Tower 2,4th Floor,Finishing,Tower Civil Finishes,Railing,,100.0,2027-07-10,2027-07-11,,,,,0
1.1.7.4.4.4,5th Floor,Tower 2,5th Floor,Finishing,Tower Civil Finishes,Railing,,100.0,2027-07-12,2027-07-13,,,,,0
1.1.7.4.4.5,6th Floor,Tower 2,6th Floor,Finishing,Tower Civil Finishes,Railing,,100.0,2027-07-14,2027-07-15,,,,,0
1.1.7.4.4.6,7th Floor,Tower 2,7th Floor,Finishing,Tower Civil Finishes,Railing,,100.0,2027-07-16,2027-07-17,,,,,0
1.1.7.4.4.7,8th Floor,Tower 2,8th Floor,Finishing,Tower Civil Finishes,Railing,,100.0,2027-07-18,2027-07-19,,,,,0
1.1.7.4.4.8,9th Floor,Tower 2,9th Floor,Finishing,Tower Civil Finishes,Railing,,100.0,2027-07-20,2027-07-21,,,,,0
1.1.7.4.4.9,10th Floor,Tower 2,10th Floor,Finishing,Tower Civil Finishes,Railing,,100.0,2027-07-22,2027-07-23,,,,,0
1.1.7.4.4.10,11th Floor,Tower 2,11th Floor,Finishing,Tower Civil Finishes,Railing,,100.0,2027-07-24,2027-07-25,,,,,0
1.1.7.4.4.11,12th Floor,Tower 2,12th Floor,Finishing,Tower Civil Finishes,Railing,,100.0,2027-07-26,2027-07-27,,,,,0
1.1.7.4.4.12,13th Floor,Tower 2,13th Floor,Finishing,Tower Civil Finishes,Railing,,100.0,2027-07-28,2027-07-29,,,,,0
1.1.7.4.4.13,14th Floor,Tower 2,14th Floor,Finishing,Tower Civil Finishes,Railing,,100.0,2027-07-30,2027-07-31,,,,,0
1.1.7.4.4.14,15th Floor,Tower 2,15th Floor,Finishing,Tower Civil Finishes,Railing,,100.0,2027-08-01,2027-08-02,,,,,0
1.1.7.4.4.15,16th Floor,Tower 2,16th Floor,Finishing,Tower Civil Finishes,Railing,,100.0,2027-08-03,2027-08-04,,,,,0
1.1.7.4.4.16,17th Floor,Tower 2,17th Floor,Finishing,Tower Civil Finishes,Railing,,100.0,2027-08-05,2027-08-06,,,,,0
1.1.7.4.4.17,18th Floor,Tower 2,18th Floor,Finishing,Tower Civil Finishes,Railing,,100.0,2027-08-07,2027-08-08,,,,,0
1.1.7.4.4.18,19th Floor,Tower 2,19th Floor,Finishing,Tower Civil Finishes,Railing,,100.0,2027-08-09,2027-08-10,,,,,0
1.1.7.4.4.19,20th Floor,Tower 2,20th Floor,Finishing,Tower Civil Finishes,Railing,,100.0,2027-08-11,2027-08-12,,,,,0
1.1.7.4.4.20,21st Floor,Tower 2,21st Floor,Finishing,Tower Civil Finishes,Railing,,100.0,2027-08-13,2027-08-14,,,,,0
1.1.7.4.4.21,22nd Floor,Tower 2,22nd Floor,Finishing,Tower Civil Finishes,Railing,,100.0,2027-08-15,2027-08-16,,,,,0
1.1.7.4.4.22,23rd Floor,Tower 2,23rd Floor,Finishing,Tower Civil Finishes,Railing,,100.0,2027-08-17,2027-08-18,,,,,0
1.1.7.4.4.23,24th Floor,Tower 2,24th Floor,Finishing,Tower Civil Finishes,Railing,,100.0,2027-08-19,2027-08-20,,,,,0
1.1.7.4.4.24,25th Floor,Tower 2,25th Floor,Finishing,Tower Civil Finishes,Railing,,100.0,2027-08-21,2027-08-22,,,,,0
1.1.7.4.4.25,26th Floor,Tower 2,26th Floor,Finishing,Tower Civil Finishes,Railing,,100.0,2027-08-23,2027-08-24,,,,,0
1.1.7.4.4.26,27th Floor,Tower 2,27th Floor,Finishing,Tower Civil Finishes,Railing,,100.0,2027-08-25,2027-08-26,,,,,0
1.1.7.4.4.27,28th Floor,Tower 2,28th Floor,Finishing,Tower Civil Finishes,Railing,,100.0,2027-08-27,2027-08-28,,,,,0
1.1.7.4.4.28,29th Floor,Tower 2,29th Floor,Finishing,Tower Civil Finishes,Railing,,100.0,2027-08-29,2027-08-30,,,,,0
1.1.7.4.4.29,30th Floor,Tower 2,30th Floor,Finishing,Tower Civil Finishes,Railing,,100.0,2027-08-31,2027-09-01,,,,,0
1.1.7.4.4.30,31st Floor,Tower 2,31st Floor,Finishing,Tower Civil Finishes,Railing,,100.0,2027-09-02,2027-09-03,,,,,0
1.1.7.5,MEP,,,,,,,,2027-01-11,2028-04-18,,,,,
1.1.7.5.1,Electrical Works,,,,,,,,2027-01-11,2027-10-02,,,,,
1.1.7.5.1.1,Cable Tray,Tower 2,,MEP,Tower MEP,Electrical,,239843850.0,2027-01-11,2027-04-10,,,,,0
1.1.7.5.1.2,"Cable, main & sub main",Tower 2,,MEP,Tower MEP,Electrical,,1084245083.33333,2027-02-25,2027-05-15,,,,,0
1.1.7.5.1.3,LT panel & DB,Tower 2,,MEP,Tower MEP,Electrical,,1007439483.33333,2027-04-11,2027-08-08,,,,,0
1.1.7.5.1.4,Rising main,Tower 2,,MEP,Tower MEP,Plumbing,,178200000.0,2027-03-12,2027-06-09,,,,,0
1.1.7.5.1.5,EARTHING Works,Tower 2,,MEP,Tower MEP,Electrical,,179018733.333333,2027-01-26,2027-03-26,,,,,0
1.1.7.5.1.6,Advance lightening protection,Tower 2,,MEP,Tower MEP,Electrical,,100.0,2027-04-01,2027-05-30,,,,,0
1.1.7.5.1.7,Inverter,Tower 2,,MEP,Tower MEP,Electrical,,100.0,2027-07-15,2027-08-18,,,,,0
1.1.7.5.1.8,Energy meter,Tower 2,,MEP,Tower MEP,Electrical,,84000000.0,2027-05-16,2027-07-14,,,,,0
1.1.7.5.1.9,Exhast fan,Tower 2,,MEP,Tower MEP,Electrical,,80700000.0,2027-05-21,2027-07-20,,,,,0
1.1.7.5.1.10,FTTH,Tower 2,,MEP,Tower MEP,Electrical,,54000000.0,2027-03-17,2027-05-15,,,,,0
1.1.7.5.1.11,Security System - FA & PA,Tower 2,,MEP,Tower MEP,Electrical,,503715200.0,2027-08-09,2027-10-02,,,,,0
1.1.7.5.1.12,Solar water heater,Tower 2,,MEP,Tower MEP,Plumbing,,100.0,2027-04-01,2027-05-30,,,,,0
1.1.7.5.2,Plumbing Works,,,,,,,,2027-02-20,2027-09-17,,,,,
1.1.7.5.2.1,Terrace looping,Tower 2,Terrace,MEP,Tower MEP,Plumbing,,100.0,2027-02-20,2027-04-05,,,,,0
1.1.7.5.2.2,Shaft Plumbing,Tower 2,,MEP,Tower MEP,Plumbing,,100.0,2027-04-06,2027-08-03,,,,,0
1.1.7.5.2.3,CP sanitary fixture supply,Tower 2,,MEP,Tower MEP,CP Sanitary,,773500000.0,2027-04-26,2027-07-10,,,,,0
1.1.7.5.2.4,Cold & flushing water supply,Tower 2,,MEP,Tower MEP,Plumbing,,100.0,2027-05-31,2027-08-28,,,,,0
1.1.7.5.2.5,Misc work,Tower 2,,Finishing,Miscellaneous,Misc,,100.0,2027-08-19,2027-09-17,,,,,0
1.1.7.5.3,Fire Fighting Works,,,,,,,,2027-03-22,2027-10-25,,,,,
1.1.7.5.3.1,Fire hydrant work,Tower 2,,MEP,Tower MEP,Plumbing,,463708900.0,2027-04-01,2027-06-29,,,,,0
1.1.7.5.3.2,Sprinkler & piping work,Tower 2,,MEP,Tower MEP,Plumbing,,923155250.0,2027-07-28,2027-10-25,,,,,0
1.1.7.5.3.3,Shaft Downtake works,Tower 2,,MEP,Tower MEP,Plumbing,,100.0,2027-03-22,2027-06-19,,,,,0
1.1.7.5.3.4,Connection to pump room,Tower 2,,MEP,Tower MEP,Plumbing,,100.0,2027-06-20,2027-07-19,,,,,0
1.1.7.5.4,Lift Works,,,,,,,,2027-01-11,2027-05-30,,,,,
1.1.7.5.4.1,Lift Shaft Handover,Tower 2,,MEP,Common area-MEP,Lift,,100.0,2027-01-11,2027-02-19,,,,,0
1.1.7.5.4.2,Lift installation work,Tower 2,,MEP,Common area-MEP,Lift,,1428000000.0,2027-02-20,2027-04-05,,,,,0
1.1.7.5.4.3,Lift testing and commissioning,Tower 2,,MEP,Common area-MEP,Lift,,100.0,2027-04-06,2027-05-30,,,,,0
1.1.7.5.5,AC Works,,,,,,,,2028-01-10,2028-04-18,,,,,
1.1.7.5.5.1,Split AC,Tower 2,,MEP,Tower MEP,Electrical,,4794428727.8316,2028-01-10,2028-04-18,,,,,0
1.1.7.6,Tower Completion,,,,,,,,2027-01-07,2027-10-03,,,,,
1.1.7.6.1,SURFACE PREPARATION,Tower 2,,Finishing,Tower Finishing,Paint,,100.0,2027-01-07,2027-03-27,,,,,0
1.1.7.6.2,External Painting,Tower 2,,Finishing,Tower Finishing,Ext Paint,,773625000.0,2027-03-28,2027-07-05,,,,,0
1.1.7.6.3,Final coat of painting,Tower 2,,Finishing,Tower Finishing,Paint,,100.0,2027-07-06,2027-08-04,,,,,0
1.1.7.6.4,Misc. work,Tower 2,,Finishing,Miscellaneous,Misc,,2054043500.0,2027-08-05,2027-10-03,,,,,0
1.1.7.7,Basement Lobby,,,,,,,,2027-07-20,2027-09-17,,,,,
1.1.7.7.1,Basement Lobby,Tower 2,Basement,Finishing,Common area finishes,CA-Flooring,,600000000.0,2027-07-20,2027-09-17,,,,,0
1.1.7.8,Post OC Activities,,,,,,,,2027-05-31,2028-11-08,,,,,
1.1.7.8.1,Wardrobe installation,Tower 2,,,,NTA Finishing,,100.0,2028-01-10,2028-07-07,,,,,0
1.1.7.8.2,CP & SANITARYWARE,Tower 2,,MEP,Tower MEP,CP Sanitary,,230802300.0,2027-07-10,2027-12-22,,,,,0
1.1.7.8.3,Wooden Flooring,Tower 2,,Finishing,Tower Finishing,Flooring,,100.0,2028-01-10,2028-07-07,,,,,0
1.1.7.8.4,Electrical Fixtures And Fittings,Tower 2,,MEP,Tower MEP,Electrical,,150196680.0,2027-05-31,2027-09-27,,,,,0
1.1.7.8.5,Modular Kitchen,Tower 2,,,,NTA Finishing,,100.0,2028-01-10,2028-07-07,,,,,0
1.1.7.8.6,Final Coat Paint,Tower 2,,Finishing,Tower Finishing,Paint,,100.0,2027-06-25,2027-09-22,,,,,0
1.1.7.8.7,OC Application/Readiness,Tower 2,,Finishing,Miscellaneous,Misc,,100.0,2027-10-26,2027-10-26,,,,,0
1.1.7.8.8,OC Receipt,Tower 2,,Finishing,Miscellaneous,Misc,,100.0,2028-02-08,2028-02-08,,,,,0
1.1.7.8.9,Offer To Possession,Tower 2,,Finishing,Miscellaneous,Misc,,100.0,2028-10-10,2028-11-08,,,,,0
1.1.8,Tower 1,,,,,,,,2024-08-10,2029-01-02,,,,,
1.1.8.1,Substructure Works,,,,,,,,2024-08-10,2026-03-23,,,,,
1.1.8.1.1,RCC Works,,,,,,,,2024-08-10,2025-03-28,,,,,
1.1.8.1.1.1,Raft,,,,,,,,2024-08-10,2024-09-17,,,,,
1.1.8.1.1.1.1,Surface Dressing,Tower 1,,Civil Works- RCC,NTA RCC,NTA RCC,,0.0,2024-08-14,2024-08-15,2024-08-14,2024-08-15,,,100
1.1.8.1.1.1.2,Anti Termite Treatment,Tower 1,,Finishing,Tower Civil Finishes,Waterproofing,,0.0,2024-08-11,2024-08-15,2024-08-11,2024-08-15,,,100
1.1.8.1.1.1.3,PCC,Tower 1,,Civil Works- RCC,RCC,Concreting,,115745346.0,2024-08-15,2024-08-17,2024-08-15,2024-08-17,,,100
1.1.8.1.1.1.4,Reinforcement Laying,Tower 1,,Civil Works- RCC,RCC,Reinforcement,,3175925520.0,2024-08-10,2024-09-10,2024-08-10,2024-09-10,,,100
1.1.8.1.1.1.5,Outer Shuttering of Raft Area,Tower 1,,Civil Works- RCC,RCC,Shuttering- Conventional,,46178618.0,2024-09-09,2024-09-11,2024-09-09,2024-09-11,,,100
1.1.8.1.1.1.6,Raft Concreting,Tower 1,,Civil Works- RCC,RCC,Concreting,,2435921874.0,2024-09-12,2024-09-17,2024-09-12,2024-09-17,,,100
1.1.8.1.1.2,Dummy Basement,,,,,,,,2024-10-15,2024-12-30,,,,,
1.1.8.1.1.2.1,Column and Shear Wall Reinforcement,Tower 1,Basement,Civil Works- RCC,RCC,Reinforcement,,445203200.0,2024-10-27,2024-12-16,2024-10-27,2024-12-16,,,100
1.1.8.1.1.2.2,Column and Shear Wall Formwork,Tower 1,Basement,Civil Works- RCC,RCC,Shuttering- Conventional,,94614200.0,2024-10-26,2024-10-31,2024-10-26,2024-10-31,,,100
1.1.8.1.1.2.3,Column and Shear Wall Casting,Tower 1,Basement,Civil Works- RCC,RCC,Concreting,,272405984.0,2024-10-26,2024-10-31,2024-10-26,2024-10-31,,,100
1.1.8.1.1.2.4,Slab Formwork,Tower 1,Basement,Civil Works- RCC,RCC,Shuttering- Conventional,,165422900.0,2024-10-15,2024-12-27,2024-10-15,2024-12-27,,,100
1.1.8.1.1.2.5,Slab Reinforcement,Tower 1,Basement,Civil Works- RCC,RCC,Reinforcement,,188355200.0,2024-10-22,2024-12-27,2024-10-22,2024-12-27,,,100
1.1.8.1.1.2.6,Slab Casting,Tower 1,Basement,Civil Works- RCC,RCC,Concreting,,181764145.8,2024-10-23,2024-12-30,2024-10-23,2024-12-30,,,100
1.1.8.1.1.3,B2 Roof,,,,,,,,2024-10-30,2025-02-28,,,,,
1.1.8.1.1.3.1,Column and Shear Wall Reinforcement,Tower 1,Basement 2,Civil Works- RCC,RCC,Reinforcement,,308217600.0,2024-10-30,2025-01-01,2024-10-30,2025-01-01,,,100
1.1.8.1.1.3.2,Column and Shear Wall Formwork,Tower 1,Basement 2,Civil Works- RCC,RCC,Shuttering- Conventional,,155495500.0,2024-12-31,2025-02-07,2024-12-31,2025-02-07,,,100
1.1.8.1.1.3.3,Column and Shear Wall Casting,Tower 1,Basement 2,Civil Works- RCC,RCC,Concreting,,272405984.0,2025-01-01,2025-02-10,2025-01-01,2025-02-10,,,100
1.1.8.1.1.3.4,Slab Formwork,Tower 1,Basement 2,Civil Works- RCC,RCC,Shuttering- Conventional,,271686600.0,2025-01-06,2025-02-22,2025-01-06,2025-02-22,,,100
1.1.8.1.1.3.5,Slab Reinforcement,Tower 1,Basement 2,Civil Works- RCC,RCC,Reinforcement,,727736000.0,2025-01-09,2025-02-25,2025-01-09,2025-02-25,,,100
1.1.8.1.1.3.6,Slab Casting,Tower 1,Basement 2,Civil Works- RCC,RCC,Concreting,,195900800.0,2025-01-28,2025-02-28,2025-01-28,2025-02-28,,,100
1.1.8.1.1.4,B1 Roof,,,,,,,,2025-01-26,2025-03-28,,,,,
1.1.8.1.1.4.1,Column and Shear Wall Reinforcement,Tower 1,Basement 1,Civil Works- RCC,RCC,Reinforcement,,308217600.0,2025-01-26,2025-03-13,2025-01-26,2025-03-13,,,100
1.1.8.1.1.4.2,Column and Shear Wall Formwork,Tower 1,Basement 1,Civil Works- RCC,RCC,Shuttering- Conventional,,155495500.0,2025-01-27,2025-03-26,2025-01-27,2025-03-26,,,100
1.1.8.1.1.4.3,Column and Shear Wall Casting,Tower 1,Basement 1,Civil Works- RCC,RCC,Concreting,,433670000.0,2025-02-01,2025-03-26,2025-02-01,2025-03-26,,,100
1.1.8.1.1.4.4,Slab Formwork,Tower 1,Basement 1,Civil Works- RCC,RCC,Shuttering- Conventional,,271686600.0,2025-02-06,2025-03-26,2025-02-06,2025-03-26,,,100
1.1.8.1.1.4.5,Slab Reinforcement,Tower 1,Basement 1,Civil Works- RCC,RCC,Reinforcement,,727736000.0,2025-03-17,2025-03-26,2025-03-17,2025-03-26,,,100
1.1.8.1.1.4.6,Slab Casting,Tower 1,Basement 1,Civil Works- RCC,RCC,Concreting,,196332681.0,2025-03-19,2025-03-28,2025-03-19,2025-03-28,,,100
1.1.8.1.2,Substructure Finishing Works,,,,,,,,2025-12-16,2026-03-23,,,,,
1.1.8.1.2.1,Basement - 2,,,,,,,,2025-12-16,2026-02-26,,,,,
1.1.8.1.2.1.1,Masonary Works,Tower 1,Basement 2,Finishing,Common area finishes,CA-Blockwork,,30268200.0,2025-12-16,2026-01-14,,,,,0
1.1.8.1.2.1.2,Plaster Works,Tower 1,Basement 2,Finishing,Common area finishes,CA-Int Plaster,,87887500.0,2025-12-31,2026-01-19,,,,,0
1.1.8.1.2.1.3,White Wash,Tower 1,Basement 2,Finishing,Common area finishes,CA-Paint,,0.0,2026-01-15,2026-02-01,,,,,0
1.1.8.1.2.1.4,VDF,Tower 1,Basement 2,Finishing,Common area finishes,CA-Flooring,,143611600.0,2026-02-02,2026-02-26,,,,,0
1.1.8.1.2.2,Basement - 1,,,,,,,,2025-12-16,2026-03-23,,,,,
1.1.8.1.2.2.1,Masonary Works,Tower 1,Basement 1,Finishing,Common area finishes,CA-Blockwork,,30268200.0,2025-12-16,2026-01-14,,,,,0
1.1.8.1.2.2.2,Plaster Works,Tower 1,Basement 1,Finishing,Common area finishes,CA-Int Plaster,,87887500.0,2025-12-31,2026-01-19,,,,,0
1.1.8.1.2.2.3,White Wash,Tower 1,Basement 1,Finishing,Common area finishes,CA-Paint,,0.0,2026-01-15,2026-02-01,,,,,0
1.1.8.1.2.2.4,VDF,Tower 1,Basement 1,Finishing,Common area finishes,CA-Flooring,,143611600.0,2026-02-27,2026-03-23,,,,,0
1.1.8.2,Superstructure Works,,,,,,,,2025-04-01,2027-03-09,,,,,
1.1.8.2.1,RCC Works,,,,,,,,2025-04-01,2027-03-09,,,,,
1.1.8.2.1.1,Podium Roof,,,,,,,,2025-04-01,2025-08-23,,,,,
1.1.8.2.1.1.1,Column and Shear Wall Reinforcement,Tower 1,,Civil Works- RCC,RCC,Reinforcement,,324398972.0,2025-04-01,2025-07-14,2025-04-01,2025-07-14,,,100
1.1.8.2.1.1.2,Column and Shear Wall Formwork,Tower 1,,Civil Works- RCC,RCC,Shuttering- Conventional,,251021400.0,2025-04-02,2025-08-11,2025-04-02,2025-08-11,,,100
1.1.8.2.1.1.3,Column and Shear Wall Casting,Tower 1,,Civil Works- RCC,RCC,Concreting,,638178568.0,2025-04-13,2025-08-13,2025-04-13,2025-08-13,,,100
1.1.8.2.1.1.4,Slab Formwork,Tower 1,,Civil Works- RCC,RCC,Shuttering- Conventional,,167347600.0,2025-07-05,2025-08-13,2025-07-05,2025-08-13,,,100
1.1.8.2.1.1.5,Slab Reinforcement,Tower 1,,Civil Works- RCC,RCC,Reinforcement,,210381388.0,2025-07-28,2025-08-14,2025-07-28,2025-08-14,,,100
1.1.8.2.1.1.6,Slab Casting,Tower 1,,Civil Works- RCC,RCC,Concreting,,99123000.0,2025-08-11,2025-08-23,2025-08-11,2025-08-23,,,100
1.1.8.2.1.2,First Floor Roof,,,,,,,,2025-08-25,2025-12-24,,,,,
1.1.8.2.1.2.1,Column and Shear Wall Reinforcement,Tower 1,1st Floor,Civil Works- RCC,RCC,Reinforcement,,324398972.0,2025-08-25,2025-12-16,2025-08-25,,,,80
1.1.8.2.1.2.2,Column and Shear Wall Formwork,Tower 1,1st Floor,Civil Works- RCC,RCC,Shuttering- Conventional,,251021400.0,2025-08-31,2025-12-16,2025-08-31,,,,80
1.1.8.2.1.2.3,Column and Shear Wall Casting,Tower 1,1st Floor,Civil Works- RCC,RCC,Concreting,,333160600.0,2025-09-02,2025-12-18,2025-09-02,,,,57
1.1.8.2.1.2.4,Slab Formwork,Tower 1,1st Floor,Civil Works- RCC,RCC,Shuttering- Conventional,,167347600.0,2025-09-15,2025-12-24,2025-09-15,,,,43
1.1.8.2.1.2.5,Slab Reinforcement,Tower 1,1st Floor,Civil Works- RCC,RCC,Reinforcement,,210381388.0,2025-09-24,2025-12-23,2025-09-24,,,,46
1.1.8.2.1.2.6,Slab Casting,Tower 1,1st Floor,Civil Works- RCC,RCC,Concreting,,143169100.0,2025-09-24,2025-12-24,2025-09-24,,,,50
1.1.8.2.1.3,Second Floor Roof,,,,,,,,2025-10-12,2026-01-30,,,,,
1.1.8.2.1.3.1,Column and Shear Wall Reinforcement,Tower 1,2nd Floor,Civil Works- RCC,RCC,Reinforcement,,324398972.0,2025-10-12,2025-12-27,2025-10-12,,,,40
1.1.8.2.1.3.2,Column and Shear Wall Formwork,Tower 1,2nd Floor,Civil Works- RCC,RCC,Shuttering- Conventional,,199425000.0,2025-12-16,2026-01-04,,,,,0
1.1.8.2.1.3.3,Slab Formwork,Tower 1,2nd Floor,Civil Works- RCC,RCC,Shuttering- Conventional,,132975000.0,2026-01-03,2026-01-27,,,,,0
1.1.8.2.1.3.4,Slab Reinforcement,Tower 1,2nd Floor,Civil Works- RCC,RCC,Reinforcement,,210381388.0,2026-01-16,2026-01-29,,,,,0
1.1.8.2.1.3.5,Monolithic Casting,Tower 1,2nd Floor,Civil Works- RCC,RCC,Concreting,,395245800.0,2026-01-23,2026-01-30,,,,,0
1.1.8.2.1.4,Third Floor Roof,,,,,,,,2026-01-31,2026-02-17,,,,,
1.1.8.2.1.4.1,Column and Shear Wall Reinforcement,Tower 1,3rd Floor,Civil Works- RCC,RCC,Reinforcement,,324398972.0,2026-01-31,2026-02-06,,,,,0
1.1.8.2.1.4.2,Column and Shear Wall Formwork,Tower 1,3rd Floor,Civil Works- RCC,RCC,Shuttering- Conventional,,199425000.0,2026-02-01,2026-02-07,,,,,0
1.1.8.2.1.4.3,Slab Formwork,Tower 1,3rd Floor,Civil Works- RCC,RCC,Shuttering- Conventional,,132975000.0,2026-02-06,2026-02-14,,,,,0
1.1.8.2.1.4.4,Slab Reinforcement,Tower 1,3rd Floor,Civil Works- RCC,RCC,Reinforcement,,210381388.0,2026-02-08,2026-02-16,,,,,0
1.1.8.2.1.4.5,Monolithic Casting,Tower 1,3rd Floor,Civil Works- RCC,RCC,Concreting,,395245800.0,2026-02-09,2026-02-17,,,,,0
1.1.8.2.1.5,4th Floor Roof,,,,,,,,2026-02-18,2026-03-01,,,,,
1.1.8.2.1.5.1,Column and Shear Wall Reinforcement,Tower 1,4th Floor,Civil Works- RCC,RCC,Reinforcement,,324398972.0,2026-02-18,2026-02-22,,,,,0
1.1.8.2.1.5.2,Column and Shear Wall Formwork,Tower 1,4th Floor,Civil Works- RCC,RCC,Shuttering- Conventional,,199425000.0,2026-02-19,2026-02-23,,,,,0
1.1.8.2.1.5.3,Slab Formwork,Tower 1,4th Floor,Civil Works- RCC,RCC,Shuttering- Conventional,,132975000.0,2026-02-22,2026-02-26,,,,,0
1.1.8.2.1.5.4,Slab Reinforcement,Tower 1,4th Floor,Civil Works- RCC,RCC,Reinforcement,,210381388.0,2026-02-24,2026-02-28,,,,,0
1.1.8.2.1.5.5,Monolithic Casting,Tower 1,4th Floor,Civil Works- RCC,RCC,Concreting,,395245800.0,2026-02-28,2026-03-01,,,,,0
1.1.8.2.1.6,5th Floor Roof,,,,,,,,2026-03-02,2026-03-13,,,,,
1.1.8.2.1.6.1,Column and Shear Wall Reinforcement,Tower 1,5th Floor,Civil Works- RCC,RCC,Reinforcement,,324398972.0,2026-03-02,2026-03-06,,,,,0
1.1.8.2.1.6.2,Column and Shear Wall Formwork,Tower 1,5th Floor,Civil Works- RCC,RCC,Shuttering- Conventional,,199425000.0,2026-03-03,2026-03-07,,,,,0
1.1.8.2.1.6.3,Slab Formwork,Tower 1,5th Floor,Civil Works- RCC,RCC,Shuttering- Conventional,,132975000.0,2026-03-06,2026-03-10,,,,,0
1.1.8.2.1.6.4,Slab Reinforcement,Tower 1,5th Floor,Civil Works- RCC,RCC,Reinforcement,,210381388.0,2026-03-08,2026-03-12,,,,,0
1.1.8.2.1.6.5,Monolithic Casting,Tower 1,5th Floor,Civil Works- RCC,RCC,Concreting,,395245800.0,2026-03-12,2026-03-13,,,,,0
1.1.8.2.1.7,6th Floor Roof,,,,,,,,2026-03-14,2026-03-25,,,,,
1.1.8.2.1.7.1,Column and Shear Wall Reinforcement,Tower 1,6th Floor,Civil Works- RCC,RCC,Reinforcement,,324398972.0,2026-03-14,2026-03-18,,,,,0
1.1.8.2.1.7.2,Column and Shear Wall Formwork,Tower 1,6th Floor,Civil Works- RCC,RCC,Shuttering- Conventional,,199425000.0,2026-03-15,2026-03-19,,,,,0
1.1.8.2.1.7.3,Slab Formwork,Tower 1,6th Floor,Civil Works- RCC,RCC,Shuttering- Conventional,,132975000.0,2026-03-18,2026-03-22,,,,,0
1.1.8.2.1.7.4,Slab Reinforcement,Tower 1,6th Floor,Civil Works- RCC,RCC,Reinforcement,,210381388.0,2026-03-20,2026-03-24,,,,,0
1.1.8.2.1.7.5,Monolithic Casting,Tower 1,6th Floor,Civil Works- RCC,RCC,Concreting,,395245800.0,2026-03-24,2026-03-25,,,,,0
1.1.8.2.1.8,7th Floor Roof,,,,,,,,2026-03-26,2026-04-06,,,,,
1.1.8.2.1.8.1,Column and Shear Wall Reinforcement,Tower 1,7th Floor,Civil Works- RCC,RCC,Reinforcement,,324398972.0,2026-03-26,2026-03-30,,,,,0
1.1.8.2.1.8.2,Column and Shear Wall Formwork,Tower 1,7th Floor,Civil Works- RCC,RCC,Shuttering- Conventional,,199425000.0,2026-03-27,2026-03-31,,,,,0
1.1.8.2.1.8.3,Slab Formwork,Tower 1,7th Floor,Civil Works- RCC,RCC,Shuttering- Conventional,,132975000.0,2026-03-30,2026-04-03,,,,,0
1.1.8.2.1.8.4,Slab Reinforcement,Tower 1,7th Floor,Civil Works- RCC,RCC,Reinforcement,,210381388.0,2026-04-01,2026-04-05,,,,,0
1.1.8.2.1.8.5,Monolithic Casting,Tower 1,7th Floor,Civil Works- RCC,RCC,Concreting,,395245800.0,2026-04-05,2026-04-06,,,,,0
1.1.8.2.1.9,8th Floor Roof,,,,,,,,2026-04-07,2026-04-18,,,,,
1.1.8.2.1.9.1,Column and Shear Wall Reinforcement,Tower 1,8th Floor,Civil Works- RCC,RCC,Reinforcement,,324398972.0,2026-04-07,2026-04-11,,,,,0
1.1.8.2.1.9.2,Column and Shear Wall Formwork,Tower 1,8th Floor,Civil Works- RCC,RCC,Shuttering- Conventional,,199425000.0,2026-04-08,2026-04-12,,,,,0
1.1.8.2.1.9.3,Slab Formwork,Tower 1,8th Floor,Civil Works- RCC,RCC,Shuttering- Conventional,,132975000.0,2026-04-11,2026-04-15,,,,,0
1.1.8.2.1.9.4,Slab Reinforcement,Tower 1,8th Floor,Civil Works- RCC,RCC,Reinforcement,,210381388.0,2026-04-13,2026-04-17,,,,,0
1.1.8.2.1.9.5,Monolithic Casting,Tower 1,8th Floor,Civil Works- RCC,RCC,Concreting,,395245800.0,2026-04-17,2026-04-18,,,,,0
1.1.8.2.1.10,9th Floor Roof,,,,,,,,2026-04-19,2026-04-30,,,,,
1.1.8.2.1.10.1,Column and Shear Wall Reinforcement,Tower 1,9th Floor,Civil Works- RCC,RCC,Reinforcement,,324398972.0,2026-04-19,2026-04-23,,,,,0
1.1.8.2.1.10.2,Column and Shear Wall Formwork,Tower 1,9th Floor,Civil Works- RCC,RCC,Shuttering- Conventional,,199425000.0,2026-04-20,2026-04-24,,,,,0
1.1.8.2.1.10.3,Slab Formwork,Tower 1,9th Floor,Civil Works- RCC,RCC,Shuttering- Conventional,,132975000.0,2026-04-23,2026-04-27,,,,,0
1.1.8.2.1.10.4,Slab Reinforcement,Tower 1,9th Floor,Civil Works- RCC,RCC,Reinforcement,,210381388.0,2026-04-25,2026-04-29,,,,,0
1.1.8.2.1.10.5,Monolithic Casting,Tower 1,9th Floor,Civil Works- RCC,RCC,Concreting,,395245800.0,2026-04-29,2026-04-30,,,,,0
1.1.8.2.1.11,10th Floor Roof,,,,,,,,2026-05-01,2026-05-12,,,,,
1.1.8.2.1.11.1,Column and Shear Wall Reinforcement,Tower 1,10th Floor,Civil Works- RCC,RCC,Reinforcement,,324398972.0,2026-05-01,2026-05-05,,,,,0
1.1.8.2.1.11.2,Column and Shear Wall Formwork,Tower 1,10th Floor,Civil Works- RCC,RCC,Shuttering- Conventional,,199425000.0,2026-05-02,2026-05-06,,,,,0
1.1.8.2.1.11.3,Slab Formwork,Tower 1,10th Floor,Civil Works- RCC,RCC,Shuttering- Conventional,,132975000.0,2026-05-05,2026-05-09,,,,,0
1.1.8.2.1.11.4,Slab Reinforcement,Tower 1,10th Floor,Civil Works- RCC,RCC,Reinforcement,,210381388.0,2026-05-07,2026-05-11,,,,,0
1.1.8.2.1.11.5,Monolithic Casting,Tower 1,10th Floor,Civil Works- RCC,RCC,Concreting,,395245800.0,2026-05-11,2026-05-12,,,,,0
1.1.8.2.1.12,11th Floor Roof,,,,,,,,2026-05-13,2026-05-24,,,,,
1.1.8.2.1.12.1,Column and Shear Wall Reinforcement,Tower 1,11th Floor,Civil Works- RCC,RCC,Reinforcement,,324398972.0,2026-05-13,2026-05-17,,,,,0
1.1.8.2.1.12.2,Column and Shear Wall Formwork,Tower 1,11th Floor,Civil Works- RCC,RCC,Shuttering- Conventional,,199425000.0,2026-05-14,2026-05-18,,,,,0
1.1.8.2.1.12.3,Slab Formwork,Tower 1,11th Floor,Civil Works- RCC,RCC,Shuttering- Conventional,,132975000.0,2026-05-17,2026-05-21,,,,,0
1.1.8.2.1.12.4,Slab Reinforcement,Tower 1,11th Floor,Civil Works- RCC,RCC,Reinforcement,,210381388.0,2026-05-19,2026-05-23,,,,,0
1.1.8.2.1.12.5,Monolithic Casting,Tower 1,11th Floor,Civil Works- RCC,RCC,Concreting,,395245800.0,2026-05-23,2026-05-24,,,,,0
1.1.8.2.1.13,12th Floor Roof,,,,,,,,2026-05-25,2026-06-05,,,,,
1.1.8.2.1.13.1,Column and Shear Wall Reinforcement,Tower 1,12th Floor,Civil Works- RCC,RCC,Reinforcement,,324398972.0,2026-05-25,2026-05-29,,,,,0
1.1.8.2.1.13.2,Column and Shear Wall Formwork,Tower 1,12th Floor,Civil Works- RCC,RCC,Shuttering- Conventional,,199425000.0,2026-05-26,2026-05-30,,,,,0
1.1.8.2.1.13.3,Slab Formwork,Tower 1,12th Floor,Civil Works- RCC,RCC,Shuttering- Conventional,,132975000.0,2026-05-29,2026-06-02,,,,,0
1.1.8.2.1.13.4,Slab Reinforcement,Tower 1,12th Floor,Civil Works- RCC,RCC,Reinforcement,,210381388.0,2026-05-31,2026-06-04,,,,,0
1.1.8.2.1.13.5,Monolithic Casting,Tower 1,12th Floor,Civil Works- RCC,RCC,Concreting,,395245800.0,2026-06-04,2026-06-05,,,,,0
1.1.8.2.1.14,13th Floor Roof,,,,,,,,2026-06-06,2026-06-17,,,,,
1.1.8.2.1.14.1,Column and Shear Wall Reinforcement,Tower 1,13th Floor,Civil Works- RCC,RCC,Reinforcement,,324398972.0,2026-06-06,2026-06-10,,,,,0
1.1.8.2.1.14.2,Column and Shear Wall Formwork,Tower 1,13th Floor,Civil Works- RCC,RCC,Shuttering- Conventional,,199425000.0,2026-06-07,2026-06-11,,,,,0
1.1.8.2.1.14.3,Slab Formwork,Tower 1,13th Floor,Civil Works- RCC,RCC,Shuttering- Conventional,,132975000.0,2026-06-10,2026-06-14,,,,,0
1.1.8.2.1.14.4,Slab Reinforcement,Tower 1,13th Floor,Civil Works- RCC,RCC,Reinforcement,,210381388.0,2026-06-12,2026-06-16,,,,,0
1.1.8.2.1.14.5,Monolithic Casting,Tower 1,13th Floor,Civil Works- RCC,RCC,Concreting,,395245800.0,2026-06-16,2026-06-17,,,,,0
1.1.8.2.1.15,14th Floor Roof,,,,,,,,2026-06-18,2026-06-29,,,,,
1.1.8.2.1.15.1,Column and Shear Wall Reinforcement,Tower 1,14th Floor,Civil Works- RCC,RCC,Reinforcement,,324398972.0,2026-06-18,2026-06-22,,,,,0
1.1.8.2.1.15.2,Column and Shear Wall Formwork,Tower 1,14th Floor,Civil Works- RCC,RCC,Shuttering- Conventional,,199425000.0,2026-06-19,2026-06-23,,,,,0
1.1.8.2.1.15.3,Slab Formwork,Tower 1,14th Floor,Civil Works- RCC,RCC,Shuttering- Conventional,,132975000.0,2026-06-22,2026-06-26,,,,,0
1.1.8.2.1.15.4,Slab Reinforcement,Tower 1,14th Floor,Civil Works- RCC,RCC,Reinforcement,,210381388.0,2026-06-24,2026-06-28,,,,,0
1.1.8.2.1.15.5,Monolithic Casting,Tower 1,14th Floor,Civil Works- RCC,RCC,Concreting,,395245800.0,2026-06-28,2026-06-29,,,,,0
1.1.8.2.1.16,15th Floor Roof,,,,,,,,2026-06-30,2026-07-11,,,,,
1.1.8.2.1.16.1,Column and Shear Wall Reinforcement,Tower 1,15th Floor,Civil Works- RCC,RCC,Reinforcement,,324398972.0,2026-06-30,2026-07-04,,,,,0
1.1.8.2.1.16.2,Column and Shear Wall Formwork,Tower 1,15th Floor,Civil Works- RCC,RCC,Shuttering- Conventional,,199425000.0,2026-07-01,2026-07-05,,,,,0
1.1.8.2.1.16.3,Slab Formwork,Tower 1,15th Floor,Civil Works- RCC,RCC,Shuttering- Conventional,,132975000.0,2026-07-04,2026-07-08,,,,,0
1.1.8.2.1.16.4,Slab Reinforcement,Tower 1,15th Floor,Civil Works- RCC,RCC,Reinforcement,,210381388.0,2026-07-06,2026-07-10,,,,,0
1.1.8.2.1.16.5,Monolithic Casting,Tower 1,15th Floor,Civil Works- RCC,RCC,Concreting,,395245800.0,2026-07-10,2026-07-11,,,,,0
1.1.8.2.1.17,16th Floor Roof,,,,,,,,2026-07-12,2026-07-28,,,,,
1.1.8.2.1.17.1,Column and Shear Wall Reinforcement,Tower 1,16th Floor,Civil Works- RCC,RCC,Reinforcement,,324398972.0,2026-07-12,2026-07-18,,,,,0
1.1.8.2.1.17.2,Column and Shear Wall Formwork,Tower 1,16th Floor,Civil Works- RCC,RCC,Shuttering- Conventional,,199425000.0,2026-07-13,2026-07-19,,,,,0
1.1.8.2.1.17.3,Slab Formwork,Tower 1,16th Floor,Civil Works- RCC,RCC,Shuttering- Conventional,,132975000.0,2026-07-18,2026-07-25,,,,,0
1.1.8.2.1.17.4,Slab Reinforcement,Tower 1,16th Floor,Civil Works- RCC,RCC,Reinforcement,,210381388.0,2026-07-21,2026-07-27,,,,,0
1.1.8.2.1.17.5,Monolithic Casting,Tower 1,16th Floor,Civil Works- RCC,RCC,Concreting,,395245800.0,2026-07-25,2026-07-28,,,,,0
1.1.8.2.1.18,17th Floor Roof,,,,,,,,2026-07-29,2026-08-09,,,,,
1.1.8.2.1.18.1,Column and Shear Wall Reinforcement,Tower 1,17th Floor,Civil Works- RCC,RCC,Reinforcement,,324398972.0,2026-07-29,2026-08-02,,,,,0
1.1.8.2.1.18.2,Column and Shear Wall Formwork,Tower 1,17th Floor,Civil Works- RCC,RCC,Shuttering- Conventional,,199425000.0,2026-07-30,2026-08-03,,,,,0
1.1.8.2.1.18.3,Slab Formwork,Tower 1,17th Floor,Civil Works- RCC,RCC,Shuttering- Conventional,,132975000.0,2026-08-02,2026-08-06,,,,,0
1.1.8.2.1.18.4,Slab Reinforcement,Tower 1,17th Floor,Civil Works- RCC,RCC,Reinforcement,,210381388.0,2026-08-04,2026-08-08,,,,,0
1.1.8.2.1.18.5,Monolithic Casting,Tower 1,17th Floor,Civil Works- RCC,RCC,Concreting,,395245800.0,2026-08-08,2026-08-09,,,,,0
1.1.8.2.1.19,18th Floor Roof,,,,,,,,2026-08-10,2026-08-21,,,,,
1.1.8.2.1.19.1,Column and Shear Wall Reinforcement,Tower 1,18th Floor,Civil Works- RCC,RCC,Reinforcement,,324398972.0,2026-08-10,2026-08-15,,,,,0
1.1.8.2.1.19.2,Column and Shear Wall Formwork,Tower 1,18th Floor,Civil Works- RCC,RCC,Shuttering- Conventional,,199425000.0,2026-08-12,2026-08-16,,,,,0
1.1.8.2.1.19.3,Slab Formwork,Tower 1,18th Floor,Civil Works- RCC,RCC,Shuttering- Conventional,,132975000.0,2026-08-15,2026-08-19,,,,,0
1.1.8.2.1.19.4,Slab Reinforcement,Tower 1,18th Floor,Civil Works- RCC,RCC,Reinforcement,,210381388.0,2026-08-16,2026-08-20,,,,,0
1.1.8.2.1.19.5,Monolithic Casting,Tower 1,18th Floor,Civil Works- RCC,RCC,Concreting,,395245800.0,2026-08-20,2026-08-21,,,,,0
1.1.8.2.1.20,19th Floor Roof,,,,,,,,2026-08-22,2026-09-01,,,,,
1.1.8.2.1.20.1,Column and Shear Wall Reinforcement,Tower 1,19th Floor,Civil Works- RCC,RCC,Reinforcement,,324398972.0,2026-08-22,2026-08-25,,,,,0
1.1.8.2.1.20.2,Column and Shear Wall Formwork,Tower 1,19th Floor,Civil Works- RCC,RCC,Shuttering- Conventional,,199425000.0,2026-08-23,2026-08-26,,,,,0
1.1.8.2.1.20.3,Slab Formwork,Tower 1,19th Floor,Civil Works- RCC,RCC,Shuttering- Conventional,,132975000.0,2026-08-25,2026-08-30,,,,,0
1.1.8.2.1.20.4,Slab Reinforcement,Tower 1,19th Floor,Civil Works- RCC,RCC,Reinforcement,,210381388.0,2026-08-27,2026-08-31,,,,,0
1.1.8.2.1.20.5,Monolithic Casting,Tower 1,19th Floor,Civil Works- RCC,RCC,Concreting,,395245800.0,2026-08-29,2026-09-01,,,,,0
1.1.8.2.1.21,20th Floor Roof,,,,,,,,2026-09-02,2026-09-12,,,,,
1.1.8.2.1.21.1,Column and Shear Wall Reinforcement,Tower 1,20th Floor,Civil Works- RCC,RCC,Reinforcement,,324398972.0,2026-09-02,2026-09-05,,,,,0
1.1.8.2.1.21.2,Column and Shear Wall Formwork,Tower 1,20th Floor,Civil Works- RCC,RCC,Shuttering- Conventional,,199425000.0,2026-09-03,2026-09-06,,,,,0
1.1.8.2.1.21.3,Slab Formwork,Tower 1,20th Floor,Civil Works- RCC,RCC,Shuttering- Conventional,,132975000.0,2026-09-05,2026-09-10,,,,,0
1.1.8.2.1.21.4,Slab Reinforcement,Tower 1,20th Floor,Civil Works- RCC,RCC,Reinforcement,,210381388.0,2026-09-07,2026-09-11,,,,,0
1.1.8.2.1.21.5,Monolithic Casting,Tower 1,20th Floor,Civil Works- RCC,RCC,Concreting,,395245800.0,2026-09-09,2026-09-12,,,,,0
1.1.8.2.1.22,21th Floor Roof,,,,,,,,2026-09-13,2026-09-23,,,,,
1.1.8.2.1.22.1,Column and Shear Wall Reinforcement,Tower 1,21st Floor,Civil Works- RCC,RCC,Reinforcement,,324398972.0,2026-09-13,2026-09-16,,,,,0
1.1.8.2.1.22.2,Column and Shear Wall Formwork,Tower 1,21st Floor,Civil Works- RCC,RCC,Shuttering- Conventional,,199425000.0,2026-09-14,2026-09-17,,,,,0
1.1.8.2.1.22.3,Slab Formwork,Tower 1,21st Floor,Civil Works- RCC,RCC,Shuttering- Conventional,,132975000.0,2026-09-16,2026-09-21,,,,,0
1.1.8.2.1.22.4,Slab Reinforcement,Tower 1,21st Floor,Civil Works- RCC,RCC,Reinforcement,,210381388.0,2026-09-18,2026-09-22,,,,,0
1.1.8.2.1.22.5,Monolithic Casting,Tower 1,21st Floor,Civil Works- RCC,RCC,Concreting,,395245800.0,2026-09-20,2026-09-23,,,,,0
1.1.8.2.1.23,22th Floor Roof,,,,,,,,2026-09-24,2026-10-04,,,,,
1.1.8.2.1.23.1,Column and Shear Wall Reinforcement,Tower 1,22nd Floor,Civil Works- RCC,RCC,Reinforcement,,324398972.0,2026-09-24,2026-09-27,,,,,0
1.1.8.2.1.23.2,Column and Shear Wall Formwork,Tower 1,22nd Floor,Civil Works- RCC,RCC,Shuttering- Conventional,,199425000.0,2026-09-25,2026-09-28,,,,,0
1.1.8.2.1.23.3,Slab Formwork,Tower 1,22nd Floor,Civil Works- RCC,RCC,Shuttering- Conventional,,132975000.0,2026-09-27,2026-10-02,,,,,0
1.1.8.2.1.23.4,Slab Reinforcement,Tower 1,22nd Floor,Civil Works- RCC,RCC,Reinforcement,,210381388.0,2026-09-29,2026-10-03,,,,,0
1.1.8.2.1.23.5,Monolithic Casting,Tower 1,22nd Floor,Civil Works- RCC,RCC,Concreting,,395245800.0,2026-10-01,2026-10-04,,,,,0
1.1.8.2.1.24,23th Floor Roof,,,,,,,,2026-10-05,2026-10-15,,,,,
1.1.8.2.1.24.1,Column and Shear Wall Reinforcement,Tower 1,23rd Floor,Civil Works- RCC,RCC,Reinforcement,,324398972.0,2026-10-05,2026-10-08,,,,,0
1.1.8.2.1.24.2,Column and Shear Wall Formwork,Tower 1,23rd Floor,Civil Works- RCC,RCC,Shuttering- Conventional,,199425000.0,2026-10-06,2026-10-09,,,,,0
1.1.8.2.1.24.3,Slab Formwork,Tower 1,23rd Floor,Civil Works- RCC,RCC,Shuttering- Conventional,,132975000.0,2026-10-08,2026-10-13,,,,,0
1.1.8.2.1.24.4,Slab Reinforcement,Tower 1,23rd Floor,Civil Works- RCC,RCC,Reinforcement,,210381388.0,2026-10-10,2026-10-14,,,,,0
1.1.8.2.1.24.5,Monolithic Casting,Tower 1,23rd Floor,Civil Works- RCC,RCC,Concreting,,395245800.0,2026-10-12,2026-10-15,,,,,0
1.1.8.2.1.25,24th Floor Roof,,,,,,,,2026-10-16,2026-10-26,,,,,
1.1.8.2.1.25.1,Column and Shear Wall Reinforcement,Tower 1,24th Floor,Civil Works- RCC,RCC,Reinforcement,,324398972.0,2026-10-16,2026-10-19,,,,,0
1.1.8.2.1.25.2,Column and Shear Wall Formwork,Tower 1,24th Floor,Civil Works- RCC,RCC,Shuttering- Conventional,,199425000.0,2026-10-17,2026-10-20,,,,,0
1.1.8.2.1.25.3,Slab Formwork,Tower 1,24th Floor,Civil Works- RCC,RCC,Shuttering- Conventional,,132975000.0,2026-10-19,2026-10-24,,,,,0
1.1.8.2.1.25.4,Slab Reinforcement,Tower 1,24th Floor,Civil Works- RCC,RCC,Reinforcement,,210381388.0,2026-10-21,2026-10-25,,,,,0
1.1.8.2.1.25.5,Monolithic Casting,Tower 1,24th Floor,Civil Works- RCC,RCC,Concreting,,395245800.0,2026-10-23,2026-10-26,,,,,0
1.1.8.2.1.26,25th Floor Roof,,,,,,,,2026-10-27,2026-12-21,,,,,
1.1.8.2.1.26.1,Column and Shear Wall Reinforcement,Tower 1,25th Floor,Civil Works- RCC,RCC,Reinforcement,,324398972.0,2026-10-27,2026-10-30,,,,,0
1.1.8.2.1.26.2,Column and Shear Wall Formwork,Tower 1,25th Floor,Civil Works- RCC,RCC,Shuttering- Conventional,,199425000.0,2026-10-28,2026-10-31,,,,,0
1.1.8.2.1.26.3,Slab Formwork,Tower 1,25th Floor,Civil Works- RCC,RCC,Shuttering- Conventional,,132975000.0,2026-10-30,2026-12-19,,,,,0
1.1.8.2.1.26.4,Slab Reinforcement,Tower 1,25th Floor,Civil Works- RCC,RCC,Reinforcement,,210381388.0,2026-12-16,2026-12-20,,,,,0
1.1.8.2.1.26.5,Monolithic Casting,Tower 1,25th Floor,Civil Works- RCC,RCC,Concreting,,395245800.0,2026-12-18,2026-12-21,,,,,0
1.1.8.2.1.27,26th Floor Roof,,,,,,,,2026-12-22,2027-01-07,,,,,
1.1.8.2.1.27.1,Column and Shear Wall Reinforcement,Tower 1,26th Floor,Civil Works- RCC,RCC,Reinforcement,,324398972.0,2026-12-22,2026-12-29,,,,,0
1.1.8.2.1.27.2,Column and Shear Wall Formwork,Tower 1,26th Floor,Civil Works- RCC,RCC,Shuttering- Conventional,,199425000.0,2026-12-24,2026-12-30,,,,,0
1.1.8.2.1.27.3,Slab Formwork,Tower 1,26th Floor,Civil Works- RCC,RCC,Shuttering- Conventional,,132975000.0,2026-12-29,2027-01-05,,,,,0
1.1.8.2.1.27.4,Slab Reinforcement,Tower 1,26th Floor,Civil Works- RCC,RCC,Reinforcement,,210381388.0,2026-12-30,2027-01-06,,,,,0
1.1.8.2.1.27.5,Monolithic Casting,Tower 1,26th Floor,Civil Works- RCC,RCC,Concreting,,395245800.0,2027-01-04,2027-01-07,,,,,0
1.1.8.2.1.28,27th Floor Roof,,,,,,,,2027-01-08,2027-01-18,,,,,
1.1.8.2.1.28.1,Column and Shear Wall Reinforcement,Tower 1,27th Floor,Civil Works- RCC,RCC,Reinforcement,,324398972.0,2027-01-08,2027-01-11,,,,,0
1.1.8.2.1.28.2,Column and Shear Wall Formwork,Tower 1,27th Floor,Civil Works- RCC,RCC,Shuttering- Conventional,,199425000.0,2027-01-09,2027-01-12,,,,,0
1.1.8.2.1.28.3,Slab Formwork,Tower 1,27th Floor,Civil Works- RCC,RCC,Shuttering- Conventional,,132975000.0,2027-01-11,2027-01-16,,,,,0
1.1.8.2.1.28.4,Slab Reinforcement,Tower 1,27th Floor,Civil Works- RCC,RCC,Reinforcement,,210381388.0,2027-01-13,2027-01-17,,,,,0
1.1.8.2.1.28.5,Monolithic Casting,Tower 1,27th Floor,Civil Works- RCC,RCC,Concreting,,395245800.0,2027-01-15,2027-01-18,,,,,0
1.1.8.2.1.29,28th Floor Roof,,,,,,,,2027-01-19,2027-01-29,,,,,
1.1.8.2.1.29.1,Column and Shear Wall Reinforcement,Tower 1,28th Floor,Civil Works- RCC,RCC,Reinforcement,,324398972.0,2027-01-19,2027-01-22,,,,,0
1.1.8.2.1.29.2,Column and Shear Wall Formwork,Tower 1,28th Floor,Civil Works- RCC,RCC,Shuttering- Conventional,,199425000.0,2027-01-20,2027-01-23,,,,,0
1.1.8.2.1.29.3,Slab Formwork,Tower 1,28th Floor,Civil Works- RCC,RCC,Shuttering- Conventional,,132975000.0,2027-01-22,2027-01-27,,,,,0
1.1.8.2.1.29.4,Slab Reinforcement,Tower 1,28th Floor,Civil Works- RCC,RCC,Reinforcement,,210381388.0,2027-01-24,2027-01-28,,,,,0
1.1.8.2.1.29.5,Monolithic Casting,Tower 1,28th Floor,Civil Works- RCC,RCC,Concreting,,395245800.0,2027-01-26,2027-01-29,,,,,0
1.1.8.2.1.30,29th Floor Roof,,,,,,,,2027-01-30,2027-02-09,,,,,
1.1.8.2.1.30.1,Column and Shear Wall Reinforcement,Tower 1,29th Floor,Civil Works- RCC,RCC,Reinforcement,,324398972.0,2027-01-30,2027-02-02,,,,,0
1.1.8.2.1.30.2,Column and Shear Wall Formwork,Tower 1,29th Floor,Civil Works- RCC,RCC,Shuttering- Conventional,,199425000.0,2027-01-31,2027-02-03,,,,,0
1.1.8.2.1.30.3,Slab Formwork,Tower 1,29th Floor,Civil Works- RCC,RCC,Shuttering- Conventional,,132975000.0,2027-02-02,2027-02-07,,,,,0
1.1.8.2.1.30.4,Slab Reinforcement,Tower 1,29th Floor,Civil Works- RCC,RCC,Reinforcement,,210381388.0,2027-02-04,2027-02-08,,,,,0
1.1.8.2.1.30.5,Monolithic Casting,Tower 1,29th Floor,Civil Works- RCC,RCC,Concreting,,395245800.0,2027-02-06,2027-02-09,,,,,0
1.1.8.2.1.31,30th Floor Roof,,,,,,,,2027-02-10,2027-02-20,,,,,
1.1.8.2.1.31.1,Column and Shear Wall Reinforcement,Tower 1,30th Floor,Civil Works- RCC,RCC,Reinforcement,,324398972.0,2027-02-10,2027-02-13,,,,,0
1.1.8.2.1.31.2,Column and Shear Wall Formwork,Tower 1,30th Floor,Civil Works- RCC,RCC,Shuttering- Conventional,,199425000.0,2027-02-11,2027-02-14,,,,,0
1.1.8.2.1.31.3,Slab Formwork,Tower 1,30th Floor,Civil Works- RCC,RCC,Shuttering- Conventional,,132975000.0,2027-02-13,2027-02-18,,,,,0
1.1.8.2.1.31.4,Slab Reinforcement,Tower 1,30th Floor,Civil Works- RCC,RCC,Reinforcement,,210381388.0,2027-02-15,2027-02-19,,,,,0
1.1.8.2.1.31.5,Monolithic Casting,Tower 1,30th Floor,Civil Works- RCC,RCC,Concreting,,395245800.0,2027-02-17,2027-02-20,,,,,0
1.1.8.2.1.32,31st Floor Roof,,,,,,,,2027-02-21,2027-03-09,,,,,
1.1.8.2.1.32.1,Column and Shear Wall Reinforcement,Tower 1,31st Floor,Civil Works- RCC,RCC,Reinforcement,,324398972.0,2027-02-21,2027-02-27,,,,,0
1.1.8.2.1.32.2,Column and Shear Wall Formwork,Tower 1,31st Floor,Civil Works- RCC,RCC,Shuttering- Conventional,,251021400.0,2027-02-22,2027-02-28,,,,,0
1.1.8.2.1.32.3,Slab Formwork,Tower 1,31st Floor,Civil Works- RCC,RCC,Shuttering- Conventional,,167347600.0,2027-02-27,2027-03-07,,,,,0
1.1.8.2.1.32.4,Slab Reinforcement,Tower 1,31st Floor,Civil Works- RCC,RCC,Reinforcement,,210381388.0,2027-03-02,2027-03-08,,,,,0
1.1.8.2.1.32.5,Monolithic Casting,Tower 1,31st Floor,Civil Works- RCC,RCC,Concreting,,395245800.0,2027-03-06,2027-03-09,,,,,0
1.1.8.3,Post Pour Activitis,,,,,,,,2026-02-07,2027-03-16,,,,,
1.1.8.3.1,1st Floor,Tower 1,1st Floor,Civil Works- RCC,RCC,Post Pour,,20290200.0,2026-02-07,2026-02-17,,,,,0
1.1.8.3.2,2nd Floor,Tower 1,2nd Floor,Civil Works- RCC,RCC,Post Pour,,20290200.0,2026-02-19,2026-03-01,,,,,0
1.1.8.3.3,3rd Floor,Tower 1,3rd Floor,Civil Works- RCC,RCC,Post Pour,,20290200.0,2026-03-03,2026-03-13,,,,,0
1.1.8.3.4,4th Floor,Tower 1,4th Floor,Civil Works- RCC,RCC,Post Pour,,20290200.0,2026-03-15,2026-03-25,,,,,0
1.1.8.3.5,5th Floor,Tower 1,5th Floor,Civil Works- RCC,RCC,Post Pour,,20290200.0,2026-03-27,2026-04-06,,,,,0
1.1.8.3.6,6th Floor,Tower 1,6th Floor,Civil Works- RCC,RCC,Post Pour,,20290200.0,2026-04-08,2026-04-19,,,,,0
1.1.8.3.7,7th Floor,Tower 1,7th Floor,Civil Works- RCC,RCC,Post Pour,,20290200.0,2026-04-20,2026-05-01,,,,,0
1.1.8.3.8,8th Floor,Tower 1,8th Floor,Civil Works- RCC,RCC,Post Pour,,20290200.0,2026-05-02,2026-05-13,,,,,0
1.1.8.3.9,9th Floor,Tower 1,9th Floor,Civil Works- RCC,RCC,Post Pour,,20290200.0,2026-05-14,2026-05-25,,,,,0
1.1.8.3.10,10th Floor,Tower 1,10th Floor,Civil Works- RCC,RCC,Post Pour,,20290200.0,2026-05-31,2026-06-06,,,,,0
1.1.8.3.11,11th Floor,Tower 1,11th Floor,Civil Works- RCC,RCC,Post Pour,,20290200.0,2026-06-12,2026-06-18,,,,,0
1.1.8.3.12,12th Floor,Tower 1,12th Floor,Civil Works- RCC,RCC,Post Pour,,20290200.0,2026-06-24,2026-06-30,,,,,0
1.1.8.3.13,13th Floor,Tower 1,13th Floor,Civil Works- RCC,RCC,Post Pour,,20290200.0,2026-07-06,2026-07-12,,,,,0
1.1.8.3.14,14th floor,Tower 1,14th Floor,Civil Works- RCC,RCC,Post Pour,,20290200.0,2026-07-23,2026-07-29,,,,,0
1.1.8.3.15,15th Floor,Tower 1,15th Floor,Civil Works- RCC,RCC,Post Pour,,20290200.0,2026-08-04,2026-08-10,,,,,0
1.1.8.3.16,16th Floor,Tower 1,16th Floor,Civil Works- RCC,RCC,Post Pour,,20290200.0,2026-08-16,2026-08-22,,,,,0
1.1.8.3.17,17th Floor,Tower 1,17th Floor,Civil Works- RCC,RCC,Post Pour,,20290200.0,2026-08-27,2026-09-02,,,,,0
1.1.8.3.18,18th Floor,Tower 1,18th Floor,Civil Works- RCC,RCC,Post Pour,,20290200.0,2026-09-07,2026-09-13,,,,,0
1.1.8.3.19,19th Floor,Tower 1,19th Floor,Civil Works- RCC,RCC,Post Pour,,20290200.0,2026-09-18,2026-09-24,,,,,0
1.1.8.3.20,20th Floor,Tower 1,20th Floor,Civil Works- RCC,RCC,Post Pour,,20290200.0,2026-09-29,2026-10-05,,,,,0
1.1.8.3.21,21th Floor,Tower 1,21st Floor,Civil Works- RCC,RCC,Post Pour,,20290200.0,2026-10-10,2026-10-16,,,,,0
1.1.8.3.22,22th Floor,Tower 1,22nd Floor,Civil Works- RCC,RCC,Post Pour,,20290200.0,2026-10-23,2026-10-27,,,,,0
1.1.8.3.23,23rd Floor,Tower 1,23rd Floor,Civil Works- RCC,RCC,Post Pour,,20290200.0,2026-12-18,2026-12-22,,,,,0
1.1.8.3.24,24th Floor,Tower 1,24th Floor,Civil Works- RCC,RCC,Post Pour,,20290200.0,2027-01-04,2027-01-08,,,,,0
1.1.8.3.25,25th Floor,Tower 1,25th Floor,Civil Works- RCC,RCC,Post Pour,,20290200.0,2027-01-15,2027-01-19,,,,,0
1.1.8.3.26,26th Floor,Tower 1,26th Floor,Civil Works- RCC,RCC,Post Pour,,20290200.0,2027-01-26,2027-01-30,,,,,0
1.1.8.3.27,27th Floor,Tower 1,27th Floor,Civil Works- RCC,RCC,Post Pour,,20290200.0,2027-02-06,2027-02-10,,,,,0
1.1.8.3.28,28th Floor,Tower 1,28th Floor,Civil Works- RCC,RCC,Post Pour,,20290200.0,2027-02-17,2027-02-21,,,,,0
1.1.8.3.29,29th Floor,Tower 1,29th Floor,Civil Works- RCC,RCC,Post Pour,,20290200.0,2027-03-06,2027-03-10,,,,,0
1.1.8.3.30,30th Floor,Tower 1,30th Floor,Civil Works- RCC,RCC,Post Pour,,20290200.0,2027-03-09,2027-03-13,,,,,0
1.1.8.3.31,31st Floor,Tower 1,31st Floor,Civil Works- RCC,RCC,Post Pour,,20290200.0,2027-03-12,2027-03-16,,,,,0
1.1.8.4,Finishing Works,,,,,,,,2025-12-16,2028-02-01,,,,,
1.1.8.4.1,Flat Finishing,,,,,,,,2025-12-16,2027-08-24,,,,,
1.1.8.4.1.1,Podium ,,,,,,,,2025-12-16,2026-04-17,,,,,
1.1.8.4.1.1.1,Masonary Works,Tower 1,,Finishing,Tower Civil Finishes,Blockwork,,26731305.0,2025-12-16,2026-01-14,,,,,0
1.1.8.4.1.1.2,Plaster Works,Tower 1,,Finishing,Tower Civil Finishes,Int Plaster,,53275000.0,2025-12-31,2026-01-19,,,,,0
1.1.8.4.1.1.3,White Wash,Tower 1,,Finishing,Tower Finishing,Paint,,0.0,2026-01-15,2026-02-01,,,,,0
1.1.8.4.1.1.4,VDF,Tower 1,,Finishing,Tower Finishing,Flooring,,1270274200.0,2026-03-24,2026-04-17,,,,,0
1.1.8.4.1.2,First Floor,,,,,,,,2026-02-18,2026-05-12,,,,,
1.1.8.4.1.2.1,Masonary Works,Tower 1,1st Floor,Finishing,Tower Civil Finishes,Blockwork,,26731305.0,2026-02-18,2026-03-09,,,,,0
1.1.8.4.1.2.2,Plaster Works,Tower 1,1st Floor,Finishing,Tower Civil Finishes,Int Plaster,,53275000.0,2026-03-05,2026-03-24,,,,,0
1.1.8.4.1.2.3,White Wash,Tower 1,1st Floor,Finishing,Tower Finishing,Paint,,0.0,2026-03-20,2026-04-06,,,,,0
1.1.8.4.1.2.4,VDF,Tower 1,1st Floor,Finishing,Tower Finishing,Flooring,,143607536.0,2026-04-18,2026-05-12,,,,,0
1.1.8.4.1.3,Second Floor ,,,,,,,,2026-03-14,2026-07-15,,,,,
1.1.8.4.1.3.1,Blockwork,Tower 1,2nd Floor,Finishing,Tower Civil Finishes,Blockwork,,26731305.0,2026-03-14,2026-03-21,,,,,0
1.1.8.4.1.3.2,Internal Plumbing Works,Tower 1,2nd Floor,MEP,Tower MEP,Plumbing,,66565203.982684,2026-03-21,2026-03-27,,,,,0
1.1.8.4.1.3.3,Waterproofing Works,Tower 1,2nd Floor,Finishing,Tower Civil Finishes,Waterproofing,,27810000.0,2026-03-23,2026-03-30,,,,,0
1.1.8.4.1.3.4,PCC,Tower 1,2nd Floor,Civil Works- RCC,RCC,Concreting,,0.0,2026-03-30,2026-04-07,,,,,0
1.1.8.4.1.3.5,Electrical Wiring works,Tower 1,2nd Floor,MEP,Tower MEP,Electrical,,76079293.0,2026-03-23,2026-03-28,,,,,0
1.1.8.4.1.3.6,Internal Plaster Works,Tower 1,2nd Floor,Finishing,Tower Civil Finishes,Int Plaster,,87796250.0,2026-03-28,2026-03-31,,,,,0
1.1.8.4.1.3.7,Toilet Dado Works,Tower 1,2nd Floor,Finishing,Tower Finishing,Flooring,,44055000.0,2026-03-31,2026-04-10,,,,,0
1.1.8.4.1.3.8,Toilet Flooring Works,Tower 1,2nd Floor,Finishing,Tower Finishing,Flooring,,43645000.0,2026-04-10,2026-04-20,,,,,0
1.1.8.4.1.3.9,Living Dining Flooring,Tower 1,2nd Floor,Finishing,Tower Finishing,Flooring,,88595000.0,2026-04-20,2026-04-30,,,,,0
1.1.8.4.1.3.10,Temporary Door Fixing,Tower 1,2nd Floor,Finishing,Tower Finishing,Door,,0.0,2026-03-21,2026-03-30,,,,,0
1.1.8.4.1.3.11,Aluminium Door Widnow Fixing,Tower 1,2nd Floor,Finishing,Tower Finishing,Door,,99456652.0,2026-04-30,2026-06-09,,,,,0
1.1.8.4.1.3.12,Rehung Door Fixing,Tower 1,2nd Floor,Finishing,Tower Finishing,Door,,54925000.0,2026-06-09,2026-06-17,,,,,0
1.1.8.4.1.3.13,Putty Primer coat,Tower 1,2nd Floor,Finishing,Tower Finishing,Paint,,0.0,2026-06-17,2026-06-23,,,,,0
1.1.8.4.1.3.14,Painting First Coat,Tower 1,2nd Floor,Finishing,Tower Finishing,Paint,,27525000.0,2026-06-23,2026-07-05,,,,,0
1.1.8.4.1.3.15,False ceiling works,Tower 1,2nd Floor,Finishing,Tower Finishing,False Ceiling,,25740000.0,2026-07-05,2026-07-15,,,,,0
1.1.8.4.1.4,Third Floor ,,,,,,,,2026-03-26,2026-07-27,,,,,
1.1.8.4.1.4.1,Blockwork,Tower 1,3rd Floor,Finishing,Tower Civil Finishes,Blockwork,,26731305.0,2026-03-26,2026-04-02,,,,,0
1.1.8.4.1.4.2,Internal Plumbing Works,Tower 1,3rd Floor,MEP,Tower MEP,Plumbing,,80346681.4020388,2026-04-02,2026-04-08,,,,,0
1.1.8.4.1.4.3,Waterproofing Works,Tower 1,3rd Floor,Finishing,Tower Civil Finishes,Waterproofing,,27810000.0,2026-04-04,2026-04-11,,,,,0
1.1.8.4.1.4.4,PCC,Tower 1,3rd Floor,Civil Works- RCC,RCC,Concreting,,0.0,2026-04-11,2026-04-19,,,,,0
1.1.8.4.1.4.5,Electrical Wiring works,Tower 1,3rd Floor,MEP,Tower MEP,Electrical,,76079293.0,2026-04-04,2026-04-09,,,,,0
1.1.8.4.1.4.6,Internal Plaster Works,Tower 1,3rd Floor,Finishing,Tower Civil Finishes,Int Plaster,,87796250.0,2026-04-09,2026-04-12,,,,,0
1.1.8.4.1.4.7,Toilet Dado Works,Tower 1,3rd Floor,Finishing,Tower Finishing,Flooring,,44055000.0,2026-04-12,2026-04-22,,,,,0
1.1.8.4.1.4.8,Toilet Flooring Works,Tower 1,3rd Floor,Finishing,Tower Finishing,Flooring,,43645000.0,2026-04-22,2026-05-02,,,,,0
1.1.8.4.1.4.9,Living Dining Flooring,Tower 1,3rd Floor,Finishing,Tower Finishing,Flooring,,88595000.0,2026-05-02,2026-05-12,,,,,0
1.1.8.4.1.4.10,Temporary Door Fixing,Tower 1,3rd Floor,Finishing,Tower Finishing,Door,,0.0,2026-04-02,2026-04-11,,,,,0
1.1.8.4.1.4.11,Aluminium Door Widnow Fixing,Tower 1,3rd Floor,Finishing,Tower Finishing,Door,,99456652.0,2026-05-12,2026-06-21,,,,,0
1.1.8.4.1.4.12,Rehung Door Fixing,Tower 1,3rd Floor,Finishing,Tower Finishing,Door,,0.0,2026-06-21,2026-06-29,,,,,0
1.1.8.4.1.4.13,Putty Primer coat,Tower 1,3rd Floor,Finishing,Tower Finishing,Paint,,0.0,2026-06-29,2026-07-05,,,,,0
1.1.8.4.1.4.14,Painting First Coat,Tower 1,3rd Floor,Finishing,Tower Finishing,Paint,,27525000.0,2026-07-05,2026-07-17,,,,,0
1.1.8.4.1.4.15,False ceiling works,Tower 1,3rd Floor,Finishing,Tower Finishing,False Ceiling,,25740000.0,2026-07-17,2026-07-27,,,,,0
1.1.8.4.1.5,Fourth Floor ,,,,,,,,2026-04-07,2026-08-10,,,,,
1.1.8.4.1.5.1,Blockwork,Tower 1,4th Floor,Finishing,Tower Civil Finishes,Blockwork,,26731305.0,2026-04-07,2026-04-14,,,,,0
1.1.8.4.1.5.2,Internal Plumbing Works,Tower 1,4th Floor,MEP,Tower MEP,Plumbing,,80346681.4020388,2026-04-14,2026-04-20,,,,,0
1.1.8.4.1.5.3,Waterproofing Works,Tower 1,4th Floor,Finishing,Tower Civil Finishes,Waterproofing,,27810000.0,2026-04-16,2026-04-23,,,,,0
1.1.8.4.1.5.4,PCC,Tower 1,4th Floor,Civil Works- RCC,RCC,Concreting,,0.0,2026-04-23,2026-05-01,,,,,0
1.1.8.4.1.5.5,Electrical Wiring works,Tower 1,4th Floor,MEP,Tower MEP,Electrical,,76079293.0,2026-04-16,2026-04-21,,,,,0
1.1.8.4.1.5.6,Internal Plaster Works,Tower 1,4th Floor,Finishing,Tower Civil Finishes,Int Plaster,,87796250.0,2026-04-23,2026-04-26,,,,,0
1.1.8.4.1.5.7,Toilet Dado Works,Tower 1,4th Floor,Finishing,Tower Finishing,Flooring,,44055000.0,2026-04-26,2026-05-06,,,,,0
1.1.8.4.1.5.8,Toilet Flooring Works,Tower 1,4th Floor,Finishing,Tower Finishing,Flooring,,43645000.0,2026-05-06,2026-05-16,,,,,0
1.1.8.4.1.5.9,Living Dining Flooring,Tower 1,4th Floor,Finishing,Tower Finishing,Flooring,,88595000.0,2026-05-16,2026-05-26,,,,,0
1.1.8.4.1.5.10,Temporary Door Fixing,Tower 1,4th Floor,Finishing,Tower Finishing,Door,,0.0,2026-04-14,2026-04-23,,,,,0
1.1.8.4.1.5.11,Aluminium Door Widnow Fixing,Tower 1,4th Floor,Finishing,Tower Finishing,Door,,99456652.0,2026-05-26,2026-07-05,,,,,0
1.1.8.4.1.5.12,Rehung Door Fixing,Tower 1,4th Floor,Finishing,Tower Finishing,Door,,0.0,2026-07-05,2026-07-13,,,,,0
1.1.8.4.1.5.13,Putty Primer coat,Tower 1,4th Floor,Finishing,Tower Finishing,Paint,,0.0,2026-07-13,2026-07-19,,,,,0
1.1.8.4.1.5.14,Painting First Coat,Tower 1,4th Floor,Finishing,Tower Finishing,Paint,,27525000.0,2026-07-19,2026-07-31,,,,,0
1.1.8.4.1.5.15,False ceiling works,Tower 1,4th Floor,Finishing,Tower Finishing,False Ceiling,,25740000.0,2026-07-31,2026-08-10,,,,,0
1.1.8.4.1.6,Fifth Floor ,,,,,,,,2026-04-19,2026-08-22,,,,,
1.1.8.4.1.6.1,Blockwork,Tower 1,5th Floor,Finishing,Tower Civil Finishes,Blockwork,,26731305.0,2026-04-19,2026-04-26,,,,,0
1.1.8.4.1.6.2,Internal Plumbing Works,Tower 1,5th Floor,MEP,Tower MEP,Plumbing,,80346681.4020388,2026-04-26,2026-05-02,,,,,0
1.1.8.4.1.6.3,Waterproofing Works,Tower 1,5th Floor,Finishing,Tower Civil Finishes,Waterproofing,,27810000.0,2026-04-28,2026-05-05,,,,,0
1.1.8.4.1.6.4,PCC,Tower 1,5th Floor,Civil Works- RCC,RCC,Concreting,,0.0,2026-05-05,2026-05-13,,,,,0
1.1.8.4.1.6.5,Electrical Wiring works,Tower 1,5th Floor,MEP,Tower MEP,Electrical,,76079293.0,2026-04-28,2026-05-03,,,,,0
1.1.8.4.1.6.6,Internal Plaster Works,Tower 1,5th Floor,Finishing,Tower Civil Finishes,Int Plaster,,87796250.0,2026-05-05,2026-05-08,,,,,0
1.1.8.4.1.6.7,Toilet Dado Works,Tower 1,5th Floor,Finishing,Tower Finishing,Flooring,,44055000.0,2026-05-08,2026-05-18,,,,,0
1.1.8.4.1.6.8,Toilet Flooring Works,Tower 1,5th Floor,Finishing,Tower Finishing,Flooring,,43645000.0,2026-05-18,2026-05-28,,,,,0
1.1.8.4.1.6.9,Living Dining Flooring,Tower 1,5th Floor,Finishing,Tower Finishing,Flooring,,88595000.0,2026-05-28,2026-06-07,,,,,0
1.1.8.4.1.6.10,Temporary Door Fixing,Tower 1,5th Floor,Finishing,Tower Finishing,Door,,0.0,2026-04-26,2026-05-05,,,,,0
1.1.8.4.1.6.11,Aluminium Door Widnow Fixing,Tower 1,5th Floor,Finishing,Tower Finishing,Door,,99456652.0,2026-06-07,2026-07-17,,,,,0
1.1.8.4.1.6.12,Rehung Door Fixing,Tower 1,5th Floor,Finishing,Tower Finishing,Door,,0.0,2026-07-17,2026-07-25,,,,,0
1.1.8.4.1.6.13,Putty Primer coat,Tower 1,5th Floor,Finishing,Tower Finishing,Paint,,0.0,2026-07-25,2026-07-31,,,,,0
1.1.8.4.1.6.14,Painting First Coat,Tower 1,5th Floor,Finishing,Tower Finishing,Paint,,27525000.0,2026-07-31,2026-08-12,,,,,0
1.1.8.4.1.6.15,False ceiling works,Tower 1,5th Floor,Finishing,Tower Finishing,False Ceiling,,25740000.0,2026-08-12,2026-08-22,,,,,0
1.1.8.4.1.7,Sixth Floor ,,,,,,,,2026-05-01,2026-09-03,,,,,
1.1.8.4.1.7.1,Blockwork,Tower 1,,Finishing,Tower Civil Finishes,Blockwork,,26731305.0,2026-05-01,2026-05-08,,,,,0
1.1.8.4.1.7.2,Internal Plumbing Works,Tower 1,,MEP,Tower MEP,Plumbing,,80346681.4020388,2026-05-08,2026-05-14,,,,,0
1.1.8.4.1.7.3,Waterproofing Works,Tower 1,,Finishing,Tower Civil Finishes,Waterproofing,,27810000.0,2026-05-10,2026-05-17,,,,,0
1.1.8.4.1.7.4,PCC,Tower 1,,Civil Works- RCC,RCC,Concreting,,0.0,2026-05-17,2026-05-25,,,,,0
1.1.8.4.1.7.5,Electrical Wiring works,Tower 1,,MEP,Tower MEP,Electrical,,76079293.0,2026-05-10,2026-05-15,,,,,0
1.1.8.4.1.7.6,Internal Plaster Works,Tower 1,,Finishing,Tower Civil Finishes,Int Plaster,,87796250.0,2026-05-17,2026-05-20,,,,,0
1.1.8.4.1.7.7,Toilet Dado Works,Tower 1,,Finishing,Tower Finishing,Flooring,,44055000.0,2026-05-20,2026-05-30,,,,,0
1.1.8.4.1.7.8,Toilet Flooring Works,Tower 1,,Finishing,Tower Finishing,Flooring,,43645000.0,2026-05-30,2026-06-09,,,,,0
1.1.8.4.1.7.9,Living Dining Flooring,Tower 1,,Finishing,Tower Finishing,Flooring,,88595000.0,2026-06-09,2026-06-19,,,,,0
1.1.8.4.1.7.10,Temporary Door Fixing,Tower 1,,Finishing,Tower Finishing,Door,,0.0,2026-05-08,2026-05-17,,,,,0
1.1.8.4.1.7.11,Aluminium Door Widnow Fixing,Tower 1,,Finishing,Tower Finishing,Door,,99456652.0,2026-06-19,2026-07-29,,,,,0
1.1.8.4.1.7.12,Rehung Door Fixing,Tower 1,,Finishing,Tower Finishing,Door,,0.0,2026-07-29,2026-08-06,,,,,0
1.1.8.4.1.7.13,Putty Primer coat,Tower 1,,Finishing,Tower Finishing,Paint,,0.0,2026-08-06,2026-08-12,,,,,0
1.1.8.4.1.7.14,Painting First Coat,Tower 1,,Finishing,Tower Finishing,Paint,,27525000.0,2026-08-12,2026-08-24,,,,,0
1.1.8.4.1.7.15,False ceiling works,Tower 1,,Finishing,Tower Finishing,False Ceiling,,25740000.0,2026-08-24,2026-09-03,,,,,0
1.1.8.4.1.8,Seventh Floor ,,,,,,,,2026-05-13,2026-09-13,,,,,
1.1.8.4.1.8.1,Blockwork,Tower 1,,Finishing,Tower Civil Finishes,Blockwork,,26731305.0,2026-05-13,2026-05-20,,,,,0
1.1.8.4.1.8.2,Internal Plumbing Works,Tower 1,,MEP,Tower MEP,Plumbing,,80346681.4020388,2026-05-20,2026-05-26,,,,,0
1.1.8.4.1.8.3,Waterproofing Works,Tower 1,,Finishing,Tower Civil Finishes,Waterproofing,,27810000.0,2026-05-22,2026-05-29,,,,,0
1.1.8.4.1.8.4,PCC,Tower 1,,Civil Works- RCC,RCC,Concreting,,0.0,2026-05-29,2026-06-06,,,,,0
1.1.8.4.1.8.5,Electrical Wiring works,Tower 1,,MEP,Tower MEP,Electrical,,76079293.0,2026-05-22,2026-05-27,,,,,0
1.1.8.4.1.8.6,Internal Plaster Works,Tower 1,,Finishing,Tower Civil Finishes,Int Plaster,,87796250.0,2026-05-29,2026-06-01,,,,,0
1.1.8.4.1.8.7,Toilet Dado Works,Tower 1,,Finishing,Tower Finishing,Flooring,,44055000.0,2026-06-01,2026-06-11,,,,,0
1.1.8.4.1.8.8,Toilet Flooring Works,Tower 1,,Finishing,Tower Finishing,Flooring,,43645000.0,2026-06-11,2026-06-21,,,,,0
1.1.8.4.1.8.9,Living Dining Flooring,Tower 1,,Finishing,Tower Finishing,Flooring,,88595000.0,2026-06-21,2026-07-01,,,,,0
1.1.8.4.1.8.10,Temporary Door Fixing,Tower 1,,Finishing,Tower Finishing,Door,,0.0,2026-05-20,2026-05-29,,,,,0
1.1.8.4.1.8.11,Aluminium Door Widnow Fixing,Tower 1,,Finishing,Tower Finishing,Door,,99456652.0,2026-07-01,2026-08-06,,,,,0
1.1.8.4.1.8.12,Rehung Door Fixing,Tower 1,,Finishing,Tower Finishing,Door,,0.0,2026-08-06,2026-08-14,,,,,0
1.1.8.4.1.8.13,Putty Primer coat,Tower 1,,Finishing,Tower Finishing,Paint,,0.0,2026-08-14,2026-08-20,,,,,0
1.1.8.4.1.8.14,Painting First Coat,Tower 1,,Finishing,Tower Finishing,Paint,,27525000.0,2026-08-20,2026-09-01,,,,,0
1.1.8.4.1.8.15,False ceiling works,Tower 1,,Finishing,Tower Finishing,False Ceiling,,25740000.0,2026-09-03,2026-09-13,,,,,0
1.1.8.4.1.9,Eighth Floor ,,,,,,,,2026-05-25,2026-09-23,,,,,
1.1.8.4.1.9.1,Blockwork,Tower 1,,Finishing,Tower Civil Finishes,Blockwork,,26731305.0,2026-05-25,2026-06-01,,,,,0
1.1.8.4.1.9.2,Internal Plumbing Works,Tower 1,,MEP,Tower MEP,Plumbing,,80346681.4020388,2026-06-01,2026-06-07,,,,,0
1.1.8.4.1.9.3,Waterproofing Works,Tower 1,,Finishing,Tower Civil Finishes,Waterproofing,,27810000.0,2026-06-03,2026-06-10,,,,,0
1.1.8.4.1.9.4,PCC,Tower 1,,Civil Works- RCC,RCC,Concreting,,0.0,2026-06-10,2026-06-18,,,,,0
1.1.8.4.1.9.5,Electrical Wiring works,Tower 1,,MEP,Tower MEP,Electrical,,76079293.0,2026-06-03,2026-06-08,,,,,0
1.1.8.4.1.9.6,Internal Plaster Works,Tower 1,,Finishing,Tower Civil Finishes,Int Plaster,,87796250.0,2026-06-10,2026-06-13,,,,,0
1.1.8.4.1.9.7,Toilet Dado Works,Tower 1,,Finishing,Tower Finishing,Flooring,,44055000.0,2026-06-13,2026-06-23,,,,,0
1.1.8.4.1.9.8,Toilet Flooring Works,Tower 1,,Finishing,Tower Finishing,Flooring,,43645000.0,2026-06-23,2026-07-03,,,,,0
1.1.8.4.1.9.9,Living Dining Flooring,Tower 1,,Finishing,Tower Finishing,Flooring,,88595000.0,2026-07-03,2026-07-13,,,,,0
1.1.8.4.1.9.10,Temporary Door Fixing,Tower 1,,Finishing,Tower Finishing,Door,,0.0,2026-06-01,2026-06-10,,,,,0
1.1.8.4.1.9.11,Aluminium Door Widnow Fixing,Tower 1,,Finishing,Tower Finishing,Door,,99456652.0,2026-07-13,2026-08-18,,,,,0
1.1.8.4.1.9.12,Rehung Door Fixing,Tower 1,,Finishing,Tower Finishing,Door,,0.0,2026-08-18,2026-08-26,,,,,0
1.1.8.4.1.9.13,Putty Primer coat,Tower 1,,Finishing,Tower Finishing,Paint,,0.0,2026-08-26,2026-09-01,,,,,0
1.1.8.4.1.9.14,Painting First Coat,Tower 1,,Finishing,Tower Finishing,Paint,,27525000.0,2026-09-01,2026-09-13,,,,,0
1.1.8.4.1.9.15,False ceiling works,Tower 1,,Finishing,Tower Finishing,False Ceiling,,25740000.0,2026-09-13,2026-09-23,,,,,0
1.1.8.4.1.10,Ninth Floor ,,,,,,,,2026-06-06,2026-10-03,,,,,
1.1.8.4.1.10.1,Blockwork,Tower 1,,Finishing,Tower Civil Finishes,Blockwork,,26731305.0,2026-06-06,2026-06-13,,,,,0
1.1.8.4.1.10.2,Internal Plumbing Works,Tower 1,,MEP,Tower MEP,Plumbing,,80346681.4020388,2026-06-13,2026-06-19,,,,,0
1.1.8.4.1.10.3,Waterproofing Works,Tower 1,,Finishing,Tower Civil Finishes,Waterproofing,,27810000.0,2026-06-15,2026-06-22,,,,,0
1.1.8.4.1.10.4,PCC,Tower 1,,Civil Works- RCC,RCC,Concreting,,0.0,2026-06-22,2026-06-30,,,,,0
1.1.8.4.1.10.5,Electrical Wiring works,Tower 1,,MEP,Tower MEP,Electrical,,76079293.0,2026-06-15,2026-06-20,,,,,0
1.1.8.4.1.10.6,Internal Plaster Works,Tower 1,,Finishing,Tower Civil Finishes,Int Plaster,,87796250.0,2026-06-22,2026-06-25,,,,,0
1.1.8.4.1.10.7,Toilet Dado Works,Tower 1,,Finishing,Tower Finishing,Flooring,,44055000.0,2026-06-25,2026-07-05,,,,,0
1.1.8.4.1.10.8,Toilet Flooring Works,Tower 1,,Finishing,Tower Finishing,Flooring,,43645000.0,2026-07-05,2026-07-15,,,,,0
1.1.8.4.1.10.9,Living Dining Flooring,Tower 1,,Finishing,Tower Finishing,Flooring,,88595000.0,2026-07-15,2026-07-25,,,,,0
1.1.8.4.1.10.10,Temporary Door Fixing,Tower 1,,Finishing,Tower Finishing,Door,,0.0,2026-06-13,2026-06-22,,,,,0
1.1.8.4.1.10.11,Aluminium Door Widnow Fixing,Tower 1,,Finishing,Tower Finishing,Door,,99456652.0,2026-07-25,2026-08-25,,,,,0
1.1.8.4.1.10.12,Rehung Door Fixing,Tower 1,,Finishing,Tower Finishing,Door,,0.0,2026-08-25,2026-09-02,,,,,0
1.1.8.4.1.10.13,Putty Primer coat,Tower 1,,Finishing,Tower Finishing,Paint,,0.0,2026-09-02,2026-09-08,,,,,0
1.1.8.4.1.10.14,Painting First Coat,Tower 1,,Finishing,Tower Finishing,Paint,,27525000.0,2026-09-08,2026-09-20,,,,,0
1.1.8.4.1.10.15,False ceiling works,Tower 1,,Finishing,Tower Finishing,False Ceiling,,25740000.0,2026-09-23,2026-10-03,,,,,0
1.1.8.4.1.11,Tenth Floor ,,,,,,,,2026-06-18,2026-10-13,,,,,
1.1.8.4.1.11.1,Blockwork,Tower 1,,Finishing,Tower Civil Finishes,Blockwork,,26731305.0,2026-06-18,2026-06-25,,,,,0
1.1.8.4.1.11.2,Internal Plumbing Works,Tower 1,,MEP,Tower MEP,Plumbing,,80346681.4020388,2026-06-25,2026-07-01,,,,,0
1.1.8.4.1.11.3,Waterproofing Works,Tower 1,,Finishing,Tower Civil Finishes,Waterproofing,,27810000.0,2026-06-27,2026-07-04,,,,,0
1.1.8.4.1.11.4,PCC,Tower 1,,Civil Works- RCC,RCC,Concreting,,0.0,2026-07-04,2026-07-12,,,,,0
1.1.8.4.1.11.5,Electrical Wiring works,Tower 1,,MEP,Tower MEP,Electrical,,76079293.0,2026-06-27,2026-07-02,,,,,0
1.1.8.4.1.11.6,Internal Plaster Works,Tower 1,,Finishing,Tower Civil Finishes,Int Plaster,,87796250.0,2026-07-04,2026-07-07,,,,,0
1.1.8.4.1.11.7,Toilet Dado Works,Tower 1,,Finishing,Tower Finishing,Flooring,,44055000.0,2026-07-07,2026-07-17,,,,,0
1.1.8.4.1.11.8,Toilet Flooring Works,Tower 1,,Finishing,Tower Finishing,Flooring,,43645000.0,2026-07-17,2026-07-27,,,,,0
1.1.8.4.1.11.9,Living Dining Flooring,Tower 1,,Finishing,Tower Finishing,Flooring,,88595000.0,2026-07-27,2026-08-06,,,,,0
1.1.8.4.1.11.10,Temporary Door Fixing,Tower 1,,Finishing,Tower Finishing,Door,,0.0,2026-06-25,2026-07-04,,,,,0
1.1.8.4.1.11.11,Aluminium Door Widnow Fixing,Tower 1,,Finishing,Tower Finishing,Door,,99456652.0,2026-08-06,2026-09-06,,,,,0
1.1.8.4.1.11.12,Rehung Door Fixing,Tower 1,,Finishing,Tower Finishing,Door,,0.0,2026-09-06,2026-09-14,,,,,0
1.1.8.4.1.11.13,Putty Primer coat,Tower 1,,Finishing,Tower Finishing,Paint,,0.0,2026-09-14,2026-09-20,,,,,0
1.1.8.4.1.11.14,Painting First Coat,Tower 1,,Finishing,Tower Finishing,Paint,,27525000.0,2026-09-20,2026-10-02,,,,,0
1.1.8.4.1.11.15,False ceiling works,Tower 1,,Finishing,Tower Finishing,False Ceiling,,25740000.0,2026-10-03,2026-10-13,,,,,0
1.1.8.4.1.12,Eleventh Floor ,,,,,,,,2026-06-25,2026-10-23,,,,,
1.1.8.4.1.12.1,Blockwork,Tower 1,,Finishing,Tower Civil Finishes,Blockwork,,26731305.0,2026-06-25,2026-07-02,,,,,0
1.1.8.4.1.12.2,Internal Plumbing Works,Tower 1,,MEP,Tower MEP,Plumbing,,80346681.4020388,2026-07-02,2026-07-08,,,,,0
1.1.8.4.1.12.3,Waterproofing Works,Tower 1,,Finishing,Tower Civil Finishes,Waterproofing,,27810000.0,2026-07-04,2026-07-11,,,,,0
1.1.8.4.1.12.4,PCC,Tower 1,,Civil Works- RCC,RCC,Concreting,,0.0,2026-07-11,2026-07-19,,,,,0
1.1.8.4.1.12.5,Electrical Wiring works,Tower 1,,MEP,Tower MEP,Electrical,,76079293.0,2026-07-04,2026-07-09,,,,,0
1.1.8.4.1.12.6,Internal Plaster Works,Tower 1,,Finishing,Tower Civil Finishes,Int Plaster,,87796250.0,2026-07-11,2026-07-14,,,,,0
1.1.8.4.1.12.7,Toilet Dado Works,Tower 1,,Finishing,Tower Finishing,Flooring,,44055000.0,2026-07-14,2026-07-24,,,,,0
1.1.8.4.1.12.8,Toilet Flooring Works,Tower 1,,Finishing,Tower Finishing,Flooring,,43645000.0,2026-07-24,2026-08-03,,,,,0
1.1.8.4.1.12.9,Living Dining Flooring,Tower 1,,Finishing,Tower Finishing,Flooring,,88595000.0,2026-08-03,2026-08-13,,,,,0
1.1.8.4.1.12.10,Temporary Door Fixing,Tower 1,,Finishing,Tower Finishing,Door,,0.0,2026-07-02,2026-07-11,,,,,0
1.1.8.4.1.12.11,Aluminium Door Widnow Fixing,Tower 1,,Finishing,Tower Finishing,Door,,99456652.0,2026-08-13,2026-09-13,,,,,0
1.1.8.4.1.12.12,Rehung Door Fixing,Tower 1,,Finishing,Tower Finishing,Door,,0.0,2026-09-13,2026-09-21,,,,,0
1.1.8.4.1.12.13,Putty Primer coat,Tower 1,,Finishing,Tower Finishing,Paint,,0.0,2026-09-21,2026-09-27,,,,,0
1.1.8.4.1.12.14,Painting First Coat,Tower 1,,Finishing,Tower Finishing,Paint,,27525000.0,2026-09-27,2026-10-09,,,,,0
1.1.8.4.1.12.15,False ceiling works,Tower 1,,Finishing,Tower Finishing,False Ceiling,,25740000.0,2026-10-13,2026-10-23,,,,,0
1.1.8.4.1.13,Twelth Floor ,,,,,,,,2026-07-12,2026-12-20,,,,,
1.1.8.4.1.13.1,Blockwork,Tower 1,,Finishing,Tower Civil Finishes,Blockwork,,26731305.0,2026-07-12,2026-07-19,,,,,0
1.1.8.4.1.13.2,Internal Plumbing Works,Tower 1,,MEP,Tower MEP,Plumbing,,80346681.4020388,2026-07-19,2026-07-25,,,,,0
1.1.8.4.1.13.3,Waterproofing Works,Tower 1,,Finishing,Tower Civil Finishes,Waterproofing,,27810000.0,2026-07-21,2026-07-28,,,,,0
1.1.8.4.1.13.4,PCC,Tower 1,,Civil Works- RCC,RCC,Concreting,,0.0,2026-07-28,2026-08-05,,,,,0
1.1.8.4.1.13.5,Electrical Wiring works,Tower 1,,MEP,Tower MEP,Electrical,,76079293.0,2026-07-21,2026-07-26,,,,,0
1.1.8.4.1.13.6,Internal Plaster Works,Tower 1,,Finishing,Tower Civil Finishes,Int Plaster,,87796250.0,2026-07-28,2026-07-31,,,,,0
1.1.8.4.1.13.7,Toilet Dado Works,Tower 1,,Finishing,Tower Finishing,Flooring,,44055000.0,2026-07-31,2026-08-10,,,,,0
1.1.8.4.1.13.8,Toilet Flooring Works,Tower 1,,Finishing,Tower Finishing,Flooring,,43645000.0,2026-08-10,2026-08-20,,,,,0
1.1.8.4.1.13.9,Living Dining Flooring,Tower 1,,Finishing,Tower Finishing,Flooring,,88595000.0,2026-08-20,2026-08-30,,,,,0
1.1.8.4.1.13.10,Temporary Door Fixing,Tower 1,,Finishing,Tower Finishing,Door,,0.0,2026-07-19,2026-07-28,,,,,0
1.1.8.4.1.13.11,Aluminium Door Widnow Fixing,Tower 1,,Finishing,Tower Finishing,Door,,99456652.0,2026-08-30,2026-09-30,,,,,0
1.1.8.4.1.13.12,Rehung Door Fixing,Tower 1,,Finishing,Tower Finishing,Door,,0.0,2026-09-30,2026-10-08,,,,,0
1.1.8.4.1.13.13,Putty Primer coat,Tower 1,,Finishing,Tower Finishing,Paint,,0.0,2026-10-08,2026-10-14,,,,,0
1.1.8.4.1.13.14,Painting First Coat,Tower 1,,Finishing,Tower Finishing,Paint,,27525000.0,2026-10-14,2026-10-26,,,,,0
1.1.8.4.1.13.15,False ceiling works,Tower 1,,Finishing,Tower Finishing,False Ceiling,,25740000.0,2026-10-26,2026-12-20,,,,,0
1.1.8.4.1.14,Thirteen Floor ,,,,,,,,2026-07-29,2027-01-06,,,,,
1.1.8.4.1.14.1,Blockwork,Tower 1,,Finishing,Tower Civil Finishes,Blockwork,,26731305.0,2026-07-29,2026-08-05,,,,,0
1.1.8.4.1.14.2,Internal Plumbing Works,Tower 1,,MEP,Tower MEP,Plumbing,,80346681.4020388,2026-08-05,2026-08-11,,,,,0
1.1.8.4.1.14.3,Waterproofing Works,Tower 1,,Finishing,Tower Civil Finishes,Waterproofing,,27810000.0,2026-08-07,2026-08-14,,,,,0
1.1.8.4.1.14.4,PCC,Tower 1,,Civil Works- RCC,RCC,Concreting,,0.0,2026-08-14,2026-08-22,,,,,0
1.1.8.4.1.14.5,Electrical Wiring works,Tower 1,,MEP,Tower MEP,Electrical,,76079293.0,2026-08-07,2026-08-12,,,,,0
1.1.8.4.1.14.6,Internal Plaster Works,Tower 1,,Finishing,Tower Civil Finishes,Int Plaster,,87796250.0,2026-08-14,2026-08-17,,,,,0
1.1.8.4.1.14.7,Toilet Dado Works,Tower 1,,Finishing,Tower Finishing,Flooring,,44055000.0,2026-08-17,2026-08-27,,,,,0
1.1.8.4.1.14.8,Toilet Flooring Works,Tower 1,,Finishing,Tower Finishing,Flooring,,43645000.0,2026-08-27,2026-09-06,,,,,0
1.1.8.4.1.14.9,Living Dining Flooring,Tower 1,,Finishing,Tower Finishing,Flooring,,88595000.0,2026-09-06,2026-09-16,,,,,0
1.1.8.4.1.14.10,Temporary Door Fixing,Tower 1,,Finishing,Tower Finishing,Door,,0.0,2026-08-05,2026-08-14,,,,,0
1.1.8.4.1.14.11,Aluminium Door Widnow Fixing,Tower 1,,Finishing,Tower Finishing,Door,,99456652.0,2026-09-16,2026-10-17,,,,,0
1.1.8.4.1.14.12,Rehung Door Fixing,Tower 1,,Finishing,Tower Finishing,Door,,0.0,2026-10-17,2026-10-25,,,,,0
1.1.8.4.1.14.13,Putty Primer coat,Tower 1,,Finishing,Tower Finishing,Paint,,0.0,2026-10-25,2026-10-31,,,,,0
1.1.8.4.1.14.14,Painting First Coat,Tower 1,,Finishing,Tower Finishing,Paint,,27525000.0,2026-10-31,2026-12-27,,,,,0
1.1.8.4.1.14.15,False ceiling works,Tower 1,,Finishing,Tower Finishing,False Ceiling,,25740000.0,2026-12-27,2027-01-06,,,,,0
1.1.8.4.1.15,Fourteen Floor ,,,,,,,,2026-08-10,2027-01-18,,,,,
1.1.8.4.1.15.1,Blockwork,Tower 1,,Finishing,Tower Civil Finishes,Blockwork,,26731305.0,2026-08-10,2026-08-17,,,,,0
1.1.8.4.1.15.2,Internal Plumbing Works,Tower 1,,MEP,Tower MEP,Plumbing,,80346681.4020388,2026-08-17,2026-08-23,,,,,0
1.1.8.4.1.15.3,Waterproofing Works,Tower 1,,Finishing,Tower Civil Finishes,Waterproofing,,27810000.0,2026-08-19,2026-08-26,,,,,0
1.1.8.4.1.15.4,PCC,Tower 1,,Civil Works- RCC,RCC,Concreting,,0.0,2026-08-26,2026-09-03,,,,,0
1.1.8.4.1.15.5,Electrical Wiring works,Tower 1,,MEP,Tower MEP,Electrical,,76079293.0,2026-08-19,2026-08-24,,,,,0
1.1.8.4.1.15.6,Internal Plaster Works,Tower 1,,Finishing,Tower Civil Finishes,Int Plaster,,87796250.0,2026-08-26,2026-08-29,,,,,0
1.1.8.4.1.15.7,Toilet Dado Works,Tower 1,,Finishing,Tower Finishing,Flooring,,44055000.0,2026-08-29,2026-09-08,,,,,0
1.1.8.4.1.15.8,Toilet Flooring Works,Tower 1,,Finishing,Tower Finishing,Flooring,,43645000.0,2026-09-08,2026-09-18,,,,,0
1.1.8.4.1.15.9,Living Dining Flooring,Tower 1,,Finishing,Tower Finishing,Flooring,,88595000.0,2026-09-18,2026-09-28,,,,,0
1.1.8.4.1.15.10,Temporary Door Fixing,Tower 1,,Finishing,Tower Finishing,Door,,0.0,2026-08-17,2026-08-26,,,,,0
1.1.8.4.1.15.11,Aluminium Door Widnow Fixing,Tower 1,,Finishing,Tower Finishing,Door,,99456652.0,2026-09-28,2026-10-29,,,,,0
1.1.8.4.1.15.12,Rehung Door Fixing,Tower 1,,Finishing,Tower Finishing,Door,,0.0,2026-10-29,2026-12-21,,,,,0
1.1.8.4.1.15.13,Putty Primer coat,Tower 1,,Finishing,Tower Finishing,Paint,,0.0,2026-12-21,2026-12-27,,,,,0
1.1.8.4.1.15.14,Painting First Coat,Tower 1,,Finishing,Tower Finishing,Paint,,27525000.0,2026-12-27,2027-01-08,,,,,0
1.1.8.4.1.15.15,False ceiling works,Tower 1,,Finishing,Tower Finishing,False Ceiling,,25740000.0,2027-01-08,2027-01-18,,,,,0
1.1.8.4.1.16,Fifteen Floor ,,,,,,,,2026-08-22,2027-01-30,,,,,
1.1.8.4.1.16.1,Blockwork,Tower 1,,Finishing,Tower Civil Finishes,Blockwork,,26731305.0,2026-08-22,2026-08-29,,,,,0
1.1.8.4.1.16.2,Internal Plumbing Works,Tower 1,,MEP,Tower MEP,Plumbing,,80346681.4020388,2026-08-29,2026-09-04,,,,,0
1.1.8.4.1.16.3,Waterproofing Works,Tower 1,,Finishing,Tower Civil Finishes,Waterproofing,,27810000.0,2026-08-31,2026-09-07,,,,,0
1.1.8.4.1.16.4,PCC,Tower 1,,Civil Works- RCC,RCC,Concreting,,0.0,2026-09-07,2026-09-15,,,,,0
1.1.8.4.1.16.5,Electrical Wiring works,Tower 1,,MEP,Tower MEP,Electrical,,76079293.0,2026-08-31,2026-09-05,,,,,0
1.1.8.4.1.16.6,Internal Plaster Works,Tower 1,,Finishing,Tower Civil Finishes,Int Plaster,,87796250.0,2026-09-07,2026-09-10,,,,,0
1.1.8.4.1.16.7,Toilet Dado Works,Tower 1,,Finishing,Tower Finishing,Flooring,,44055000.0,2026-09-10,2026-09-20,,,,,0
1.1.8.4.1.16.8,Toilet Flooring Works,Tower 1,,Finishing,Tower Finishing,Flooring,,43645000.0,2026-09-20,2026-09-30,,,,,0
1.1.8.4.1.16.9,Living Dining Flooring,Tower 1,,Finishing,Tower Finishing,Flooring,,88595000.0,2026-09-30,2026-10-10,,,,,0
1.1.8.4.1.16.10,Temporary Door Fixing,Tower 1,,Finishing,Tower Finishing,Door,,0.0,2026-08-29,2026-09-07,,,,,0
1.1.8.4.1.16.11,Aluminium Door Widnow Fixing,Tower 1,,Finishing,Tower Finishing,Door,,99456652.0,2026-10-10,2026-12-25,,,,,0
1.1.8.4.1.16.12,Rehung Door Fixing,Tower 1,,Finishing,Tower Finishing,Door,,0.0,2026-12-25,2027-01-02,,,,,0
1.1.8.4.1.16.13,Putty Primer coat,Tower 1,,Finishing,Tower Finishing,Paint,,0.0,2027-01-02,2027-01-08,,,,,0
1.1.8.4.1.16.14,Painting First Coat,Tower 1,,Finishing,Tower Finishing,Paint,,27525000.0,2027-01-08,2027-01-20,,,,,0
1.1.8.4.1.16.15,False ceiling works,Tower 1,,Finishing,Tower Finishing,False Ceiling,,25740000.0,2027-01-20,2027-01-30,,,,,0
1.1.8.4.1.17,Sixteen Floor ,,,,,,,,2026-08-29,2027-02-09,,,,,
1.1.8.4.1.17.1,Blockwork,Tower 1,,Finishing,Tower Civil Finishes,Blockwork,,26731305.0,2026-08-29,2026-09-05,,,,,0
1.1.8.4.1.17.2,Internal Plumbing Works,Tower 1,,MEP,Tower MEP,Plumbing,,80346681.4020388,2026-09-05,2026-09-11,,,,,0
1.1.8.4.1.17.3,Waterproofing Works,Tower 1,,Finishing,Tower Civil Finishes,Waterproofing,,27810000.0,2026-09-07,2026-09-14,,,,,0
1.1.8.4.1.17.4,PCC,Tower 1,,Civil Works- RCC,RCC,Concreting,,0.0,2026-09-14,2026-09-22,,,,,0
1.1.8.4.1.17.5,Electrical Wiring works,Tower 1,,MEP,Tower MEP,Electrical,,76079293.0,2026-09-07,2026-09-12,,,,,0
1.1.8.4.1.17.6,Internal Plaster Works,Tower 1,,Finishing,Tower Civil Finishes,Int Plaster,,87796250.0,2026-09-14,2026-09-17,,,,,0
1.1.8.4.1.17.7,Toilet Dado Works,Tower 1,,Finishing,Tower Finishing,Flooring,,44055000.0,2026-09-17,2026-09-27,,,,,0
1.1.8.4.1.17.8,Toilet Flooring Works,Tower 1,,Finishing,Tower Finishing,Flooring,,43645000.0,2026-09-27,2026-10-07,,,,,0
1.1.8.4.1.17.9,Living Dining Flooring,Tower 1,,Finishing,Tower Finishing,Flooring,,88595000.0,2026-10-07,2026-10-17,,,,,0
1.1.8.4.1.17.10,Temporary Door Fixing,Tower 1,,Finishing,Tower Finishing,Door,,0.0,2026-09-05,2026-09-14,,,,,0
1.1.8.4.1.17.11,Aluminium Door Widnow Fixing,Tower 1,,Finishing,Tower Finishing,Door,,99456652.0,2026-10-17,2027-01-01,,,,,0
1.1.8.4.1.17.12,Rehung Door Fixing,Tower 1,,Finishing,Tower Finishing,Door,,0.0,2027-01-01,2027-01-09,,,,,0
1.1.8.4.1.17.13,Putty Primer coat,Tower 1,,Finishing,Tower Finishing,Paint,,0.0,2027-01-09,2027-01-15,,,,,0
1.1.8.4.1.17.14,Painting First Coat,Tower 1,,Finishing,Tower Finishing,Paint,,27525000.0,2027-01-15,2027-01-27,,,,,0
1.1.8.4.1.17.15,False ceiling works,Tower 1,,Finishing,Tower Finishing,False Ceiling,,25740000.0,2027-01-30,2027-02-09,,,,,0
1.1.8.4.1.18,Seventeen Floor ,,,,,,,,2026-09-13,2027-02-19,,,,,
1.1.8.4.1.18.1,Blockwork,Tower 1,,Finishing,Tower Civil Finishes,Blockwork,,26731305.0,2026-09-13,2026-09-20,,,,,0
1.1.8.4.1.18.2,Internal Plumbing Works,Tower 1,,MEP,Tower MEP,Plumbing,,80346681.4020388,2026-09-20,2026-09-26,,,,,0
1.1.8.4.1.18.3,Waterproofing Works,Tower 1,,Finishing,Tower Civil Finishes,Waterproofing,,27810000.0,2026-09-22,2026-09-29,,,,,0
1.1.8.4.1.18.4,PCC,Tower 1,,Civil Works- RCC,RCC,Concreting,,0.0,2026-09-29,2026-10-07,,,,,0
1.1.8.4.1.18.5,Electrical Wiring works,Tower 1,,MEP,Tower MEP,Electrical,,76079293.0,2026-09-22,2026-09-27,,,,,0
1.1.8.4.1.18.6,Internal Plaster Works,Tower 1,,Finishing,Tower Civil Finishes,Int Plaster,,87796250.0,2026-09-29,2026-10-02,,,,,0
1.1.8.4.1.18.7,Toilet Dado Works,Tower 1,,Finishing,Tower Finishing,Flooring,,44055000.0,2026-10-02,2026-10-12,,,,,0
1.1.8.4.1.18.8,Toilet Flooring Works,Tower 1,,Finishing,Tower Finishing,Flooring,,43645000.0,2026-10-12,2026-10-22,,,,,0
1.1.8.4.1.18.9,Living Dining Flooring,Tower 1,,Finishing,Tower Finishing,Flooring,,88595000.0,2026-10-22,2026-12-16,,,,,0
1.1.8.4.1.18.10,Temporary Door Fixing,Tower 1,,Finishing,Tower Finishing,Door,,0.0,2026-09-20,2026-09-29,,,,,0
1.1.8.4.1.18.11,Aluminium Door Widnow Fixing,Tower 1,,Finishing,Tower Finishing,Door,,99456652.0,2026-12-16,2027-01-13,,,,,0
1.1.8.4.1.18.12,Rehung Door Fixing,Tower 1,,Finishing,Tower Finishing,Door,,0.0,2027-01-13,2027-01-21,,,,,0
1.1.8.4.1.18.13,Putty Primer coat,Tower 1,,Finishing,Tower Finishing,Paint,,0.0,2027-01-21,2027-01-27,,,,,0
1.1.8.4.1.18.14,Painting First Coat,Tower 1,,Finishing,Tower Finishing,Paint,,27525000.0,2027-01-27,2027-02-08,,,,,0
1.1.8.4.1.18.15,False ceiling works,Tower 1,,Finishing,Tower Finishing,False Ceiling,,25740000.0,2027-02-09,2027-02-19,,,,,0
1.1.8.4.1.19,Eighteenth Floor ,,,,,,,,2026-09-24,2027-03-01,,,,,
1.1.8.4.1.19.1,Blockwork,Tower 1,,Finishing,Tower Civil Finishes,Blockwork,,26731305.0,2026-09-24,2026-09-28,,,,,0
1.1.8.4.1.19.2,Internal Plumbing Works,Tower 1,,MEP,Tower MEP,Plumbing,,80346681.4020388,2026-09-28,2026-10-04,,,,,0
1.1.8.4.1.19.3,Waterproofing Works,Tower 1,,Finishing,Tower Civil Finishes,Waterproofing,,27810000.0,2026-09-30,2026-10-07,,,,,0
1.1.8.4.1.19.4,PCC,Tower 1,,Civil Works- RCC,RCC,Concreting,,0.0,2026-10-07,2026-10-15,,,,,0
1.1.8.4.1.19.5,Electrical Wiring works,Tower 1,,MEP,Tower MEP,Electrical,,76079293.0,2026-09-30,2026-10-05,,,,,0
1.1.8.4.1.19.6,Internal Plaster Works,Tower 1,,Finishing,Tower Civil Finishes,Int Plaster,,87796250.0,2026-10-05,2026-10-08,,,,,0
1.1.8.4.1.19.7,Toilet Dado Works,Tower 1,,Finishing,Tower Finishing,Flooring,,44055000.0,2026-10-08,2026-10-18,,,,,0
1.1.8.4.1.19.8,Toilet Flooring Works,Tower 1,,Finishing,Tower Finishing,Flooring,,43645000.0,2026-10-18,2026-10-28,,,,,0
1.1.8.4.1.19.9,Living Dining Flooring,Tower 1,,Finishing,Tower Finishing,Flooring,,88595000.0,2026-10-28,2026-12-22,,,,,0
1.1.8.4.1.19.10,Temporary Door Fixing,Tower 1,,Finishing,Tower Finishing,Door,,0.0,2026-09-28,2026-10-07,,,,,0
1.1.8.4.1.19.11,Aluminium Door Widnow Fixing,Tower 1,,Finishing,Tower Finishing,Door,,99456652.0,2026-12-22,2027-01-18,,,,,0
1.1.8.4.1.19.12,Rehung Door Fixing,Tower 1,,Finishing,Tower Finishing,Door,,0.0,2027-01-18,2027-01-26,,,,,0
1.1.8.4.1.19.13,Putty Primer coat,Tower 1,,Finishing,Tower Finishing,Paint,,0.0,2027-01-26,2027-02-01,,,,,0
1.1.8.4.1.19.14,Painting First Coat,Tower 1,,Finishing,Tower Finishing,Paint,,27525000.0,2027-02-01,2027-02-13,,,,,0
1.1.8.4.1.19.15,False ceiling works,Tower 1,,Finishing,Tower Finishing,False Ceiling,,25740000.0,2027-02-19,2027-03-01,,,,,0
1.1.8.4.1.20,Ninteenth Floor ,,,,,,,,2026-10-01,2027-03-11,,,,,
1.1.8.4.1.20.1,Blockwork,Tower 1,,Finishing,Tower Civil Finishes,Blockwork,,26731305.0,2026-10-01,2026-10-05,,,,,0
1.1.8.4.1.20.2,Internal Plumbing Works,Tower 1,,MEP,Tower MEP,Plumbing,,80346681.4020388,2026-10-05,2026-10-11,,,,,0
1.1.8.4.1.20.3,Waterproofing Works,Tower 1,,Finishing,Tower Civil Finishes,Waterproofing,,27810000.0,2026-10-07,2026-10-14,,,,,0
1.1.8.4.1.20.4,PCC,Tower 1,,Civil Works- RCC,RCC,Concreting,,0.0,2026-10-14,2026-10-22,,,,,0
1.1.8.4.1.20.5,Electrical Wiring works,Tower 1,,MEP,Tower MEP,Electrical,,76079293.0,2026-10-07,2026-10-12,,,,,0
1.1.8.4.1.20.6,Internal Plaster Works,Tower 1,,Finishing,Tower Civil Finishes,Int Plaster,,87796250.0,2026-10-12,2026-10-15,,,,,0
1.1.8.4.1.20.7,Toilet Dado Works,Tower 1,,Finishing,Tower Finishing,Flooring,,44055000.0,2026-10-15,2026-10-25,,,,,0
1.1.8.4.1.20.8,Toilet Flooring Works,Tower 1,,Finishing,Tower Finishing,Flooring,,43645000.0,2026-10-25,2026-12-19,,,,,0
1.1.8.4.1.20.9,Living Dining Flooring,Tower 1,,Finishing,Tower Finishing,Flooring,,88595000.0,2026-12-19,2026-12-29,,,,,0
1.1.8.4.1.20.10,Temporary Door Fixing,Tower 1,,Finishing,Tower Finishing,Door,,0.0,2026-10-05,2026-10-14,,,,,0
1.1.8.4.1.20.11,Aluminium Door Widnow Fixing,Tower 1,,Finishing,Tower Finishing,Door,,99456652.0,2026-12-29,2027-02-02,,,,,0
1.1.8.4.1.20.12,Rehung Door Fixing,Tower 1,,Finishing,Tower Finishing,Door,,0.0,2027-02-02,2027-02-10,,,,,0
1.1.8.4.1.20.13,Putty Primer coat,Tower 1,,Finishing,Tower Finishing,Paint,,0.0,2027-02-10,2027-02-16,,,,,0
1.1.8.4.1.20.14,Painting First Coat,Tower 1,,Finishing,Tower Finishing,Paint,,27525000.0,2027-02-16,2027-02-28,,,,,0
1.1.8.4.1.20.15,False ceiling works,Tower 1,,Finishing,Tower Finishing,False Ceiling,,25740000.0,2027-03-01,2027-03-11,,,,,0
1.1.8.4.1.21,Twenty Floor ,,,,,,,,2026-10-16,2027-03-27,,,,,
1.1.8.4.1.21.1,Blockwork,Tower 1,,Finishing,Tower Civil Finishes,Blockwork,,26731305.0,2026-10-16,2026-10-20,,,,,0
1.1.8.4.1.21.2,Internal Plumbing Works,Tower 1,,MEP,Tower MEP,Plumbing,,80346681.4020388,2026-10-20,2026-10-26,,,,,0
1.1.8.4.1.21.3,Waterproofing Works,Tower 1,,Finishing,Tower Civil Finishes,Waterproofing,,27810000.0,2026-10-22,2026-10-29,,,,,0
1.1.8.4.1.21.4,PCC,Tower 1,,Civil Works- RCC,RCC,Concreting,,0.0,2026-10-29,2026-12-21,,,,,0
1.1.8.4.1.21.5,Electrical Wiring works,Tower 1,,MEP,Tower MEP,Electrical,,76079293.0,2026-10-22,2026-10-27,,,,,0
1.1.8.4.1.21.6,Internal Plaster Works,Tower 1,,Finishing,Tower Civil Finishes,Int Plaster,,87796250.0,2026-10-29,2026-12-16,,,,,0
1.1.8.4.1.21.7,Toilet Dado Works,Tower 1,,Finishing,Tower Finishing,Flooring,,44055000.0,2026-12-16,2026-12-26,,,,,0
1.1.8.4.1.21.8,Toilet Flooring Works,Tower 1,,Finishing,Tower Finishing,Flooring,,43645000.0,2026-12-26,2027-01-05,,,,,0
1.1.8.4.1.21.9,Living Dining Flooring,Tower 1,,Finishing,Tower Finishing,Flooring,,88595000.0,2027-01-05,2027-01-15,,,,,0
1.1.8.4.1.21.10,Temporary Door Fixing,Tower 1,,Finishing,Tower Finishing,Door,,0.0,2026-10-20,2026-10-29,,,,,0
1.1.8.4.1.21.11,Aluminium Door Widnow Fixing,Tower 1,,Finishing,Tower Finishing,Door,,99456652.0,2027-01-15,2027-02-19,,,,,0
1.1.8.4.1.21.12,Rehung Door Fixing,Tower 1,,Finishing,Tower Finishing,Door,,0.0,2027-02-19,2027-02-27,,,,,0
1.1.8.4.1.21.13,Putty Primer coat,Tower 1,,Finishing,Tower Finishing,Paint,,0.0,2027-02-27,2027-03-05,,,,,0
1.1.8.4.1.21.14,Painting First Coat,Tower 1,,Finishing,Tower Finishing,Paint,,27525000.0,2027-03-05,2027-03-17,,,,,0
1.1.8.4.1.21.15,False ceiling works,Tower 1,,Finishing,Tower Finishing,False Ceiling,,25740000.0,2027-03-17,2027-03-27,,,,,0
1.1.8.4.1.22,Twentyone Floor ,,,,,,,,2026-10-27,2027-04-06,,,,,
1.1.8.4.1.22.1,Blockwork,Tower 1,,Finishing,Tower Civil Finishes,Blockwork,,26731305.0,2026-10-27,2026-10-31,,,,,0
1.1.8.4.1.22.2,Internal Plumbing Works,Tower 1,,MEP,Tower MEP,Plumbing,,80346681.4020388,2026-10-31,2026-12-21,,,,,0
1.1.8.4.1.22.3,Waterproofing Works,Tower 1,,Finishing,Tower Civil Finishes,Waterproofing,,27810000.0,2026-12-17,2026-12-24,,,,,0
1.1.8.4.1.22.4,PCC,Tower 1,,Civil Works- RCC,RCC,Concreting,,0.0,2026-12-24,2027-01-01,,,,,0
1.1.8.4.1.22.5,Electrical Wiring works,Tower 1,,MEP,Tower MEP,Electrical,,76079293.0,2026-12-17,2026-12-22,,,,,0
1.1.8.4.1.22.6,Internal Plaster Works,Tower 1,,Finishing,Tower Civil Finishes,Int Plaster,,87796250.0,2026-12-22,2026-12-25,,,,,0
1.1.8.4.1.22.7,Toilet Dado Works,Tower 1,,Finishing,Tower Finishing,Flooring,,44055000.0,2026-12-25,2027-01-04,,,,,0
1.1.8.4.1.22.8,Toilet Flooring Works,Tower 1,,Finishing,Tower Finishing,Flooring,,43645000.0,2027-01-04,2027-01-14,,,,,0
1.1.8.4.1.22.9,Living Dining Flooring,Tower 1,,Finishing,Tower Finishing,Flooring,,88595000.0,2027-01-14,2027-01-21,,,,,0
1.1.8.4.1.22.10,Temporary Door Fixing,Tower 1,,Finishing,Tower Finishing,Door,,0.0,2026-10-31,2026-12-24,,,,,0
1.1.8.4.1.22.11,Aluminium Door Widnow Fixing,Tower 1,,Finishing,Tower Finishing,Door,,99456652.0,2027-01-21,2027-02-25,,,,,0
1.1.8.4.1.22.12,Rehung Door Fixing,Tower 1,,Finishing,Tower Finishing,Door,,0.0,2027-02-25,2027-03-05,,,,,0
1.1.8.4.1.22.13,Putty Primer coat,Tower 1,,Finishing,Tower Finishing,Paint,,0.0,2027-03-05,2027-03-11,,,,,0
1.1.8.4.1.22.14,Painting First Coat,Tower 1,,Finishing,Tower Finishing,Paint,,27525000.0,2027-03-11,2027-03-23,,,,,0
1.1.8.4.1.22.15,False ceiling works,Tower 1,,Finishing,Tower Finishing,False Ceiling,,25740000.0,2027-03-27,2027-04-06,,,,,0
1.1.8.4.1.23,Twenty two  Floor ,,,,,,,,2027-01-04,2027-04-23,,,,,
1.1.8.4.1.23.1,Blockwork,Tower 1,,Finishing,Tower Civil Finishes,Blockwork,,26731305.0,2027-01-04,2027-01-08,,,,,0
1.1.8.4.1.23.2,Internal Plumbing Works,Tower 1,,MEP,Tower MEP,Plumbing,,80346681.4020388,2027-01-08,2027-01-14,,,,,0
1.1.8.4.1.23.3,Waterproofing Works,Tower 1,,Finishing,Tower Civil Finishes,Waterproofing,,27810000.0,2027-01-10,2027-01-17,,,,,0
1.1.8.4.1.23.4,PCC,Tower 1,,Civil Works- RCC,RCC,Concreting,,0.0,2027-01-17,2027-01-21,,,,,0
1.1.8.4.1.23.5,Electrical Wiring works,Tower 1,,MEP,Tower MEP,Electrical,,76079293.0,2027-01-10,2027-01-14,,,,,0
1.1.8.4.1.23.6,Internal Plaster Works,Tower 1,,Finishing,Tower Civil Finishes,Int Plaster,,87796250.0,2027-01-15,2027-01-20,,,,,0
1.1.8.4.1.23.7,Toilet Dado Works,Tower 1,,Finishing,Tower Finishing,Flooring,,44055000.0,2027-01-20,2027-01-27,,,,,0
1.1.8.4.1.23.8,Toilet Flooring Works,Tower 1,,Finishing,Tower Finishing,Flooring,,43645000.0,2027-01-27,2027-02-01,,,,,0
1.1.8.4.1.23.9,Living Dining Flooring,Tower 1,,Finishing,Tower Finishing,Flooring,,88595000.0,2027-02-01,2027-02-11,,,,,0
1.1.8.4.1.23.10,Temporary Door Fixing,Tower 1,,Finishing,Tower Finishing,Door,,0.0,2027-01-08,2027-01-17,,,,,0
1.1.8.4.1.23.11,Aluminium Door Widnow Fixing,Tower 1,,Finishing,Tower Finishing,Door,,99456652.0,2027-02-11,2027-03-18,,,,,0
1.1.8.4.1.23.12,Rehung Door Fixing,Tower 1,,Finishing,Tower Finishing,Door,,0.0,2027-03-18,2027-03-26,,,,,0
1.1.8.4.1.23.13,Putty Primer coat,Tower 1,,Finishing,Tower Finishing,Paint,,0.0,2027-03-26,2027-04-01,,,,,0
1.1.8.4.1.23.14,Painting First Coat,Tower 1,,Finishing,Tower Finishing,Paint,,27525000.0,2027-04-01,2027-04-13,,,,,0
1.1.8.4.1.23.15,False ceiling works,Tower 1,,Finishing,Tower Finishing,False Ceiling,,25740000.0,2027-04-13,2027-04-23,,,,,0
1.1.8.4.1.24,Twenty Three Floor ,,,,,,,,2027-01-12,2027-05-04,,,,,
1.1.8.4.1.24.1,Blockwork,Tower 1,,Finishing,Tower Civil Finishes,Blockwork,,26731305.0,2027-01-12,2027-01-19,,,,,0
1.1.8.4.1.24.2,Internal Plumbing Works,Tower 1,,MEP,Tower MEP,Plumbing,,80346681.4020388,2027-01-19,2027-01-25,,,,,0
1.1.8.4.1.24.3,Waterproofing Works,Tower 1,,Finishing,Tower Civil Finishes,Waterproofing,,27810000.0,2027-01-21,2027-01-31,,,,,0
1.1.8.4.1.24.4,PCC,Tower 1,,Civil Works- RCC,RCC,Concreting,,0.0,2027-02-02,2027-02-10,,,,,0
1.1.8.4.1.24.5,Electrical Wiring works,Tower 1,,MEP,Tower MEP,Electrical,,76079293.0,2027-01-21,2027-02-02,,,,,0
1.1.8.4.1.24.6,Internal Plaster Works,Tower 1,,Finishing,Tower Civil Finishes,Int Plaster,,87796250.0,2027-02-02,2027-02-11,,,,,0
1.1.8.4.1.24.7,Toilet Dado Works,Tower 1,,Finishing,Tower Finishing,Flooring,,44055000.0,2027-02-11,2027-02-20,,,,,0
1.1.8.4.1.24.8,Toilet Flooring Works,Tower 1,,Finishing,Tower Finishing,Flooring,,43645000.0,2027-02-20,2027-02-27,,,,,0
1.1.8.4.1.24.9,Living Dining Flooring,Tower 1,,Finishing,Tower Finishing,Flooring,,88595000.0,2027-02-27,2027-03-14,,,,,0
1.1.8.4.1.24.10,Temporary Door Fixing,Tower 1,,Finishing,Tower Finishing,Door,,0.0,2027-01-19,2027-01-28,,,,,0
1.1.8.4.1.24.11,Aluminium Door Widnow Fixing,Tower 1,,Finishing,Tower Finishing,Door,,99456652.0,2027-03-14,2027-03-29,,,,,0
1.1.8.4.1.24.12,Rehung Door Fixing,Tower 1,,Finishing,Tower Finishing,Door,,0.0,2027-03-29,2027-04-06,,,,,0
1.1.8.4.1.24.13,Putty Primer coat,Tower 1,,Finishing,Tower Finishing,Paint,,0.0,2027-04-06,2027-04-12,,,,,0
1.1.8.4.1.24.14,Painting First Coat,Tower 1,,Finishing,Tower Finishing,Paint,,27525000.0,2027-04-12,2027-04-24,,,,,0
1.1.8.4.1.24.15,False ceiling works,Tower 1,,Finishing,Tower Finishing,False Ceiling,,25740000.0,2027-04-24,2027-05-04,,,,,0
1.1.8.4.1.25,Twenty Four Floor ,,,,,,,,2027-01-23,2027-05-14,,,,,
1.1.8.4.1.25.1,Blockwork,Tower 1,,Finishing,Tower Civil Finishes,Blockwork,,26731305.0,2027-01-23,2027-01-30,,,,,0
1.1.8.4.1.25.2,Internal Plumbing Works,Tower 1,,MEP,Tower MEP,Plumbing,,80346681.4020388,2027-01-27,2027-01-30,,,,,0
1.1.8.4.1.25.3,Waterproofing Works,Tower 1,,Finishing,Tower Civil Finishes,Waterproofing,,27810000.0,2027-01-29,2027-02-03,,,,,0
1.1.8.4.1.25.4,PCC,Tower 1,,Civil Works- RCC,RCC,Concreting,,0.0,2027-02-03,2027-02-07,,,,,0
1.1.8.4.1.25.5,Electrical Wiring works,Tower 1,,MEP,Tower MEP,Electrical,,76079293.0,2027-01-29,2027-02-03,,,,,0
1.1.8.4.1.25.6,Internal Plaster Works,Tower 1,,Finishing,Tower Civil Finishes,Int Plaster,,87796250.0,2027-02-01,2027-02-06,,,,,0
1.1.8.4.1.25.7,Toilet Dado Works,Tower 1,,Finishing,Tower Finishing,Flooring,,44055000.0,2027-02-06,2027-02-15,,,,,0
1.1.8.4.1.25.8,Toilet Flooring Works,Tower 1,,Finishing,Tower Finishing,Flooring,,43645000.0,2027-02-15,2027-02-22,,,,,0
1.1.8.4.1.25.9,Living Dining Flooring,Tower 1,,Finishing,Tower Finishing,Flooring,,88595000.0,2027-02-22,2027-03-09,,,,,0
1.1.8.4.1.25.10,Temporary Door Fixing,Tower 1,,Finishing,Tower Finishing,Door,,0.0,2027-01-30,2027-02-08,,,,,0
1.1.8.4.1.25.11,Aluminium Door Widnow Fixing,Tower 1,,Finishing,Tower Finishing,Door,,99456652.0,2027-03-09,2027-03-24,,,,,0
1.1.8.4.1.25.12,Rehung Door Fixing,Tower 1,,Finishing,Tower Finishing,Door,,0.0,2027-03-24,2027-04-01,,,,,0
1.1.8.4.1.25.13,Putty Primer coat,Tower 1,,Finishing,Tower Finishing,Paint,,0.0,2027-04-01,2027-04-07,,,,,0
1.1.8.4.1.25.14,Painting First Coat,Tower 1,,Finishing,Tower Finishing,Paint,,27525000.0,2027-04-07,2027-04-19,,,,,0
1.1.8.4.1.25.15,False ceiling works,Tower 1,,Finishing,Tower Finishing,False Ceiling,,25740000.0,2027-05-04,2027-05-14,,,,,0
1.1.8.4.1.26,Twenty Five Floors,,,,,,,,2027-02-04,2027-05-26,,,,,
1.1.8.4.1.26.1,Blockwork,Tower 1,,Finishing,Tower Civil Finishes,Blockwork,,26731305.0,2027-02-04,2027-02-10,,,,,0
1.1.8.4.1.26.2,Internal Plumbing Works,Tower 1,,MEP,Tower MEP,Plumbing,,80346681.4020388,2027-02-10,2027-02-16,,,,,0
1.1.8.4.1.26.3,Waterproofing Works,Tower 1,,Finishing,Tower Civil Finishes,Waterproofing,,27810000.0,2027-02-12,2027-02-22,,,,,0
1.1.8.4.1.26.4,PCC,Tower 1,,Civil Works- RCC,RCC,Concreting,,0.0,2027-02-24,2027-03-04,,,,,0
1.1.8.4.1.26.5,Electrical Wiring works,Tower 1,,MEP,Tower MEP,Electrical,,76079293.0,2027-02-12,2027-02-24,,,,,0
1.1.8.4.1.26.6,Internal Plaster Works,Tower 1,,Finishing,Tower Civil Finishes,Int Plaster,,87796250.0,2027-02-24,2027-03-05,,,,,0
1.1.8.4.1.26.7,Toilet Dado Works,Tower 1,,Finishing,Tower Finishing,Flooring,,44055000.0,2027-03-05,2027-03-14,,,,,0
1.1.8.4.1.26.8,Toilet Flooring Works,Tower 1,,Finishing,Tower Finishing,Flooring,,43645000.0,2027-03-14,2027-03-21,,,,,0
1.1.8.4.1.26.9,Living Dining Flooring,Tower 1,,Finishing,Tower Finishing,Flooring,,88595000.0,2027-03-21,2027-04-05,,,,,0
1.1.8.4.1.26.10,Temporary Door Fixing,Tower 1,,Finishing,Tower Finishing,Door,,0.0,2027-02-10,2027-02-19,,,,,0
1.1.8.4.1.26.11,Aluminium Door Widnow Fixing,Tower 1,,Finishing,Tower Finishing,Door,,99456652.0,2027-04-05,2027-04-20,,,,,0
1.1.8.4.1.26.12,Rehung Door Fixing,Tower 1,,Finishing,Tower Finishing,Door,,0.0,2027-04-20,2027-04-28,,,,,0
1.1.8.4.1.26.13,Putty Primer coat,Tower 1,,Finishing,Tower Finishing,Paint,,0.0,2027-04-28,2027-05-04,,,,,0
1.1.8.4.1.26.14,Painting First Coat,Tower 1,,Finishing,Tower Finishing,Paint,,27525000.0,2027-05-04,2027-05-16,,,,,0
1.1.8.4.1.26.15,False ceiling works,Tower 1,,Finishing,Tower Finishing,False Ceiling,,25740000.0,2027-05-16,2027-05-26,,,,,0
1.1.8.4.1.27,Twenty Six Floor ,,,,,,,,2027-02-21,2027-06-12,,,,,
1.1.8.4.1.27.1,Blockwork,Tower 1,,Finishing,Tower Civil Finishes,Blockwork,,26731305.0,2027-02-21,2027-02-27,,,,,0
1.1.8.4.1.27.2,Internal Plumbing Works,Tower 1,,MEP,Tower MEP,Plumbing,,80346681.4020388,2027-02-27,2027-03-05,,,,,0
1.1.8.4.1.27.3,Waterproofing Works,Tower 1,,Finishing,Tower Civil Finishes,Waterproofing,,27810000.0,2027-03-01,2027-03-11,,,,,0
1.1.8.4.1.27.4,PCC,Tower 1,,Civil Works- RCC,RCC,Concreting,,0.0,2027-03-13,2027-03-21,,,,,0
1.1.8.4.1.27.5,Electrical Wiring works,Tower 1,,MEP,Tower MEP,Electrical,,76079293.0,2027-03-01,2027-03-13,,,,,0
1.1.8.4.1.27.6,Internal Plaster Works,Tower 1,,Finishing,Tower Civil Finishes,Int Plaster,,87796250.0,2027-03-13,2027-03-22,,,,,0
1.1.8.4.1.27.7,Toilet Dado Works,Tower 1,,Finishing,Tower Finishing,Flooring,,44055000.0,2027-03-22,2027-03-31,,,,,0
1.1.8.4.1.27.8,Toilet Flooring Works,Tower 1,,Finishing,Tower Finishing,Flooring,,43645000.0,2027-03-31,2027-04-07,,,,,0
1.1.8.4.1.27.9,Living Dining Flooring,Tower 1,,Finishing,Tower Finishing,Flooring,,88595000.0,2027-04-07,2027-04-22,,,,,0
1.1.8.4.1.27.10,Temporary Door Fixing,Tower 1,,Finishing,Tower Finishing,Door,,0.0,2027-02-27,2027-03-08,,,,,0
1.1.8.4.1.27.11,Aluminium Door Widnow Fixing,Tower 1,,Finishing,Tower Finishing,Door,,99456652.0,2027-04-22,2027-05-07,,,,,0
1.1.8.4.1.27.12,Rehung Door Fixing,Tower 1,,Finishing,Tower Finishing,Door,,0.0,2027-05-07,2027-05-15,,,,,0
1.1.8.4.1.27.13,Putty Primer coat,Tower 1,,Finishing,Tower Finishing,Paint,,0.0,2027-05-15,2027-05-21,,,,,0
1.1.8.4.1.27.14,Painting First Coat,Tower 1,,Finishing,Tower Finishing,Paint,,27525000.0,2027-05-21,2027-06-02,,,,,0
1.1.8.4.1.27.15,False ceiling works,Tower 1,,Finishing,Tower Finishing,False Ceiling,,25740000.0,2027-06-02,2027-06-12,,,,,0
1.1.8.4.1.28,Twenty Seven Floors,,,,,,,,2027-03-10,2027-06-29,,,,,
1.1.8.4.1.28.1,Blockwork,Tower 1,,Finishing,Tower Civil Finishes,Blockwork,,26731305.0,2027-03-10,2027-03-16,,,,,0
1.1.8.4.1.28.2,Internal Plumbing Works,Tower 1,,MEP,Tower MEP,Plumbing,,80346681.4020388,2027-03-16,2027-03-22,,,,,0
1.1.8.4.1.28.3,Waterproofing Works,Tower 1,,Finishing,Tower Civil Finishes,Waterproofing,,27810000.0,2027-03-18,2027-03-28,,,,,0
1.1.8.4.1.28.4,PCC,Tower 1,,Civil Works- RCC,RCC,Concreting,,0.0,2027-03-30,2027-04-07,,,,,0
1.1.8.4.1.28.5,Electrical Wiring works,Tower 1,,MEP,Tower MEP,Electrical,,76079293.0,2027-03-18,2027-03-30,,,,,0
1.1.8.4.1.28.6,Internal Plaster Works,Tower 1,,Finishing,Tower Civil Finishes,Int Plaster,,87796250.0,2027-03-30,2027-04-08,,,,,0
1.1.8.4.1.28.7,Toilet Dado Works,Tower 1,,Finishing,Tower Finishing,Flooring,,44055000.0,2027-04-08,2027-04-17,,,,,0
1.1.8.4.1.28.8,Toilet Flooring Works,Tower 1,,Finishing,Tower Finishing,Flooring,,43645000.0,2027-04-17,2027-04-24,,,,,0
1.1.8.4.1.28.9,Living Dining Flooring,Tower 1,,Finishing,Tower Finishing,Flooring,,88595000.0,2027-04-24,2027-05-09,,,,,0
1.1.8.4.1.28.10,Temporary Door Fixing,Tower 1,,Finishing,Tower Finishing,Door,,0.0,2027-03-16,2027-03-25,,,,,0
1.1.8.4.1.28.11,Aluminium Door Widnow Fixing,Tower 1,,Finishing,Tower Finishing,Door,,99456652.0,2027-05-09,2027-05-24,,,,,0
1.1.8.4.1.28.12,Rehung Door Fixing,Tower 1,,Finishing,Tower Finishing,Door,,0.0,2027-05-24,2027-06-01,,,,,0
1.1.8.4.1.28.13,Putty Primer coat,Tower 1,,Finishing,Tower Finishing,Paint,,0.0,2027-06-01,2027-06-07,,,,,0
1.1.8.4.1.28.14,Painting First Coat,Tower 1,,Finishing,Tower Finishing,Paint,,27525000.0,2027-06-07,2027-06-19,,,,,0
1.1.8.4.1.28.15,False ceiling works,Tower 1,,Finishing,Tower Finishing,False Ceiling,,25740000.0,2027-06-19,2027-06-29,,,,,0
1.1.8.4.1.29,Twenty Eight Floor ,,,,,,,,2027-03-13,2027-07-23,,,,,
1.1.8.4.1.29.1,Blockwork,Tower 1,,Finishing,Tower Civil Finishes,Blockwork,,26731305.0,2027-03-13,2027-03-19,,,,,0
1.1.8.4.1.29.2,Internal Plumbing Works,Tower 1,,MEP,Tower MEP,Plumbing,,80346681.4020388,2027-03-19,2027-03-25,,,,,0
1.1.8.4.1.29.3,Waterproofing Works,Tower 1,,Finishing,Tower Civil Finishes,Waterproofing,,27810000.0,2027-03-21,2027-03-31,,,,,0
1.1.8.4.1.29.4,PCC,Tower 1,,Civil Works- RCC,RCC,Concreting,,0.0,2027-04-02,2027-04-10,,,,,0
1.1.8.4.1.29.5,Electrical Wiring works,Tower 1,,MEP,Tower MEP,Electrical,,76079293.0,2027-03-21,2027-04-02,,,,,0
1.1.8.4.1.29.6,Internal Plaster Works,Tower 1,,Finishing,Tower Civil Finishes,Int Plaster,,87796250.0,2027-04-02,2027-04-18,,,,,0
1.1.8.4.1.29.7,Toilet Dado Works,Tower 1,,Finishing,Tower Finishing,Flooring,,44055000.0,2027-04-18,2027-05-03,,,,,0
1.1.8.4.1.29.8,Toilet Flooring Works,Tower 1,,Finishing,Tower Finishing,Flooring,,43645000.0,2027-05-03,2027-05-18,,,,,0
1.1.8.4.1.29.9,Living Dining Flooring,Tower 1,,Finishing,Tower Finishing,Flooring,,88595000.0,2027-05-18,2027-06-02,,,,,0
1.1.8.4.1.29.10,Temporary Door Fixing,Tower 1,,Finishing,Tower Finishing,Door,,0.0,2027-03-19,2027-04-03,,,,,0
1.1.8.4.1.29.11,Aluminium Door Widnow Fixing,Tower 1,,Finishing,Tower Finishing,Door,,99456652.0,2027-06-02,2027-06-17,,,,,0
1.1.8.4.1.29.12,Rehung Door Fixing,Tower 1,,Finishing,Tower Finishing,Door,,0.0,2027-06-17,2027-06-25,,,,,0
1.1.8.4.1.29.13,Putty Primer coat,Tower 1,,Finishing,Tower Finishing,Paint,,0.0,2027-06-25,2027-07-01,,,,,0
1.1.8.4.1.29.14,Painting First Coat,Tower 1,,Finishing,Tower Finishing,Paint,,27525000.0,2027-07-01,2027-07-13,,,,,0
1.1.8.4.1.29.15,False ceiling works,Tower 1,,Finishing,Tower Finishing,False Ceiling,,25740000.0,2027-07-13,2027-07-23,,,,,0
1.1.8.4.1.30,Twenty Nine Floors,,,,,,,,2027-03-16,2027-08-02,,,,,
1.1.8.4.1.30.1,Blockwork,Tower 1,,Finishing,Tower Civil Finishes,Blockwork,,26731305.0,2027-03-16,2027-03-22,,,,,0
1.1.8.4.1.30.2,Internal Plumbing Works,Tower 1,,MEP,Tower MEP,Plumbing,,80346681.4020388,2027-03-22,2027-03-28,,,,,0
1.1.8.4.1.30.3,Waterproofing Works,Tower 1,,Finishing,Tower Civil Finishes,Waterproofing,,27810000.0,2027-03-24,2027-04-03,,,,,0
1.1.8.4.1.30.4,PCC,Tower 1,,Civil Works- RCC,RCC,Concreting,,0.0,2027-04-05,2027-04-13,,,,,0
1.1.8.4.1.30.5,Electrical Wiring works,Tower 1,,MEP,Tower MEP,Electrical,,76079293.0,2027-03-24,2027-04-05,,,,,0
1.1.8.4.1.30.6,Internal Plaster Works,Tower 1,,Finishing,Tower Civil Finishes,Int Plaster,,87796250.0,2027-04-05,2027-04-20,,,,,0
1.1.8.4.1.30.7,Toilet Dado Works,Tower 1,,Finishing,Tower Finishing,Flooring,,44055000.0,2027-04-20,2027-05-05,,,,,0
1.1.8.4.1.30.8,Toilet Flooring Works,Tower 1,,Finishing,Tower Finishing,Flooring,,43645000.0,2027-05-05,2027-05-20,,,,,0
1.1.8.4.1.30.9,Living Dining Flooring,Tower 1,,Finishing,Tower Finishing,Flooring,,88595000.0,2027-05-20,2027-06-04,,,,,0
1.1.8.4.1.30.10,Temporary Door Fixing,Tower 1,,Finishing,Tower Finishing,Door,,0.0,2027-03-22,2027-03-31,,,,,0
1.1.8.4.1.30.11,Aluminium Door Widnow Fixing,Tower 1,,Finishing,Tower Finishing,Door,,99456652.0,2027-06-04,2027-06-19,,,,,0
1.1.8.4.1.30.12,Rehung Door Fixing,Tower 1,,Finishing,Tower Finishing,Door,,0.0,2027-06-19,2027-06-27,,,,,0
1.1.8.4.1.30.13,Putty Primer coat,Tower 1,,Finishing,Tower Finishing,Paint,,0.0,2027-06-27,2027-07-03,,,,,0
1.1.8.4.1.30.14,Painting First Coat,Tower 1,,Finishing,Tower Finishing,Paint,,27525000.0,2027-07-03,2027-07-15,,,,,0
1.1.8.4.1.30.15,False ceiling works,Tower 1,,Finishing,Tower Finishing,False Ceiling,,25740000.0,2027-07-23,2027-08-02,,,,,0
1.1.8.4.1.31,Thirty Floors,,,,,,,,2027-03-22,2027-08-12,,,,,
1.1.8.4.1.31.1,Blockwork,Tower 1,,Finishing,Tower Civil Finishes,Blockwork,,26731305.0,2027-03-22,2027-03-26,,,,,0
1.1.8.4.1.31.2,Internal Plumbing Works,Tower 1,,MEP,Tower MEP,Plumbing,,80346681.4020388,2027-03-26,2027-04-01,,,,,0
1.1.8.4.1.31.3,Waterproofing Works,Tower 1,,Finishing,Tower Civil Finishes,Waterproofing,,27810000.0,2027-03-28,2027-04-07,,,,,0
1.1.8.4.1.31.4,PCC,Tower 1,,Civil Works- RCC,RCC,Concreting,,0.0,2027-04-09,2027-04-17,,,,,0
1.1.8.4.1.31.5,Electrical Wiring works,Tower 1,,MEP,Tower MEP,Electrical,,76079293.0,2027-03-28,2027-04-09,,,,,0
1.1.8.4.1.31.6,Internal Plaster Works,Tower 1,,Finishing,Tower Civil Finishes,Int Plaster,,87796250.0,2027-04-09,2027-04-24,,,,,0
1.1.8.4.1.31.7,Toilet Dado Works,Tower 1,,Finishing,Tower Finishing,Flooring,,44055000.0,2027-04-24,2027-05-09,,,,,0
1.1.8.4.1.31.8,Toilet Flooring Works,Tower 1,,Finishing,Tower Finishing,Flooring,,43645000.0,2027-05-09,2027-05-24,,,,,0
1.1.8.4.1.31.9,Living Dining Flooring,Tower 1,,Finishing,Tower Finishing,Flooring,,88595000.0,2027-05-24,2027-06-08,,,,,0
1.1.8.4.1.31.10,Temporary Door Fixing,Tower 1,,Finishing,Tower Finishing,Door,,0.0,2027-03-26,2027-04-04,,,,,0
1.1.8.4.1.31.11,Aluminium Door Widnow Fixing,Tower 1,,Finishing,Tower Finishing,Door,,99456652.0,2027-06-08,2027-06-23,,,,,0
1.1.8.4.1.31.12,Rehung Door Fixing,Tower 1,,Finishing,Tower Finishing,Door,,0.0,2027-06-23,2027-07-01,,,,,0
1.1.8.4.1.31.13,Putty Primer coat,Tower 1,,Finishing,Tower Finishing,Paint,,0.0,2027-07-01,2027-07-07,,,,,0
1.1.8.4.1.31.14,Painting First Coat,Tower 1,,Finishing,Tower Finishing,Paint,,27525000.0,2027-07-07,2027-07-19,,,,,0
1.1.8.4.1.31.15,False ceiling works,Tower 1,,Finishing,Tower Finishing,False Ceiling,,25740000.0,2027-08-02,2027-08-12,,,,,0
1.1.8.4.1.32,Thirty one Floor ,,,,,,,,2027-03-26,2027-08-24,,,,,
1.1.8.4.1.32.1,Blockwork,Tower 1,,Finishing,Tower Civil Finishes,Blockwork,,26731305.0,2027-03-26,2027-03-31,,,,,0
1.1.8.4.1.32.2,Internal Plumbing Works,Tower 1,,MEP,Tower MEP,Plumbing,,146911885.384723,2027-03-31,2027-04-06,,,,,0
1.1.8.4.1.32.3,Waterproofing Works,Tower 1,,Finishing,Tower Civil Finishes,Waterproofing,,27810000.0,2027-04-02,2027-04-12,,,,,0
1.1.8.4.1.32.4,PCC,Tower 1,,Civil Works- RCC,RCC,Concreting,,0.0,2027-04-14,2027-04-22,,,,,0
1.1.8.4.1.32.5,Electrical Wiring works,Tower 1,,MEP,Tower MEP,Electrical,,76079293.0,2027-04-02,2027-04-14,,,,,0
1.1.8.4.1.32.6,Internal Plaster Works,Tower 1,,Finishing,Tower Civil Finishes,Int Plaster,,87796250.0,2027-04-14,2027-04-30,,,,,0
1.1.8.4.1.32.7,Toilet Dado Works,Tower 1,,Finishing,Tower Finishing,Flooring,,44055000.0,2027-04-30,2027-05-30,,,,,0
1.1.8.4.1.32.8,Toilet Flooring Works,Tower 1,,Finishing,Tower Finishing,Flooring,,43645000.0,2027-05-30,2027-06-23,,,,,0
1.1.8.4.1.32.9,Living Dining Flooring,Tower 1,,Finishing,Tower Finishing,Flooring,,88595000.0,2027-06-23,2027-07-04,,,,,0
1.1.8.4.1.32.10,Temporary Door Fixing,Tower 1,,Finishing,Tower Finishing,Door,,0.0,2027-03-31,2027-04-09,,,,,0
1.1.8.4.1.32.11,Aluminium Door Widnow Fixing,Tower 1,,Finishing,Tower Finishing,Door,,99456652.0,2027-07-04,2027-07-19,,,,,0
1.1.8.4.1.32.12,Rehung Door Fixing,Tower 1,,Finishing,Tower Finishing,Door,,54925000.0,2027-07-19,2027-07-27,,,,,0
1.1.8.4.1.32.13,Putty Primer coat,Tower 1,,Finishing,Tower Finishing,Paint,,0.0,2027-07-27,2027-08-02,,,,,0
1.1.8.4.1.32.14,Painting First Coat,Tower 1,,Finishing,Tower Finishing,Paint,,27525000.0,2027-08-02,2027-08-14,,,,,0
1.1.8.4.1.32.15,False ceiling works,Tower 1,,Finishing,Tower Finishing,False Ceiling,,25740000.0,2027-08-14,2027-08-24,,,,,0
1.1.8.4.2,Terrace Finishing,,,,,,,,2027-03-10,2027-05-28,,,,,
1.1.8.4.2.1,Terrace Waterproofing,Tower 1,Terrace,Finishing,Tower Civil Finishes,Waterproofing,,302260000.0,2027-03-10,2027-04-18,,,,,0
1.1.8.4.2.2,Terrace Finishing,Tower 1,Terrace,Finishing,Common area finishes,CA-Flooring,,0.0,2027-04-19,2027-05-28,,,,,0
1.1.8.4.3,Common Area Finishing,,,,,,,,2027-03-10,2028-02-01,,,,,
1.1.8.4.3.1,Blockwork,Tower 1,,Finishing,Common area finishes,CA-Blockwork,,100.0,2027-03-10,2027-04-18,,,,,0
1.1.8.4.3.2,Internal Plaster,Tower 1,,Finishing,Common area finishes,CA-Int Plaster,,100.0,2027-03-30,2027-07-27,,,,,0
1.1.8.4.3.3,Staircase railing fixing,Tower 1,,Finishing,Common area finishes,CA-Railing,,100.0,2027-04-19,2027-09-15,,,,,0
1.1.8.4.3.4,Main Staircase flooring,Tower 1,,Finishing,Common area finishes,CA-Flooring,,100.0,2027-06-28,2028-01-08,,,,,0
1.1.8.4.3.5,Fire Staircase railing,Tower 1,,Finishing,Common area finishes,CA-Railing,,100.0,2027-09-16,2028-02-01,,,,,0
1.1.8.4.3.6,Fire Door Work,Tower 1,,Finishing,Common area finishes,CA-Door,,404352000.0,2027-07-28,2027-09-25,,,,,0
1.1.8.4.3.7,Electrical wiring work,Tower 1,,MEP,Common area-MEP,CA-Electrical,,100.0,2027-03-30,2027-07-27,,,,,0
1.1.8.4.3.8,Lobby Flooring,Tower 1,,Finishing,Common area finishes,CA-Flooring,,100.0,2027-04-29,2027-09-12,,,,,0
1.1.8.4.3.9,Ceiling & wall putty-primer,Tower 1,,Finishing,Common area finishes,CA-Paint,,100.0,2027-04-29,2027-08-16,,,,,0
1.1.8.4.3.10,Ceiling and wall painting,Tower 1,,Finishing,Common area finishes,CA-Paint,,100.0,2027-05-09,2027-08-16,,,,,0
1.1.8.4.3.11,Light fixture supply & installation,Tower 1,,MEP,Common area-MEP,CA-Electrical,,100.0,2027-07-08,2027-08-21,,,,,0
1.1.8.4.4,Glass Railing Fixing,,,,,,,,2027-08-09,2027-10-08,,,,,
1.1.8.4.4.1,2nd Floor,Tower 1,2nd Floor,Finishing,Tower Civil Finishes,Railing,,100.0,2027-08-09,2027-08-11,,,,,0
1.1.8.4.4.2,3rd Floor,Tower 1,3rd Floor,Finishing,Tower Civil Finishes,Railing,,100.0,2027-08-11,2027-08-13,,,,,0
1.1.8.4.4.3,4th Floor,Tower 1,4th Floor,Finishing,Tower Civil Finishes,Railing,,100.0,2027-08-13,2027-08-15,,,,,0
1.1.8.4.4.4,5th Floor,Tower 1,5th Floor,Finishing,Tower Civil Finishes,Railing,,100.0,2027-08-15,2027-08-17,,,,,0
1.1.8.4.4.5,6th Floor,Tower 1,6th Floor,Finishing,Tower Civil Finishes,Railing,,100.0,2027-08-17,2027-08-19,,,,,0
1.1.8.4.4.6,7th Floor,Tower 1,7th Floor,Finishing,Tower Civil Finishes,Railing,,100.0,2027-08-19,2027-08-21,,,,,0
1.1.8.4.4.7,8th Floor,Tower 1,8th Floor,Finishing,Tower Civil Finishes,Railing,,100.0,2027-08-21,2027-08-23,,,,,0
1.1.8.4.4.8,9th Floor,Tower 1,9th Floor,Finishing,Tower Civil Finishes,Railing,,100.0,2027-08-23,2027-08-25,,,,,0
1.1.8.4.4.9,10th Floor,Tower 1,10th Floor,Finishing,Tower Civil Finishes,Railing,,100.0,2027-08-25,2027-08-27,,,,,0
1.1.8.4.4.10,11th Floor,Tower 1,11th Floor,Finishing,Tower Civil Finishes,Railing,,100.0,2027-08-27,2027-08-29,,,,,0
1.1.8.4.4.11,12th Floor,Tower 1,12th Floor,Finishing,Tower Civil Finishes,Railing,,100.0,2027-08-29,2027-08-31,,,,,0
1.1.8.4.4.12,13th Floor,Tower 1,13th Floor,Finishing,Tower Civil Finishes,Railing,,100.0,2027-08-31,2027-09-02,,,,,0
1.1.8.4.4.13,14th Floor,Tower 1,14th Floor,Finishing,Tower Civil Finishes,Railing,,100.0,2027-09-02,2027-09-04,,,,,0
1.1.8.4.4.14,15th Floor,Tower 1,15th Floor,Finishing,Tower Civil Finishes,Railing,,100.0,2027-09-04,2027-09-06,,,,,0
1.1.8.4.4.15,16th Floor,Tower 1,16th Floor,Finishing,Tower Civil Finishes,Railing,,100.0,2027-09-06,2027-09-08,,,,,0
1.1.8.4.4.16,17th Floor,Tower 1,17th Floor,Finishing,Tower Civil Finishes,Railing,,100.0,2027-09-08,2027-09-10,,,,,0
1.1.8.4.4.17,18th Floor,Tower 1,18th Floor,Finishing,Tower Civil Finishes,Railing,,100.0,2027-09-10,2027-09-12,,,,,0
1.1.8.4.4.18,19th Floor,Tower 1,19th Floor,Finishing,Tower Civil Finishes,Railing,,100.0,2027-09-12,2027-09-14,,,,,0
1.1.8.4.4.19,20th Floor,Tower 1,20th Floor,Finishing,Tower Civil Finishes,Railing,,100.0,2027-09-14,2027-09-16,,,,,0
1.1.8.4.4.20,21st Floor,Tower 1,21st Floor,Finishing,Tower Civil Finishes,Railing,,100.0,2027-09-16,2027-09-18,,,,,0
1.1.8.4.4.21,22nd Floor,Tower 1,22nd Floor,Finishing,Tower Civil Finishes,Railing,,100.0,2027-09-18,2027-09-20,,,,,0
1.1.8.4.4.22,23rd Floor,Tower 1,23rd Floor,Finishing,Tower Civil Finishes,Railing,,100.0,2027-09-20,2027-09-22,,,,,0
1.1.8.4.4.23,24th Floor,Tower 1,24th Floor,Finishing,Tower Civil Finishes,Railing,,100.0,2027-09-22,2027-09-24,,,,,0
1.1.8.4.4.24,25th Floor,Tower 1,25th Floor,Finishing,Tower Civil Finishes,Railing,,100.0,2027-09-24,2027-09-26,,,,,0
1.1.8.4.4.25,26th Floor,Tower 1,26th Floor,Finishing,Tower Civil Finishes,Railing,,100.0,2027-09-26,2027-09-28,,,,,0
1.1.8.4.4.26,27th Floor,Tower 1,27th Floor,Finishing,Tower Civil Finishes,Railing,,100.0,2027-09-28,2027-09-30,,,,,0
1.1.8.4.4.27,28th Floor,Tower 1,28th Floor,Finishing,Tower Civil Finishes,Railing,,100.0,2027-09-30,2027-10-02,,,,,0
1.1.8.4.4.28,29th Floor,Tower 1,29th Floor,Finishing,Tower Civil Finishes,Railing,,100.0,2027-10-02,2027-10-04,,,,,0
1.1.8.4.4.29,30th Floor,Tower 1,30th Floor,Finishing,Tower Civil Finishes,Railing,,100.0,2027-10-04,2027-10-06,,,,,0
1.1.8.4.4.30,31st Floor,Tower 1,31st Floor,Finishing,Tower Civil Finishes,Railing,,100.0,2027-10-06,2027-10-08,,,,,0
1.1.8.5,MEP,,,,,,,,2027-03-10,2028-06-12,,,,,
1.1.8.5.1,Electrical Works,,,,,,,,2027-03-10,2028-01-13,,,,,
1.1.8.5.1.1,Cable Tray,Tower 1,,MEP,Tower MEP,Electrical,,239843850.0,2027-03-10,2027-06-07,,,,,0
1.1.8.5.1.2,"Cable, main & sub main",Tower 1,,MEP,Tower MEP,Electrical,,1084245083.33333,2027-04-24,2027-07-12,,,,,0
1.1.8.5.1.3,LT panel & DB,Tower 1,,MEP,Tower MEP,Electrical,,1007439483.33333,2027-06-08,2027-10-05,,,,,0
1.1.8.5.1.4,Rising main,Tower 1,,MEP,Tower MEP,Plumbing,,178200000.0,2027-05-09,2027-08-06,,,,,0
1.1.8.5.1.5,EARTHING Works,Tower 1,,MEP,Tower MEP,Electrical,,179018733.333333,2027-03-25,2027-05-23,,,,,0
1.1.8.5.1.6,Advance lightening protection,Tower 1,,MEP,Tower MEP,Electrical,,100.0,2027-05-29,2027-07-27,,,,,0
1.1.8.5.1.7,Inverter,Tower 1,,MEP,Tower MEP,Electrical,,100.0,2027-09-11,2027-10-15,,,,,0
1.1.8.5.1.8,Energy meter,Tower 1,,MEP,Tower MEP,Electrical,,84000000.0,2027-07-13,2027-09-10,,,,,0
1.1.8.5.1.9,Exhast fan,Tower 1,,MEP,Tower MEP,Electrical,,80700000.0,2027-05-25,2027-07-24,,,,,0
1.1.8.5.1.10,FTTH,Tower 1,,MEP,Tower MEP,Electrical,,54000000.0,2027-05-14,2027-07-12,,,,,0
1.1.8.5.1.11,Security System - FA & PA,Tower 1,,MEP,Tower MEP,Electrical,,503715200.0,2027-10-06,2028-01-13,,,,,0
1.1.8.5.1.12,Solar water heater,Tower 1,,MEP,Tower MEP,Plumbing,,100.0,2027-05-29,2027-07-27,,,,,0
1.1.8.5.2,Plumbing Works,,,,,,,,2027-04-19,2027-12-29,,,,,
1.1.8.5.2.1,Terrace looping,Tower 1,Terrace,MEP,Tower MEP,Plumbing,,100.0,2027-04-19,2027-06-02,,,,,0
1.1.8.5.2.2,Shaft Plumbing,Tower 1,,MEP,Tower MEP,Plumbing,,100.0,2027-06-03,2027-09-30,,,,,0
1.1.8.5.2.3,CP sanitary fixture supply,Tower 1,,MEP,Tower MEP,CP Sanitary,,773500000.0,2027-04-30,2027-07-14,,,,,0
1.1.8.5.2.4,Cold & flushing water supply,Tower 1,,MEP,Tower MEP,Plumbing,,100.0,2027-07-28,2027-10-25,,,,,0
1.1.8.5.2.5,Misc work,Tower 1,,Finishing,Miscellaneous,Misc,,100.0,2027-10-16,2027-12-29,,,,,0
1.1.8.5.3,Fire Fighting Works,,,,,,,,2027-05-19,2028-01-28,,,,,
1.1.8.5.3.1,Fire hydrant work,Tower 1,,MEP,Tower MEP,Plumbing,,463708900.0,2027-05-29,2027-08-26,,,,,0
1.1.8.5.3.2,Sprinkler & piping work,Tower 1,,MEP,Tower MEP,Plumbing,,923155250.0,2027-09-26,2028-01-28,,,,,0
1.1.8.5.3.3,Shaft Downtake works,Tower 1,,MEP,Tower MEP,Plumbing,,100.0,2027-05-19,2027-08-16,,,,,0
1.1.8.5.3.4,Connection to pump room,Tower 1,,MEP,Tower MEP,Plumbing,,100.0,2027-08-17,2027-09-15,,,,,0
1.1.8.5.4,Lift Works,,,,,,,,2027-03-10,2027-07-24,,,,,
1.1.8.5.4.1,Lift Shaft Handover,Tower 1,,MEP,Common area-MEP,Lift,,100.0,2027-03-10,2027-04-18,,,,,0
1.1.8.5.4.2,Lift installation work,Tower 1,,MEP,Common area-MEP,Lift,,1428000000.0,2027-04-19,2027-06-02,,,,,0
1.1.8.5.4.3,Lift testing and commissioning,Tower 1,,MEP,Common area-MEP,Lift,,100.0,2027-06-03,2027-07-24,,,,,0
1.1.8.5.5,AC Works,,,,,,,,2028-03-05,2028-06-12,,,,,
1.1.8.5.5.1,Split AC,Tower 1,,MEP,Tower MEP,Electrical,,4794428727.8316,2028-03-05,2028-06-12,,,,,0
1.1.8.6,Tower Completion,,,,,,,,2027-02-10,2027-12-27,,,,,
1.1.8.6.1,SURFACE PREPARATION,Tower 1,,Finishing,Tower Finishing,Paint,,100.0,2027-02-10,2027-05-01,,,,,0
1.1.8.6.2,External Painting,Tower 1,,Finishing,Tower Finishing,Ext Paint,,773625000.0,2027-05-01,2027-08-09,,,,,0
1.1.8.6.3,Final coat of painting,Tower 1,,Finishing,Tower Finishing,Paint,,100.0,2027-08-09,2027-10-23,,,,,0
1.1.8.6.4,Misc. work,Tower 1,,Finishing,Miscellaneous,Misc,,2054043500.0,2027-10-23,2027-12-27,,,,,0
1.1.8.7,Basement Lobby,,,,,,,,2027-09-13,2027-12-26,,,,,
1.1.8.7.1,Basement Lobby,Tower 1,Basement,Finishing,Common area finishes,CA-Flooring,,600000000.0,2027-09-13,2027-12-26,,,,,0
1.1.8.8,Post OC Activities,,,,,,,,2027-07-14,2029-01-02,,,,,
1.1.8.8.1,Wardrobe installation,Tower 1,,,,NTA Finishing,,100.0,2028-03-05,2028-08-31,,,,,0
1.1.8.8.2,CP & SANITARYWARE,Tower 1,,MEP,Tower MEP,CP Sanitary,,230802300.0,2027-07-14,2027-12-26,,,,,0
1.1.8.8.3,Wooden Flooring,Tower 1,,Finishing,Tower Finishing,Flooring,,100.0,2028-03-05,2028-08-31,,,,,0
1.1.8.8.4,Electrical Fixtures And Fittings,Tower 1,,MEP,Tower MEP,Electrical,,150196680.0,2027-07-28,2028-01-08,,,,,0
1.1.8.8.5,Modular Kitchen,Tower 1,,,,NTA Finishing,,100.0,2028-03-05,2028-08-31,,,,,0
1.1.8.8.6,Final Coat Paint,Tower 1,,Finishing,Tower Finishing,Paint,,100.0,2027-08-22,2028-01-03,,,,,0
1.1.8.8.7,OC Application/Readiness,Tower 1,,Finishing,Miscellaneous,Misc,,100.0,2028-02-02,2028-02-02,,,,,0
1.1.8.8.8,OC Receipt,Tower 1,,Finishing,Miscellaneous,Misc,,100.0,2028-04-03,2028-04-03,,,,,0
1.1.8.8.9,Offer To Possession,Tower 1,,Finishing,Miscellaneous,Misc,,100.0,2028-12-04,2029-01-02,,,,,0
1.1.9,Budget correction for Towers Substructure,Tower s,,Finishing,Miscellaneous,Misc,,4940000000.0,2025-07-12,2025-09-30,2025-07-12,2025-09-30,,,100
1.1.10,NTA,,,,,,,,2024-12-16,2029-01-22,,,,,
1.1.10.1,NTA RCC,,,,,,,,2024-12-16,2027-09-05,,,,,
1.1.10.1.1,NTA Footing,,,,,,,,2024-12-16,2026-10-28,,,,,
1.1.10.1.1.1,Anti Termite,,,Finishing,Tower Civil Finishes,Waterproofing,,0.0,2024-12-16,2024-12-16,2024-12-16,2024-12-16,,,100
1.1.10.1.1.2,PCC,,,Civil Works- RCC,RCC,Concreting,,1505581200.0,2024-12-16,2025-12-18,2024-12-16,,,,71
1.1.10.1.1.3,Reinforcement,,,Civil Works- RCC,RCC,Reinforcement,,18237235392.0,2024-12-22,2026-08-12,2024-12-22,,,,32
1.1.10.1.1.4,Shuttering ,,,Civil Works- RCC,RCC,Shuttering- Conventional,,615992131.0,2025-01-06,2026-07-31,2025-01-06,,,,34
1.1.10.1.1.5,Concreting,,,Civil Works- RCC,RCC,Concreting,,12226146900.0,2025-01-26,2026-10-28,2025-01-26,,,,9
1.1.10.1.2,NTA RW FD to B2 Roof,,,,,,,,2025-06-26,2027-04-01,,,,,
1.1.10.1.2.1,Reinforcement,,Basement 2,Civil Works- RCC,RCC,Reinforcement,,4049465568.0,2025-06-26,2027-02-10,2025-06-26,,,,12
1.1.10.1.2.2,Shuttering ,,Basement 2,Civil Works- RCC,RCC,Shuttering- Conventional,,949434250.0,2025-07-01,2027-02-25,2025-07-01,,,,6
1.1.10.1.2.3,Concreting,,Basement 2,Civil Works- RCC,RCC,Concreting,,2776106629.0,2025-07-01,2027-03-02,2025-07-01,,,,6
1.1.10.1.2.4,Retaining wall waterproofing ,,Basement 2,Finishing,Tower Civil Finishes,Waterproofing,,1205568000.0,2026-08-20,2027-04-01,,,,,0
1.1.10.1.3,NTA B2 SLAB,,,,,,,,2026-10-19,2027-05-31,,,,,
1.1.10.1.3.1,Shuttering ,,Basement 2,Civil Works- RCC,RCC,Shuttering- Conventional,,2588012400.0,2026-10-19,2027-04-01,,,,,0
1.1.10.1.3.2,Reinforcement ,,Basement 2,Civil Works- RCC,RCC,Reinforcement,,5541238752.0,2027-01-02,2027-05-01,,,,,0
1.1.10.1.3.3,Concreting,,Basement 2,Civil Works- RCC,RCC,Concreting,,3831440637.0,2027-02-01,2027-05-31,,,,,0
1.1.10.1.4,NTA RW B2 Roof to B1 Roof,,,,,,,,2027-04-10,2027-07-17,,,,,
1.1.10.1.4.1,Reinforcement,,Basement 2,Civil Works- RCC,RCC,Reinforcement,,4049465568.0,2027-04-10,2027-06-30,,,,,0
1.1.10.1.4.2,Shuttering ,,Basement 2,Civil Works- RCC,RCC,Shuttering- Conventional,,949434250.0,2027-04-16,2027-07-06,,,,,0
1.1.10.1.4.3,Concreting,,Basement 2,Civil Works- RCC,RCC,Concreting,,2776106629.0,2027-04-22,2027-07-12,,,,,0
1.1.10.1.4.4,Retaining wall waterproofing ,,Basement 2,Finishing,Tower Civil Finishes,Waterproofing,,1205568000.0,2027-07-01,2027-07-17,,,,,0
1.1.10.1.5,NTA B1 Slab,,,,,,,,2027-05-09,2027-08-26,,,,,
1.1.10.1.5.1,Column and Shear Wall Reinforcement,,Basement 1,Civil Works- RCC,RCC,Reinforcement,,4477716800.0,2027-05-09,2027-07-17,,,,,0
1.1.10.1.5.2,Column and Shear Wall Formwork,,Basement 1,Civil Works- RCC,RCC,Shuttering- Conventional,,949434250.0,2027-05-14,2027-07-22,,,,,0
1.1.10.1.5.3,Column and Shear Wall Casting,,Basement 1,Civil Works- RCC,RCC,Concreting,,2872305429.0,2027-05-19,2027-07-27,,,,,0
1.1.10.1.5.4,Slab Formwork,,Basement 1,Civil Works- RCC,RCC,Shuttering- Conventional,,2588012400.0,2027-06-08,2027-08-16,,,,,0
1.1.10.1.5.5,Slab Reinforcement,,Basement 1,Civil Works- RCC,RCC,Reinforcement,,6327022400.0,2027-06-13,2027-08-21,,,,,0
1.1.10.1.5.6,Slab Casting,,Basement 1,Civil Works- RCC,RCC,Concreting,,4680569200.0,2027-06-18,2027-08-26,,,,,0
1.1.10.1.6,Podium Slab,,,,,,,,2027-06-28,2027-09-05,,,,,
1.1.10.1.6.1,Column and Shear Wall Reinforcement,,,Civil Works- RCC,RCC,Reinforcement,,1667885296.0,2027-06-28,2027-08-06,,,,,0
1.1.10.1.6.2,Column and Shear Wall Formwork,,,Civil Works- RCC,RCC,Shuttering- Conventional,,807361000.0,2027-07-03,2027-08-11,,,,,0
1.1.10.1.6.3,Column and Shear Wall Casting,,,Civil Works- RCC,RCC,Concreting,,1179264600.0,2027-07-08,2027-08-16,,,,,0
1.1.10.1.6.4,Slab Formwork,,,Civil Works- RCC,RCC,Shuttering- Conventional,,1085654386.0,2027-06-28,2027-08-26,,,,,0
1.1.10.1.6.5,Slab Reinforcement,,,Civil Works- RCC,RCC,Reinforcement,,2602726400.0,2027-07-03,2027-08-31,,,,,0
1.1.10.1.6.6,Slab Casting,,,Civil Works- RCC,RCC,Concreting,,1841875300.0,2027-07-08,2027-09-05,,,,,0
1.1.10.2,NTA Finishing,,,,,,,,2027-07-01,2028-11-23,,,,,
1.1.10.2.1,NTA B2,,,,,,,,2027-07-01,2028-04-25,,,,,
1.1.10.2.1.1,Brick work,,Basement 2,Finishing,Tower Civil Finishes,Blockwork,,202449600.0,2027-07-01,2027-10-28,,,,,0
1.1.10.2.1.2,Plaster,,Basement 2,Finishing,Tower Civil Finishes,Int Plaster,,51650000.0,2027-08-30,2028-01-21,,,,,0
1.1.10.2.1.3,Vacuum Dewatered Flooring,,Basement 2,Finishing,Tower Finishing,Flooring,,1453184800.0,2027-09-29,2028-02-20,,,,,0
1.1.10.2.1.4,Structural Steel,,Basement 2,Civil Works- RCC,NTA RCC,NTA RCC,,1426818794.0,2027-11-26,2028-03-21,,,,,0
1.1.10.2.1.5,Painting ,,Basement 2,Finishing,Tower Finishing,Paint,,10298.0,2028-01-17,2028-04-25,,,,,0
1.1.10.2.2,NTA B1,,,,,,,,2027-09-26,2028-06-26,,,,,
1.1.10.2.2.1,Brick work,,Basement 1,Finishing,Tower Civil Finishes,Blockwork,,202449600.0,2027-09-26,2028-03-08,,,,,0
1.1.10.2.2.2,Plaster,,Basement 1,Finishing,Tower Civil Finishes,Int Plaster,,51650000.0,2028-01-09,2028-04-17,,,,,0
1.1.10.2.2.3,Vacuum Dewatered Flooring,,Basement 1,Finishing,Tower Finishing,Flooring,,1453184800.0,2028-02-08,2028-05-17,,,,,0
1.1.10.2.2.4,Painting ,,Basement 1,Finishing,Tower Finishing,Paint,,0.0,2028-03-29,2028-06-26,,,,,0
1.1.10.2.3,NTA Podium,,,,,,,,2028-04-08,2028-11-23,,,,,
1.1.10.2.3.1,Brick work,,,Finishing,Tower Civil Finishes,Blockwork,,53589600.0,2028-04-08,2028-08-05,,,,,0
1.1.10.2.3.2,Plaster,,,Finishing,Tower Civil Finishes,Int Plaster,,13500000.0,2028-06-07,2028-09-14,,,,,0
1.1.10.2.3.3,Vacuum Dewatered Flooring,,,Finishing,Tower Finishing,Flooring,,609600000.0,2028-07-07,2028-10-14,,,,,0
1.1.10.2.3.4,Painting ,,,Finishing,Tower Finishing,Paint,,0.0,2028-08-26,2028-11-23,,,,,0
1.1.10.3,NTA Services,,,,,,,,2026-12-17,2029-01-22,,,,,
1.1.10.3.1,NTA B2,,,,,,,,2027-10-29,2028-05-30,,,,,
1.1.10.3.1.1,Waterproofing,,Basement 2,Finishing,Tower Civil Finishes,Waterproofing,,0.0,2027-10-29,2028-01-31,,,,,0
1.1.10.3.1.2,Plumbing,,Basement 2,MEP,Tower MEP,Plumbing,,0.0,2028-01-02,2028-03-01,,,,,0
1.1.10.3.1.3,Fire fighting,,Basement 2,MEP,Tower MEP,Plumbing,,0.0,2028-02-01,2028-05-10,,,,,0
1.1.10.3.1.4,Ventilation,,Basement 2,MEP,Tower MEP,Electrical,,0.0,2028-02-21,2028-05-30,,,,,0
1.1.10.3.1.5,Electrification,,Basement 2,MEP,Tower MEP,Electrical,,0.0,2028-02-01,2028-05-30,,,,,0
1.1.10.3.1.6,Security installations,,Basement 2,MEP,Tower MEP,Electrical,,0.0,2028-02-01,2028-04-30,,,,,0
1.1.10.3.2,NTA B1,,,,,,,,2028-03-09,2028-08-25,,,,,
1.1.10.3.2.1,Waterproofing,,Basement 1,Finishing,Tower Civil Finishes,Waterproofing,,0.0,2028-03-09,2028-04-27,,,,,0
1.1.10.3.2.2,Plumbing,,Basement 1,MEP,Tower MEP,Plumbing,,0.0,2028-03-29,2028-05-27,,,,,0
1.1.10.3.2.3,Fire fighting,,Basement 1,MEP,Tower MEP,Plumbing,,0.0,2028-04-28,2028-08-05,,,,,0
1.1.10.3.2.4,Ventilation,,Basement 1,MEP,Tower MEP,Electrical,,0.0,2028-05-18,2028-08-25,,,,,0
1.1.10.3.2.5,Electrification,,Basement 1,MEP,Tower MEP,Electrical,,0.0,2028-04-28,2028-08-25,,,,,0
1.1.10.3.2.6,Security installations,,Basement 1,MEP,Tower MEP,Electrical,,0.0,2028-04-28,2028-07-26,,,,,0
1.1.10.3.3,NTA Podium,,,,,,,,2028-08-06,2029-01-22,,,,,
1.1.10.3.3.1,Waterproofing,,,Finishing,Tower Civil Finishes,Waterproofing,,100.0,2028-08-06,2028-09-24,,,,,0
1.1.10.3.3.2,Plumbing,,,MEP,Tower MEP,Plumbing,,100.0,2028-08-26,2028-10-24,,,,,0
1.1.10.3.3.3,Fire fighting,,,MEP,Tower MEP,Plumbing,,100.0,2028-09-25,2029-01-02,,,,,0
1.1.10.3.3.4,Ventilation,,,MEP,Tower MEP,Electrical,,100.0,2028-10-15,2029-01-22,,,,,0
1.1.10.3.3.5,Electrification,,,MEP,Tower MEP,Electrical,,100.0,2028-09-25,2029-01-22,,,,,0
1.1.10.3.3.6,Security installations,,,MEP,Tower MEP,Electrical,,100.0,2028-09-25,2028-12-23,,,,,0
1.1.10.3.4,"DG, Transformer and LT Room",,,,,,,,2026-12-17,2028-01-25,,,,,
1.1.10.3.4.1,DG Room,,,,,,,,2026-12-17,2028-01-25,,,,,
1.1.10.3.4.1.1,Procurement of DG,,,MEP,Ext MEP,Ext Electrical,,4830000000.0,2026-12-17,2027-06-14,,,,,0
1.1.10.3.4.1.2,DG Foundations,,,MEP,Ext MEP,Ext Electrical,,100.0,2027-06-15,2027-07-29,,,,,0
1.1.10.3.4.1.3,DG Installation,,,MEP,Ext MEP,Ext Electrical,,1380000000.0,2027-07-30,2027-10-27,,,,,0
1.1.10.3.4.1.4,DG Testing & Commsioning / Sync,,,MEP,Ext MEP,Ext Electrical,,690000000.0,2027-10-28,2028-01-25,,,,,0
1.1.10.3.4.2,Transformer Room ,,,,,,,,2026-12-17,2028-01-25,,,,,
1.1.10.3.4.2.1,Procurement of Transformer,,,MEP,Ext MEP,Ext Electrical,,2310000000.0,2026-12-17,2027-06-14,,,,,0
1.1.10.3.4.2.2,Transformer Foundations,,,MEP,Ext MEP,Ext Electrical,,100.0,2027-06-15,2027-07-29,,,,,0
1.1.10.3.4.2.3,Transformer Installation,,,MEP,Ext MEP,Ext Electrical,,660000000.0,2027-07-30,2027-10-27,,,,,0
1.1.10.3.4.2.4,Transformer Testing & Commsioning / Sync,,,MEP,Ext MEP,Ext Electrical,,330000000.0,2027-10-28,2028-01-25,,,,,0
1.1.10.3.4.3,LT Room ,,,,,,,,2026-12-17,2028-01-25,,,,,
1.1.10.3.4.3.1,Procurement of LT Panels,,,MEP,Ext MEP,Ext Electrical,,4231245800.0,2026-12-17,2027-06-14,,,,,0
1.1.10.3.4.3.2,LT Panels Foundations,,,MEP,Ext MEP,Ext Electrical,,100.0,2027-06-15,2027-07-29,,,,,0
1.1.10.3.4.3.3,LT Panels Installation,,,MEP,Ext MEP,Ext Electrical,,1208927400.0,2027-07-30,2027-10-27,,,,,0
1.1.10.3.4.3.4,LT Panels Testing & Commsioning / Sync,,,MEP,Ext MEP,Ext Electrical,,604463700.0,2027-10-28,2028-01-25,,,,,0
1.1.11,EWS,,,,,,,,2027-04-22,2028-07-20,,,,,
1.1.11.1,EWS RCC,,,,,,,,2027-04-22,2027-10-16,,,,,
1.1.11.1.1,First Floor Lvl,,,,,,,,2027-04-22,2027-05-10,,,,,
1.1.11.1.1.1,Column and Shear Wall Reinforcement,,1st Floor,Civil Works- RCC,RCC,Reinforcement,,311998268.0,2027-04-22,2027-04-30,,,,,0
1.1.11.1.1.2,Column and Shear Wall Formwork,,1st Floor,Civil Works- RCC,RCC,Shuttering- Conventional,,93675000.0,2027-04-25,2027-05-02,,,,,0
1.1.11.1.1.3,Slab Formwork,,1st Floor,Civil Works- RCC,RCC,Shuttering- Conventional,,27975000.0,2027-04-29,2027-05-06,,,,,0
1.1.11.1.1.4,Slab Reinforcement,,1st Floor,Civil Works- RCC,RCC,Reinforcement,,202286484.0,2027-05-03,2027-05-08,,,,,0
1.1.11.1.1.5,Monolithic Casting,,1st Floor,Civil Works- RCC,RCC,Concreting,,226057364.0,2027-05-07,2027-05-10,,,,,0
1.1.11.1.2,Second Floor Lvl,,,,,,,,2027-05-11,2027-05-29,,,,,
1.1.11.1.2.1,Column and Shear Wall Reinforcement,,2nd Floor,Civil Works- RCC,RCC,Reinforcement,,311998268.0,2027-05-11,2027-05-19,,,,,0
1.1.11.1.2.2,Column and Shear Wall Formwork,,2nd Floor,Civil Works- RCC,RCC,Shuttering- Conventional,,93675000.0,2027-05-14,2027-05-21,,,,,0
1.1.11.1.2.3,Slab Formwork,,2nd Floor,Civil Works- RCC,RCC,Shuttering- Conventional,,27975000.0,2027-05-18,2027-05-25,,,,,0
1.1.11.1.2.4,Slab Reinforcement,,2nd Floor,Civil Works- RCC,RCC,Reinforcement,,202286484.0,2027-05-22,2027-05-27,,,,,0
1.1.11.1.2.5,Monolithic Casting,,2nd Floor,Civil Works- RCC,RCC,Concreting,,226057364.0,2027-05-26,2027-05-29,,,,,0
1.1.11.1.3,Third Floor Lvl,,,,,,,,2027-05-30,2027-06-17,,,,,
1.1.11.1.3.1,Column and Shear Wall Reinforcement,,3rd Floor,Civil Works- RCC,RCC,Reinforcement,,311998268.0,2027-05-30,2027-06-07,,,,,0
1.1.11.1.3.2,Column and Shear Wall Formwork,,3rd Floor,Civil Works- RCC,RCC,Shuttering- Conventional,,93675000.0,2027-06-02,2027-06-09,,,,,0
1.1.11.1.3.3,Slab Formwork,,3rd Floor,Civil Works- RCC,RCC,Shuttering- Conventional,,27975000.0,2027-06-06,2027-06-13,,,,,0
1.1.11.1.3.4,Slab Reinforcement,,3rd Floor,Civil Works- RCC,RCC,Reinforcement,,202286484.0,2027-06-10,2027-06-15,,,,,0
1.1.11.1.3.5,Monolithic Casting,,3rd Floor,Civil Works- RCC,RCC,Concreting,,226057364.0,2027-06-14,2027-06-17,,,,,0
1.1.11.1.4,Fourth Floor Lvl,,,,,,,,2027-06-18,2027-07-06,,,,,
1.1.11.1.4.1,Column and Shear Wall Reinforcement,,4th Floor,Civil Works- RCC,RCC,Reinforcement,,311998268.0,2027-06-18,2027-06-26,,,,,0
1.1.11.1.4.2,Column and Shear Wall Formwork,,4th Floor,Civil Works- RCC,RCC,Shuttering- Conventional,,93675000.0,2027-06-21,2027-06-28,,,,,0
1.1.11.1.4.3,Slab Formwork,,4th Floor,Civil Works- RCC,RCC,Shuttering- Conventional,,27975000.0,2027-06-25,2027-07-02,,,,,0
1.1.11.1.4.4,Slab Reinforcement,,4th Floor,Civil Works- RCC,RCC,Reinforcement,,202286484.0,2027-06-29,2027-07-04,,,,,0
1.1.11.1.4.5,Monolithic Casting,,4th Floor,Civil Works- RCC,RCC,Concreting,,226057364.0,2027-07-03,2027-07-06,,,,,0
1.1.11.1.5,Fifth Floor Lvl,,,,,,,,2027-07-07,2027-07-25,,,,,
1.1.11.1.5.1,Column and Shear Wall Reinforcement,,5th Floor,Civil Works- RCC,RCC,Reinforcement,,311998268.0,2027-07-07,2027-07-15,,,,,0
1.1.11.1.5.2,Column and Shear Wall Formwork,,5th Floor,Civil Works- RCC,RCC,Shuttering- Conventional,,93675000.0,2027-07-10,2027-07-17,,,,,0
1.1.11.1.5.3,Slab Formwork,,5th Floor,Civil Works- RCC,RCC,Shuttering- Conventional,,27975000.0,2027-07-14,2027-07-21,,,,,0
1.1.11.1.5.4,Slab Reinforcement,,5th Floor,Civil Works- RCC,RCC,Reinforcement,,202286484.0,2027-07-18,2027-07-23,,,,,0
1.1.11.1.5.5,Monolithic Casting,,5th Floor,Civil Works- RCC,RCC,Concreting,,226057364.0,2027-07-22,2027-07-25,,,,,0
1.1.11.1.6,Sixth Floor Lvl,,,,,,,,2027-07-26,2027-08-13,,,,,
1.1.11.1.6.1,Column and Shear Wall Reinforcement,,,Civil Works- RCC,RCC,Reinforcement,,311998268.0,2027-07-26,2027-08-03,,,,,0
1.1.11.1.6.2,Column and Shear Wall Formwork,,,Civil Works- RCC,RCC,Shuttering- Conventional,,93675000.0,2027-07-29,2027-08-05,,,,,0
1.1.11.1.6.3,Slab Formwork,,,Civil Works- RCC,RCC,Shuttering- Conventional,,27975000.0,2027-08-02,2027-08-09,,,,,0
1.1.11.1.6.4,Slab Reinforcement,,,Civil Works- RCC,RCC,Reinforcement,,202286484.0,2027-08-06,2027-08-11,,,,,0
1.1.11.1.6.5,Monolithic Casting,,,Civil Works- RCC,RCC,Concreting,,226057364.0,2027-08-10,2027-08-13,,,,,0
1.1.11.1.7,Seventh Floor Lvl,,,,,,,,2027-08-14,2027-09-01,,,,,
1.1.11.1.7.1,Column and Shear Wall Reinforcement,,,Civil Works- RCC,RCC,Reinforcement,,311998268.0,2027-08-14,2027-08-22,,,,,0
1.1.11.1.7.2,Column and Shear Wall Formwork,,,Civil Works- RCC,RCC,Shuttering- Conventional,,93675000.0,2027-08-17,2027-08-24,,,,,0
1.1.11.1.7.3,Slab Formwork,,,Civil Works- RCC,RCC,Shuttering- Conventional,,27975000.0,2027-08-21,2027-08-28,,,,,0
1.1.11.1.7.4,Slab Reinforcement,,,Civil Works- RCC,RCC,Reinforcement,,202286484.0,2027-08-25,2027-08-30,,,,,0
1.1.11.1.7.5,Monolithic Casting,,,Civil Works- RCC,RCC,Concreting,,226057364.0,2027-08-29,2027-09-01,,,,,0
1.1.11.1.8,Eighth Floor Lvl,,,,,,,,2027-09-02,2027-09-20,,,,,
1.1.11.1.8.1,Column and Shear Wall Reinforcement,,,Civil Works- RCC,RCC,Reinforcement,,311998268.0,2027-09-02,2027-09-10,,,,,0
1.1.11.1.8.2,Column and Shear Wall Formwork,,,Civil Works- RCC,RCC,Shuttering- Conventional,,93675000.0,2027-09-05,2027-09-12,,,,,0
1.1.11.1.8.3,Slab Formwork,,,Civil Works- RCC,RCC,Shuttering- Conventional,,27975000.0,2027-09-09,2027-09-16,,,,,0
1.1.11.1.8.4,Slab Reinforcement,,,Civil Works- RCC,RCC,Reinforcement,,202286484.0,2027-09-13,2027-09-18,,,,,0
1.1.11.1.8.5,Monolithic Casting,,,Civil Works- RCC,RCC,Concreting,,226057364.0,2027-09-17,2027-09-20,,,,,0
1.1.11.1.9,Terrace Floor Lvl,,,,,,,,2027-09-21,2027-10-09,,,,,
1.1.11.1.9.1,Column and Shear Wall Reinforcement,,Terrace,Civil Works- RCC,RCC,Reinforcement,,311998268.0,2027-09-21,2027-09-29,,,,,0
1.1.11.1.9.2,Column and Shear Wall Formwork,,Terrace,Civil Works- RCC,RCC,Shuttering- Conventional,,93675000.0,2027-09-24,2027-10-01,,,,,0
1.1.11.1.9.3,Slab Formwork,,Terrace,Civil Works- RCC,RCC,Shuttering- Conventional,,27975000.0,2027-09-28,2027-10-05,,,,,0
1.1.11.1.9.4,Slab Reinforcement,,Terrace,Civil Works- RCC,RCC,Reinforcement,,202286484.0,2027-10-02,2027-10-07,,,,,0
1.1.11.1.9.5,Monolithic Casting,,Terrace,Civil Works- RCC,RCC,Concreting,,226057364.0,2027-10-06,2027-10-09,,,,,0
1.1.11.1.10,Mumty Floor Lvl,,,,,,,,2027-10-10,2027-10-16,,,,,
1.1.11.1.10.1,Column and Shear Wall Reinforcement,,,Civil Works- RCC,RCC,Reinforcement,,237680160.0,2027-10-10,2027-10-10,,,,,0
1.1.11.1.10.2,Column and Shear Wall Formwork,,,Civil Works- RCC,RCC,Shuttering- Conventional,,93675000.0,2027-10-10,2027-10-11,,,,,0
1.1.11.1.10.3,Slab Formwork,,,Civil Works- RCC,RCC,Shuttering- Conventional,,27975000.0,2027-10-10,2027-10-13,,,,,0
1.1.11.1.10.4,Slab Reinforcement,,,Civil Works- RCC,RCC,Reinforcement,,154147640.0,2027-10-12,2027-10-15,,,,,0
1.1.11.1.10.5,Monolithic Casting,,,Civil Works- RCC,RCC,Concreting,,226057364.0,2027-10-16,2027-10-16,,,,,0
1.1.11.2,EWS Finishing,,,,,,,,2027-06-30,2028-07-20,,,,,
1.1.11.2.1,Ground Floor ,,,,,,,,2027-06-30,2027-10-09,,,,,
1.1.11.2.1.1,Blockwork,,Ground Floor,,,NTA Finishing,,68009872.0,2027-06-30,2027-07-29,,,,,0
1.1.11.2.1.2,Waterproofing,,Ground Floor,Finishing,Tower Civil Finishes,Waterproofing,,21447675.0,2027-07-30,2027-08-01,,,,,0
1.1.11.2.1.3,Plumbing Works,,Ground Floor,MEP,Tower MEP,Plumbing,,193561300.0,2027-08-02,2027-08-16,,,,,0
1.1.11.2.1.4,Electrical Works,,Ground Floor,MEP,Tower MEP,Electrical,,204418500.0,2027-08-02,2027-08-26,,,,,0
1.1.11.2.1.5,Plaster,,Ground Floor,Finishing,Tower Civil Finishes,Int Plaster,,44185000.0,2027-08-27,2027-09-15,,,,,0
1.1.11.2.1.6,Flooring,,Ground Floor,Finishing,Tower Finishing,Flooring,,100920000.0,2027-08-27,2027-09-20,,,,,0
1.1.11.2.1.7,Door Fixing,,Ground Floor,Finishing,Tower Finishing,Door,,0.0,2027-09-13,2027-09-24,,,,,0
1.1.11.2.1.8,Paint Work,,Ground Floor,Finishing,Tower Finishing,Paint,,3896250.0,2027-09-15,2027-10-09,,,,,0
1.1.11.2.2,First Floor ,,,,,,,,2027-07-30,2027-12-23,,,,,
1.1.11.2.2.1,Blockwork,,1st Floor,Finishing,Tower Civil Finishes,Blockwork,,68009872.0,2027-07-30,2027-08-28,,,,,0
1.1.11.2.2.2,Waterproofing,,1st Floor,Finishing,Tower Civil Finishes,Waterproofing,,21447900.0,2027-08-29,2027-08-31,,,,,0
1.1.11.2.2.3,Plumbing Works,,1st Floor,MEP,Tower MEP,Plumbing,,193561300.0,2027-09-01,2027-09-15,,,,,0
1.1.11.2.2.4,Electrical Works,,1st Floor,MEP,Tower MEP,Electrical,,204418500.0,2027-09-01,2027-09-25,,,,,0
1.1.11.2.2.5,Plaster,,1st Floor,Finishing,Tower Civil Finishes,Int Plaster,,44185200.0,2027-09-26,2027-10-15,,,,,0
1.1.11.2.2.6,Flooring,,1st Floor,Finishing,Tower Finishing,Flooring,,100920000.0,2027-09-26,2027-10-20,,,,,0
1.1.11.2.2.7,Door Fixing,,1st Floor,Finishing,Tower Finishing,Door,,0.0,2027-10-13,2027-10-24,,,,,0
1.1.11.2.2.8,Paint Work,,1st Floor,Finishing,Tower Finishing,Paint,,3896250.0,2027-10-15,2027-12-23,,,,,0
1.1.11.2.3,Second Floor ,,,,,,,,2027-08-29,2028-01-22,,,,,
1.1.11.2.3.1,Blockwork,,2nd Floor,Finishing,Tower Civil Finishes,Blockwork,,68009872.0,2027-08-29,2027-09-27,,,,,0
1.1.11.2.3.2,Waterproofing,,2nd Floor,Finishing,Tower Civil Finishes,Waterproofing,,21447900.0,2027-09-28,2027-09-30,,,,,0
1.1.11.2.3.3,Plumbing Works,,2nd Floor,MEP,Tower MEP,Plumbing,,193561300.0,2027-10-01,2027-10-15,,,,,0
1.1.11.2.3.4,Electrical Works,,2nd Floor,MEP,Tower MEP,Electrical,,204418500.0,2027-10-01,2027-10-25,,,,,0
1.1.11.2.3.5,Plaster,,2nd Floor,Finishing,Tower Civil Finishes,Int Plaster,,44185200.0,2027-10-26,2027-12-29,,,,,0
1.1.11.2.3.6,Flooring,,2nd Floor,Finishing,Tower Finishing,Flooring,,100920000.0,2027-10-26,2028-01-03,,,,,0
1.1.11.2.3.7,Door Fixing,,2nd Floor,Finishing,Tower Finishing,Door,,0.0,2027-12-27,2028-01-07,,,,,0
1.1.11.2.3.8,Paint Work,,2nd Floor,Finishing,Tower Finishing,Paint,,3896250.0,2027-12-29,2028-01-22,,,,,0
1.1.11.2.4,Third Floor ,,,,,,,,2027-09-28,2028-02-21,,,,,
1.1.11.2.4.1,Blockwork,,3rd Floor,Finishing,Tower Civil Finishes,Blockwork,,68009872.0,2027-09-28,2027-10-27,,,,,0
1.1.11.2.4.2,Waterproofing,,3rd Floor,Finishing,Tower Civil Finishes,Waterproofing,,21447900.0,2027-10-28,2027-10-30,,,,,0
1.1.11.2.4.3,Plumbing Works,,3rd Floor,MEP,Tower MEP,Plumbing,,193561300.0,2027-10-31,2027-12-29,,,,,0
1.1.11.2.4.4,Electrical Works,,3rd Floor,MEP,Tower MEP,Electrical,,204418500.0,2027-10-31,2028-01-08,,,,,0
1.1.11.2.4.5,Plaster,,3rd Floor,Finishing,Tower Civil Finishes,Int Plaster,,44185200.0,2028-01-09,2028-01-28,,,,,0
1.1.11.2.4.6,Flooring,,3rd Floor,Finishing,Tower Finishing,Flooring,,100920000.0,2028-01-09,2028-02-02,,,,,0
1.1.11.2.4.7,Door Fixing,,3rd Floor,Finishing,Tower Finishing,Door,,0.0,2028-01-26,2028-02-06,,,,,0
1.1.11.2.4.8,Paint Work,,3rd Floor,Finishing,Tower Finishing,Paint,,3896250.0,2028-01-28,2028-02-21,,,,,0
1.1.11.2.5,4th Floor ,,,,,,,,2027-10-28,2028-03-22,,,,,
1.1.11.2.5.1,Blockwork,,4th Floor,,,NTA Finishing,,68009872.0,2027-10-28,2028-01-10,,,,,0
1.1.11.2.5.2,Waterproofing,,4th Floor,Finishing,Tower Civil Finishes,Waterproofing,,21447900.0,2028-01-11,2028-01-13,,,,,0
1.1.11.2.5.3,Plumbing Works,,4th Floor,MEP,Tower MEP,Plumbing,,193561300.0,2028-01-14,2028-01-28,,,,,0
1.1.11.2.5.4,Electrical Works,,4th Floor,MEP,Tower MEP,Electrical,,204418500.0,2028-01-14,2028-02-07,,,,,0
1.1.11.2.5.5,Plaster,,4th Floor,Finishing,Tower Civil Finishes,Int Plaster,,44185200.0,2028-02-08,2028-02-27,,,,,0
1.1.11.2.5.6,Flooring,,4th Floor,Finishing,Tower Finishing,Flooring,,100920000.0,2028-02-08,2028-03-03,,,,,0
1.1.11.2.5.7,Door Fixing,,4th Floor,Finishing,Tower Finishing,Door,,0.0,2028-02-25,2028-03-07,,,,,0
1.1.11.2.5.8,Paint Work,,4th Floor,Finishing,Tower Finishing,Paint,,3896250.0,2028-02-27,2028-03-22,,,,,0
1.1.11.2.6,5th Floor ,,,,,,,,2028-01-11,2028-04-21,,,,,
1.1.11.2.6.1,Blockwork,,5th Floor,,,NTA Finishing,,68009872.0,2028-01-11,2028-02-09,,,,,0
1.1.11.2.6.2,Waterproofing,,5th Floor,Finishing,Tower Civil Finishes,Waterproofing,,21447900.0,2028-02-10,2028-02-12,,,,,0
1.1.11.2.6.3,Plumbing Works,,5th Floor,MEP,Tower MEP,Plumbing,,193561300.0,2028-02-13,2028-02-27,,,,,0
1.1.11.2.6.4,Electrical Works,,5th Floor,MEP,Tower MEP,Electrical,,204418500.0,2028-02-13,2028-03-08,,,,,0
1.1.11.2.6.5,Plaster,,5th Floor,Finishing,Tower Civil Finishes,Int Plaster,,44185200.0,2028-03-09,2028-03-28,,,,,0
1.1.11.2.6.6,Flooring,,5th Floor,Finishing,Tower Finishing,Flooring,,100920000.0,2028-03-09,2028-04-02,,,,,0
1.1.11.2.6.7,Door Fixing,,5th Floor,Finishing,Tower Finishing,Door,,0.0,2028-03-26,2028-04-06,,,,,0
1.1.11.2.6.8,Paint Work,,5th Floor,Finishing,Tower Finishing,Paint,,3896250.0,2028-03-28,2028-04-21,,,,,0
1.1.11.2.7,6th Floor ,,,,,,,,2028-02-10,2028-05-21,,,,,
1.1.11.2.7.1,Blockwork,,6th Floor,,,NTA Finishing,,68009872.0,2028-02-10,2028-03-10,,,,,0
1.1.11.2.7.2,Waterproofing,,6th Floor,Finishing,Tower Civil Finishes,Waterproofing,,21447900.0,2028-03-11,2028-03-13,,,,,0
1.1.11.2.7.3,Plumbing Works,,6th Floor,MEP,Tower MEP,Plumbing,,193561300.0,2028-03-14,2028-03-28,,,,,0
1.1.11.2.7.4,Electrical Works,,6th Floor,MEP,Tower MEP,Electrical,,204418500.0,2028-03-14,2028-04-07,,,,,0
1.1.11.2.7.5,Plaster,,6th Floor,Finishing,Tower Civil Finishes,Int Plaster,,44185200.0,2028-04-08,2028-04-27,,,,,0
1.1.11.2.7.6,Flooring,,6th Floor,Finishing,Tower Finishing,Flooring,,100920000.0,2028-04-08,2028-05-02,,,,,0
1.1.11.2.7.7,Door Fixing,,6th Floor,Finishing,Tower Finishing,Door,,0.0,2028-04-25,2028-05-06,,,,,0
1.1.11.2.7.8,Paint Work,,6th Floor,Finishing,Tower Finishing,Paint,,3896250.0,2028-04-27,2028-05-21,,,,,0
1.1.11.2.8,7th Floor ,,,,,,,,2028-03-11,2028-06-20,,,,,
1.1.11.2.8.1,Blockwork,,7th Floor,,,NTA Finishing,,68009872.0,2028-03-11,2028-04-09,,,,,0
1.1.11.2.8.2,Waterproofing,,7th Floor,Finishing,Tower Civil Finishes,Waterproofing,,21447900.0,2028-04-10,2028-04-12,,,,,0
1.1.11.2.8.3,Plumbing Works,,7th Floor,MEP,Tower MEP,Plumbing,,193561300.0,2028-04-13,2028-04-27,,,,,0
1.1.11.2.8.4,Electrical Works,,7th Floor,MEP,Tower MEP,Electrical,,204418500.0,2028-04-13,2028-05-07,,,,,0
1.1.11.2.8.5,Plaster,,7th Floor,Finishing,Tower Civil Finishes,Int Plaster,,44185200.0,2028-05-08,2028-05-27,,,,,0
1.1.11.2.8.6,Flooring,,7th Floor,Finishing,Tower Finishing,Flooring,,100920000.0,2028-05-08,2028-06-01,,,,,0
1.1.11.2.8.7,Door Fixing,,7th Floor,Finishing,Tower Finishing,Door,,0.0,2028-05-25,2028-06-05,,,,,0
1.1.11.2.8.8,Paint Work,,7th Floor,Finishing,Tower Finishing,Paint,,3896250.0,2028-05-27,2028-06-20,,,,,0
1.1.11.2.9,8th Floor ,,,,,,,,2028-04-10,2028-07-20,,,,,
1.1.11.2.9.1,Blockwork,,8th Floor,,,NTA Finishing,,68009872.0,2028-04-10,2028-05-09,,,,,0
1.1.11.2.9.2,Waterproofing,,8th Floor,Finishing,Tower Civil Finishes,Waterproofing,,21447900.0,2028-05-10,2028-05-12,,,,,0
1.1.11.2.9.3,Plumbing Works,,8th Floor,MEP,Tower MEP,Plumbing,,193561300.0,2028-05-13,2028-05-27,,,,,0
1.1.11.2.9.4,Electrical Works,,8th Floor,MEP,Tower MEP,Electrical,,204418500.0,2028-05-13,2028-06-06,,,,,0
1.1.11.2.9.5,Plaster,,8th Floor,Finishing,Tower Civil Finishes,Int Plaster,,44185200.0,2028-06-07,2028-06-26,,,,,0
1.1.11.2.9.6,Flooring,,8th Floor,Finishing,Tower Finishing,Flooring,,100920000.0,2028-06-07,2028-07-01,,,,,0
1.1.11.2.9.7,Door Fixing,,8th Floor,Finishing,Tower Finishing,Door,,0.0,2028-06-24,2028-07-05,,,,,0
1.1.11.2.9.8,Paint Work,,8th Floor,Finishing,Tower Finishing,Paint,,3896250.0,2028-06-26,2028-07-20,,,,,0
1.1.11.2.10,Terrace Works,,,,,,,,2027-10-17,2028-01-29,,,,,
1.1.11.2.10.1,Terrace Waterproofing,,Terrace,Finishing,Tower Civil Finishes,Waterproofing,,0.0,2027-10-17,2027-12-30,,,,,0
1.1.11.2.10.2,Terrace Finishing,,Terrace,Finishing,Common area finishes,CA-Flooring,,0.0,2027-12-31,2028-01-29,,,,,0
1.1.12,External Work,,,,,,,,2027-09-06,2028-10-22,,,,,
1.1.12.1,External Fire Fighting Works,,,,,,,,2027-09-26,2028-06-06,,,,,
1.1.12.1.1,"Excavation, Pipe Laying, Hyderent errection , Fitting , Testing & Commissioning",,,MEP,Ext MEP,Ext PHE,,776547000.0,2027-09-26,2028-06-06,,,,,0
1.1.12.2,External Plumbing,,,,,,,,2027-09-06,2028-06-16,,,,,
1.1.12.2.1,External Plumbing - Sewer,,,,,,,,2027-09-06,2028-05-17,,,,,
1.1.12.2.1.1,"Excavation, Pipe Laying, Filling , Testing & Commissioning",,,MEP,Ext MEP,Ext PHE,,1570000000.0,2027-09-06,2028-05-17,,,,,0
1.1.12.2.2,External Plumbing Water Supply,,,,,,,,2027-10-06,2028-06-16,,,,,
1.1.12.2.2.1,"Excavation, Pipe Laying, Filling , Testing & Commissioning",,,MEP,Ext MEP,Ext PHE,,250000000.0,2027-10-06,2028-06-16,,,,,0
1.1.12.2.3,External Plumbing - Storm Water,,,,,,,,2027-09-26,2028-06-06,,,,,
1.1.12.2.3.1,"Excavation, Pipe Laying, Filling , Testing & Commissioning",,,MEP,Ext MEP,Ext PHE,,340000000.0,2027-09-26,2028-06-06,,,,,0
1.1.12.2.4,Rain water Harvesting work,,,,,,,,2027-09-26,2028-06-06,,,,,
1.1.12.2.4.1,Rain water Harvesting work,,,MEP,Ext MEP,Ext PHE,,100.0,2027-09-26,2028-06-06,,,,,0
1.1.12.3,External Electrification,,,,,,,,2027-09-09,2028-06-07,,,,,
1.1.12.3.1,HV INSTALLATION,,,MEP,Ext MEP,Ext Electrical,,100.0,2027-09-09,2028-01-21,,,,,0
1.1.12.3.2,HT CABLES & LT CONTROL CABLES,,,MEP,Ext MEP,Ext Electrical,,760000000.0,2028-01-22,2028-04-20,,,,,0
1.1.12.3.3,Street Light Fixing,,,MEP,Ext MEP,Ext Electrical,,1820000000.0,2028-02-11,2028-04-25,,,,,0
1.1.12.3.4,Completion of External Infrastructure,,,Infra,Ext Infra,Ext Infra,,100.0,2028-06-07,2028-06-07,,,,,0
1.1.12.4,Hard scape & Soft Scape,,,,,,,,2028-01-27,2028-10-22,,,,,
1.1.12.4.1,Soft Scape & Area Grading,,,Infra,Ext Infra,Ext Infra,,14510000000.0,2028-01-27,2028-05-25,,,,,0
1.1.12.4.2,Hardscape,,,,,,,,2028-02-26,2028-10-22,,,,,
1.1.12.4.2.1,Road,,,Infra,Ext Infra,Ext Infra,,22500000000.0,2028-02-26,2028-08-13,,,,,0
1.1.12.4.2.2,Jogging Track,,,Infra,Ext Infra,Ext Infra,,4500000000.0,2028-03-27,2028-09-22,,,,,0
1.1.12.4.2.3,Tower Drop Off,,,Infra,Ext Infra,Ext Infra,,3000000000.0,2028-03-27,2028-08-23,,,,,0
1.1.12.4.2.4,Outdoor Jacuzzi,,,Infra,Ext Infra,Ext Infra,,1200000000.0,2028-04-26,2028-06-24,,,,,0
1.1.12.4.2.5,Water Cascade,,,Infra,Ext Infra,Ext Infra,,2250000000.0,2028-04-26,2028-06-24,,,,,0
1.1.12.4.2.6,Seating Acloves,,,Infra,Ext Infra,Ext Infra,,1150000000.0,2028-05-26,2028-07-09,,,,,0
1.1.12.4.2.7,Pet Park,,,Infra,Ext Infra,Ext Infra,,1000000000.0,2028-06-05,2028-06-24,,,,,0
1.1.12.4.2.8,Kids Play Area,,,Infra,Ext Infra,Ext Infra,,1500000000.0,2028-06-25,2028-07-24,,,,,0
1.1.12.4.2.9,Banquet Lawn,,,Infra,Ext Infra,Ext Infra,,5000000000.0,2028-07-25,2028-08-23,,,,,0
1.1.12.4.2.10,Half Basket Ball Court,,,Infra,Ext Infra,Ext Infra,,1150000000.0,2028-09-23,2028-10-22,,,,,0
1.1.13,Club House,,,,,,,,2025-04-26,2028-10-25,,,,,
1.1.13.1,Excavation + Soldier Pilling,,,Civil Works- RCC,NTA RCC,NTA RCC,,10150000000.0,2025-04-26,2026-09-14,2025-04-26,,,,31
1.1.13.2,RCC,,,,,,,,2026-09-15,2027-10-25,,,,,
1.1.13.2.1,Foundation / Raft,,,,,,,,2026-09-15,2027-03-09,,,,,
1.1.13.2.1.1,Surface Dressing,,,Civil Works- RCC,NTA RCC,NTA RCC,,0.0,2026-09-15,2026-09-16,,,,,0
1.1.13.2.1.2,Anti Termite Treatment,,,Finishing,Tower Civil Finishes,Waterproofing,,0.0,2026-09-17,2026-09-21,,,,,0
1.1.13.2.1.3,PCC,,,Civil Works- RCC,RCC,Concreting,,87350400.0,2026-09-22,2026-09-25,,,,,0
1.1.13.2.1.4,Reinforcement Laying,,,Civil Works- RCC,RCC,Reinforcement,,889122160.0,2026-09-26,2027-02-07,,,,,0
1.1.13.2.1.5,Outer Shuttering of Raft Area,,,Civil Works- RCC,RCC,Shuttering- Conventional,,191963500.0,2027-02-02,2027-02-07,,,,,0
1.1.13.2.1.6,Raft Concreting,,,Civil Works- RCC,RCC,Concreting,,628609400.0,2027-02-08,2027-03-09,,,,,0
1.1.13.2.2,Dummy Basement,,,,,,,,2027-03-10,2027-04-25,,,,,
1.1.13.2.2.1,Column and Shear Wall Reinforcement,,Basement,Civil Works- RCC,RCC,Reinforcement,,0.0,2027-03-10,2027-03-29,,,,,0
1.1.13.2.2.2,Column and Shear Wall Formwork,,Basement,Civil Works- RCC,RCC,Shuttering- Conventional,,0.0,2027-03-11,2027-03-30,,,,,0
1.1.13.2.2.3,Column and Shear Wall Casting,,Basement,Civil Works- RCC,RCC,Concreting,,0.0,2027-03-12,2027-03-31,,,,,0
1.1.13.2.2.4,Slab Formwork,,Basement,Civil Works- RCC,RCC,Shuttering- Conventional,,0.0,2027-03-17,2027-04-10,,,,,0
1.1.13.2.2.5,Slab Reinforcement,,Basement,Civil Works- RCC,RCC,Reinforcement,,0.0,2027-03-30,2027-04-23,,,,,0
1.1.13.2.2.6,Slab Casting,,Basement,Civil Works- RCC,RCC,Concreting,,0.0,2027-04-01,2027-04-25,,,,,0
1.1.13.2.3,B2 Roof,,,,,,,,2027-04-26,2027-06-21,,,,,
1.1.13.2.3.1,Column and Shear Wall Reinforcement,,Basement 2,Civil Works- RCC,RCC,Reinforcement,,196916800.0,2027-04-26,2027-05-30,,,,,0
1.1.13.2.3.2,Column and Shear Wall Formwork,,Basement 2,Civil Works- RCC,RCC,Shuttering- Conventional,,103781850.0,2027-04-27,2027-05-31,,,,,0
1.1.13.2.3.3,Column and Shear Wall Casting,,Basement 2,Civil Works- RCC,RCC,Concreting,,133212750.0,2027-04-28,2027-06-01,,,,,0
1.1.13.2.3.4,Slab Formwork,,Basement 2,Civil Works- RCC,RCC,Shuttering- Conventional,,227317200.0,2027-05-03,2027-06-01,,,,,0
1.1.13.2.3.5,Slab Reinforcement,,Basement 2,Civil Works- RCC,RCC,Reinforcement,,622856400.0,2027-05-21,2027-06-19,,,,,0
1.1.13.2.3.6,Slab Casting,,Basement 2,Civil Works- RCC,RCC,Concreting,,440358300.0,2027-05-23,2027-06-21,,,,,0
1.1.13.2.4,B1 Roof,,,,,,,,2027-06-22,2027-07-21,,,,,
1.1.13.2.4.1,Column and Shear Wall Reinforcement,,Basement 1,Civil Works- RCC,RCC,Reinforcement,,196488720.0,2027-06-22,2027-06-27,,,,,0
1.1.13.2.4.2,Column and Shear Wall Formwork,,Basement 1,Civil Works- RCC,RCC,Shuttering- Conventional,,103781850.0,2027-06-23,2027-06-28,,,,,0
1.1.13.2.4.3,Column and Shear Wall Casting,,Basement 1,Civil Works- RCC,RCC,Concreting,,133212750.0,2027-06-24,2027-06-29,,,,,0
1.1.13.2.4.4,Slab Formwork,,Basement 1,Civil Works- RCC,RCC,Shuttering- Conventional,,293162200.0,2027-06-29,2027-07-15,,,,,0
1.1.13.2.4.5,Slab Reinforcement,,Basement 1,Civil Works- RCC,RCC,Reinforcement,,656845952.0,2027-07-04,2027-07-19,,,,,0
1.1.13.2.4.6,Slab Casting,,Basement 1,Civil Works- RCC,RCC,Concreting,,464408000.0,2027-07-05,2027-07-21,,,,,0
1.1.13.2.5,Ground Floor Roof,,,,,,,,2027-07-22,2027-08-16,,,,,
1.1.13.2.5.1,Column and Shear Wall Reinforcement,,Ground Floor,Civil Works- RCC,RCC,Reinforcement,,304678408.0,2027-07-22,2027-07-27,,,,,0
1.1.13.2.5.2,Column and Shear Wall Formwork,,Ground Floor,Civil Works- RCC,RCC,Shuttering- Conventional,,141009600.0,2027-07-23,2027-07-28,,,,,0
1.1.13.2.5.3,Column and Shear Wall Casting,,Ground Floor,Civil Works- RCC,RCC,Concreting,,186589494.0,2027-07-24,2027-07-29,,,,,0
1.1.13.2.5.4,Slab Formwork,,Ground Floor,Civil Works- RCC,RCC,Shuttering- Conventional,,287793300.0,2027-07-29,2027-08-10,,,,,0
1.1.13.2.5.5,Slab Reinforcement,,Ground Floor,Civil Works- RCC,RCC,Reinforcement,,734138900.0,2027-07-30,2027-08-14,,,,,0
1.1.13.2.5.6,Slab Casting,,Ground Floor,Civil Works- RCC,RCC,Concreting,,449610392.0,2027-07-31,2027-08-16,,,,,0
1.1.13.2.6,First Floor Roof,,,,,,,,2027-08-17,2027-09-11,,,,,
1.1.13.2.6.1,Column and Shear Wall Reinforcement,,1st Floor,Civil Works- RCC,RCC,Reinforcement,,250769792.0,2027-08-17,2027-08-22,,,,,0
1.1.13.2.6.2,Column and Shear Wall Formwork,,1st Floor,Civil Works- RCC,RCC,Shuttering- Conventional,,116089800.0,2027-08-18,2027-08-23,,,,,0
1.1.13.2.6.3,Column and Shear Wall Casting,,1st Floor,Civil Works- RCC,RCC,Concreting,,153571600.0,2027-08-19,2027-08-24,,,,,0
1.1.13.2.6.4,Slab Formwork,,1st Floor,Civil Works- RCC,RCC,Shuttering- Conventional,,255073400.0,2027-08-24,2027-09-05,,,,,0
1.1.13.2.6.5,Slab Reinforcement,,1st Floor,Civil Works- RCC,RCC,Reinforcement,,654481600.0,2027-08-25,2027-09-09,,,,,0
1.1.13.2.6.6,Slab Casting,,1st Floor,Civil Works- RCC,RCC,Concreting,,400805000.0,2027-08-26,2027-09-11,,,,,0
1.1.13.2.7,Second Floor Roof,,,,,,,,2027-09-12,2027-10-07,,,,,
1.1.13.2.7.1,Column and Shear Wall Reinforcement,,2nd Floor,Civil Works- RCC,RCC,Reinforcement,,241124800.0,2027-09-12,2027-09-17,,,,,0
1.1.13.2.7.2,Column and Shear Wall Formwork,,2nd Floor,Civil Works- RCC,RCC,Shuttering- Conventional,,111733900.0,2027-09-13,2027-09-18,,,,,0
1.1.13.2.7.3,Column and Shear Wall Casting,,2nd Floor,Civil Works- RCC,RCC,Concreting,,147665000.0,2027-09-14,2027-09-19,,,,,0
1.1.13.2.7.4,Slab Formwork,,2nd Floor,Civil Works- RCC,RCC,Shuttering- Conventional,,195002500.0,2027-09-19,2027-10-01,,,,,0
1.1.13.2.7.5,Slab Reinforcement,,2nd Floor,Civil Works- RCC,RCC,Reinforcement,,508428864.0,2027-09-20,2027-10-05,,,,,0
1.1.13.2.7.6,Slab Casting,,2nd Floor,Civil Works- RCC,RCC,Concreting,,311362200.0,2027-09-21,2027-10-07,,,,,0
1.1.13.2.8,Mumty Floor Roof,,,,,,,,2027-10-08,2027-10-25,,,,,
1.1.13.2.8.1,Column and Shear Wall Reinforcement,,,Civil Works- RCC,RCC,Reinforcement,,85978214.4,2027-10-08,2027-10-10,,,,,0
1.1.13.2.8.2,Column and Shear Wall Formwork,,,Civil Works- RCC,RCC,Shuttering- Conventional,,100185700.0,2027-10-09,2027-10-11,,,,,0
1.1.13.2.8.3,Column and Shear Wall Casting,,,Civil Works- RCC,RCC,Concreting,,52653120.0,2027-10-10,2027-10-12,,,,,0
1.1.13.2.8.4,Slab Formwork,,,Civil Works- RCC,RCC,Shuttering- Conventional,,59361800.0,2027-10-15,2027-10-23,,,,,0
1.1.13.2.8.5,Slab Reinforcement,,,Civil Works- RCC,RCC,Reinforcement,,128967321.6,2027-10-16,2027-10-24,,,,,0
1.1.13.2.8.6,Slab Casting,,,Civil Works- RCC,RCC,Concreting,,78979680.0,2027-10-17,2027-10-25,,,,,0
1.1.13.3,Finishing Works,,,,,,,,2027-08-17,2028-06-21,,,,,
1.1.13.3.1,Basement Finsihing,,,,,,,,2027-08-17,2028-01-11,,,,,
1.1.13.3.1.1,Basement - 2,,,,,,,,2027-08-17,2027-10-28,,,,,
1.1.13.3.1.1.1,Masonary Works,,Basement 2,Finishing,Common area finishes,CA-Blockwork,,96792600.0,2027-08-17,2027-09-15,,,,,0
1.1.13.3.1.1.2,Plaster Works,,Basement 2,Finishing,Common area finishes,CA-Int Plaster,,565962300.0,2027-09-01,2027-09-20,,,,,0
1.1.13.3.1.1.3,White Wash,,Basement 2,Finishing,Common area finishes,CA-Paint,,0.0,2027-09-16,2027-10-03,,,,,0
1.1.13.3.1.1.4,VDF,,Basement 2,Finishing,Common area finishes,CA-Flooring,,134721600.0,2027-10-04,2027-10-28,,,,,0
1.1.13.3.1.2,Basement - 1,,,,,,,,2027-09-16,2028-01-11,,,,,
1.1.13.3.1.2.1,Masonary Works,,Basement 1,Finishing,Common area finishes,CA-Blockwork,,96792600.0,2027-09-16,2027-10-15,,,,,0
1.1.13.3.1.2.2,Plaster Works,,Basement 1,Finishing,Common area finishes,CA-Int Plaster,,565962300.0,2027-10-01,2027-10-20,,,,,0
1.1.13.3.1.2.3,White Wash,,Basement 1,Finishing,Common area finishes,CA-Paint,,0.0,2027-10-16,2027-12-17,,,,,0
1.1.13.3.1.2.4,VDF,,Basement 1,Finishing,Common area finishes,CA-Flooring,,134721600.0,2027-12-18,2028-01-11,,,,,0
1.1.13.3.2,Superstructure Finishing,,,,,,,,2027-10-06,2028-06-21,,,,,
1.1.13.3.2.1,Ground Floor Finishing,,,,,,,,2027-10-16,2028-03-23,,,,,
1.1.13.3.2.1.1,Blockwork,,Ground Floor,,,NTA Finishing,,97681422.0,2027-10-16,2027-10-25,,,,,0
1.1.13.3.2.1.2,Internal Plumbing Works,,Ground Floor,MEP,Tower MEP,Plumbing,,605850000.0,2027-10-26,2027-10-31,,,,,0
1.1.13.3.2.1.3,Waterproofing Works,,Ground Floor,Finishing,Tower Civil Finishes,Waterproofing,,268666500.0,2027-10-28,2027-12-21,,,,,0
1.1.13.3.2.1.4,Electrical Wiring works,,Ground Floor,MEP,Tower MEP,Electrical,,720573300.0,2027-10-28,2027-12-23,,,,,0
1.1.13.3.2.1.5,Internal Plaster Works,,Ground Floor,Finishing,Tower Civil Finishes,Int Plaster,,783426600.0,2027-12-24,2028-01-01,,,,,0
1.1.13.3.2.1.6,Toilet Dado Works,,Ground Floor,Finishing,Tower Finishing,Flooring,,401711700.0,2028-01-02,2028-01-10,,,,,0
1.1.13.3.2.1.7,PCC,,Ground Floor,Civil Works- RCC,RCC,Concreting,,0.0,2027-12-24,2027-12-31,,,,,0
1.1.13.3.2.1.8,Toilet Flooring Works,,Ground Floor,Finishing,Tower Finishing,Flooring,,423868500.0,2028-01-11,2028-01-17,,,,,0
1.1.13.3.2.1.9,Flooring,,Ground Floor,Finishing,Tower Finishing,Flooring,,2077709700.0,2028-01-18,2028-02-01,,,,,0
1.1.13.3.2.1.10,Aluminium Door Widnow Fixing,,Ground Floor,Finishing,Tower Finishing,Door,,1128271800.0,2028-02-02,2028-02-16,,,,,0
1.1.13.3.2.1.11,Rehung Door Fixing,,Ground Floor,Finishing,Tower Finishing,Door,,0.0,2028-02-17,2028-02-24,,,,,0
1.1.13.3.2.1.12,Putty Primer coat,,Ground Floor,Finishing,Tower Finishing,Paint,,0.0,2028-02-25,2028-03-01,,,,,0
1.1.13.3.2.1.13,Painting First Coat,,Ground Floor,Finishing,Tower Finishing,Paint,,201823800.0,2028-03-02,2028-03-13,,,,,0
1.1.13.3.2.1.14,False ceiling works,,Ground Floor,Finishing,Tower Finishing,False Ceiling,,235387800.0,2028-03-14,2028-03-23,,,,,0
1.1.13.3.2.2,First Floor Finishing,,,,,,,,2027-10-26,2028-04-02,,,,,
1.1.13.3.2.2.1,Blockwork,,1st Floor,,,NTA Finishing,,97681422.0,2027-10-26,2027-12-19,,,,,0
1.1.13.3.2.2.2,Internal Plumbing Works,,1st Floor,MEP,Tower MEP,Plumbing,,0.0,2027-12-20,2027-12-25,,,,,0
1.1.13.3.2.2.3,Waterproofing Works,,1st Floor,Finishing,Tower Civil Finishes,Waterproofing,,0.0,2027-12-22,2027-12-31,,,,,0
1.1.13.3.2.2.4,Electrical Wiring works,,1st Floor,MEP,Tower MEP,Electrical,,268666500.0,2027-12-22,2028-01-02,,,,,0
1.1.13.3.2.2.5,Internal Plaster Works,,1st Floor,Finishing,Tower Civil Finishes,Int Plaster,,720573300.0,2028-01-03,2028-01-11,,,,,0
1.1.13.3.2.2.6,Toilet Dado Works,,1st Floor,Finishing,Tower Finishing,Flooring,,783426600.0,2028-01-12,2028-01-20,,,,,0
1.1.13.3.2.2.7,PCC,,1st Floor,Civil Works- RCC,RCC,Concreting,,401711700.0,2028-01-03,2028-01-10,,,,,0
1.1.13.3.2.2.8,Toilet Flooring Works,,1st Floor,Finishing,Tower Finishing,Flooring,,0.0,2028-01-21,2028-01-27,,,,,0
1.1.13.3.2.2.9,Flooring,,1st Floor,Finishing,Tower Finishing,Flooring,,423868500.0,2028-01-28,2028-02-11,,,,,0
1.1.13.3.2.2.10,Aluminium Door Widnow Fixing,,1st Floor,Finishing,Tower Finishing,Door,,2077709700.0,2028-02-12,2028-02-26,,,,,0
1.1.13.3.2.2.11,Rehung Door Fixing,,1st Floor,Finishing,Tower Finishing,Door,,0.0,2028-02-27,2028-03-05,,,,,0
1.1.13.3.2.2.12,Putty Primer coat,,1st Floor,Finishing,Tower Finishing,Paint,,0.0,2028-03-06,2028-03-11,,,,,0
1.1.13.3.2.2.13,Painting First Coat,,1st Floor,Finishing,Tower Finishing,Paint,,0.0,2028-03-12,2028-03-23,,,,,0
1.1.13.3.2.2.14,False ceiling works,,1st Floor,Finishing,Tower Finishing,False Ceiling,,201823800.0,2028-03-24,2028-04-02,,,,,0
1.1.13.3.2.3,Second Floor Finishing,,,,,,,,2027-12-20,2028-04-12,,,,,
1.1.13.3.2.3.1,Blockwork,,2nd Floor,,,NTA Finishing,,97681422.0,2027-12-20,2027-12-29,,,,,0
1.1.13.3.2.3.2,Internal Plumbing Works,,2nd Floor,MEP,Tower MEP,Plumbing,,605850000.0,2027-12-30,2028-01-04,,,,,0
1.1.13.3.2.3.3,Waterproofing Works,,2nd Floor,Finishing,Tower Civil Finishes,Waterproofing,,268666500.0,2028-01-01,2028-01-10,,,,,0
1.1.13.3.2.3.4,Electrical Wiring works,,2nd Floor,MEP,Tower MEP,Electrical,,720573300.0,2028-01-01,2028-01-12,,,,,0
1.1.13.3.2.3.5,Internal Plaster Works,,2nd Floor,Finishing,Tower Civil Finishes,Int Plaster,,783426600.0,2028-01-13,2028-01-21,,,,,0
1.1.13.3.2.3.6,Toilet Dado Works,,2nd Floor,Finishing,Tower Finishing,Flooring,,401711700.0,2028-01-22,2028-01-30,,,,,0
1.1.13.3.2.3.7,PCC,,2nd Floor,Civil Works- RCC,RCC,Concreting,,0.0,2028-01-13,2028-01-20,,,,,0
1.1.13.3.2.3.8,Toilet Flooring Works,,2nd Floor,Finishing,Tower Finishing,Flooring,,423868500.0,2028-01-31,2028-02-06,,,,,0
1.1.13.3.2.3.9,Flooring,,2nd Floor,Finishing,Tower Finishing,Flooring,,2077709700.0,2028-02-07,2028-02-21,,,,,0
1.1.13.3.2.3.10,Aluminium Door Widnow Fixing,,2nd Floor,Finishing,Tower Finishing,Door,,1128271800.0,2028-02-22,2028-03-07,,,,,0
1.1.13.3.2.3.11,Rehung Door Fixing,,2nd Floor,Finishing,Tower Finishing,Door,,0.0,2028-03-08,2028-03-15,,,,,0
1.1.13.3.2.3.12,Putty Primer coat,,2nd Floor,Finishing,Tower Finishing,Paint,,0.0,2028-03-16,2028-03-21,,,,,0
1.1.13.3.2.3.13,Painting First Coat,,2nd Floor,Finishing,Tower Finishing,Paint,,201823800.0,2028-03-22,2028-04-02,,,,,0
1.1.13.3.2.3.14,False ceiling works,,2nd Floor,Finishing,Tower Finishing,False Ceiling,,235387800.0,2028-04-03,2028-04-12,,,,,0
1.1.13.3.2.4,Third Floor Finishing,,,,,,,,2027-12-30,2028-04-22,,,,,
1.1.13.3.2.4.1,Blockwork,,3rd Floor,,,NTA Finishing,,97681422.0,2027-12-30,2028-01-08,,,,,0
1.1.13.3.2.4.2,Internal Plumbing Works,,3rd Floor,MEP,Tower MEP,Plumbing,,605850000.0,2028-01-09,2028-01-14,,,,,0
1.1.13.3.2.4.3,Waterproofing Works,,3rd Floor,Finishing,Tower Civil Finishes,Waterproofing,,268666500.0,2028-01-11,2028-01-20,,,,,0
1.1.13.3.2.4.4,Electrical Wiring works,,3rd Floor,MEP,Tower MEP,Electrical,,720573300.0,2028-01-11,2028-01-22,,,,,0
1.1.13.3.2.4.5,Internal Plaster Works,,3rd Floor,Finishing,Tower Civil Finishes,Int Plaster,,783426600.0,2028-01-23,2028-01-31,,,,,0
1.1.13.3.2.4.6,Toilet Dado Works,,3rd Floor,Finishing,Tower Finishing,Flooring,,401711700.0,2028-02-01,2028-02-09,,,,,0
1.1.13.3.2.4.7,PCC,,3rd Floor,Civil Works- RCC,RCC,Concreting,,0.0,2028-01-23,2028-01-30,,,,,0
1.1.13.3.2.4.8,Toilet Flooring Works,,3rd Floor,Finishing,Tower Finishing,Flooring,,423868500.0,2028-02-10,2028-02-16,,,,,0
1.1.13.3.2.4.9,Flooring,,3rd Floor,Finishing,Tower Finishing,Flooring,,2077709700.0,2028-02-17,2028-03-02,,,,,0
1.1.13.3.2.4.10,Aluminium Door Widnow Fixing,,3rd Floor,Finishing,Tower Finishing,Door,,1128271800.0,2028-03-03,2028-03-17,,,,,0
1.1.13.3.2.4.11,Rehung Door Fixing,,3rd Floor,Finishing,Tower Finishing,Door,,0.0,2028-03-18,2028-03-25,,,,,0
1.1.13.3.2.4.12,Putty Primer coat,,3rd Floor,Finishing,Tower Finishing,Paint,,0.0,2028-03-26,2028-03-31,,,,,0
1.1.13.3.2.4.13,Painting First Coat,,3rd Floor,Finishing,Tower Finishing,Paint,,201823800.0,2028-04-01,2028-04-12,,,,,0
1.1.13.3.2.4.14,False ceiling works,,3rd Floor,Finishing,Tower Finishing,False Ceiling,,0.0,2028-04-13,2028-04-22,,,,,0
1.1.13.3.2.5,Club Outer Envelope,,,,,,,,2027-10-06,2028-06-21,,,,,
1.1.13.3.2.5.1,SURFACE PREPARATION,,,Finishing,Tower Finishing,Paint,,97681422.0,2027-10-06,2028-01-08,,,,,0
1.1.13.3.2.5.2,External Painting,,,Finishing,Tower Finishing,Ext Paint,,0.0,2028-01-09,2028-03-08,,,,,0
1.1.13.3.2.5.3,Outer Glazing Work,,,Finishing,Tower Finishing,Window,,0.0,2028-03-09,2028-05-07,,,,,0
1.1.13.3.2.5.4,Misc. work,,,Finishing,Miscellaneous,Misc,,0.0,2028-05-08,2028-06-21,,,,,0
1.1.13.4,"Fire, STP and WTP Room",,,,,,,,2027-08-12,2028-10-25,,,,,
1.1.13.4.1,Fire Pump Room,,,,,,,,2027-08-12,2028-06-21,,,,,
1.1.13.4.1.1,Procurement of Pumps and Fire Fighting Panel,,,MEP,Ext MEP,Ext Fire fighting & FAPA,,875000000.0,2027-08-12,2027-12-24,,,,,0
1.1.13.4.1.2,Installation of Panels,,,MEP,Ext MEP,Ext Electrical,,250000000.0,2027-12-25,2028-03-23,,,,,0
1.1.13.4.1.3,Synchronization (Testing Commisioning) of system with HVAC and Electrical system,,,MEP,Ext MEP,Ext Electrical,,125000000.0,2028-03-24,2028-06-21,,,,,0
1.1.13.4.2,STP Plant Room,,,,,,,,2028-04-29,2028-10-25,,,,,
1.1.13.4.2.1,Procurement of Pumps and Fire Fighting Panel,,,MEP,Ext MEP,Ext Fire fighting & FAPA,,598500000.0,2028-04-29,2028-07-27,,,,,0
1.1.13.4.2.2,Installation of Panels / Equipment and Completion of Civil Works,,,MEP,Ext MEP,Ext Electrical,,171000000.0,2028-07-28,2028-10-10,,,,,0
1.1.13.4.2.3,Testing and Commisioning,,,MEP,Ext MEP,Ext Electrical,,85500000.0,2028-10-11,2028-10-25,,,,,0
1.1.13.4.3,WTP Plant Room,,,,,,,,2028-04-29,2028-10-25,,,,,
1.1.13.4.3.1,Procurement of Pumps and Fire Fighting Panel,,,MEP,Ext MEP,Ext Fire fighting & FAPA,,231000000.0,2028-04-29,2028-07-27,,,,,0
1.1.13.4.3.2,Installation of Panels / Equipment and Completion of Civil Works,,,MEP,Ext MEP,Ext Electrical,,66000000.0,2028-07-28,2028-10-10,,,,,0
1.1.13.4.3.3,Testing and Commisioning,,,MEP,Ext MEP,Ext Electrical,,33000000.0,2028-10-11,2028-10-25,,,,,0
1.1.14,Advance Finishing,,,,,NTA Finishing,,173000000000.0,2027-10-26,2028-06-26,,,,,0
1.1.15,OC For All Towers,,,,,,,,2029-01-23,2029-12-24,,,,,
1.1.15.1,OC of Plot A all 6 Towers,Tower s,,Finishing,Miscellaneous,Misc,,100.0,2029-01-23,2029-01-23,,,,,0
1.1.15.2,OC Reciept,Tower s,,Finishing,Miscellaneous,Misc,,100.0,2029-03-25,2029-03-25,,,,,0
1.1.15.3,Offer to Possession,Tower s,,Finishing,Miscellaneous,Misc,,100.0,2029-10-26,2029-12-24,,,,,0
