code,title,tower,floor,main_category,sub_category,trade_type,slab_works,cost_plan_total,start_date_plan,end_date_plan,start_date_actual,end_date_actual,start_date_sprint,end_date_sprint,progress
1,Jardinia,,,,,,,,2023-05-13,2029-10-30,,,2024-05-14,,
1.1,Godrej Jardinia 146,,,,,,,,2023-05-13,2029-10-30,,,2024-05-14,,
1.1.1,Phase-1,,,,,,,,2023-05-13,2029-10-30,,,2024-05-14,,
1.1.1.1,Tower 5,,,,,,,,2023-05-13,2029-01-02,,,2024-05-14,,
1.1.1.1.1,Substructure,,,,,,,,2024-05-14,2026-05-12,,,2024-05-14,,
1.1.1.1.1.1,Soil Bed Preparation ,,,,,,,,2024-05-14,2026-02-24,,,2024-05-14,,
1.1.1.1.1.1.1,Test Piling ,Tower 5,,Civil Works- RCC,RCC,Reinforcement,,230000000.0,2024-05-14,2024-08-16,2024-05-14,2024-08-16,2024-05-14,,100
1.1.1.1.1.1.2,Excavation,Tower 5,,Civil Works- RCC,RCC,Reinforcement,,21647400.0,2024-06-05,2024-07-04,2024-06-05,2024-07-04,2024-06-05,,100
1.1.1.1.1.1.3,Main Piling Work ,Tower 5,,Civil Works- RCC,RCC,Reinforcement,,5749840800.0,2024-09-25,2025-03-31,2024-09-25,2025-03-31,2024-09-25,,100
1.1.1.1.1.1.4,Anti-termite,Tower 5,,Finishing,Tower Civil Finishes,Waterproofing,,1677000.0,2025-12-27,2025-12-31,,,2025-04-17,,0
1.1.1.1.1.1.5,PCC,Tower 5,,Civil Works- RCC,RCC,Concreting,,78474000.0,2025-03-29,2025-04-06,2025-03-29,2025-04-06,2025-04-22,,100
1.1.1.1.1.1.6,Backfilling,Tower 5,,Civil Works- RCC,RCC,Reinforcement,,144270000.0,2025-12-27,2026-02-24,,,2025-07-16,,0
1.1.1.1.1.2,RCC Structure,,,,,,,,2025-03-31,2025-10-19,,,2025-05-01,,
1.1.1.1.1.2.1,Raft Foundation ,,,,,,,,2025-03-31,2025-06-15,,,2025-05-01,,
1.1.1.1.1.2.1.1,Reinforcement,Tower 5,,Civil Works- RCC,RCC,Reinforcement,,2250862500.0,2025-03-31,2025-06-12,2025-03-31,2025-06-12,2025-05-01,,100
1.1.1.1.1.2.1.2,Formwork,Tower 5,,Civil Works- RCC,RCC,Shuttering- Conventional,,38215300.0,2025-06-11,2025-06-14,2025-06-11,2025-06-14,2025-05-14,,100
1.1.1.1.1.2.1.3,Concreting,Tower 5,,Civil Works- RCC,RCC,Concreting,,2331827000.0,2025-06-14,2025-06-15,2025-06-14,2025-06-15,2025-05-24,,100
1.1.1.1.1.2.2,Basement 1 Slab,,,,,,,,2025-05-08,2025-08-12,,,2025-05-27,,
1.1.1.1.1.2.2.1,Reinforcement,Tower 5,Basement 1,Civil Works- RCC,RCC,Reinforcement,,372658875.0,2025-06-19,2025-07-12,2025-06-19,2025-07-12,2025-05-27,,100
1.1.1.1.1.2.2.2,Formwork,Tower 5,Basement 1,Civil Works- RCC,RCC,Shuttering- Conventional,,116933100.0,2025-05-08,2025-05-27,2025-05-08,2025-05-27,2025-05-28,,100
1.1.1.1.1.2.2.3,Concreting,Tower 5,Basement 1,Civil Works- RCC,RCC,Concreting,,215892600.0,2025-05-28,2025-08-12,2025-05-28,2025-08-12,2025-06-17,,100
1.1.1.1.1.2.3,Basement 2 Slab/GF,,,,,,,,2025-05-30,2025-09-10,,,2025-06-21,,
1.1.1.1.1.2.3.1,Reinforcement,Tower 5,Ground Floor,Civil Works- RCC,RCC,Reinforcement,,788742750.0,2025-06-03,2025-09-10,2025-06-03,2025-09-10,2025-06-21,,100
1.1.1.1.1.2.3.2,Formwork,Tower 5,Ground Floor,Civil Works- RCC,RCC,Shuttering- Conventional,,340888100.0,2025-06-03,2025-09-09,2025-06-03,2025-09-09,2025-06-22,,100
1.1.1.1.1.2.3.3,Concreting,Tower 5,Ground Floor,Civil Works- RCC,RCC,Concreting,,457019400.0,2025-05-30,2025-08-18,2025-05-30,2025-08-18,2025-07-12,,100
1.1.1.1.1.2.4,Podium /Ground Floor Slab,,,,,,,,2025-09-11,2025-10-19,,,2025-07-16,,
1.1.1.1.1.2.4.1,Reinforcement,Tower 5,Ground Floor,Civil Works- RCC,RCC,Reinforcement,,1164586125.0,2025-09-11,2025-10-17,2025-09-11,2025-10-17,2025-07-16,,100
1.1.1.1.1.2.4.2,Formwork,Tower 5,Ground Floor,Civil Works- RCC,RCC,Shuttering- Conventional,,480312000.0,2025-09-16,2025-10-18,2025-09-16,2025-10-18,2025-07-17,,100
1.1.1.1.1.2.4.3,Concreting,Tower 5,Ground Floor,Civil Works- RCC,RCC,Concreting,,674781200.0,2025-09-19,2025-10-19,2025-09-19,2025-10-19,2025-08-06,,100
1.1.1.1.1.3,Substructure Finishing,,,,,,,,2026-01-03,2026-05-12,,,2025-09-09,,
1.1.1.1.1.3.1,Masonary work,Tower 5,,Finishing,Tower Civil Finishes,Blockwork,,73553200.0,2026-01-03,2026-02-16,,,2025-09-09,,0
1.1.1.1.1.3.2,Plaster,Tower 5,,Finishing,Tower Civil Finishes,Int Plaster,,48564000.0,2026-02-17,2026-03-28,,,2025-10-24,,0
1.1.1.1.1.3.3,Structural steel,Tower 5,,Civil Works- RCC,RCC,Reinforcement,,0.0,2026-01-03,2026-03-03,,,2025-10-09,,0
1.1.1.1.1.3.4,White Wash ,Tower 5,,Finishing,Tower Finishing,Paint,,144750000.0,2026-03-29,2026-05-12,,,2026-01-17,,0
1.1.1.1.2,Superstructure,,,,,,,,2025-10-09,2028-09-21,,,2025-08-10,,
1.1.1.1.2.1,RCC structure,,,,,,,,2025-10-09,2027-05-30,,,2025-08-10,,
1.1.1.1.2.1.1,1st floor slab,,,,,,,,2025-10-09,2026-01-27,,,2025-08-10,,
1.1.1.1.2.1.1.1,Reinforcement,Tower 5,1st Floor,Civil Works- RCC,RCC,Reinforcement,,572395500.0,2025-10-09,2026-01-23,2025-10-09,,2025-08-10,,44
1.1.1.1.2.1.1.2,Wall conduiting,Tower 5,1st Floor,MEP,Tower MEP,Electrical,,22146055.0,2025-10-17,2025-12-29,2025-10-17,,2025-08-13,,60
1.1.1.1.2.1.1.3,Formwork,Tower 5,1st Floor,Civil Works- RCC,RCC,Shuttering- Conventional,,268030530.0,2025-10-17,2026-01-25,2025-10-17,,2025-08-13,,50
1.1.1.1.2.1.1.4,Concreting,Tower 5,1st Floor,Civil Works- RCC,RCC,Concreting,,462527264.0,2025-10-19,2026-01-27,2025-10-19,,2025-09-03,,20
1.1.1.1.2.1.2,2nd floor slab,,,,,,,,2025-11-07,2026-02-26,,,2025-09-04,,
1.1.1.1.2.1.2.1,Reinforcement,Tower 5,2nd Floor,Civil Works- RCC,RCC,Reinforcement,,572395500.0,2025-11-07,2026-02-18,2025-11-07,,2025-09-04,,35
1.1.1.1.2.1.2.2,Wall conduiting,Tower 5,2nd Floor,MEP,Tower MEP,Electrical,,22146055.0,2026-01-28,2026-01-31,,,2025-09-06,,0
1.1.1.1.2.1.2.3,Formwork,Tower 5,2nd Floor,Civil Works- RCC,RCC,Shuttering- Conventional,,268030530.0,2026-01-29,2026-02-25,,,2025-09-07,,0
1.1.1.1.2.1.2.4,Concreting,Tower 5,2nd Floor,Civil Works- RCC,RCC,Concreting,,462527264.0,2026-02-25,2026-02-26,,,2025-09-24,,0
1.1.1.1.2.1.3,3rd floor slab,,,,,,,,2026-02-26,2026-03-08,,,2025-09-25,,
1.1.1.1.2.1.3.1,Reinforcement,Tower 5,3rd Floor,Civil Works- RCC,RCC,Reinforcement,,572395500.0,2026-02-26,2026-03-05,,,2025-09-25,,0
1.1.1.1.2.1.3.2,Wall conduiting,Tower 5,3rd Floor,MEP,Tower MEP,Electrical,,22146055.0,2026-03-01,2026-03-03,,,2025-09-28,,0
1.1.1.1.2.1.3.3,Formwork,Tower 5,3rd Floor,Civil Works- RCC,RCC,Shuttering- Conventional,,268030530.0,2026-02-28,2026-03-07,,,2025-09-29,,0
1.1.1.1.2.1.3.4,Concreting,Tower 5,3rd Floor,Civil Works- RCC,RCC,Concreting,,462527264.0,2026-03-07,2026-03-08,,,2025-10-09,,0
1.1.1.1.2.1.4,4th floor slab,,,,,,,,2026-03-08,2026-03-18,,,2025-10-10,,
1.1.1.1.2.1.4.1,Reinforcement,Tower 5,4th Floor,Civil Works- RCC,RCC,Reinforcement,,572395500.0,2026-03-08,2026-03-15,,,2025-10-10,,0
1.1.1.1.2.1.4.2,Wall conduiting,Tower 5,4th Floor,MEP,Tower MEP,Electrical,,22146055.0,2026-03-09,2026-03-11,,,2025-10-11,,0
1.1.1.1.2.1.4.3,Formwork,Tower 5,4th Floor,Civil Works- RCC,RCC,Shuttering- Conventional,,268030530.0,2026-03-10,2026-03-17,,,2025-10-12,,0
1.1.1.1.2.1.4.4,Concreting,Tower 5,4th Floor,Civil Works- RCC,RCC,Concreting,,462527264.0,2026-03-17,2026-03-18,,,2025-10-18,,0
1.1.1.1.2.1.5,5th floor slab,,,,,,,,2026-03-18,2026-03-28,,,2025-10-19,,
1.1.1.1.2.1.5.1,Reinforcement,Tower 5,5th Floor,Civil Works- RCC,RCC,Reinforcement,,572395500.0,2026-03-18,2026-03-25,,,2025-10-19,,0
1.1.1.1.2.1.5.2,Wall conduiting,Tower 5,5th Floor,MEP,Tower MEP,Electrical,,22146055.0,2026-03-19,2026-03-21,,,2025-10-20,,0
1.1.1.1.2.1.5.3,Formwork,Tower 5,5th Floor,Civil Works- RCC,RCC,Shuttering- Conventional,,268030530.0,2026-03-20,2026-03-27,,,2025-10-21,,0
1.1.1.1.2.1.5.4,Concreting,Tower 5,5th Floor,Civil Works- RCC,RCC,Concreting,,462527264.0,2026-03-27,2026-03-28,,,2025-10-27,,0
1.1.1.1.2.1.6,6th floor slab,,,,,,,,2026-03-28,2026-04-07,,,2025-10-28,,
1.1.1.1.2.1.6.1,Reinforcement,Tower 5,6th Floor,Civil Works- RCC,RCC,Reinforcement,,572395500.0,2026-03-28,2026-04-04,,,2025-10-28,,0
1.1.1.1.2.1.6.2,Wall conduiting,Tower 5,6th Floor,MEP,Tower MEP,Electrical,,22146055.0,2026-03-29,2026-03-31,,,2025-10-29,,0
1.1.1.1.2.1.6.3,Formwork,Tower 5,6th Floor,Civil Works- RCC,RCC,Shuttering- Conventional,,268030530.0,2026-03-30,2026-04-06,,,2025-10-30,,0
1.1.1.1.2.1.6.4,Concreting,Tower 5,6th Floor,Civil Works- RCC,RCC,Concreting,,462527264.0,2026-04-06,2026-04-07,,,2025-12-20,,0
1.1.1.1.2.1.7,7th floor slab,,,,,,,,2026-04-07,2026-04-17,,,2025-12-21,,
1.1.1.1.2.1.7.1,Reinforcement,Tower 5,7th Floor,Civil Works- RCC,RCC,Reinforcement,,572395500.0,2026-04-07,2026-04-14,,,2025-12-21,,0
1.1.1.1.2.1.7.2,Wall conduiting,Tower 5,7th Floor,MEP,Tower MEP,Electrical,,22146055.0,2026-04-08,2026-04-10,,,2025-12-22,,0
1.1.1.1.2.1.7.3,Formwork,Tower 5,7th Floor,Civil Works- RCC,RCC,Shuttering- Conventional,,268030530.0,2026-04-09,2026-04-16,,,2025-12-23,,0
1.1.1.1.2.1.7.4,Concreting,Tower 5,7th Floor,Civil Works- RCC,RCC,Concreting,,462527264.0,2026-04-16,2026-04-17,,,2025-12-29,,0
1.1.1.1.2.1.8,8th floor slab,,,,,,,,2026-04-17,2026-04-28,,,2025-12-30,,
1.1.1.1.2.1.8.1,Reinforcement,Tower 5,8th Floor,Civil Works- RCC,RCC,Reinforcement,,572395500.0,2026-04-17,2026-04-24,,,2025-12-30,,0
1.1.1.1.2.1.8.2,Wall conduiting,Tower 5,8th Floor,MEP,Tower MEP,Electrical,,22146055.0,2026-04-18,2026-04-20,,,2025-12-31,,0
1.1.1.1.2.1.8.3,Formwork,Tower 5,8th Floor,Civil Works- RCC,RCC,Shuttering- Conventional,,268030530.0,2026-04-19,2026-04-27,,,2026-01-01,,0
1.1.1.1.2.1.8.4,Concreting,Tower 5,8th Floor,Civil Works- RCC,RCC,Concreting,,462527264.0,2026-04-27,2026-04-28,,,2026-01-10,,0
1.1.1.1.2.1.9,9th floor slab,,,,,,,,2026-04-28,2026-05-08,,,2026-01-11,,
1.1.1.1.2.1.9.1,Reinforcement,Tower 5,9th Floor,Civil Works- RCC,RCC,Reinforcement,,572395500.0,2026-04-28,2026-05-05,,,2026-01-11,,0
1.1.1.1.2.1.9.2,Wall conduiting,Tower 5,9th Floor,MEP,Tower MEP,Electrical,,22146055.0,2026-04-29,2026-05-01,,,2026-01-12,,0
1.1.1.1.2.1.9.3,Formwork,Tower 5,9th Floor,Civil Works- RCC,RCC,Shuttering- Conventional,,268030530.0,2026-04-30,2026-05-07,,,2026-01-13,,0
1.1.1.1.2.1.9.4,Concreting,Tower 5,9th Floor,Civil Works- RCC,RCC,Concreting,,462527264.0,2026-05-07,2026-05-08,,,2026-01-19,,0
1.1.1.1.2.1.10,10th floor slab,,,,,,,,2026-05-08,2026-05-18,,,2026-01-20,,
1.1.1.1.2.1.10.1,Reinforcement,Tower 5,10th Floor,Civil Works- RCC,RCC,Reinforcement,,572395500.0,2026-05-08,2026-05-15,,,2026-01-20,,0
1.1.1.1.2.1.10.2,Wall conduiting,Tower 5,10th Floor,MEP,Tower MEP,Electrical,,22146055.0,2026-05-09,2026-05-11,,,2026-01-21,,0
1.1.1.1.2.1.10.3,Formwork,Tower 5,10th Floor,Civil Works- RCC,RCC,Shuttering- Conventional,,268030530.0,2026-05-10,2026-05-17,,,2026-01-22,,0
1.1.1.1.2.1.10.4,Concreting,Tower 5,10th Floor,Civil Works- RCC,RCC,Concreting,,462527264.0,2026-05-17,2026-05-18,,,2026-01-28,,0
1.1.1.1.2.1.11,11th floor slab,,,,,,,,2026-05-18,2026-05-28,,,2026-01-29,,
1.1.1.1.2.1.11.1,Reinforcement,Tower 5,11th Floor,Civil Works- RCC,RCC,Reinforcement,,572395500.0,2026-05-18,2026-05-25,,,2026-01-29,,0
1.1.1.1.2.1.11.2,Wall conduiting,Tower 5,11th Floor,MEP,Tower MEP,Electrical,,22146055.0,2026-05-19,2026-05-21,,,2026-01-30,,0
1.1.1.1.2.1.11.3,Formwork,Tower 5,11th Floor,Civil Works- RCC,RCC,Shuttering- Conventional,,268030530.0,2026-05-20,2026-05-27,,,2026-01-31,,0
1.1.1.1.2.1.11.4,Concreting,Tower 5,11th Floor,Civil Works- RCC,RCC,Concreting,,462527264.0,2026-05-27,2026-05-28,,,2026-02-06,,0
1.1.1.1.2.1.12,12th floor slab,,,,,,,,2026-05-28,2026-06-07,,,2026-02-07,,
1.1.1.1.2.1.12.1,Reinforcement,Tower 5,12th Floor,Civil Works- RCC,RCC,Reinforcement,,572395500.0,2026-05-28,2026-06-04,,,2026-02-07,,0
1.1.1.1.2.1.12.2,Wall conduiting,Tower 5,12th Floor,MEP,Tower MEP,Electrical,,22146055.0,2026-05-29,2026-05-31,,,2026-02-08,,0
1.1.1.1.2.1.12.3,Formwork,Tower 5,12th Floor,Civil Works- RCC,RCC,Shuttering- Conventional,,268030530.0,2026-05-30,2026-06-06,,,2026-02-09,,0
1.1.1.1.2.1.12.4,Concreting,Tower 5,12th Floor,Civil Works- RCC,RCC,Concreting,,462527264.0,2026-06-06,2026-06-07,,,2026-02-15,,0
1.1.1.1.2.1.13,13th floor slab,,,,,,,,2026-06-07,2026-06-17,,,2026-02-16,,
1.1.1.1.2.1.13.1,Reinforcement,Tower 5,13th Floor,Civil Works- RCC,RCC,Reinforcement,,572395500.0,2026-06-07,2026-06-14,,,2026-02-16,,0
1.1.1.1.2.1.13.2,Wall conduiting,Tower 5,13th Floor,MEP,Tower MEP,Electrical,,22146055.0,2026-06-08,2026-06-10,,,2026-02-17,,0
1.1.1.1.2.1.13.3,Formwork,Tower 5,13th Floor,Civil Works- RCC,RCC,Shuttering- Conventional,,268030530.0,2026-06-09,2026-06-16,,,2026-02-18,,0
1.1.1.1.2.1.13.4,Concreting,Tower 5,13th Floor,Civil Works- RCC,RCC,Concreting,,462527264.0,2026-06-16,2026-06-17,,,2026-02-24,,0
1.1.1.1.2.1.14,14th floor slab,,,,,,,,2026-06-17,2026-06-27,,,2026-02-25,,
1.1.1.1.2.1.14.1,Reinforcement,Tower 5,14th Floor,Civil Works- RCC,RCC,Reinforcement,,572395500.0,2026-06-17,2026-06-24,,,2026-02-25,,0
1.1.1.1.2.1.14.2,Wall conduiting,Tower 5,14th Floor,MEP,Tower MEP,Electrical,,22146055.0,2026-06-18,2026-06-20,,,2026-02-26,,0
1.1.1.1.2.1.14.3,Formwork,Tower 5,14th Floor,Civil Works- RCC,RCC,Shuttering- Conventional,,268030530.0,2026-06-19,2026-06-26,,,2026-02-27,,0
1.1.1.1.2.1.14.4,Concreting,Tower 5,14th Floor,Civil Works- RCC,RCC,Concreting,,462527264.0,2026-06-26,2026-06-27,,,2026-03-05,,0
1.1.1.1.2.1.15,15th floor slab,,,,,,,,2026-06-27,2026-07-07,,,2026-03-06,,
1.1.1.1.2.1.15.1,Reinforcement,Tower 5,15th Floor,Civil Works- RCC,RCC,Reinforcement,,572395500.0,2026-06-27,2026-07-04,,,2026-03-06,,0
1.1.1.1.2.1.15.2,Wall conduiting,Tower 5,15th Floor,MEP,Tower MEP,Electrical,,22146055.0,2026-06-28,2026-06-30,,,2026-03-07,,0
1.1.1.1.2.1.15.3,Formwork,Tower 5,15th Floor,Civil Works- RCC,RCC,Shuttering- Conventional,,268030530.0,2026-06-29,2026-07-06,,,2026-03-08,,0
1.1.1.1.2.1.15.4,Concreting,Tower 5,15th Floor,Civil Works- RCC,RCC,Concreting,,462527264.0,2026-07-06,2026-07-07,,,2026-03-14,,0
1.1.1.1.2.1.16,16th floor slab,,,,,,,,2026-07-07,2026-07-18,,,2026-03-15,,
1.1.1.1.2.1.16.1,Reinforcement,Tower 5,16th Floor,Civil Works- RCC,RCC,Reinforcement,,572395500.0,2026-07-07,2026-07-16,,,2026-03-15,,0
1.1.1.1.2.1.16.2,Wall conduiting,Tower 5,16th Floor,MEP,Tower MEP,Electrical,,22146055.0,2026-07-08,2026-07-10,,,2026-03-16,,0
1.1.1.1.2.1.16.3,Formwork,Tower 5,16th Floor,Civil Works- RCC,RCC,Shuttering- Conventional,,268030530.0,2026-07-08,2026-07-17,,,2026-03-16,,0
1.1.1.1.2.1.16.4,Concreting,Tower 5,16th Floor,Civil Works- RCC,RCC,Concreting,,462527264.0,2026-07-17,2026-07-18,,,2026-03-26,,0
1.1.1.1.2.1.17,17th floor slab,,,,,,,,2026-07-18,2026-07-28,,,2026-03-27,,
1.1.1.1.2.1.17.1,Reinforcement,Tower 5,17th Floor,Civil Works- RCC,RCC,Reinforcement,,572395500.0,2026-07-18,2026-07-26,,,2026-03-27,,0
1.1.1.1.2.1.17.2,Wall conduiting,Tower 5,17th Floor,MEP,Tower MEP,Electrical,,22146055.0,2026-07-19,2026-07-21,,,2026-03-28,,0
1.1.1.1.2.1.17.3,Formwork,Tower 5,17th Floor,Civil Works- RCC,RCC,Shuttering- Conventional,,268030530.0,2026-07-20,2026-07-27,,,2026-03-29,,0
1.1.1.1.2.1.17.4,Concreting,Tower 5,17th Floor,Civil Works- RCC,RCC,Concreting,,462527264.0,2026-07-27,2026-07-28,,,2026-04-05,,0
1.1.1.1.2.1.18,18th floor slab,,,,,,,,2026-07-28,2026-08-07,,,2026-04-06,,
1.1.1.1.2.1.18.1,Reinforcement,Tower 5,18th Floor,Civil Works- RCC,RCC,Reinforcement,,572395500.0,2026-07-28,2026-08-05,,,2026-04-06,,0
1.1.1.1.2.1.18.2,Wall conduiting,Tower 5,18th Floor,MEP,Tower MEP,Electrical,,22146055.0,2026-07-29,2026-07-31,,,2026-04-07,,0
1.1.1.1.2.1.18.3,Formwork,Tower 5,18th Floor,Civil Works- RCC,RCC,Shuttering- Conventional,,268030530.0,2026-07-30,2026-08-06,,,2026-04-08,,0
1.1.1.1.2.1.18.4,Concreting,Tower 5,18th Floor,Civil Works- RCC,RCC,Concreting,,462527264.0,2026-08-06,2026-08-07,,,2026-04-15,,0
1.1.1.1.2.1.19,19th floor slab,,,,,,,,2026-08-07,2026-08-17,,,2026-04-16,,
1.1.1.1.2.1.19.1,Reinforcement,Tower 5,19th Floor,Civil Works- RCC,RCC,Reinforcement,,572395500.0,2026-08-07,2026-08-15,,,2026-04-16,,0
1.1.1.1.2.1.19.2,Wall conduiting,Tower 5,19th Floor,MEP,Tower MEP,Electrical,,22146055.0,2026-08-08,2026-08-10,,,2026-04-17,,0
1.1.1.1.2.1.19.3,Formwork,Tower 5,19th Floor,Civil Works- RCC,RCC,Shuttering- Conventional,,268030530.0,2026-08-09,2026-08-16,,,2026-04-18,,0
1.1.1.1.2.1.19.4,Concreting,Tower 5,19th Floor,Civil Works- RCC,RCC,Concreting,,462527264.0,2026-08-16,2026-08-17,,,2026-04-25,,0
1.1.1.1.2.1.20,20th floor slab,,,,,,,,2026-08-17,2026-08-27,,,2026-04-26,,
1.1.1.1.2.1.20.1,Reinforcement,Tower 5,20th Floor,Civil Works- RCC,RCC,Reinforcement,,572395500.0,2026-08-17,2026-08-25,,,2026-04-26,,0
1.1.1.1.2.1.20.2,Wall conduiting,Tower 5,20th Floor,MEP,Tower MEP,Electrical,,22146055.0,2026-08-18,2026-08-20,,,2026-04-27,,0
1.1.1.1.2.1.20.3,Formwork,Tower 5,20th Floor,Civil Works- RCC,RCC,Shuttering- Conventional,,268030530.0,2026-08-19,2026-08-26,,,2026-04-28,,0
1.1.1.1.2.1.20.4,Concreting,Tower 5,20th Floor,Civil Works- RCC,RCC,Concreting,,462527264.0,2026-08-26,2026-08-27,,,2026-05-05,,0
1.1.1.1.2.1.21,21st floor slab,,,,,,,,2026-08-27,2026-09-06,,,2026-05-06,,
1.1.1.1.2.1.21.1,Reinforcement,Tower 5,21st Floor,Civil Works- RCC,RCC,Reinforcement,,572395500.0,2026-08-27,2026-09-04,,,2026-05-06,,0
1.1.1.1.2.1.21.2,Wall conduiting,Tower 5,21st Floor,MEP,Tower MEP,Electrical,,22146055.0,2026-08-28,2026-08-30,,,2026-05-07,,0
1.1.1.1.2.1.21.3,Formwork,Tower 5,21st Floor,Civil Works- RCC,RCC,Shuttering- Conventional,,268030530.0,2026-08-29,2026-09-05,,,2026-05-08,,0
1.1.1.1.2.1.21.4,Concreting,Tower 5,21st Floor,Civil Works- RCC,RCC,Concreting,,462527264.0,2026-09-05,2026-09-06,,,2026-05-15,,0
1.1.1.1.2.1.22,22nd floor slab,,,,,,,,2026-09-06,2026-09-16,,,2026-05-16,,
1.1.1.1.2.1.22.1,Reinforcement,Tower 5,22nd Floor,Civil Works- RCC,RCC,Reinforcement,,572395500.0,2026-09-06,2026-09-14,,,2026-05-16,,0
1.1.1.1.2.1.22.2,Wall conduiting,Tower 5,22nd Floor,MEP,Tower MEP,Electrical,,22146055.0,2026-09-07,2026-09-09,,,2026-05-17,,0
1.1.1.1.2.1.22.3,Formwork,Tower 5,22nd Floor,Civil Works- RCC,RCC,Shuttering- Conventional,,268030530.0,2026-09-08,2026-09-15,,,2026-05-18,,0
1.1.1.1.2.1.22.4,Concreting,Tower 5,22nd Floor,Civil Works- RCC,RCC,Concreting,,462527264.0,2026-09-15,2026-09-16,,,2026-05-25,,0
1.1.1.1.2.1.23,23rd floor slab,,,,,,,,2026-09-16,2026-09-26,,,2026-05-26,,
1.1.1.1.2.1.23.1,Reinforcement,Tower 5,23rd Floor,Civil Works- RCC,RCC,Reinforcement,,572395500.0,2026-09-16,2026-09-24,,,2026-05-26,,0
1.1.1.1.2.1.23.2,Wall conduiting,Tower 5,23rd Floor,MEP,Tower MEP,Electrical,,22146055.0,2026-09-17,2026-09-19,,,2026-05-27,,0
1.1.1.1.2.1.23.3,Formwork,Tower 5,23rd Floor,Civil Works- RCC,RCC,Shuttering- Conventional,,268030530.0,2026-09-18,2026-09-25,,,2026-05-28,,0
1.1.1.1.2.1.23.4,Concreting,Tower 5,23rd Floor,Civil Works- RCC,RCC,Concreting,,462527264.0,2026-09-25,2026-09-26,,,2026-06-04,,0
1.1.1.1.2.1.24,24th floor slab,,,,,,,,2026-09-26,2026-10-10,,,2026-06-05,,
1.1.1.1.2.1.24.1,Reinforcement,Tower 5,24th Floor,Civil Works- RCC,RCC,Reinforcement,,572395500.0,2026-09-26,2026-10-07,,,2026-06-05,,0
1.1.1.1.2.1.24.2,Wall conduiting,Tower 5,24th Floor,MEP,Tower MEP,Electrical,,22146055.0,2026-09-27,2026-09-29,,,2026-06-06,,0
1.1.1.1.2.1.24.3,Formwork,Tower 5,24th Floor,Civil Works- RCC,RCC,Shuttering- Conventional,,268030530.0,2026-09-28,2026-10-09,,,2026-06-07,,0
1.1.1.1.2.1.24.4,Concreting,Tower 5,24th Floor,Civil Works- RCC,RCC,Concreting,,462527264.0,2026-10-09,2026-10-10,,,2026-06-18,,0
1.1.1.1.2.1.25,25th floor slab,,,,,,,,2026-10-10,2026-10-25,,,2026-06-19,,
1.1.1.1.2.1.25.1,Reinforcement,Tower 5,25th Floor,Civil Works- RCC,RCC,Reinforcement,,572395500.0,2026-10-10,2026-10-21,,,2026-06-19,,0
1.1.1.1.2.1.25.2,Wall conduiting,Tower 5,25th Floor,MEP,Tower MEP,Electrical,,22146055.0,2026-10-11,2026-10-13,,,2026-06-20,,0
1.1.1.1.2.1.25.3,Formwork,Tower 5,25th Floor,Civil Works- RCC,RCC,Shuttering- Conventional,,268030530.0,2026-10-13,2026-10-24,,,2026-06-22,,0
1.1.1.1.2.1.25.4,Concreting,Tower 5,25th Floor,Civil Works- RCC,RCC,Concreting,,462527264.0,2026-10-24,2026-10-25,,,2026-07-03,,0
1.1.1.1.2.1.26,26th floor slab,,,,,,,,2026-10-25,2026-12-19,,,2026-07-04,,
1.1.1.1.2.1.26.1,Reinforcement,Tower 5,26th Floor,Civil Works- RCC,RCC,Reinforcement,,572395500.0,2026-10-25,2026-12-17,,,2026-07-04,,0
1.1.1.1.2.1.26.2,Wall conduiting,Tower 5,26th Floor,MEP,Tower MEP,Electrical,,22146055.0,2026-10-26,2026-10-28,,,2026-07-05,,0
1.1.1.1.2.1.26.3,Formwork,Tower 5,26th Floor,Civil Works- RCC,RCC,Shuttering- Conventional,,268030530.0,2026-10-27,2026-12-18,,,2026-07-06,,0
1.1.1.1.2.1.26.4,Concreting,Tower 5,26th Floor,Civil Works- RCC,RCC,Concreting,,462527264.0,2026-12-18,2026-12-19,,,2026-07-13,,0
1.1.1.1.2.1.27,27th floor slab,,,,,,,,2026-12-19,2026-12-29,,,2026-07-14,,
1.1.1.1.2.1.27.1,Reinforcement,Tower 5,27th Floor,Civil Works- RCC,RCC,Reinforcement,,572395500.0,2026-12-19,2026-12-27,,,2026-07-14,,0
1.1.1.1.2.1.27.2,Wall conduiting,Tower 5,27th Floor,MEP,Tower MEP,Electrical,,22146055.0,2026-12-20,2026-12-22,,,2026-07-15,,0
1.1.1.1.2.1.27.3,Formwork,Tower 5,27th Floor,Civil Works- RCC,RCC,Shuttering- Conventional,,268030530.0,2026-12-21,2026-12-28,,,2026-07-16,,0
1.1.1.1.2.1.27.4,Concreting,Tower 5,27th Floor,Civil Works- RCC,RCC,Concreting,,462527264.0,2026-12-28,2026-12-29,,,2026-07-23,,0
1.1.1.1.2.1.28,28th floor slab,,,,,,,,2026-12-29,2027-01-08,,,2026-07-24,,
1.1.1.1.2.1.28.1,Reinforcement,Tower 5,28th Floor,Civil Works- RCC,RCC,Reinforcement,,572395500.0,2026-12-29,2027-01-06,,,2026-07-24,,0
1.1.1.1.2.1.28.2,Wall conduiting,Tower 5,28th Floor,MEP,Tower MEP,Electrical,,22146055.0,2026-12-30,2027-01-01,,,2026-07-25,,0
1.1.1.1.2.1.28.3,Formwork,Tower 5,28th Floor,Civil Works- RCC,RCC,Shuttering- Conventional,,268030530.0,2026-12-31,2027-01-07,,,2026-07-26,,0
1.1.1.1.2.1.28.4,Concreting,Tower 5,28th Floor,Civil Works- RCC,RCC,Concreting,,462527264.0,2027-01-07,2027-01-08,,,2026-08-02,,0
1.1.1.1.2.1.29,29th floor slab,,,,,,,,2027-01-08,2027-01-18,,,2026-08-03,,
1.1.1.1.2.1.29.1,Reinforcement,Tower 5,29th Floor,Civil Works- RCC,RCC,Reinforcement,,572395500.0,2027-01-08,2027-01-16,,,2026-08-03,,0
1.1.1.1.2.1.29.2,Wall conduiting,Tower 5,29th Floor,MEP,Tower MEP,Electrical,,22146055.0,2027-01-09,2027-01-11,,,2026-08-04,,0
1.1.1.1.2.1.29.3,Formwork,Tower 5,29th Floor,Civil Works- RCC,RCC,Shuttering- Conventional,,268030530.0,2027-01-10,2027-01-17,,,2026-08-05,,0
1.1.1.1.2.1.29.4,Concreting,Tower 5,29th Floor,Civil Works- RCC,RCC,Concreting,,462527264.0,2027-01-17,2027-01-18,,,2026-08-12,,0
1.1.1.1.2.1.30,30th floor slab,,,,,,,,2027-01-18,2027-01-28,,,2026-08-13,,
1.1.1.1.2.1.30.1,Reinforcement,Tower 5,30th Floor,Civil Works- RCC,RCC,Reinforcement,,572395500.0,2027-01-18,2027-01-26,,,2026-08-13,,0
1.1.1.1.2.1.30.2,Wall conduiting,Tower 5,30th Floor,MEP,Tower MEP,Electrical,,22146055.0,2027-01-19,2027-01-21,,,2026-08-14,,0
1.1.1.1.2.1.30.3,Formwork,Tower 5,30th Floor,Civil Works- RCC,RCC,Shuttering- Conventional,,268030530.0,2027-01-20,2027-01-27,,,2026-08-15,,0
1.1.1.1.2.1.30.4,Concreting,Tower 5,30th Floor,Civil Works- RCC,RCC,Concreting,,462527264.0,2027-01-27,2027-01-28,,,2026-08-22,,0
1.1.1.1.2.1.31,31st floor slab,,,,,,,,2027-01-28,2027-02-07,,,2026-08-23,,
1.1.1.1.2.1.31.1,Reinforcement,Tower 5,31st Floor,Civil Works- RCC,RCC,Reinforcement,,572395500.0,2027-01-28,2027-02-04,,,2026-08-23,,0
1.1.1.1.2.1.31.2,Wall conduiting,Tower 5,31st Floor,MEP,Tower MEP,Electrical,,22146055.0,2027-01-29,2027-01-31,,,2026-08-24,,0
1.1.1.1.2.1.31.3,Formwork,Tower 5,31st Floor,Civil Works- RCC,RCC,Shuttering- Conventional,,268030530.0,2027-01-30,2027-02-06,,,2026-08-25,,0
1.1.1.1.2.1.31.4,Concreting,Tower 5,31st Floor,Civil Works- RCC,RCC,Concreting,,462527264.0,2027-02-06,2027-02-07,,,2026-09-03,,0
1.1.1.1.2.1.32,32nd floor slab,,,,,,,,2027-02-07,2027-02-21,,,2026-09-04,,
1.1.1.1.2.1.32.1,Reinforcement,Tower 5,32nd Floor,Civil Works- RCC,RCC,Reinforcement,,572395500.0,2027-02-07,2027-02-17,,,2026-09-04,,0
1.1.1.1.2.1.32.2,Wall conduiting,Tower 5,32nd Floor,MEP,Tower MEP,Electrical,,22146055.0,2027-02-08,2027-02-10,,,2026-09-05,,0
1.1.1.1.2.1.32.3,Formwork,Tower 5,32nd Floor,Civil Works- RCC,RCC,Shuttering- Conventional,,268030530.0,2027-02-09,2027-02-20,,,2026-09-06,,0
1.1.1.1.2.1.32.4,Concreting,Tower 5,32nd Floor,Civil Works- RCC,RCC,Concreting,,462527264.0,2027-02-20,2027-02-21,,,2026-09-16,,0
1.1.1.1.2.1.33,33rd floor slab,,,,,,,,2027-02-21,2027-03-03,,,2026-09-17,,
1.1.1.1.2.1.33.1,Reinforcement,Tower 5,33rd Floor,Civil Works- RCC,RCC,Reinforcement,,572395500.0,2027-02-21,2027-02-28,,,2026-09-17,,0
1.1.1.1.2.1.33.2,Wall conduiting,Tower 5,33rd Floor,MEP,Tower MEP,Electrical,,22146055.0,2027-02-22,2027-02-24,,,2026-09-18,,0
1.1.1.1.2.1.33.3,Formwork,Tower 5,33rd Floor,Civil Works- RCC,RCC,Shuttering- Conventional,,268030530.0,2027-02-23,2027-03-02,,,2026-09-19,,0
1.1.1.1.2.1.33.4,Concreting,Tower 5,33rd Floor,Civil Works- RCC,RCC,Concreting,,462527264.0,2027-03-02,2027-03-03,,,2026-09-29,,0
1.1.1.1.2.1.34,34th floor slab,,,,,,,,2027-03-03,2027-03-18,,,2026-09-30,,
1.1.1.1.2.1.34.1,Reinforcement,Tower 5,34th Floor,Civil Works- RCC,RCC,Reinforcement,,572395500.0,2027-03-03,2027-03-15,,,2026-09-30,,0
1.1.1.1.2.1.34.2,Wall conduiting,Tower 5,34th Floor,MEP,Tower MEP,Electrical,,22146055.0,2027-03-04,2027-03-06,,,2026-10-01,,0
1.1.1.1.2.1.34.3,Formwork,Tower 5,34th Floor,Civil Works- RCC,RCC,Shuttering- Conventional,,268030530.0,2027-03-05,2027-03-17,,,2026-10-02,,0
1.1.1.1.2.1.34.4,Concreting,Tower 5,34th Floor,Civil Works- RCC,RCC,Concreting,,462527264.0,2027-03-17,2027-03-18,,,2026-10-12,,0
1.1.1.1.2.1.35,35th floor slab,,,,,,,,2027-03-18,2027-03-30,,,2026-10-13,,
1.1.1.1.2.1.35.1,Reinforcement,Tower 5,35th Floor,Civil Works- RCC,RCC,Reinforcement,,572395500.0,2027-03-18,2027-03-26,,,2026-10-13,,0
1.1.1.1.2.1.35.2,Wall conduiting,Tower 5,35th Floor,MEP,Tower MEP,Electrical,,22146055.0,2027-03-19,2027-03-21,,,2026-10-14,,0
1.1.1.1.2.1.35.3,Formwork,Tower 5,35th Floor,Civil Works- RCC,RCC,Shuttering- Conventional,,268030530.0,2027-03-21,2027-03-29,,,2026-10-16,,0
1.1.1.1.2.1.35.4,Concreting,Tower 5,35th Floor,Civil Works- RCC,RCC,Concreting,,462527264.0,2027-03-29,2027-03-30,,,2026-10-26,,0
1.1.1.1.2.1.36,Terrace floor slab,,,,,,,,2027-03-30,2027-04-20,,,2026-10-27,,
1.1.1.1.2.1.36.1,Reinforcement,Tower 5,Terrace,Civil Works- RCC,RCC,Reinforcement,,197485000.0,2027-03-30,2027-04-16,,,2026-10-27,,0
1.1.1.1.2.1.36.2,Wall conduiting,Tower 5,Terrace,MEP,Common area-MEP,CA-Electrical,,11073027.78,2027-03-31,2027-04-02,,,2026-10-28,,0
1.1.1.1.2.1.36.3,Formwork,Tower 5,Terrace,Civil Works- RCC,RCC,Shuttering- Conventional,,88117200.0,2027-04-02,2027-04-19,,,2026-10-30,,0
1.1.1.1.2.1.36.4,Concreting,Tower 5,Terrace,Civil Works- RCC,RCC,Concreting,,171581400.0,2027-04-19,2027-04-20,,,2026-12-27,,0
1.1.1.1.2.1.37,OHT & Mumty,,,,,,,,2027-04-20,2027-05-30,,,2026-12-28,,
1.1.1.1.2.1.37.1,Reinforcement,Tower 5,,Civil Works- RCC,RCC,Reinforcement,,638638500.0,2027-04-20,2027-05-19,,,2026-12-28,,0
1.1.1.1.2.1.37.2,Wall conduiting,Tower 5,,MEP,Common area-MEP,CA-Electrical,,5536514.0,2027-04-21,2027-04-26,,,2026-12-29,,0
1.1.1.1.2.1.37.3,Formwork,Tower 5,,Civil Works- RCC,RCC,Shuttering- Conventional,,246713400.0,2027-04-26,2027-05-27,,,2027-01-03,,0
1.1.1.1.2.1.37.4,Concreting,Tower 5,,Civil Works- RCC,RCC,Concreting,,554880200.0,2027-05-27,2027-05-30,,,2027-02-05,,0
1.1.1.1.2.2,Post Pour Activities ,,,,,,,,2026-03-19,2027-07-08,,,2025-10-20,,
1.1.1.1.2.2.1,1st Floor,Tower 5,1st Floor,Civil Works- RCC,RCC,Post Pour,,0.0,2026-03-19,2026-03-30,,,2025-10-20,,0
1.1.1.1.2.2.2,2nd Floor ,Tower 5,2nd Floor,Civil Works- RCC,RCC,Post Pour,,0.0,2026-03-30,2026-04-10,,,2025-10-31,,0
1.1.1.1.2.2.3,3rd Floor ,Tower 5,3rd Floor,Civil Works- RCC,RCC,Post Pour,,0.0,2026-04-10,2026-04-21,,,2025-12-26,,0
1.1.1.1.2.2.4,4th Floor ,Tower 5,4th Floor,Civil Works- RCC,RCC,Post Pour,,0.0,2026-04-21,2026-05-02,,,2026-01-06,,0
1.1.1.1.2.2.5,5th Floor,Tower 5,5th Floor,Civil Works- RCC,RCC,Post Pour,,0.0,2026-05-02,2026-05-13,,,2026-01-17,,0
1.1.1.1.2.2.6,6th Floor,Tower 5,6th Floor,Civil Works- RCC,RCC,Post Pour,,0.0,2026-05-13,2026-05-24,,,2026-01-28,,0
1.1.1.1.2.2.7,7th Floor,Tower 5,7th Floor,Civil Works- RCC,RCC,Post Pour,,0.0,2026-05-24,2026-06-04,,,2026-02-08,,0
1.1.1.1.2.2.8,8th Floor,Tower 5,8th Floor,Civil Works- RCC,RCC,Post Pour,,0.0,2026-06-04,2026-06-15,,,2026-02-19,,0
1.1.1.1.2.2.9,9th Floor,Tower 5,9th Floor,Civil Works- RCC,RCC,Post Pour,,0.0,2026-06-15,2026-06-26,,,2026-03-02,,0
1.1.1.1.2.2.10,10th Floor,Tower 5,10th Floor,Civil Works- RCC,RCC,Post Pour,,0.0,2026-06-26,2026-07-07,,,2026-03-13,,0
1.1.1.1.2.2.11,11th Floor,Tower 5,11th Floor,Civil Works- RCC,RCC,Post Pour,,0.0,2026-07-07,2026-07-18,,,2026-03-24,,0
1.1.1.1.2.2.12,12th Floor,Tower 5,12th Floor,Civil Works- RCC,RCC,Post Pour,,0.0,2026-07-18,2026-07-29,,,2026-04-04,,0
1.1.1.1.2.2.13,13th Floor,Tower 5,13th Floor,Civil Works- RCC,RCC,Post Pour,,0.0,2026-07-29,2026-08-09,,,2026-04-15,,0
1.1.1.1.2.2.14,14th Floor,Tower 5,14th Floor,Civil Works- RCC,RCC,Post Pour,,0.0,2026-08-09,2026-08-21,,,2026-04-26,,0
1.1.1.1.2.2.15,15th Floor,Tower 5,15th Floor,Civil Works- RCC,RCC,Post Pour,,0.0,2026-08-21,2026-09-02,,,2026-05-08,,0
1.1.1.1.2.2.16,16th Floor,Tower 5,16th Floor,Civil Works- RCC,RCC,Post Pour,,0.0,2026-09-02,2026-09-14,,,2026-05-20,,0
1.1.1.1.2.2.17,17th Floor,Tower 5,17th Floor,Civil Works- RCC,RCC,Post Pour,,0.0,2026-09-14,2026-09-26,,,2026-06-01,,0
1.1.1.1.2.2.18,18th Floor,Tower 5,18th Floor,Civil Works- RCC,RCC,Post Pour,,0.0,2026-09-26,2026-10-08,,,2026-06-13,,0
1.1.1.1.2.2.19,19th Floor,Tower 5,19th Floor,Civil Works- RCC,RCC,Post Pour,,0.0,2026-10-08,2026-10-20,,,2026-06-25,,0
1.1.1.1.2.2.20,20th Floor,Tower 5,20th Floor,Civil Works- RCC,RCC,Post Pour,,0.0,2026-10-20,2026-12-16,,,2026-07-07,,0
1.1.1.1.2.2.21,21st Floor,Tower 5,21st Floor,Civil Works- RCC,RCC,Post Pour,,0.0,2026-12-16,2026-12-28,,,2026-07-19,,0
1.1.1.1.2.2.22,22nd Floor,Tower 5,22nd Floor,Civil Works- RCC,RCC,Post Pour,,0.0,2026-12-28,2027-01-09,,,2026-07-31,,0
1.1.1.1.2.2.23,23rd Floor,Tower 5,23rd Floor,Civil Works- RCC,RCC,Post Pour,,0.0,2027-01-09,2027-01-21,,,2026-08-12,,0
1.1.1.1.2.2.24,24th Floor,Tower 5,24th Floor,Civil Works- RCC,RCC,Post Pour,,0.0,2027-01-21,2027-02-02,,,2026-08-24,,0
1.1.1.1.2.2.25,25th Floor,Tower 5,25th Floor,Civil Works- RCC,RCC,Post Pour,,0.0,2027-02-02,2027-02-14,,,2026-09-05,,0
1.1.1.1.2.2.26,26th Floor,Tower 5,26th Floor,Civil Works- RCC,RCC,Post Pour,,0.0,2027-02-14,2027-02-26,,,2026-09-17,,0
1.1.1.1.2.2.27,27th Floor,Tower 5,27th Floor,Civil Works- RCC,RCC,Post Pour,,0.0,2027-02-26,2027-03-10,,,2026-09-29,,0
1.1.1.1.2.2.28,28th Floor,Tower 5,28th Floor,Civil Works- RCC,RCC,Post Pour,,0.0,2027-03-10,2027-03-22,,,2026-10-11,,0
1.1.1.1.2.2.29,29th Floor,Tower 5,29th Floor,Civil Works- RCC,RCC,Post Pour,,0.0,2027-03-22,2027-04-03,,,2026-10-23,,0
1.1.1.1.2.2.30,30th Floor,Tower 5,30th Floor,Civil Works- RCC,RCC,Post Pour,,0.0,2027-04-03,2027-04-15,,,2026-12-19,,0
1.1.1.1.2.2.31,31st Floor,Tower 5,31st Floor,Civil Works- RCC,RCC,Post Pour,,0.0,2027-04-15,2027-04-27,,,2026-12-31,,0
1.1.1.1.2.2.32,32nd Floor,Tower 5,32nd Floor,Civil Works- RCC,RCC,Post Pour,,0.0,2027-04-27,2027-05-09,,,2027-01-12,,0
1.1.1.1.2.2.33,33rd Floor,Tower 5,33rd Floor,Civil Works- RCC,RCC,Post Pour,,0.0,2027-05-09,2027-05-21,,,2027-01-24,,0
1.1.1.1.2.2.34,34th Floor,Tower 5,34th Floor,Civil Works- RCC,RCC,Post Pour,,0.0,2027-05-21,2027-06-02,,,2027-02-05,,0
1.1.1.1.2.2.35,35th Floor,Tower 5,35th Floor,Civil Works- RCC,RCC,Post Pour,,0.0,2027-06-02,2027-06-14,,,2027-02-17,,0
1.1.1.1.2.2.36,Terrace,Tower 5,Terrace,Civil Works- RCC,RCC,Post Pour,,0.0,2027-06-14,2027-06-26,,,2027-03-01,,0
1.1.1.1.2.2.37,Mumty & Machine Room ,Tower 5,,Finishing,Tower Civil Finishes,Blockwork,,0.0,2027-06-26,2027-07-08,,,2027-03-13,,0
1.1.1.1.2.3,Finishing work,,,,,,,,2026-03-30,2028-09-21,,,2025-10-31,,
1.1.1.1.2.3.1,Flat finishing,,,,,,,,2026-03-30,2028-09-21,,,2025-10-31,,
1.1.1.1.2.3.1.1,1st Floor,,,,,,,,2026-03-30,2027-05-23,,,2025-10-31,,
1.1.1.1.2.3.1.1.1,Block Work ,Tower 5,1st Floor,Finishing,Tower Civil Finishes,Blockwork,,34182400.0,2026-03-30,2026-04-08,,,2025-10-31,,0
1.1.1.1.2.3.1.1.2,Door Frame Fixing,Tower 5,1st Floor,Finishing,Tower Finishing,Door,,0.0,2026-04-08,2026-04-14,,,2025-12-24,,0
1.1.1.1.2.3.1.1.3,Internal Plumbing Works,Tower 5,1st Floor,MEP,Tower MEP,Plumbing,,26934400.0,2026-04-08,2026-04-15,,,2025-12-24,,0
1.1.1.1.2.3.1.1.4,Waterproofing,Tower 5,1st Floor,Finishing,Tower Civil Finishes,Waterproofing,,31786720.0,2026-04-15,2026-04-24,,,2025-12-31,,0
1.1.1.1.2.3.1.1.5,Internal Plaster,Tower 5,1st Floor,Finishing,Tower Civil Finishes,Int Plaster,,55600000.0,2026-04-24,2026-04-29,,,2026-01-09,,0
1.1.1.1.2.3.1.1.6,IPS flooring work,Tower 5,1st Floor,Finishing,Tower Finishing,Flooring,,18618000.0,2026-04-24,2026-05-01,,,2026-01-09,,0
1.1.1.1.2.3.1.1.7,Toilet dado work,Tower 5,1st Floor,Finishing,Tower Finishing,Flooring,,53482000.0,2027-03-10,2027-03-17,,,2026-01-14,,0
1.1.1.1.2.3.1.1.8,Toilet flooring work,Tower 5,1st Floor,Finishing,Tower Finishing,Flooring,,9911000.0,2027-03-17,2027-03-23,,,2026-01-21,,0
1.1.1.1.2.3.1.1.9,Living dinning flooring,Tower 5,1st Floor,Finishing,Tower Finishing,Flooring,,142447000.0,2027-03-23,2027-04-01,,,2026-01-27,,0
1.1.1.1.2.3.1.1.10,Aluminium door-window fixing,Tower 5,1st Floor,Finishing,Tower Finishing,Window,,111900000.0,2027-04-11,2027-04-24,,,2026-02-05,,0
1.1.1.1.2.3.1.1.11,Putty primer coat,Tower 5,1st Floor,Finishing,Tower Finishing,Paint,,12006000.0,2027-04-01,2027-04-07,,,2026-02-05,,0
1.1.1.1.2.3.1.1.12,Door shutter fixing,Tower 5,1st Floor,Finishing,Tower Finishing,Door,,68616600.0,2027-04-01,2027-04-09,,,2026-02-05,,0
1.1.1.1.2.3.1.1.13,Electrical wiring work,Tower 5,1st Floor,MEP,Tower MEP,Electrical,,57071600.0,2027-04-19,2027-05-01,,,2026-02-13,,0
1.1.1.1.2.3.1.1.14,Painting 1st coat,Tower 5,1st Floor,Finishing,Tower Finishing,Paint,,12006000.0,2027-05-01,2027-05-13,,,2026-02-25,,0
1.1.1.1.2.3.1.1.15,False Ceiling panel fixing,Tower 5,1st Floor,Finishing,Tower Finishing,False Ceiling,,30660000.0,2027-05-13,2027-05-23,,,2026-03-09,,0
1.1.1.1.2.3.1.2,2nd Floor,,,,,,,,2026-04-08,2027-06-04,,,2025-12-24,,
1.1.1.1.2.3.1.2.1,Block Work ,Tower 5,2nd Floor,Finishing,Tower Civil Finishes,Blockwork,,34182400.0,2026-04-08,2026-04-17,,,2025-12-24,,0
1.1.1.1.2.3.1.2.2,Door Frame Fixing,Tower 5,2nd Floor,Finishing,Tower Finishing,Door,,0.0,2026-04-17,2026-04-23,,,2026-01-02,,0
1.1.1.1.2.3.1.2.3,Internal Plumbing Works,Tower 5,2nd Floor,MEP,Tower MEP,Plumbing,,26934400.0,2026-04-17,2026-04-24,,,2026-01-02,,0
1.1.1.1.2.3.1.2.4,Waterproofing,Tower 5,2nd Floor,Finishing,Tower Civil Finishes,Waterproofing,,31786720.0,2026-04-24,2026-05-03,,,2026-01-09,,0
1.1.1.1.2.3.1.2.5,Internal Plaster,Tower 5,2nd Floor,Finishing,Tower Civil Finishes,Int Plaster,,55600000.0,2026-04-29,2026-05-04,,,2026-01-14,,0
1.1.1.1.2.3.1.2.6,IPS flooring work,Tower 5,2nd Floor,Finishing,Tower Finishing,Flooring,,18618000.0,2026-05-03,2026-05-10,,,2026-01-18,,0
1.1.1.1.2.3.1.2.7,Toilet dado work,Tower 5,2nd Floor,Finishing,Tower Finishing,Flooring,,53482000.0,2027-03-17,2027-03-24,,,2026-01-21,,0
1.1.1.1.2.3.1.2.8,Toilet flooring work,Tower 5,2nd Floor,Finishing,Tower Finishing,Flooring,,9911000.0,2027-03-24,2027-03-30,,,2026-01-28,,0
1.1.1.1.2.3.1.2.9,Living dinning flooring,Tower 5,2nd Floor,Finishing,Tower Finishing,Flooring,,142447000.0,2027-04-01,2027-04-10,,,2026-02-05,,0
1.1.1.1.2.3.1.2.10,Aluminium door-window fixing,Tower 5,2nd Floor,Finishing,Tower Finishing,Window,,111900000.0,2027-04-24,2027-05-07,,,2026-02-18,,0
1.1.1.1.2.3.1.2.11,Putty primer coat,Tower 5,2nd Floor,Finishing,Tower Finishing,Paint,,12006000.0,2027-04-10,2027-04-16,,,2026-02-14,,0
1.1.1.1.2.3.1.2.12,Door shutter fixing,Tower 5,2nd Floor,Finishing,Tower Finishing,Door,,68616600.0,2027-04-10,2027-04-18,,,2026-02-14,,0
1.1.1.1.2.3.1.2.13,Electrical wiring work,Tower 5,2nd Floor,MEP,Tower MEP,Electrical,,57071600.0,2027-05-01,2027-05-13,,,2026-02-25,,0
1.1.1.1.2.3.1.2.14,Painting 1st coat,Tower 5,2nd Floor,Finishing,Tower Finishing,Paint,,12006000.0,2027-05-13,2027-05-25,,,2026-03-09,,0
1.1.1.1.2.3.1.2.15,False ceiling,Tower 5,2nd Floor,Finishing,Tower Finishing,False Ceiling,,30660000.0,2027-05-25,2027-06-04,,,2026-03-21,,0
1.1.1.1.2.3.1.3,3rd Floor,,,,,,,,2026-04-17,2027-06-16,,,2026-01-02,,
1.1.1.1.2.3.1.3.1,Block Work ,Tower 5,3rd Floor,Finishing,Tower Civil Finishes,Blockwork,,34182400.0,2026-04-17,2026-04-26,,,2026-01-02,,0
1.1.1.1.2.3.1.3.2,Door Frame Fixing,Tower 5,3rd Floor,Finishing,Tower Finishing,Door,,0.0,2026-04-26,2026-05-02,,,2026-01-11,,0
1.1.1.1.2.3.1.3.3,Internal Plumbing Works,Tower 5,3rd Floor,MEP,Tower MEP,Plumbing,,26934400.0,2026-04-26,2026-05-03,,,2026-01-11,,0
1.1.1.1.2.3.1.3.4,Waterproofing,Tower 5,3rd Floor,Finishing,Tower Civil Finishes,Waterproofing,,31786720.0,2026-05-03,2026-05-12,,,2026-01-18,,0
1.1.1.1.2.3.1.3.5,Internal Plaster,Tower 5,3rd Floor,Finishing,Tower Civil Finishes,Int Plaster,,55600000.0,2026-05-04,2026-05-09,,,2026-01-19,,0
1.1.1.1.2.3.1.3.6,IPS flooring work,Tower 5,3rd Floor,Finishing,Tower Finishing,Flooring,,18618000.0,2026-05-12,2026-05-19,,,2026-01-27,,0
1.1.1.1.2.3.1.3.7,Toilet dado work,Tower 5,3rd Floor,Finishing,Tower Finishing,Flooring,,53482000.0,2027-03-24,2027-03-31,,,2026-01-28,,0
1.1.1.1.2.3.1.3.8,Toilet flooring work,Tower 5,3rd Floor,Finishing,Tower Finishing,Flooring,,9911000.0,2027-03-31,2027-04-06,,,2026-02-04,,0
1.1.1.1.2.3.1.3.9,Living dinning flooring,Tower 5,3rd Floor,Finishing,Tower Finishing,Flooring,,142447000.0,2027-04-10,2027-04-19,,,2026-02-14,,0
1.1.1.1.2.3.1.3.10,Aluminium door-window fixing,Tower 5,3rd Floor,Finishing,Tower Finishing,Window,,111900000.0,2027-05-07,2027-05-20,,,2026-03-03,,0
1.1.1.1.2.3.1.3.11,Putty primer coat,Tower 5,3rd Floor,Finishing,Tower Finishing,Paint,,12006000.0,2027-04-19,2027-04-25,,,2026-02-23,,0
1.1.1.1.2.3.1.3.12,Door shutter fixing,Tower 5,3rd Floor,Finishing,Tower Finishing,Door,,68616600.0,2027-04-19,2027-04-27,,,2026-02-23,,0
1.1.1.1.2.3.1.3.13,Electrical wiring work,Tower 5,3rd Floor,MEP,Tower MEP,Electrical,,57071600.0,2027-05-13,2027-05-25,,,2026-03-09,,0
1.1.1.1.2.3.1.3.14,Painting 1st coat,Tower 5,3rd Floor,Finishing,Tower Finishing,Paint,,12006000.0,2027-05-25,2027-06-06,,,2026-03-21,,0
1.1.1.1.2.3.1.3.15,False ceiling,Tower 5,3rd Floor,Finishing,Tower Finishing,False Ceiling,,30660000.0,2027-06-06,2027-06-16,,,2026-04-02,,0
1.1.1.1.2.3.1.4,4th Floor,,,,,,,,2026-04-26,2027-06-28,,,2026-01-11,,
1.1.1.1.2.3.1.4.1,Block Work ,Tower 5,4th Floor,Finishing,Tower Civil Finishes,Blockwork,,34182400.0,2026-04-26,2026-05-05,,,2026-01-11,,0
1.1.1.1.2.3.1.4.2,Door Frame Fixing,Tower 5,4th Floor,Finishing,Tower Finishing,Door,,0.0,2026-05-05,2026-05-11,,,2026-01-20,,0
1.1.1.1.2.3.1.4.3,Internal Plumbing Works,Tower 5,4th Floor,MEP,Tower MEP,Plumbing,,26934400.0,2026-05-05,2026-05-12,,,2026-01-20,,0
1.1.1.1.2.3.1.4.4,Waterproofing,Tower 5,4th Floor,Finishing,Tower Civil Finishes,Waterproofing,,31786720.0,2026-05-12,2026-05-21,,,2026-01-27,,0
1.1.1.1.2.3.1.4.5,Internal Plaster,Tower 5,4th Floor,Finishing,Tower Civil Finishes,Int Plaster,,55600000.0,2026-05-11,2026-05-16,,,2026-01-26,,0
1.1.1.1.2.3.1.4.6,IPS flooring work,Tower 5,4th Floor,Finishing,Tower Finishing,Flooring,,18618000.0,2026-05-21,2026-05-28,,,2026-02-05,,0
1.1.1.1.2.3.1.4.7,Toilet dado work,Tower 5,4th Floor,Finishing,Tower Finishing,Flooring,,53482000.0,2027-03-31,2027-04-07,,,2026-02-05,,0
1.1.1.1.2.3.1.4.8,Toilet flooring work,Tower 5,4th Floor,Finishing,Tower Finishing,Flooring,,9911000.0,2027-04-07,2027-04-13,,,2026-02-12,,0
1.1.1.1.2.3.1.4.9,Living dinning flooring,Tower 5,4th Floor,Finishing,Tower Finishing,Flooring,,142447000.0,2027-04-19,2027-04-25,,,2026-02-23,,0
1.1.1.1.2.3.1.4.10,Aluminium door-window fixing,Tower 5,4th Floor,Finishing,Tower Finishing,Window,,111900000.0,2027-05-20,2027-06-02,,,2026-03-16,,0
1.1.1.1.2.3.1.4.11,Putty primer coat,Tower 5,4th Floor,Finishing,Tower Finishing,Paint,,12006000.0,2027-04-25,2027-05-01,,,2026-03-01,,0
1.1.1.1.2.3.1.4.12,Door shutter fixing,Tower 5,4th Floor,Finishing,Tower Finishing,Door,,68616600.0,2027-04-27,2027-05-05,,,2026-03-03,,0
1.1.1.1.2.3.1.4.13,Electrical wiring work,Tower 5,4th Floor,MEP,Tower MEP,Electrical,,57071600.0,2027-05-25,2027-06-06,,,2026-03-21,,0
1.1.1.1.2.3.1.4.14,Painting 1st coat,Tower 5,4th Floor,Finishing,Tower Finishing,Paint,,12006000.0,2027-06-06,2027-06-18,,,2026-04-02,,0
1.1.1.1.2.3.1.4.15,False ceiling,Tower 5,4th Floor,Finishing,Tower Finishing,False Ceiling,,30660000.0,2027-06-18,2027-06-28,,,2026-04-14,,0
1.1.1.1.2.3.1.5,5th Floor,,,,,,,,2026-05-05,2027-07-10,,,2026-01-20,,
1.1.1.1.2.3.1.5.1,Block Work ,Tower 5,5th Floor,Finishing,Tower Civil Finishes,Blockwork,,34182400.0,2026-05-05,2026-05-14,,,2026-01-20,,0
1.1.1.1.2.3.1.5.2,Door Frame Fixing,Tower 5,5th Floor,Finishing,Tower Finishing,Door,,0.0,2026-05-14,2026-05-20,,,2026-01-29,,0
1.1.1.1.2.3.1.5.3,Internal Plumbing Works,Tower 5,5th Floor,MEP,Tower MEP,Plumbing,,26934400.0,2026-05-14,2026-05-21,,,2026-01-29,,0
1.1.1.1.2.3.1.5.4,Waterproofing,Tower 5,5th Floor,Finishing,Tower Civil Finishes,Waterproofing,,31786720.0,2026-05-21,2026-05-30,,,2026-02-05,,0
1.1.1.1.2.3.1.5.5,Internal Plaster,Tower 5,5th Floor,Finishing,Tower Civil Finishes,Int Plaster,,55600000.0,2026-05-21,2026-05-26,,,2026-02-05,,0
1.1.1.1.2.3.1.5.6,IPS flooring work,Tower 5,5th Floor,Finishing,Tower Finishing,Flooring,,18618000.0,2026-05-30,2026-06-06,,,2026-02-14,,0
1.1.1.1.2.3.1.5.7,Toilet dado work,Tower 5,5th Floor,Finishing,Tower Finishing,Flooring,,53482000.0,2027-04-07,2027-04-14,,,2026-02-14,,0
1.1.1.1.2.3.1.5.8,Toilet flooring work,Tower 5,5th Floor,Finishing,Tower Finishing,Flooring,,9911000.0,2027-04-14,2027-04-20,,,2026-02-21,,0
1.1.1.1.2.3.1.5.9,Living dinning flooring,Tower 5,5th Floor,Finishing,Tower Finishing,Flooring,,142447000.0,2027-04-25,2027-05-01,,,2026-03-01,,0
1.1.1.1.2.3.1.5.10,Aluminium door-window fixing,Tower 5,5th Floor,Finishing,Tower Finishing,Window,,111900000.0,2027-06-02,2027-06-15,,,2026-03-29,,0
1.1.1.1.2.3.1.5.11,Putty primer coat,Tower 5,5th Floor,Finishing,Tower Finishing,Paint,,12006000.0,2027-05-01,2027-05-07,,,2026-03-07,,0
1.1.1.1.2.3.1.5.12,Door shutter fixing,Tower 5,5th Floor,Finishing,Tower Finishing,Door,,68616600.0,2027-05-05,2027-05-13,,,2026-03-11,,0
1.1.1.1.2.3.1.5.13,Electrical wiring work,Tower 5,5th Floor,MEP,Tower MEP,Electrical,,57071600.0,2027-06-06,2027-06-18,,,2026-04-02,,0
1.1.1.1.2.3.1.5.14,Painting 1st coat,Tower 5,5th Floor,Finishing,Tower Finishing,Paint,,12006000.0,2027-06-18,2027-06-30,,,2026-04-14,,0
1.1.1.1.2.3.1.5.15,False ceiling,Tower 5,5th Floor,Finishing,Tower Finishing,False Ceiling,,30660000.0,2027-06-30,2027-07-10,,,2026-04-26,,0
1.1.1.1.2.3.1.6,6th Floor,,,,,,,,2026-05-15,2027-07-22,,,2026-01-30,,
1.1.1.1.2.3.1.6.1,Block Work ,Tower 5,6th Floor,Finishing,Tower Civil Finishes,Blockwork,,34182400.0,2026-05-15,2026-05-24,,,2026-01-30,,0
1.1.1.1.2.3.1.6.2,Door Frame Fixing,Tower 5,6th Floor,Finishing,Tower Finishing,Door,,0.0,2026-05-20,2026-05-26,,,2026-02-04,,0
1.1.1.1.2.3.1.6.3,Internal Plumbing Works,Tower 5,6th Floor,MEP,Tower MEP,Plumbing,,26934400.0,2026-05-24,2026-05-31,,,2026-02-08,,0
1.1.1.1.2.3.1.6.4,Waterproofing,Tower 5,6th Floor,Finishing,Tower Civil Finishes,Waterproofing,,31786720.0,2026-05-31,2026-06-09,,,2026-02-15,,0
1.1.1.1.2.3.1.6.5,Internal Plaster,Tower 5,6th Floor,Finishing,Tower Civil Finishes,Int Plaster,,55600000.0,2026-05-27,2026-06-01,,,2026-02-11,,0
1.1.1.1.2.3.1.6.6,IPS flooring work,Tower 5,6th Floor,Finishing,Tower Finishing,Flooring,,18618000.0,2026-06-09,2026-06-16,,,2026-02-24,,0
1.1.1.1.2.3.1.6.7,Toilet dado work,Tower 5,6th Floor,Finishing,Tower Finishing,Flooring,,53482000.0,2027-04-14,2027-04-21,,,2026-02-24,,0
1.1.1.1.2.3.1.6.8,Toilet flooring work,Tower 5,6th Floor,Finishing,Tower Finishing,Flooring,,9911000.0,2027-04-21,2027-04-27,,,2026-03-03,,0
1.1.1.1.2.3.1.6.9,Living dinning flooring,Tower 5,6th Floor,Finishing,Tower Finishing,Flooring,,142447000.0,2027-05-02,2027-05-08,,,2026-03-08,,0
1.1.1.1.2.3.1.6.10,Aluminium door-window fixing,Tower 5,6th Floor,Finishing,Tower Finishing,Window,,111900000.0,2027-06-16,2027-07-01,,,2026-04-12,,0
1.1.1.1.2.3.1.6.11,Putty primer coat,Tower 5,6th Floor,Finishing,Tower Finishing,Paint,,12006000.0,2027-05-08,2027-05-14,,,2026-03-14,,0
1.1.1.1.2.3.1.6.12,Door shutter fixing,Tower 5,6th Floor,Finishing,Tower Finishing,Door,,68616600.0,2027-05-13,2027-05-21,,,2026-03-19,,0
1.1.1.1.2.3.1.6.13,Electrical wiring work,Tower 5,6th Floor,MEP,Tower MEP,Electrical,,57071600.0,2027-06-18,2027-06-30,,,2026-04-14,,0
1.1.1.1.2.3.1.6.14,Painting 1st coat,Tower 5,6th Floor,Finishing,Tower Finishing,Paint,,12006000.0,2027-06-30,2027-07-12,,,2026-04-26,,0
1.1.1.1.2.3.1.6.15,False ceiling,Tower 5,6th Floor,Finishing,Tower Finishing,False Ceiling,,30660000.0,2027-07-12,2027-07-22,,,2026-05-08,,0
1.1.1.1.2.3.1.7,7th Floor,,,,,,,,2026-05-24,2027-08-03,,,2026-02-08,,
1.1.1.1.2.3.1.7.1,Block Work ,Tower 5,7th Floor,Finishing,Tower Civil Finishes,Blockwork,,34182400.0,2026-05-24,2026-06-02,,,2026-02-08,,0
1.1.1.1.2.3.1.7.2,Door Frame Fixing,Tower 5,7th Floor,Finishing,Tower Finishing,Door,,0.0,2026-06-02,2026-06-08,,,2026-02-17,,0
1.1.1.1.2.3.1.7.3,Internal Plumbing Works,Tower 5,7th Floor,MEP,Tower MEP,Plumbing,,26934400.0,2026-06-02,2026-06-09,,,2026-02-17,,0
1.1.1.1.2.3.1.7.4,Waterproofing,Tower 5,7th Floor,Finishing,Tower Civil Finishes,Waterproofing,,31786720.0,2026-06-09,2026-06-18,,,2026-02-24,,0
1.1.1.1.2.3.1.7.5,Internal Plaster,Tower 5,7th Floor,Finishing,Tower Civil Finishes,Int Plaster,,55600000.0,2026-06-08,2026-06-13,,,2026-02-23,,0
1.1.1.1.2.3.1.7.6,IPS flooring work,Tower 5,7th Floor,Finishing,Tower Finishing,Flooring,,18618000.0,2026-06-18,2026-06-25,,,2026-03-05,,0
1.1.1.1.2.3.1.7.7,Toilet dado work,Tower 5,7th Floor,Finishing,Tower Finishing,Flooring,,53482000.0,2027-04-21,2027-04-28,,,2026-03-05,,0
1.1.1.1.2.3.1.7.8,Toilet flooring work,Tower 5,7th Floor,Finishing,Tower Finishing,Flooring,,9911000.0,2027-04-28,2027-05-04,,,2026-03-12,,0
1.1.1.1.2.3.1.7.9,Living dinning flooring,Tower 5,7th Floor,Finishing,Tower Finishing,Flooring,,142447000.0,2027-05-08,2027-05-14,,,2026-03-14,,0
1.1.1.1.2.3.1.7.10,Aluminium door-window fixing,Tower 5,7th Floor,Finishing,Tower Finishing,Window,,111900000.0,2027-07-01,2027-07-16,,,2026-04-27,,0
1.1.1.1.2.3.1.7.11,Putty primer coat,Tower 5,7th Floor,Finishing,Tower Finishing,Paint,,12006000.0,2027-05-14,2027-05-20,,,2026-03-20,,0
1.1.1.1.2.3.1.7.12,Door shutter fixing,Tower 5,7th Floor,Finishing,Tower Finishing,Door,,68616600.0,2027-05-21,2027-05-29,,,2026-03-27,,0
1.1.1.1.2.3.1.7.13,Electrical wiring work,Tower 5,7th Floor,MEP,Tower MEP,Electrical,,57071600.0,2027-06-30,2027-07-12,,,2026-04-26,,0
1.1.1.1.2.3.1.7.14,Painting 1st coat,Tower 5,7th Floor,Finishing,Tower Finishing,Paint,,12006000.0,2027-07-12,2027-07-24,,,2026-05-08,,0
1.1.1.1.2.3.1.7.15,False ceiling,Tower 5,7th Floor,Finishing,Tower Finishing,False Ceiling,,30660000.0,2027-07-24,2027-08-03,,,2026-05-20,,0
1.1.1.1.2.3.1.8,8th Floor,,,,,,,,2026-06-02,2027-08-15,,,2026-02-17,,
1.1.1.1.2.3.1.8.1,Block Work ,Tower 5,8th Floor,Finishing,Tower Civil Finishes,Blockwork,,34182400.0,2026-06-02,2026-06-11,,,2026-02-17,,0
1.1.1.1.2.3.1.8.2,Door Frame Fixing,Tower 5,8th Floor,Finishing,Tower Finishing,Door,,0.0,2026-06-11,2026-06-17,,,2026-02-26,,0
1.1.1.1.2.3.1.8.3,Internal Plumbing Works,Tower 5,8th Floor,MEP,Tower MEP,Plumbing,,26934400.0,2026-06-11,2026-06-18,,,2026-02-26,,0
1.1.1.1.2.3.1.8.4,Waterproofing,Tower 5,8th Floor,Finishing,Tower Civil Finishes,Waterproofing,,31786720.0,2026-06-18,2026-06-27,,,2026-03-05,,0
1.1.1.1.2.3.1.8.5,Internal Plaster,Tower 5,8th Floor,Finishing,Tower Civil Finishes,Int Plaster,,55600000.0,2026-06-17,2026-06-22,,,2026-03-04,,0
1.1.1.1.2.3.1.8.6,IPS flooring work,Tower 5,8th Floor,Finishing,Tower Finishing,Flooring,,18618000.0,2026-06-27,2026-07-04,,,2026-03-14,,0
1.1.1.1.2.3.1.8.7,Toilet dado work,Tower 5,8th Floor,Finishing,Tower Finishing,Flooring,,53482000.0,2027-04-28,2027-05-05,,,2026-03-14,,0
1.1.1.1.2.3.1.8.8,Toilet flooring work,Tower 5,8th Floor,Finishing,Tower Finishing,Flooring,,9911000.0,2027-05-05,2027-05-11,,,2026-03-21,,0
1.1.1.1.2.3.1.8.9,Living dinning flooring,Tower 5,8th Floor,Finishing,Tower Finishing,Flooring,,142447000.0,2027-05-14,2027-05-20,,,2026-03-20,,0
1.1.1.1.2.3.1.8.10,Aluminium door-window fixing,Tower 5,8th Floor,Finishing,Tower Finishing,Window,,111900000.0,2027-07-16,2027-07-31,,,2026-05-12,,0
1.1.1.1.2.3.1.8.11,Putty primer coat,Tower 5,8th Floor,Finishing,Tower Finishing,Paint,,12006000.0,2027-05-20,2027-05-26,,,2026-03-26,,0
1.1.1.1.2.3.1.8.12,Door shutter fixing,Tower 5,8th Floor,Finishing,Tower Finishing,Door,,68616600.0,2027-05-29,2027-06-06,,,2026-04-04,,0
1.1.1.1.2.3.1.8.13,Electrical wiring work,Tower 5,8th Floor,MEP,Tower MEP,Electrical,,57071600.0,2027-07-12,2027-07-24,,,2026-05-08,,0
1.1.1.1.2.3.1.8.14,Painting 1st coat,Tower 5,8th Floor,Finishing,Tower Finishing,Paint,,12006000.0,2027-07-24,2027-08-05,,,2026-05-20,,0
1.1.1.1.2.3.1.8.15,False ceiling,Tower 5,8th Floor,Finishing,Tower Finishing,False Ceiling,,30660000.0,2027-08-05,2027-08-15,,,2026-06-01,,0
1.1.1.1.2.3.1.9,9th Floor,,,,,,,,2026-06-11,2027-08-27,,,2026-02-26,,
1.1.1.1.2.3.1.9.1,Block Work ,Tower 5,9th Floor,Finishing,Tower Civil Finishes,Blockwork,,34182400.0,2026-06-11,2026-06-20,,,2026-02-26,,0
1.1.1.1.2.3.1.9.2,Door Frame Fixing,Tower 5,9th Floor,Finishing,Tower Finishing,Door,,0.0,2026-06-20,2026-06-26,,,2026-03-07,,0
1.1.1.1.2.3.1.9.3,Internal Plumbing Works,Tower 5,9th Floor,MEP,Tower MEP,Plumbing,,26934400.0,2026-06-20,2026-06-27,,,2026-03-07,,0
1.1.1.1.2.3.1.9.4,Waterproofing,Tower 5,9th Floor,Finishing,Tower Civil Finishes,Waterproofing,,31786720.0,2026-06-27,2026-07-06,,,2026-03-14,,0
1.1.1.1.2.3.1.9.5,Internal Plaster,Tower 5,9th Floor,Finishing,Tower Civil Finishes,Int Plaster,,55600000.0,2026-06-27,2026-07-02,,,2026-03-14,,0
1.1.1.1.2.3.1.9.6,IPS flooring work,Tower 5,9th Floor,Finishing,Tower Finishing,Flooring,,18618000.0,2026-07-06,2026-07-13,,,2026-03-23,,0
1.1.1.1.2.3.1.9.7,Toilet dado work,Tower 5,9th Floor,Finishing,Tower Finishing,Flooring,,53482000.0,2027-05-05,2027-05-12,,,2026-03-23,,0
1.1.1.1.2.3.1.9.8,Toilet flooring work,Tower 5,9th Floor,Finishing,Tower Finishing,Flooring,,9911000.0,2027-05-12,2027-05-18,,,2026-03-30,,0
1.1.1.1.2.3.1.9.9,Living dinning flooring,Tower 5,9th Floor,Finishing,Tower Finishing,Flooring,,142447000.0,2027-05-20,2027-05-29,,,2026-03-26,,0
1.1.1.1.2.3.1.9.10,Aluminium door-window fixing,Tower 5,9th Floor,Finishing,Tower Finishing,Window,,111900000.0,2027-07-31,2027-08-15,,,2026-05-27,,0
1.1.1.1.2.3.1.9.11,Putty primer coat,Tower 5,9th Floor,Finishing,Tower Finishing,Paint,,12006000.0,2027-05-29,2027-06-04,,,2026-04-04,,0
1.1.1.1.2.3.1.9.12,Door shutter fixing,Tower 5,9th Floor,Finishing,Tower Finishing,Door,,68616600.0,2027-06-06,2027-06-14,,,2026-04-12,,0
1.1.1.1.2.3.1.9.13,Electrical wiring work,Tower 5,9th Floor,MEP,Tower MEP,Electrical,,57071600.0,2027-07-24,2027-08-05,,,2026-05-20,,0
1.1.1.1.2.3.1.9.14,Painting 1st coat,Tower 5,9th Floor,Finishing,Tower Finishing,Paint,,12006000.0,2027-08-05,2027-08-17,,,2026-06-01,,0
1.1.1.1.2.3.1.9.15,False ceiling,Tower 5,9th Floor,Finishing,Tower Finishing,False Ceiling,,30660000.0,2027-08-17,2027-08-27,,,2026-06-13,,0
1.1.1.1.2.3.1.10,10th Floor,,,,,,,,2026-06-21,2027-09-08,,,2026-03-08,,
1.1.1.1.2.3.1.10.1,Block Work ,Tower 5,10th Floor,Finishing,Tower Civil Finishes,Blockwork,,34182400.0,2026-06-21,2026-06-30,,,2026-03-08,,0
1.1.1.1.2.3.1.10.2,Door Frame Fixing,Tower 5,10th Floor,Finishing,Tower Finishing,Door,,0.0,2026-06-30,2026-07-06,,,2026-03-17,,0
1.1.1.1.2.3.1.10.3,Internal Plumbing Works,Tower 5,10th Floor,MEP,Tower MEP,Plumbing,,26934400.0,2026-06-30,2026-07-07,,,2026-03-17,,0
1.1.1.1.2.3.1.10.4,Waterproofing,Tower 5,10th Floor,Finishing,Tower Civil Finishes,Waterproofing,,31786720.0,2026-07-07,2026-07-16,,,2026-03-24,,0
1.1.1.1.2.3.1.10.5,Internal Plaster,Tower 5,10th Floor,Finishing,Tower Civil Finishes,Int Plaster,,55600000.0,2026-07-06,2026-07-11,,,2026-03-23,,0
1.1.1.1.2.3.1.10.6,IPS flooring work,Tower 5,10th Floor,Finishing,Tower Finishing,Flooring,,18618000.0,2026-07-16,2026-07-23,,,2026-04-02,,0
1.1.1.1.2.3.1.10.7,Toilet dado work,Tower 5,10th Floor,Finishing,Tower Finishing,Flooring,,53482000.0,2027-05-12,2027-05-19,,,2026-04-02,,0
1.1.1.1.2.3.1.10.8,Toilet flooring work,Tower 5,10th Floor,Finishing,Tower Finishing,Flooring,,9911000.0,2027-05-19,2027-05-25,,,2026-04-09,,0
1.1.1.1.2.3.1.10.9,Living dinning flooring,Tower 5,10th Floor,Finishing,Tower Finishing,Flooring,,142447000.0,2027-05-30,2027-06-08,,,2026-04-05,,0
1.1.1.1.2.3.1.10.10,Aluminium door-window fixing,Tower 5,10th Floor,Finishing,Tower Finishing,Window,,111900000.0,2027-08-16,2027-08-31,,,2026-06-12,,0
1.1.1.1.2.3.1.10.11,Putty primer coat,Tower 5,10th Floor,Finishing,Tower Finishing,Paint,,12006000.0,2027-06-08,2027-06-14,,,2026-04-14,,0
1.1.1.1.2.3.1.10.12,Door shutter fixing,Tower 5,10th Floor,Finishing,Tower Finishing,Door,,68616600.0,2027-06-14,2027-06-22,,,2026-04-20,,0
1.1.1.1.2.3.1.10.13,Electrical wiring work,Tower 5,10th Floor,MEP,Tower MEP,Electrical,,57071600.0,2027-08-05,2027-08-17,,,2026-06-01,,0
1.1.1.1.2.3.1.10.14,Painting 1st coat,Tower 5,10th Floor,Finishing,Tower Finishing,Paint,,12006000.0,2027-08-17,2027-08-29,,,2026-06-13,,0
1.1.1.1.2.3.1.10.15,False ceiling,Tower 5,10th Floor,Finishing,Tower Finishing,False Ceiling,,30660000.0,2027-08-29,2027-09-08,,,2026-06-25,,0
1.1.1.1.2.3.1.11,11th Floor,,,,,,,,2026-06-30,2027-09-20,,,2026-03-17,,
1.1.1.1.2.3.1.11.1,Block Work ,Tower 5,11th Floor,Finishing,Tower Civil Finishes,Blockwork,,34182400.0,2026-06-30,2026-07-09,,,2026-03-17,,0
1.1.1.1.2.3.1.11.2,Door Frame Fixing,Tower 5,11th Floor,Finishing,Tower Finishing,Door,,0.0,2026-07-09,2026-07-13,,,2026-03-26,,0
1.1.1.1.2.3.1.11.3,Internal Plumbing Works,Tower 5,11th Floor,MEP,Tower MEP,Plumbing,,26934400.0,2026-07-09,2026-07-16,,,2026-03-26,,0
1.1.1.1.2.3.1.11.4,Waterproofing,Tower 5,11th Floor,Finishing,Tower Civil Finishes,Waterproofing,,31786720.0,2026-07-16,2026-07-25,,,2026-04-02,,0
1.1.1.1.2.3.1.11.5,Internal Plaster,Tower 5,11th Floor,Finishing,Tower Civil Finishes,Int Plaster,,55600000.0,2026-07-13,2026-07-18,,,2026-03-30,,0
1.1.1.1.2.3.1.11.6,IPS flooring work,Tower 5,11th Floor,Finishing,Tower Finishing,Flooring,,18618000.0,2026-07-25,2026-08-01,,,2026-04-11,,0
1.1.1.1.2.3.1.11.7,Toilet dado work,Tower 5,11th Floor,Finishing,Tower Finishing,Flooring,,53482000.0,2027-05-19,2027-05-26,,,2026-04-11,,0
1.1.1.1.2.3.1.11.8,Toilet flooring work,Tower 5,11th Floor,Finishing,Tower Finishing,Flooring,,9911000.0,2027-05-26,2027-06-01,,,2026-04-18,,0
1.1.1.1.2.3.1.11.9,Living dinning flooring,Tower 5,11th Floor,Finishing,Tower Finishing,Flooring,,142447000.0,2027-06-08,2027-06-17,,,2026-04-24,,0
1.1.1.1.2.3.1.11.10,Aluminium door-window fixing,Tower 5,11th Floor,Finishing,Tower Finishing,Window,,111900000.0,2027-08-31,2027-09-15,,,2026-06-27,,0
1.1.1.1.2.3.1.11.11,Putty primer coat,Tower 5,11th Floor,Finishing,Tower Finishing,Paint,,12006000.0,2027-06-17,2027-06-23,,,2026-05-03,,0
1.1.1.1.2.3.1.11.12,Door shutter fixing,Tower 5,11th Floor,Finishing,Tower Finishing,Door,,68616600.0,2027-06-22,2027-06-30,,,2026-05-03,,0
1.1.1.1.2.3.1.11.13,Electrical wiring work,Tower 5,11th Floor,MEP,Tower MEP,Electrical,,57071600.0,2027-08-17,2027-08-29,,,2026-06-13,,0
1.1.1.1.2.3.1.11.14,Painting 1st coat,Tower 5,11th Floor,Finishing,Tower Finishing,Paint,,12006000.0,2027-08-29,2027-09-10,,,2026-06-25,,0
1.1.1.1.2.3.1.11.15,False ceiling,Tower 5,11th Floor,Finishing,Tower Finishing,False Ceiling,,30660000.0,2027-09-10,2027-09-20,,,2026-07-07,,0
1.1.1.1.2.3.1.12,12th Floor,,,,,,,,2026-07-09,2027-10-02,,,2026-03-26,,
1.1.1.1.2.3.1.12.1,Block Work ,Tower 5,12th Floor,Finishing,Tower Civil Finishes,Blockwork,,34182400.0,2026-07-09,2026-07-18,,,2026-03-26,,0
1.1.1.1.2.3.1.12.2,Door Frame Fixing,Tower 5,12th Floor,Finishing,Tower Finishing,Door,,0.0,2026-07-18,2026-07-24,,,2026-04-04,,0
1.1.1.1.2.3.1.12.3,Internal Plumbing Works,Tower 5,12th Floor,MEP,Tower MEP,Plumbing,,26934400.0,2026-07-18,2026-07-26,,,2026-04-04,,0
1.1.1.1.2.3.1.12.4,Waterproofing,Tower 5,12th Floor,Finishing,Tower Civil Finishes,Waterproofing,,31786720.0,2026-07-26,2026-08-05,,,2026-04-12,,0
1.1.1.1.2.3.1.12.5,Internal Plaster,Tower 5,12th Floor,Finishing,Tower Civil Finishes,Int Plaster,,55600000.0,2026-08-05,2026-08-13,,,2026-04-22,,0
1.1.1.1.2.3.1.12.6,IPS flooring work,Tower 5,12th Floor,Finishing,Tower Finishing,Flooring,,18618000.0,2026-08-05,2026-08-13,,,2026-04-22,,0
1.1.1.1.2.3.1.12.7,Toilet dado work,Tower 5,12th Floor,Finishing,Tower Finishing,Flooring,,53482000.0,2027-05-26,2027-06-03,,,2026-04-30,,0
1.1.1.1.2.3.1.12.8,Toilet flooring work,Tower 5,12th Floor,Finishing,Tower Finishing,Flooring,,9911000.0,2027-06-03,2027-06-10,,,2026-05-08,,0
1.1.1.1.2.3.1.12.9,Living dinning flooring,Tower 5,12th Floor,Finishing,Tower Finishing,Flooring,,142447000.0,2027-06-17,2027-06-27,,,2026-05-15,,0
1.1.1.1.2.3.1.12.10,Aluminium door-window fixing,Tower 5,12th Floor,Finishing,Tower Finishing,Window,,111900000.0,2027-09-15,2027-09-27,,,2026-07-12,,0
1.1.1.1.2.3.1.12.11,Putty primer coat,Tower 5,12th Floor,Finishing,Tower Finishing,Paint,,12006000.0,2027-06-27,2027-07-03,,,2026-05-25,,0
1.1.1.1.2.3.1.12.12,Door shutter fixing,Tower 5,12th Floor,Finishing,Tower Finishing,Door,,68616600.0,2027-06-30,2027-07-08,,,2026-05-25,,0
1.1.1.1.2.3.1.12.13,Electrical wiring work,Tower 5,12th Floor,MEP,Tower MEP,Electrical,,57071600.0,2027-08-29,2027-09-10,,,2026-06-25,,0
1.1.1.1.2.3.1.12.14,Painting 1st coat,Tower 5,12th Floor,Finishing,Tower Finishing,Paint,,12006000.0,2027-09-10,2027-09-22,,,2026-07-07,,0
1.1.1.1.2.3.1.12.15,False ceiling,Tower 5,12th Floor,Finishing,Tower Finishing,False Ceiling,,30660000.0,2027-09-22,2027-10-02,,,2026-07-19,,0
1.1.1.1.2.3.1.13,13th Floor,,,,,,,,2026-08-09,2027-10-14,,,2026-04-26,,
1.1.1.1.2.3.1.13.1,Block Work ,Tower 5,13th Floor,Finishing,Tower Civil Finishes,Blockwork,,34182400.0,2026-08-09,2026-08-13,,,2026-04-26,,0
1.1.1.1.2.3.1.13.2,Door Frame Fixing,Tower 5,13th Floor,Finishing,Tower Finishing,Door,,0.0,2026-08-13,2026-08-22,,,2026-04-30,,0
1.1.1.1.2.3.1.13.3,Internal Plumbing Works,Tower 5,13th Floor,MEP,Tower MEP,Plumbing,,26934400.0,2026-08-13,2026-08-23,,,2026-04-30,,0
1.1.1.1.2.3.1.13.4,Waterproofing,Tower 5,13th Floor,Finishing,Tower Civil Finishes,Waterproofing,,31786720.0,2026-08-23,2026-09-04,,,2026-05-10,,0
1.1.1.1.2.3.1.13.5,Internal Plaster,Tower 5,13th Floor,Finishing,Tower Civil Finishes,Int Plaster,,55600000.0,2026-09-04,2026-09-13,,,2026-05-22,,0
1.1.1.1.2.3.1.13.6,IPS flooring work,Tower 5,13th Floor,Finishing,Tower Finishing,Flooring,,18618000.0,2026-09-13,2026-09-22,,,2026-05-31,,0
1.1.1.1.2.3.1.13.7,Toilet dado work,Tower 5,13th Floor,Finishing,Tower Finishing,Flooring,,53482000.0,2027-06-03,2027-06-11,,,2026-05-31,,0
1.1.1.1.2.3.1.13.8,Toilet flooring work,Tower 5,13th Floor,Finishing,Tower Finishing,Flooring,,9911000.0,2027-06-11,2027-06-18,,,2026-06-08,,0
1.1.1.1.2.3.1.13.9,Living dinning flooring,Tower 5,13th Floor,Finishing,Tower Finishing,Flooring,,142447000.0,2027-06-27,2027-07-12,,,2026-06-15,,0
1.1.1.1.2.3.1.13.10,Aluminium door-window fixing,Tower 5,13th Floor,Finishing,Tower Finishing,Window,,111900000.0,2027-09-27,2027-10-12,,,2026-07-24,,0
1.1.1.1.2.3.1.13.11,Putty primer coat,Tower 5,13th Floor,Finishing,Tower Finishing,Paint,,12006000.0,2027-07-12,2027-07-18,,,2026-06-30,,0
1.1.1.1.2.3.1.13.12,Door shutter fixing,Tower 5,13th Floor,Finishing,Tower Finishing,Door,,68616600.0,2027-07-12,2027-07-20,,,2026-06-30,,0
1.1.1.1.2.3.1.13.13,Electrical wiring work,Tower 5,13th Floor,MEP,Tower MEP,Electrical,,57071600.0,2027-09-10,2027-09-22,,,2026-07-08,,0
1.1.1.1.2.3.1.13.14,Painting 1st coat,Tower 5,13th Floor,Finishing,Tower Finishing,Paint,,12006000.0,2027-09-22,2027-10-04,,,2026-07-20,,0
1.1.1.1.2.3.1.13.15,False ceiling,Tower 5,13th Floor,Finishing,Tower Finishing,False Ceiling,,30660000.0,2027-10-04,2027-10-14,,,2026-08-01,,0
1.1.1.1.2.3.1.14,14th Floor,,,,,,,,2026-08-21,2027-10-27,,,2026-05-08,,
1.1.1.1.2.3.1.14.1,Block Work ,Tower 5,14th Floor,Finishing,Tower Civil Finishes,Blockwork,,34182400.0,2026-08-21,2026-08-25,,,2026-05-08,,0
1.1.1.1.2.3.1.14.2,Door Frame Fixing,Tower 5,14th Floor,Finishing,Tower Finishing,Door,,0.0,2026-08-25,2026-09-03,,,2026-05-12,,0
1.1.1.1.2.3.1.14.3,Internal Plumbing Works,Tower 5,14th Floor,MEP,Tower MEP,Plumbing,,26934400.0,2026-08-25,2026-09-04,,,2026-05-12,,0
1.1.1.1.2.3.1.14.4,Waterproofing,Tower 5,14th Floor,Finishing,Tower Civil Finishes,Waterproofing,,31786720.0,2026-09-04,2026-09-16,,,2026-05-22,,0
1.1.1.1.2.3.1.14.5,Internal Plaster,Tower 5,14th Floor,Finishing,Tower Civil Finishes,Int Plaster,,55600000.0,2026-09-16,2026-09-25,,,2026-06-03,,0
1.1.1.1.2.3.1.14.6,IPS flooring work,Tower 5,14th Floor,Finishing,Tower Finishing,Flooring,,18618000.0,2026-09-22,2026-10-01,,,2026-06-09,,0
1.1.1.1.2.3.1.14.7,Toilet dado work,Tower 5,14th Floor,Finishing,Tower Finishing,Flooring,,53482000.0,2027-06-11,2027-06-19,,,2026-06-12,,0
1.1.1.1.2.3.1.14.8,Toilet flooring work,Tower 5,14th Floor,Finishing,Tower Finishing,Flooring,,9911000.0,2027-06-19,2027-06-26,,,2026-06-20,,0
1.1.1.1.2.3.1.14.9,Living dinning flooring,Tower 5,14th Floor,Finishing,Tower Finishing,Flooring,,142447000.0,2027-07-12,2027-07-27,,,2026-06-30,,0
1.1.1.1.2.3.1.14.10,Aluminium door-window fixing,Tower 5,14th Floor,Finishing,Tower Finishing,Window,,111900000.0,2027-10-12,2027-10-27,,,2026-08-08,,0
1.1.1.1.2.3.1.14.11,Putty primer coat,Tower 5,14th Floor,Finishing,Tower Finishing,Paint,,12006000.0,2027-07-27,2027-08-02,,,2026-07-15,,0
1.1.1.1.2.3.1.14.12,Door shutter fixing,Tower 5,14th Floor,Finishing,Tower Finishing,Door,,68616600.0,2027-07-27,2027-08-04,,,2026-07-15,,0
1.1.1.1.2.3.1.14.13,Electrical wiring work,Tower 5,14th Floor,MEP,Tower MEP,Electrical,,57071600.0,2027-09-22,2027-10-04,,,2026-07-23,,0
1.1.1.1.2.3.1.14.14,Painting 1st coat,Tower 5,14th Floor,Finishing,Tower Finishing,Paint,,12006000.0,2027-10-04,2027-10-16,,,2026-08-04,,0
1.1.1.1.2.3.1.14.15,False ceiling,Tower 5,14th Floor,Finishing,Tower Finishing,False Ceiling,,30660000.0,2027-10-16,2027-10-26,,,2026-08-16,,0
1.1.1.1.2.3.1.15,15th Floor,,,,,,,,2026-09-02,2027-12-23,,,2026-05-20,,
1.1.1.1.2.3.1.15.1,Block Work ,Tower 5,15th Floor,Finishing,Tower Civil Finishes,Blockwork,,34182400.0,2026-09-02,2026-09-10,,,2026-05-20,,0
1.1.1.1.2.3.1.15.2,Door Frame Fixing,Tower 5,15th Floor,Finishing,Tower Finishing,Door,,0.0,2026-09-10,2026-09-19,,,2026-05-28,,0
1.1.1.1.2.3.1.15.3,Internal Plumbing Works,Tower 5,15th Floor,MEP,Tower MEP,Plumbing,,26934400.0,2026-09-10,2026-09-20,,,2026-05-28,,0
1.1.1.1.2.3.1.15.4,Waterproofing,Tower 5,15th Floor,Finishing,Tower Civil Finishes,Waterproofing,,31786720.0,2026-09-20,2026-10-02,,,2026-06-07,,0
1.1.1.1.2.3.1.15.5,Internal Plaster,Tower 5,15th Floor,Finishing,Tower Civil Finishes,Int Plaster,,55600000.0,2026-10-02,2026-10-11,,,2026-06-19,,0
1.1.1.1.2.3.1.15.6,IPS flooring work,Tower 5,15th Floor,Finishing,Tower Finishing,Flooring,,18618000.0,2026-10-02,2026-10-11,,,2026-06-19,,0
1.1.1.1.2.3.1.15.7,Toilet dado work,Tower 5,15th Floor,Finishing,Tower Finishing,Flooring,,53482000.0,2027-06-19,2027-06-27,,,2026-06-28,,0
1.1.1.1.2.3.1.15.8,Toilet flooring work,Tower 5,15th Floor,Finishing,Tower Finishing,Flooring,,9911000.0,2027-06-27,2027-07-04,,,2026-07-06,,0
1.1.1.1.2.3.1.15.9,Living dinning flooring,Tower 5,15th Floor,Finishing,Tower Finishing,Flooring,,142447000.0,2027-07-27,2027-08-08,,,2026-07-15,,0
1.1.1.1.2.3.1.15.10,Aluminium door-window fixing,Tower 5,15th Floor,Finishing,Tower Finishing,Window,,111900000.0,2027-10-27,2027-12-23,,,2026-08-23,,0
1.1.1.1.2.3.1.15.11,Putty primer coat,Tower 5,15th Floor,Finishing,Tower Finishing,Paint,,12006000.0,2027-08-08,2027-08-14,,,2026-07-27,,0
1.1.1.1.2.3.1.15.12,Door shutter fixing,Tower 5,15th Floor,Finishing,Tower Finishing,Door,,68616600.0,2027-08-08,2027-08-16,,,2026-07-27,,0
1.1.1.1.2.3.1.15.13,Electrical wiring work,Tower 5,15th Floor,MEP,Tower MEP,Electrical,,57071600.0,2027-10-04,2027-10-16,,,2026-08-04,,0
1.1.1.1.2.3.1.15.14,Painting 1st coat,Tower 5,15th Floor,Finishing,Tower Finishing,Paint,,12006000.0,2027-10-16,2027-10-28,,,2026-08-16,,0
1.1.1.1.2.3.1.15.15,False ceiling,Tower 5,15th Floor,Finishing,Tower Finishing,False Ceiling,,30660000.0,2027-10-28,2027-12-22,,,2026-08-28,,0
1.1.1.1.2.3.1.16,16th Floor,,,,,,,,2026-09-14,2028-01-04,,,2026-06-01,,
1.1.1.1.2.3.1.16.1,Block Work ,Tower 5,16th Floor,Finishing,Tower Civil Finishes,Blockwork,,34182400.0,2026-09-14,2026-09-22,,,2026-06-01,,0
1.1.1.1.2.3.1.16.2,Door Frame Fixing,Tower 5,16th Floor,Finishing,Tower Finishing,Door,,0.0,2026-09-22,2026-10-01,,,2026-06-09,,0
1.1.1.1.2.3.1.16.3,Internal Plumbing Works,Tower 5,16th Floor,MEP,Tower MEP,Plumbing,,26934400.0,2026-09-22,2026-10-02,,,2026-06-09,,0
1.1.1.1.2.3.1.16.4,Waterproofing,Tower 5,16th Floor,Finishing,Tower Civil Finishes,Waterproofing,,31786720.0,2026-10-02,2026-10-14,,,2026-06-19,,0
1.1.1.1.2.3.1.16.5,Internal Plaster,Tower 5,16th Floor,Finishing,Tower Civil Finishes,Int Plaster,,55600000.0,2026-10-14,2026-10-23,,,2026-07-01,,0
1.1.1.1.2.3.1.16.6,IPS flooring work,Tower 5,16th Floor,Finishing,Tower Finishing,Flooring,,18618000.0,2026-10-14,2026-10-23,,,2026-07-01,,0
1.1.1.1.2.3.1.16.7,Toilet dado work,Tower 5,16th Floor,Finishing,Tower Finishing,Flooring,,53482000.0,2027-06-27,2027-07-05,,,2026-07-10,,0
1.1.1.1.2.3.1.16.8,Toilet flooring work,Tower 5,16th Floor,Finishing,Tower Finishing,Flooring,,9911000.0,2027-07-05,2027-07-12,,,2026-07-18,,0
1.1.1.1.2.3.1.16.9,Living dinning flooring,Tower 5,16th Floor,Finishing,Tower Finishing,Flooring,,142447000.0,2027-08-08,2027-08-20,,,2026-07-27,,0
1.1.1.1.2.3.1.16.10,Aluminium door-window fixing,Tower 5,16th Floor,Finishing,Tower Finishing,Window,,111900000.0,2027-12-23,2028-01-04,,,2026-09-04,,0
1.1.1.1.2.3.1.16.11,Putty primer coat,Tower 5,16th Floor,Finishing,Tower Finishing,Paint,,12006000.0,2027-08-20,2027-08-26,,,2026-08-08,,0
1.1.1.1.2.3.1.16.12,Door shutter fixing,Tower 5,16th Floor,Finishing,Tower Finishing,Door,,68616600.0,2027-08-20,2027-08-28,,,2026-08-08,,0
1.1.1.1.2.3.1.16.13,Electrical wiring work,Tower 5,16th Floor,MEP,Tower MEP,Electrical,,57071600.0,2027-10-16,2027-10-28,,,2026-08-16,,0
1.1.1.1.2.3.1.16.14,Painting 1st coat,Tower 5,16th Floor,Finishing,Tower Finishing,Paint,,12006000.0,2027-10-28,2027-12-24,,,2026-08-28,,0
1.1.1.1.2.3.1.16.15,False ceiling,Tower 5,16th Floor,Finishing,Tower Finishing,False Ceiling,,30660000.0,2027-12-24,2028-01-03,,,2026-09-09,,0
1.1.1.1.2.3.1.17,17th Floor,,,,,,,,2026-09-26,2028-01-16,,,2026-06-13,,
1.1.1.1.2.3.1.17.1,Block Work ,Tower 5,17th Floor,Finishing,Tower Civil Finishes,Blockwork,,34182400.0,2026-09-26,2026-10-04,,,2026-06-13,,0
1.1.1.1.2.3.1.17.2,Door Frame Fixing,Tower 5,17th Floor,Finishing,Tower Finishing,Door,,0.0,2026-10-04,2026-10-13,,,2026-06-21,,0
1.1.1.1.2.3.1.17.3,Internal Plumbing Works,Tower 5,17th Floor,MEP,Tower MEP,Plumbing,,26934400.0,2026-10-04,2026-10-14,,,2026-06-21,,0
1.1.1.1.2.3.1.17.4,Waterproofing,Tower 5,17th Floor,Finishing,Tower Civil Finishes,Waterproofing,,31786720.0,2026-10-14,2026-10-26,,,2026-07-01,,0
1.1.1.1.2.3.1.17.5,Internal Plaster,Tower 5,17th Floor,Finishing,Tower Civil Finishes,Int Plaster,,55600000.0,2026-10-26,2026-12-19,,,2026-07-13,,0
1.1.1.1.2.3.1.17.6,IPS flooring work,Tower 5,17th Floor,Finishing,Tower Finishing,Flooring,,18618000.0,2026-10-26,2026-12-19,,,2026-07-13,,0
1.1.1.1.2.3.1.17.7,Toilet dado work,Tower 5,17th Floor,Finishing,Tower Finishing,Flooring,,53482000.0,2027-07-05,2027-07-13,,,2026-07-22,,0
1.1.1.1.2.3.1.17.8,Toilet flooring work,Tower 5,17th Floor,Finishing,Tower Finishing,Flooring,,9911000.0,2027-07-13,2027-07-20,,,2026-07-30,,0
1.1.1.1.2.3.1.17.9,Living dinning flooring,Tower 5,17th Floor,Finishing,Tower Finishing,Flooring,,142447000.0,2027-08-20,2027-09-01,,,2026-08-08,,0
1.1.1.1.2.3.1.17.10,Aluminium door-window fixing,Tower 5,17th Floor,Finishing,Tower Finishing,Window,,111900000.0,2028-01-04,2028-01-16,,,2026-09-16,,0
1.1.1.1.2.3.1.17.11,Putty primer coat,Tower 5,17th Floor,Finishing,Tower Finishing,Paint,,12006000.0,2027-09-01,2027-09-07,,,2026-08-20,,0
1.1.1.1.2.3.1.17.12,Door shutter fixing,Tower 5,17th Floor,Finishing,Tower Finishing,Door,,68616600.0,2027-09-01,2027-09-09,,,2026-08-20,,0
1.1.1.1.2.3.1.17.13,Electrical wiring work,Tower 5,17th Floor,MEP,Tower MEP,Electrical,,57071600.0,2027-10-28,2027-12-24,,,2026-08-28,,0
1.1.1.1.2.3.1.17.14,Painting 1st coat,Tower 5,17th Floor,Finishing,Tower Finishing,Paint,,12006000.0,2027-12-24,2028-01-05,,,2026-09-09,,0
1.1.1.1.2.3.1.17.15,False ceiling,Tower 5,17th Floor,Finishing,Tower Finishing,False Ceiling,,30660000.0,2028-01-05,2028-01-15,,,2026-09-21,,0
1.1.1.1.2.3.1.18,18th Floor,,,,,,,,2026-10-08,2028-01-28,,,2026-06-25,,
1.1.1.1.2.3.1.18.1,Block Work ,Tower 5,18th Floor,Finishing,Tower Civil Finishes,Blockwork,,34182400.0,2026-10-08,2026-10-16,,,2026-06-25,,0
1.1.1.1.2.3.1.18.2,Door Frame Fixing,Tower 5,18th Floor,Finishing,Tower Finishing,Door,,0.0,2026-10-16,2026-10-25,,,2026-07-03,,0
1.1.1.1.2.3.1.18.3,Internal Plumbing Works,Tower 5,18th Floor,MEP,Tower MEP,Plumbing,,26934400.0,2026-10-16,2026-10-26,,,2026-07-03,,0
1.1.1.1.2.3.1.18.4,Waterproofing,Tower 5,18th Floor,Finishing,Tower Civil Finishes,Waterproofing,,31786720.0,2026-10-26,2026-12-22,,,2026-07-13,,0
1.1.1.1.2.3.1.18.5,Internal Plaster,Tower 5,18th Floor,Finishing,Tower Civil Finishes,Int Plaster,,55600000.0,2026-12-22,2026-12-31,,,2026-07-25,,0
1.1.1.1.2.3.1.18.6,IPS flooring work,Tower 5,18th Floor,Finishing,Tower Finishing,Flooring,,18618000.0,2026-12-22,2026-12-31,,,2026-07-25,,0
1.1.1.1.2.3.1.18.7,Toilet dado work,Tower 5,18th Floor,Finishing,Tower Finishing,Flooring,,53482000.0,2027-07-13,2027-07-21,,,2026-08-03,,0
1.1.1.1.2.3.1.18.8,Toilet flooring work,Tower 5,18th Floor,Finishing,Tower Finishing,Flooring,,9911000.0,2027-07-21,2027-07-28,,,2026-08-11,,0
1.1.1.1.2.3.1.18.9,Living dinning flooring,Tower 5,18th Floor,Finishing,Tower Finishing,Flooring,,142447000.0,2027-09-01,2027-09-13,,,2026-08-20,,0
1.1.1.1.2.3.1.18.10,Aluminium door-window fixing,Tower 5,18th Floor,Finishing,Tower Finishing,Window,,111900000.0,2028-01-16,2028-01-28,,,2026-09-28,,0
1.1.1.1.2.3.1.18.11,Putty primer coat,Tower 5,18th Floor,Finishing,Tower Finishing,Paint,,12006000.0,2027-09-13,2027-09-19,,,2026-09-01,,0
1.1.1.1.2.3.1.18.12,Door shutter fixing,Tower 5,18th Floor,Finishing,Tower Finishing,Door,,68616600.0,2027-09-13,2027-09-21,,,2026-09-01,,0
1.1.1.1.2.3.1.18.13,Electrical wiring work,Tower 5,18th Floor,MEP,Tower MEP,Electrical,,57071600.0,2027-12-24,2028-01-05,,,2026-09-09,,0
1.1.1.1.2.3.1.18.14,Painting 1st coat,Tower 5,18th Floor,Finishing,Tower Finishing,Paint,,12006000.0,2028-01-05,2028-01-17,,,2026-09-21,,0
1.1.1.1.2.3.1.18.15,False ceiling,Tower 5,18th Floor,Finishing,Tower Finishing,False Ceiling,,30660000.0,2028-01-17,2028-01-27,,,2026-10-03,,0
1.1.1.1.2.3.1.19,19th Floor,,,,,,,,2026-10-20,2028-02-09,,,2026-07-07,,
1.1.1.1.2.3.1.19.1,Block Work ,Tower 5,19th Floor,Finishing,Tower Civil Finishes,Blockwork,,34182400.0,2026-10-20,2026-10-28,,,2026-07-07,,0
1.1.1.1.2.3.1.19.2,Door Frame Fixing,Tower 5,19th Floor,Finishing,Tower Finishing,Door,,0.0,2026-10-28,2026-12-21,,,2026-07-15,,0
1.1.1.1.2.3.1.19.3,Internal Plumbing Works,Tower 5,19th Floor,MEP,Tower MEP,Plumbing,,26934400.0,2026-10-28,2026-12-22,,,2026-07-15,,0
1.1.1.1.2.3.1.19.4,Waterproofing,Tower 5,19th Floor,Finishing,Tower Civil Finishes,Waterproofing,,31786720.0,2026-12-22,2027-01-03,,,2026-07-25,,0
1.1.1.1.2.3.1.19.5,Internal Plaster,Tower 5,19th Floor,Finishing,Tower Civil Finishes,Int Plaster,,55600000.0,2027-01-03,2027-01-12,,,2026-08-06,,0
1.1.1.1.2.3.1.19.6,IPS flooring work,Tower 5,19th Floor,Finishing,Tower Finishing,Flooring,,18618000.0,2027-01-12,2027-01-21,,,2026-08-15,,0
1.1.1.1.2.3.1.19.7,Toilet dado work,Tower 5,19th Floor,Finishing,Tower Finishing,Flooring,,53482000.0,2027-07-21,2027-07-29,,,2026-08-15,,0
1.1.1.1.2.3.1.19.8,Toilet flooring work,Tower 5,19th Floor,Finishing,Tower Finishing,Flooring,,9911000.0,2027-07-29,2027-08-05,,,2026-08-23,,0
1.1.1.1.2.3.1.19.9,Living dinning flooring,Tower 5,19th Floor,Finishing,Tower Finishing,Flooring,,142447000.0,2027-09-13,2027-09-25,,,2026-09-01,,0
1.1.1.1.2.3.1.19.10,Aluminium door-window fixing,Tower 5,19th Floor,Finishing,Tower Finishing,Window,,111900000.0,2028-01-28,2028-02-09,,,2026-10-10,,0
1.1.1.1.2.3.1.19.11,Putty primer coat,Tower 5,19th Floor,Finishing,Tower Finishing,Paint,,12006000.0,2027-09-25,2027-10-01,,,2026-09-13,,0
1.1.1.1.2.3.1.19.12,Door shutter fixing,Tower 5,19th Floor,Finishing,Tower Finishing,Door,,68616600.0,2027-09-25,2027-10-03,,,2026-09-13,,0
1.1.1.1.2.3.1.19.13,Electrical wiring work,Tower 5,19th Floor,MEP,Tower MEP,Electrical,,57071600.0,2028-01-05,2028-01-17,,,2026-09-21,,0
1.1.1.1.2.3.1.19.14,Painting 1st coat,Tower 5,19th Floor,Finishing,Tower Finishing,Paint,,12006000.0,2028-01-17,2028-01-29,,,2026-10-03,,0
1.1.1.1.2.3.1.19.15,False ceiling,Tower 5,19th Floor,Finishing,Tower Finishing,False Ceiling,,30660000.0,2028-01-29,2028-02-08,,,2026-10-15,,0
1.1.1.1.2.3.1.20,20th Floor,,,,,,,,2026-12-16,2028-02-21,,,2026-07-19,,
1.1.1.1.2.3.1.20.1,Block Work,Tower 5,20th Floor,Finishing,Tower Civil Finishes,Blockwork,,34182400.0,2026-12-16,2026-12-24,,,2026-07-19,,0
1.1.1.1.2.3.1.20.2,Door Frame Fixing,Tower 5,20th Floor,Finishing,Tower Finishing,Door,,0.0,2026-12-24,2027-01-02,,,2026-07-27,,0
1.1.1.1.2.3.1.20.3,Internal Plumbing Works,Tower 5,20th Floor,MEP,Tower MEP,Plumbing,,26934400.0,2026-12-24,2027-01-03,,,2026-07-27,,0
1.1.1.1.2.3.1.20.4,Waterproofing,Tower 5,20th Floor,Finishing,Tower Civil Finishes,Waterproofing,,31786720.0,2027-01-03,2027-01-15,,,2026-08-06,,0
1.1.1.1.2.3.1.20.5,Internal Plaster,Tower 5,20th Floor,Finishing,Tower Civil Finishes,Int Plaster,,55600000.0,2027-01-15,2027-01-24,,,2026-08-18,,0
1.1.1.1.2.3.1.20.6,IPS flooring work,Tower 5,20th Floor,Finishing,Tower Finishing,Flooring,,18618000.0,2027-01-24,2027-02-02,,,2026-08-27,,0
1.1.1.1.2.3.1.20.7,Toilet dado work,Tower 5,20th Floor,Finishing,Tower Finishing,Flooring,,53482000.0,2027-07-29,2027-08-06,,,2026-08-27,,0
1.1.1.1.2.3.1.20.8,Toilet flooring work,Tower 5,20th Floor,Finishing,Tower Finishing,Flooring,,9911000.0,2027-08-06,2027-08-13,,,2026-09-04,,0
1.1.1.1.2.3.1.20.9,Living dinning flooring,Tower 5,20th Floor,Finishing,Tower Finishing,Flooring,,142447000.0,2027-09-25,2027-10-07,,,2026-09-13,,0
1.1.1.1.2.3.1.20.10,Aluminium door-window fixing,Tower 5,20th Floor,Finishing,Tower Finishing,Window,,111900000.0,2028-02-09,2028-02-21,,,2026-10-22,,0
1.1.1.1.2.3.1.20.11,Putty primer coat,Tower 5,20th Floor,Finishing,Tower Finishing,Paint,,12006000.0,2027-10-07,2027-10-13,,,2026-09-25,,0
1.1.1.1.2.3.1.20.12,Door shutter fixing,Tower 5,20th Floor,Finishing,Tower Finishing,Door,,68616600.0,2027-10-07,2027-10-15,,,2026-09-25,,0
1.1.1.1.2.3.1.20.13,Electrical wiring work,Tower 5,20th Floor,MEP,Tower MEP,Electrical,,57071600.0,2028-01-17,2028-01-29,,,2026-10-03,,0
1.1.1.1.2.3.1.20.14,Painting 1st coat,Tower 5,20th Floor,Finishing,Tower Finishing,Paint,,12006000.0,2028-01-29,2028-02-10,,,2026-10-15,,0
1.1.1.1.2.3.1.20.15,False ceiling,Tower 5,20th Floor,Finishing,Tower Finishing,False Ceiling,,30660000.0,2028-02-10,2028-02-20,,,2026-10-27,,0
1.1.1.1.2.3.1.21,21st Floor,,,,,,,,2026-12-28,2028-03-04,,,2026-07-31,,
1.1.1.1.2.3.1.21.1,Block Work,Tower 5,21st Floor,Finishing,Tower Civil Finishes,Blockwork,,34182400.0,2026-12-28,2027-01-05,,,2026-07-31,,0
1.1.1.1.2.3.1.21.2,Door Frame Fixing,Tower 5,21st Floor,Finishing,Tower Finishing,Door,,0.0,2027-01-05,2027-01-14,,,2026-08-08,,0
1.1.1.1.2.3.1.21.3,Internal Plumbing Works,Tower 5,21st Floor,MEP,Tower MEP,Plumbing,,26934400.0,2027-01-05,2027-01-15,,,2026-08-08,,0
1.1.1.1.2.3.1.21.4,Waterproofing,Tower 5,21st Floor,Finishing,Tower Civil Finishes,Waterproofing,,31786720.0,2027-01-15,2027-01-27,,,2026-08-18,,0
1.1.1.1.2.3.1.21.5,Internal Plaster,Tower 5,21st Floor,Finishing,Tower Civil Finishes,Int Plaster,,55600000.0,2027-01-27,2027-02-05,,,2026-08-30,,0
1.1.1.1.2.3.1.21.6,IPS flooring work,Tower 5,21st Floor,Finishing,Tower Finishing,Flooring,,18618000.0,2027-02-05,2027-02-14,,,2026-09-08,,0
1.1.1.1.2.3.1.21.7,Toilet dado work,Tower 5,21st Floor,Finishing,Tower Finishing,Flooring,,53482000.0,2027-08-06,2027-08-14,,,2026-09-08,,0
1.1.1.1.2.3.1.21.8,Toilet flooring work,Tower 5,21st Floor,Finishing,Tower Finishing,Flooring,,9911000.0,2027-08-14,2027-08-21,,,2026-09-16,,0
1.1.1.1.2.3.1.21.9,Living dinning flooring,Tower 5,21st Floor,Finishing,Tower Finishing,Flooring,,142447000.0,2027-10-07,2027-10-19,,,2026-09-25,,0
1.1.1.1.2.3.1.21.10,Aluminium door-window fixing,Tower 5,21st Floor,Finishing,Tower Finishing,Window,,111900000.0,2028-02-21,2028-03-04,,,2026-12-18,,0
1.1.1.1.2.3.1.21.11,Putty primer coat,Tower 5,21st Floor,Finishing,Tower Finishing,Paint,,12006000.0,2027-10-19,2027-10-25,,,2026-10-07,,0
1.1.1.1.2.3.1.21.12,Door shutter fixing,Tower 5,21st Floor,Finishing,Tower Finishing,Door,,68616600.0,2027-10-19,2027-10-27,,,2026-10-07,,0
1.1.1.1.2.3.1.21.13,Electrical wiring work,Tower 5,21st Floor,MEP,Tower MEP,Electrical,,57071600.0,2028-01-29,2028-02-10,,,2026-10-15,,0
1.1.1.1.2.3.1.21.14,Painting 1st coat,Tower 5,21st Floor,Finishing,Tower Finishing,Paint,,12006000.0,2028-02-10,2028-02-22,,,2026-10-27,,0
1.1.1.1.2.3.1.21.15,False ceiling,Tower 5,21st Floor,Finishing,Tower Finishing,False Ceiling,,30660000.0,2028-02-22,2028-03-03,,,2026-12-23,,0
1.1.1.1.2.3.1.22,22nd Floor,,,,,,,,2027-01-09,2028-03-16,,,2026-08-12,,
1.1.1.1.2.3.1.22.1,Block Work ,Tower 5,22nd Floor,Finishing,Tower Civil Finishes,Blockwork,,34182400.0,2027-01-09,2027-01-17,,,2026-08-12,,0
1.1.1.1.2.3.1.22.2,Door Frame Fixing,Tower 5,22nd Floor,Finishing,Tower Finishing,Door,,0.0,2027-01-17,2027-01-26,,,2026-08-20,,0
1.1.1.1.2.3.1.22.3,Internal Plumbing Works,Tower 5,22nd Floor,MEP,Tower MEP,Plumbing,,26934400.0,2027-01-17,2027-01-27,,,2026-08-20,,0
1.1.1.1.2.3.1.22.4,Waterproofing,Tower 5,22nd Floor,Finishing,Tower Civil Finishes,Waterproofing,,31786720.0,2027-01-27,2027-02-08,,,2026-08-30,,0
1.1.1.1.2.3.1.22.5,Internal Plaster,Tower 5,22nd Floor,Finishing,Tower Civil Finishes,Int Plaster,,55600000.0,2027-02-08,2027-02-17,,,2026-09-11,,0
1.1.1.1.2.3.1.22.6,IPS flooring work,Tower 5,22nd Floor,Finishing,Tower Finishing,Flooring,,18618000.0,2027-02-17,2027-02-26,,,2026-09-20,,0
1.1.1.1.2.3.1.22.7,Toilet dado work,Tower 5,22nd Floor,Finishing,Tower Finishing,Flooring,,53482000.0,2027-08-14,2027-08-22,,,2026-09-20,,0
1.1.1.1.2.3.1.22.8,Toilet flooring work,Tower 5,22nd Floor,Finishing,Tower Finishing,Flooring,,9911000.0,2027-08-22,2027-08-29,,,2026-09-28,,0
1.1.1.1.2.3.1.22.9,Living dinning flooring,Tower 5,22nd Floor,Finishing,Tower Finishing,Flooring,,142447000.0,2027-10-19,2027-10-31,,,2026-10-07,,0
1.1.1.1.2.3.1.22.10,Aluminium door-window fixing,Tower 5,22nd Floor,Finishing,Tower Finishing,Window,,111900000.0,2028-03-04,2028-03-16,,,2026-12-30,,0
1.1.1.1.2.3.1.22.11,Putty primer coat,Tower 5,22nd Floor,Finishing,Tower Finishing,Paint,,12006000.0,2027-10-31,2027-12-21,,,2026-10-19,,0
1.1.1.1.2.3.1.22.12,Door shutter fixing,Tower 5,22nd Floor,Finishing,Tower Finishing,Door,,68616600.0,2027-10-31,2027-12-23,,,2026-10-19,,0
1.1.1.1.2.3.1.22.13,Electrical wiring work,Tower 5,22nd Floor,MEP,Tower MEP,Electrical,,57071600.0,2028-02-10,2028-02-22,,,2026-10-27,,0
1.1.1.1.2.3.1.22.14,Painting 1st coat,Tower 5,22nd Floor,Finishing,Tower Finishing,Paint,,12006000.0,2028-02-22,2028-03-05,,,2026-12-23,,0
1.1.1.1.2.3.1.22.15,False ceiling,Tower 5,22nd Floor,Finishing,Tower Finishing,False Ceiling,,30660000.0,2028-03-05,2028-03-15,,,2027-01-04,,0
1.1.1.1.2.3.1.23,23rd Floor,,,,,,,,2027-01-21,2028-03-31,,,2026-08-24,,
1.1.1.1.2.3.1.23.1,Block Work ,Tower 5,23rd Floor,Finishing,Tower Civil Finishes,Blockwork,,34182400.0,2027-01-21,2027-01-29,,,2026-08-24,,0
1.1.1.1.2.3.1.23.2,Door Frame Fixing,Tower 5,23rd Floor,Finishing,Tower Finishing,Door,,0.0,2027-01-29,2027-02-07,,,2026-09-01,,0
1.1.1.1.2.3.1.23.3,Internal Plumbing Works,Tower 5,23rd Floor,MEP,Tower MEP,Plumbing,,26934400.0,2027-01-29,2027-02-08,,,2026-09-01,,0
1.1.1.1.2.3.1.23.4,Waterproofing,Tower 5,23rd Floor,Finishing,Tower Civil Finishes,Waterproofing,,31786720.0,2027-02-08,2027-02-20,,,2026-09-11,,0
1.1.1.1.2.3.1.23.5,Internal Plaster,Tower 5,23rd Floor,Finishing,Tower Civil Finishes,Int Plaster,,55600000.0,2027-02-20,2027-03-01,,,2026-09-23,,0
1.1.1.1.2.3.1.23.6,IPS flooring work,Tower 5,23rd Floor,Finishing,Tower Finishing,Flooring,,18618000.0,2027-03-01,2027-03-10,,,2026-10-02,,0
1.1.1.1.2.3.1.23.7,Toilet dado work,Tower 5,23rd Floor,Finishing,Tower Finishing,Flooring,,53482000.0,2027-08-22,2027-08-30,,,2026-10-02,,0
1.1.1.1.2.3.1.23.8,Toilet flooring work,Tower 5,23rd Floor,Finishing,Tower Finishing,Flooring,,9911000.0,2027-08-30,2027-09-06,,,2026-10-10,,0
1.1.1.1.2.3.1.23.9,Living dinning flooring,Tower 5,23rd Floor,Finishing,Tower Finishing,Flooring,,142447000.0,2027-10-31,2027-12-30,,,2026-10-19,,0
1.1.1.1.2.3.1.23.10,Aluminium door-window fixing,Tower 5,23rd Floor,Finishing,Tower Finishing,Window,,111900000.0,2028-03-16,2028-03-31,,,2027-01-11,,0
1.1.1.1.2.3.1.23.11,Putty primer coat,Tower 5,23rd Floor,Finishing,Tower Finishing,Paint,,12006000.0,2027-12-30,2028-01-05,,,2026-12-18,,0
1.1.1.1.2.3.1.23.12,Door shutter fixing,Tower 5,23rd Floor,Finishing,Tower Finishing,Door,,68616600.0,2027-12-30,2028-01-07,,,2026-12-18,,0
1.1.1.1.2.3.1.23.13,Electrical wiring work,Tower 5,23rd Floor,MEP,Tower MEP,Electrical,,57071600.0,2028-02-22,2028-03-05,,,2026-12-26,,0
1.1.1.1.2.3.1.23.14,Painting 1st coat,Tower 5,23rd Floor,Finishing,Tower Finishing,Paint,,12006000.0,2028-03-05,2028-03-17,,,2027-01-07,,0
1.1.1.1.2.3.1.23.15,False ceiling,Tower 5,23rd Floor,Finishing,Tower Finishing,False Ceiling,,30660000.0,2028-03-17,2028-03-27,,,2027-01-19,,0
1.1.1.1.2.3.1.24,24th Floor,,,,,,,,2027-02-02,2028-04-15,,,2026-09-05,,
1.1.1.1.2.3.1.24.1,Block Work ,Tower 5,24th Floor,Finishing,Tower Civil Finishes,Blockwork,,34182400.0,2027-02-02,2027-02-10,,,2026-09-05,,0
1.1.1.1.2.3.1.24.2,Door Frame Fixing,Tower 5,24th Floor,Finishing,Tower Finishing,Door,,0.0,2027-02-10,2027-02-19,,,2026-09-13,,0
1.1.1.1.2.3.1.24.3,Internal Plumbing Works,Tower 5,24th Floor,MEP,Tower MEP,Plumbing,,26934400.0,2027-02-10,2027-02-20,,,2026-09-13,,0
1.1.1.1.2.3.1.24.4,Waterproofing,Tower 5,24th Floor,Finishing,Tower Civil Finishes,Waterproofing,,31786720.0,2027-02-20,2027-03-04,,,2026-09-23,,0
1.1.1.1.2.3.1.24.5,Internal Plaster,Tower 5,24th Floor,Finishing,Tower Civil Finishes,Int Plaster,,55600000.0,2027-03-04,2027-03-13,,,2026-10-05,,0
1.1.1.1.2.3.1.24.6,IPS flooring work,Tower 5,24th Floor,Finishing,Tower Finishing,Flooring,,18618000.0,2027-03-13,2027-03-22,,,2026-10-14,,0
1.1.1.1.2.3.1.24.7,Toilet dado work,Tower 5,24th Floor,Finishing,Tower Finishing,Flooring,,53482000.0,2027-08-30,2027-09-07,,,2026-10-14,,0
1.1.1.1.2.3.1.24.8,Toilet flooring work,Tower 5,24th Floor,Finishing,Tower Finishing,Flooring,,9911000.0,2027-09-07,2027-09-14,,,2026-10-22,,0
1.1.1.1.2.3.1.24.9,Living dinning flooring,Tower 5,24th Floor,Finishing,Tower Finishing,Flooring,,142447000.0,2027-12-30,2028-01-14,,,2026-12-18,,0
1.1.1.1.2.3.1.24.10,Aluminium door-window fixing,Tower 5,24th Floor,Finishing,Tower Finishing,Window,,111900000.0,2028-03-31,2028-04-15,,,2027-01-26,,0
1.1.1.1.2.3.1.24.11,Putty primer coat,Tower 5,24th Floor,Finishing,Tower Finishing,Paint,,12006000.0,2028-01-14,2028-01-20,,,2027-01-02,,0
1.1.1.1.2.3.1.24.12,Door shutter fixing,Tower 5,24th Floor,Finishing,Tower Finishing,Door,,68616600.0,2028-01-14,2028-01-22,,,2027-01-02,,0
1.1.1.1.2.3.1.24.13,Electrical wiring work,Tower 5,24th Floor,MEP,Tower MEP,Electrical,,57071600.0,2028-03-05,2028-03-17,,,2027-01-10,,0
1.1.1.1.2.3.1.24.14,Painting 1st coat,Tower 5,24th Floor,Finishing,Tower Finishing,Paint,,12006000.0,2028-03-17,2028-03-29,,,2027-01-22,,0
1.1.1.1.2.3.1.24.15,False ceiling,Tower 5,24th Floor,Finishing,Tower Finishing,False Ceiling,,30660000.0,2028-03-29,2028-04-08,,,2027-02-03,,0
1.1.1.1.2.3.1.25,25th Floor,,,,,,,,2027-02-14,2028-04-30,,,2026-09-17,,
1.1.1.1.2.3.1.25.1,Block Work,Tower 5,25th Floor,Finishing,Tower Civil Finishes,Blockwork,,34182400.0,2027-02-14,2027-02-22,,,2026-09-17,,0
1.1.1.1.2.3.1.25.2,Door Frame Fixing,Tower 5,25th Floor,Finishing,Tower Finishing,Door,,0.0,2027-02-22,2027-03-03,,,2026-09-25,,0
1.1.1.1.2.3.1.25.3,Internal Plumbing Works,Tower 5,25th Floor,MEP,Tower MEP,Plumbing,,26934400.0,2027-02-22,2027-03-04,,,2026-09-25,,0
1.1.1.1.2.3.1.25.4,Waterproofing,Tower 5,25th Floor,Finishing,Tower Civil Finishes,Waterproofing,,31786720.0,2027-03-04,2027-03-16,,,2026-10-05,,0
1.1.1.1.2.3.1.25.5,Internal Plaster,Tower 5,25th Floor,Finishing,Tower Civil Finishes,Int Plaster,,55600000.0,2027-03-16,2027-03-25,,,2026-10-17,,0
1.1.1.1.2.3.1.25.6,IPS flooring work,Tower 5,25th Floor,Finishing,Tower Finishing,Flooring,,18618000.0,2027-03-25,2027-04-03,,,2026-10-26,,0
1.1.1.1.2.3.1.25.7,Toilet dado work,Tower 5,25th Floor,Finishing,Tower Finishing,Flooring,,53482000.0,2027-09-07,2027-09-15,,,2026-10-26,,0
1.1.1.1.2.3.1.25.8,Toilet flooring work,Tower 5,25th Floor,Finishing,Tower Finishing,Flooring,,9911000.0,2027-09-15,2027-09-22,,,2026-12-18,,0
1.1.1.1.2.3.1.25.9,Living dinning flooring,Tower 5,25th Floor,Finishing,Tower Finishing,Flooring,,142447000.0,2028-01-14,2028-01-29,,,2027-01-02,,0
1.1.1.1.2.3.1.25.10,Aluminium door-window fixing,Tower 5,25th Floor,Finishing,Tower Finishing,Window,,111900000.0,2028-04-15,2028-04-30,,,2027-02-10,,0
1.1.1.1.2.3.1.25.11,Putty primer coat,Tower 5,25th Floor,Finishing,Tower Finishing,Paint,,12006000.0,2028-01-29,2028-02-04,,,2027-01-17,,0
1.1.1.1.2.3.1.25.12,Door shutter fixing,Tower 5,25th Floor,Finishing,Tower Finishing,Door,,68616600.0,2028-01-29,2028-02-06,,,2027-01-17,,0
1.1.1.1.2.3.1.25.13,Electrical wiring work,Tower 5,25th Floor,MEP,Tower MEP,Electrical,,57071600.0,2028-03-17,2028-03-29,,,2027-01-25,,0
1.1.1.1.2.3.1.25.14,Painting 1st coat,Tower 5,25th Floor,Finishing,Tower Finishing,Paint,,12006000.0,2028-03-29,2028-04-10,,,2027-02-06,,0
1.1.1.1.2.3.1.25.15,False ceiling,Tower 5,25th Floor,Finishing,Tower Finishing,False Ceiling,,30660000.0,2028-04-10,2028-04-20,,,2027-02-18,,0
1.1.1.1.2.3.1.26,26th Floor,,,,,,,,2027-02-26,2028-05-15,,,2026-09-29,,
1.1.1.1.2.3.1.26.1,Block Work,Tower 5,26th Floor,Finishing,Tower Civil Finishes,Blockwork,,34182400.0,2027-02-26,2027-03-06,,,2026-09-29,,0
1.1.1.1.2.3.1.26.2,Door Frame Fixing,Tower 5,26th Floor,Finishing,Tower Finishing,Door,,0.0,2027-03-06,2027-03-15,,,2026-10-07,,0
1.1.1.1.2.3.1.26.3,Internal Plumbing Works,Tower 5,26th Floor,MEP,Tower MEP,Plumbing,,26934400.0,2027-03-06,2027-03-16,,,2026-10-07,,0
1.1.1.1.2.3.1.26.4,Waterproofing,Tower 5,26th Floor,Finishing,Tower Civil Finishes,Waterproofing,,31786720.0,2027-03-16,2027-03-28,,,2026-10-17,,0
1.1.1.1.2.3.1.26.5,Internal Plaster,Tower 5,26th Floor,Finishing,Tower Civil Finishes,Int Plaster,,55600000.0,2027-03-28,2027-04-06,,,2026-10-29,,0
1.1.1.1.2.3.1.26.6,IPS flooring work,Tower 5,26th Floor,Finishing,Tower Finishing,Flooring,,18618000.0,2027-04-06,2027-04-15,,,2026-12-22,,0
1.1.1.1.2.3.1.26.7,Toilet dado work,Tower 5,26th Floor,Finishing,Tower Finishing,Flooring,,53482000.0,2027-09-15,2027-09-23,,,2026-12-22,,0
1.1.1.1.2.3.1.26.8,Toilet flooring work,Tower 5,26th Floor,Finishing,Tower Finishing,Flooring,,9911000.0,2027-09-23,2027-09-30,,,2026-12-30,,0
1.1.1.1.2.3.1.26.9,Living dinning flooring,Tower 5,26th Floor,Finishing,Tower Finishing,Flooring,,142447000.0,2028-01-29,2028-02-13,,,2027-01-17,,0
1.1.1.1.2.3.1.26.10,Aluminium door-window fixing,Tower 5,26th Floor,Finishing,Tower Finishing,Window,,111900000.0,2028-04-30,2028-05-15,,,2027-02-25,,0
1.1.1.1.2.3.1.26.11,Putty primer coat,Tower 5,26th Floor,Finishing,Tower Finishing,Paint,,12006000.0,2028-02-13,2028-02-19,,,2027-02-01,,0
1.1.1.1.2.3.1.26.12,Door shutter fixing,Tower 5,26th Floor,Finishing,Tower Finishing,Door,,68616600.0,2028-02-13,2028-02-21,,,2027-02-01,,0
1.1.1.1.2.3.1.26.13,Electrical wiring work,Tower 5,26th Floor,MEP,Tower MEP,Electrical,,57071600.0,2028-03-29,2028-04-10,,,2027-02-09,,0
1.1.1.1.2.3.1.26.14,Painting 1st coat,Tower 5,26th Floor,Finishing,Tower Finishing,Paint,,12006000.0,2028-04-10,2028-04-22,,,2027-02-21,,0
1.1.1.1.2.3.1.26.15,False ceiling,Tower 5,26th Floor,Finishing,Tower Finishing,False Ceiling,,30660000.0,2028-04-22,2028-05-02,,,2027-03-05,,0
1.1.1.1.2.3.1.27,27th Floor,,,,,,,,2027-03-10,2028-05-30,,,2026-10-11,,
1.1.1.1.2.3.1.27.1,Block Work,Tower 5,27th Floor,Finishing,Tower Civil Finishes,Blockwork,,34182400.0,2027-03-10,2027-03-18,,,2026-10-11,,0
1.1.1.1.2.3.1.27.2,Door Frame Fixing,Tower 5,27th Floor,Finishing,Tower Finishing,Door,,0.0,2027-03-18,2027-03-27,,,2026-10-19,,0
1.1.1.1.2.3.1.27.3,Internal Plumbing Works,Tower 5,27th Floor,MEP,Tower MEP,Plumbing,,26934400.0,2027-03-18,2027-03-28,,,2026-10-19,,0
1.1.1.1.2.3.1.27.4,Waterproofing,Tower 5,27th Floor,Finishing,Tower Civil Finishes,Waterproofing,,31786720.0,2027-03-28,2027-04-09,,,2026-10-29,,0
1.1.1.1.2.3.1.27.5,Internal Plaster,Tower 5,27th Floor,Finishing,Tower Civil Finishes,Int Plaster,,55600000.0,2027-04-09,2027-04-18,,,2026-12-25,,0
1.1.1.1.2.3.1.27.6,IPS flooring work,Tower 5,27th Floor,Finishing,Tower Finishing,Flooring,,18618000.0,2027-04-18,2027-04-27,,,2027-01-03,,0
1.1.1.1.2.3.1.27.7,Toilet dado work,Tower 5,27th Floor,Finishing,Tower Finishing,Flooring,,53482000.0,2027-09-23,2027-10-01,,,2027-01-03,,0
1.1.1.1.2.3.1.27.8,Toilet flooring work,Tower 5,27th Floor,Finishing,Tower Finishing,Flooring,,9911000.0,2027-10-01,2027-10-08,,,2027-01-11,,0
1.1.1.1.2.3.1.27.9,Living dinning flooring,Tower 5,27th Floor,Finishing,Tower Finishing,Flooring,,142447000.0,2028-02-13,2028-02-28,,,2027-02-01,,0
1.1.1.1.2.3.1.27.10,Aluminium door-window fixing,Tower 5,27th Floor,Finishing,Tower Finishing,Window,,111900000.0,2028-05-15,2028-05-30,,,2027-03-12,,0
1.1.1.1.2.3.1.27.11,Putty primer coat,Tower 5,27th Floor,Finishing,Tower Finishing,Paint,,12006000.0,2028-02-28,2028-03-05,,,2027-02-16,,0
1.1.1.1.2.3.1.27.12,Door shutter fixing,Tower 5,27th Floor,Finishing,Tower Finishing,Door,,68616600.0,2028-02-28,2028-03-07,,,2027-02-16,,0
1.1.1.1.2.3.1.27.13,Electrical wiring work,Tower 5,27th Floor,MEP,Tower MEP,Electrical,,57071600.0,2028-04-10,2028-04-22,,,2027-02-24,,0
1.1.1.1.2.3.1.27.14,Painting 1st coat,Tower 5,27th Floor,Finishing,Tower Finishing,Paint,,12006000.0,2028-04-22,2028-05-04,,,2027-03-08,,0
1.1.1.1.2.3.1.27.15,False ceiling,Tower 5,27th Floor,Finishing,Tower Finishing,False Ceiling,,30660000.0,2028-05-04,2028-05-14,,,2027-03-20,,0
1.1.1.1.2.3.1.28,28th Floor,,,,,,,,2027-03-22,2028-06-14,,,2026-10-23,,
1.1.1.1.2.3.1.28.1,Block Work,Tower 5,28th Floor,Finishing,Tower Civil Finishes,Blockwork,,34182400.0,2027-03-22,2027-03-30,,,2026-10-23,,0
1.1.1.1.2.3.1.28.2,Door Frame Fixing,Tower 5,28th Floor,Finishing,Tower Finishing,Door,,0.0,2027-03-30,2027-04-08,,,2026-10-31,,0
1.1.1.1.2.3.1.28.3,Internal Plumbing Works,Tower 5,28th Floor,MEP,Tower MEP,Plumbing,,26934400.0,2027-03-30,2027-04-09,,,2026-10-31,,0
1.1.1.1.2.3.1.28.4,Waterproofing,Tower 5,28th Floor,Finishing,Tower Civil Finishes,Waterproofing,,31786720.0,2027-04-09,2027-04-21,,,2026-12-25,,0
1.1.1.1.2.3.1.28.5,Internal Plaster,Tower 5,28th Floor,Finishing,Tower Civil Finishes,Int Plaster,,55600000.0,2027-04-21,2027-04-30,,,2027-01-06,,0
1.1.1.1.2.3.1.28.6,IPS flooring work,Tower 5,28th Floor,Finishing,Tower Finishing,Flooring,,18618000.0,2027-04-30,2027-05-09,,,2027-01-15,,0
1.1.1.1.2.3.1.28.7,Toilet dado work,Tower 5,28th Floor,Finishing,Tower Finishing,Flooring,,53482000.0,2027-10-01,2027-10-09,,,2027-01-15,,0
1.1.1.1.2.3.1.28.8,Toilet flooring work,Tower 5,28th Floor,Finishing,Tower Finishing,Flooring,,9911000.0,2027-10-09,2027-10-16,,,2027-01-23,,0
1.1.1.1.2.3.1.28.9,Living dinning flooring,Tower 5,28th Floor,Finishing,Tower Finishing,Flooring,,142447000.0,2028-02-28,2028-03-14,,,2027-02-16,,0
1.1.1.1.2.3.1.28.10,Aluminium door-window fixing,Tower 5,28th Floor,Finishing,Tower Finishing,Window,,111900000.0,2028-05-30,2028-06-14,,,2027-03-27,,0
1.1.1.1.2.3.1.28.11,Putty primer coat,Tower 5,28th Floor,Finishing,Tower Finishing,Paint,,12006000.0,2028-03-14,2028-03-20,,,2027-03-03,,0
1.1.1.1.2.3.1.28.12,Door shutter fixing,Tower 5,28th Floor,Finishing,Tower Finishing,Door,,68616600.0,2028-03-14,2028-03-22,,,2027-03-03,,0
1.1.1.1.2.3.1.28.13,Electrical wiring work,Tower 5,28th Floor,MEP,Tower MEP,Electrical,,57071600.0,2028-04-22,2028-05-04,,,2027-03-11,,0
1.1.1.1.2.3.1.28.14,Painting 1st coat,Tower 5,28th Floor,Finishing,Tower Finishing,Paint,,12006000.0,2028-05-04,2028-05-16,,,2027-03-23,,0
1.1.1.1.2.3.1.28.15,False ceiling,Tower 5,28th Floor,Finishing,Tower Finishing,False Ceiling,,30660000.0,2028-05-16,2028-05-26,,,2027-04-04,,0
1.1.1.1.2.3.1.29,29th Floor,,,,,,,,2027-04-03,2028-06-29,,,2026-12-19,,
1.1.1.1.2.3.1.29.1,Block Work,Tower 5,29th Floor,Finishing,Tower Civil Finishes,Blockwork,,34182400.0,2027-04-03,2027-04-11,,,2026-12-19,,0
1.1.1.1.2.3.1.29.2,Door Frame Fixing,Tower 5,29th Floor,Finishing,Tower Finishing,Door,,0.0,2027-04-11,2027-04-20,,,2026-12-27,,0
1.1.1.1.2.3.1.29.3,Internal Plumbing Works,Tower 5,29th Floor,MEP,Tower MEP,Plumbing,,26934400.0,2027-04-11,2027-04-21,,,2026-12-27,,0
1.1.1.1.2.3.1.29.4,Waterproofing,Tower 5,29th Floor,Finishing,Tower Civil Finishes,Waterproofing,,31786720.0,2027-04-21,2027-05-03,,,2027-01-06,,0
1.1.1.1.2.3.1.29.5,Internal Plaster,Tower 5,29th Floor,Finishing,Tower Civil Finishes,Int Plaster,,55600000.0,2027-05-03,2027-05-12,,,2027-01-18,,0
1.1.1.1.2.3.1.29.6,IPS flooring work,Tower 5,29th Floor,Finishing,Tower Finishing,Flooring,,18618000.0,2027-05-12,2027-05-21,,,2027-01-27,,0
1.1.1.1.2.3.1.29.7,Toilet dado work,Tower 5,29th Floor,Finishing,Tower Finishing,Flooring,,53482000.0,2027-10-09,2027-10-17,,,2027-01-27,,0
1.1.1.1.2.3.1.29.8,Toilet flooring work,Tower 5,29th Floor,Finishing,Tower Finishing,Flooring,,9911000.0,2027-10-17,2027-10-24,,,2027-02-04,,0
1.1.1.1.2.3.1.29.9,Living dinning flooring,Tower 5,29th Floor,Finishing,Tower Finishing,Flooring,,142447000.0,2028-03-14,2028-03-29,,,2027-03-03,,0
1.1.1.1.2.3.1.29.10,Aluminium door-window fixing,Tower 5,29th Floor,Finishing,Tower Finishing,Window,,111900000.0,2028-06-14,2028-06-29,,,2027-04-11,,0
1.1.1.1.2.3.1.29.11,Putty primer coat,Tower 5,29th Floor,Finishing,Tower Finishing,Paint,,12006000.0,2028-03-29,2028-04-04,,,2027-03-18,,0
1.1.1.1.2.3.1.29.12,Door shutter fixing,Tower 5,29th Floor,Finishing,Tower Finishing,Door,,68616600.0,2028-03-29,2028-04-06,,,2027-03-18,,0
1.1.1.1.2.3.1.29.13,Electrical wiring work,Tower 5,29th Floor,MEP,Tower MEP,Electrical,,57071600.0,2028-05-04,2028-05-16,,,2027-03-26,,0
1.1.1.1.2.3.1.29.14,Painting 1st coat,Tower 5,29th Floor,Finishing,Tower Finishing,Paint,,12006000.0,2028-05-16,2028-05-28,,,2027-04-07,,0
1.1.1.1.2.3.1.29.15,False ceiling,Tower 5,29th Floor,Finishing,Tower Finishing,False Ceiling,,30660000.0,2028-05-28,2028-06-07,,,2027-04-19,,0
1.1.1.1.2.3.1.30,30th Floor,,,,,,,,2027-04-15,2028-07-14,,,2026-12-31,,
1.1.1.1.2.3.1.30.1,Block Work,Tower 5,30th Floor,Finishing,Tower Civil Finishes,Blockwork,,34182400.0,2027-04-15,2027-04-23,,,2026-12-31,,0
1.1.1.1.2.3.1.30.2,Door Frame Fixing,Tower 5,30th Floor,Finishing,Tower Finishing,Door,,0.0,2027-04-23,2027-05-02,,,2027-01-08,,0
1.1.1.1.2.3.1.30.3,Internal Plumbing Works,Tower 5,30th Floor,MEP,Tower MEP,Plumbing,,26934400.0,2027-04-23,2027-05-03,,,2027-01-08,,0
1.1.1.1.2.3.1.30.4,Waterproofing,Tower 5,30th Floor,Finishing,Tower Civil Finishes,Waterproofing,,31786720.0,2027-05-03,2027-05-15,,,2027-01-18,,0
1.1.1.1.2.3.1.30.5,Internal Plaster,Tower 5,30th Floor,Finishing,Tower Civil Finishes,Int Plaster,,55600000.0,2027-05-15,2027-05-24,,,2027-01-30,,0
1.1.1.1.2.3.1.30.6,IPS flooring work,Tower 5,30th Floor,Finishing,Tower Finishing,Flooring,,18618000.0,2027-05-24,2027-06-02,,,2027-02-08,,0
1.1.1.1.2.3.1.30.7,Toilet dado work,Tower 5,30th Floor,Finishing,Tower Finishing,Flooring,,53482000.0,2027-10-17,2027-10-25,,,2027-02-08,,0
1.1.1.1.2.3.1.30.8,Toilet flooring work,Tower 5,30th Floor,Finishing,Tower Finishing,Flooring,,9911000.0,2027-10-25,2027-12-16,,,2027-02-16,,0
1.1.1.1.2.3.1.30.9,Living dinning flooring,Tower 5,30th Floor,Finishing,Tower Finishing,Flooring,,142447000.0,2028-03-29,2028-04-13,,,2027-03-18,,0
1.1.1.1.2.3.1.30.10,Aluminium door-window fixing,Tower 5,30th Floor,Finishing,Tower Finishing,Window,,111900000.0,2028-06-29,2028-07-14,,,2027-04-26,,0
1.1.1.1.2.3.1.30.11,Putty primer coat,Tower 5,30th Floor,Finishing,Tower Finishing,Paint,,12006000.0,2028-04-13,2028-04-19,,,2027-04-02,,0
1.1.1.1.2.3.1.30.12,Door shutter fixing,Tower 5,30th Floor,Finishing,Tower Finishing,Door,,68616600.0,2028-04-13,2028-04-21,,,2027-04-02,,0
1.1.1.1.2.3.1.30.13,Electrical wiring work,Tower 5,30th Floor,MEP,Tower MEP,Electrical,,57071600.0,2028-05-16,2028-05-31,,,2027-04-10,,0
1.1.1.1.2.3.1.30.14,Painting 1st coat,Tower 5,30th Floor,Finishing,Tower Finishing,Paint,,12006000.0,2028-05-31,2028-06-15,,,2027-04-25,,0
1.1.1.1.2.3.1.30.15,False ceiling,Tower 5,30th Floor,Finishing,Tower Finishing,False Ceiling,,30660000.0,2028-06-15,2028-06-25,,,2027-05-10,,0
1.1.1.1.2.3.1.31,31st Floor,,,,,,,,2027-04-27,2028-07-26,,,2027-01-12,,
1.1.1.1.2.3.1.31.1,Block Work,Tower 5,31st Floor,Finishing,Tower Civil Finishes,Blockwork,,34182400.0,2027-04-27,2027-05-05,,,2027-01-12,,0
1.1.1.1.2.3.1.31.2,Door Frame Fixing,Tower 5,31st Floor,Finishing,Tower Finishing,Door,,0.0,2027-05-05,2027-05-14,,,2027-01-20,,0
1.1.1.1.2.3.1.31.3,Internal Plumbing Works,Tower 5,31st Floor,MEP,Tower MEP,Plumbing,,26934400.0,2027-05-05,2027-05-15,,,2027-01-20,,0
1.1.1.1.2.3.1.31.4,Waterproofing,Tower 5,31st Floor,Finishing,Tower Civil Finishes,Waterproofing,,31786720.0,2027-05-15,2027-05-27,,,2027-01-30,,0
1.1.1.1.2.3.1.31.5,Internal Plaster,Tower 5,31st Floor,Finishing,Tower Civil Finishes,Int Plaster,,55600000.0,2027-05-27,2027-06-05,,,2027-02-11,,0
1.1.1.1.2.3.1.31.6,IPS flooring work,Tower 5,31st Floor,Finishing,Tower Finishing,Flooring,,18618000.0,2027-06-05,2027-06-14,,,2027-02-20,,0
1.1.1.1.2.3.1.31.7,Toilet dado work,Tower 5,31st Floor,Finishing,Tower Finishing,Flooring,,53482000.0,2027-10-25,2027-12-17,,,2027-02-20,,0
1.1.1.1.2.3.1.31.8,Toilet flooring work,Tower 5,31st Floor,Finishing,Tower Finishing,Flooring,,9911000.0,2027-12-17,2027-12-24,,,2027-02-28,,0
1.1.1.1.2.3.1.31.9,Living dinning flooring,Tower 5,31st Floor,Finishing,Tower Finishing,Flooring,,142447000.0,2028-04-13,2028-04-28,,,2027-04-02,,0
1.1.1.1.2.3.1.31.10,Aluminium door-window fixing,Tower 5,31st Floor,Finishing,Tower Finishing,Window,,111900000.0,2028-07-14,2028-07-26,,,2027-05-11,,0
1.1.1.1.2.3.1.31.11,Putty primer coat,Tower 5,31st Floor,Finishing,Tower Finishing,Paint,,12006000.0,2028-04-28,2028-05-04,,,2027-04-17,,0
1.1.1.1.2.3.1.31.12,Door shutter fixing,Tower 5,31st Floor,Finishing,Tower Finishing,Door,,68616600.0,2028-04-28,2028-05-06,,,2027-04-17,,0
1.1.1.1.2.3.1.31.13,Electrical wiring work,Tower 5,31st Floor,MEP,Tower MEP,Electrical,,57071600.0,2028-05-31,2028-06-15,,,2027-04-25,,0
1.1.1.1.2.3.1.31.14,Painting 1st coat,Tower 5,31st Floor,Finishing,Tower Finishing,Paint,,12006000.0,2028-06-15,2028-06-30,,,2027-05-10,,0
1.1.1.1.2.3.1.31.15,False ceiling,Tower 5,31st Floor,Finishing,Tower Finishing,False Ceiling,,30660000.0,2028-06-30,2028-07-10,,,2027-05-25,,0
1.1.1.1.2.3.1.32,32nd Floor,,,,,,,,2027-05-09,2028-08-07,,,2027-01-24,,
1.1.1.1.2.3.1.32.1,Block Work,Tower 5,32nd Floor,Finishing,Tower Civil Finishes,Blockwork,,34182400.0,2027-05-09,2027-05-17,,,2027-01-24,,0
1.1.1.1.2.3.1.32.2,Door Frame Fixing,Tower 5,32nd Floor,Finishing,Tower Finishing,Door,,0.0,2027-05-17,2027-05-26,,,2027-02-01,,0
1.1.1.1.2.3.1.32.3,Internal Plumbing Works,Tower 5,32nd Floor,MEP,Tower MEP,Plumbing,,26934400.0,2027-05-17,2027-05-27,,,2027-02-01,,0
1.1.1.1.2.3.1.32.4,Waterproofing,Tower 5,32nd Floor,Finishing,Tower Civil Finishes,Waterproofing,,31786720.0,2027-05-27,2027-06-08,,,2027-02-11,,0
1.1.1.1.2.3.1.32.5,Internal Plaster,Tower 5,32nd Floor,Finishing,Tower Civil Finishes,Int Plaster,,55600000.0,2027-06-08,2027-06-17,,,2027-02-23,,0
1.1.1.1.2.3.1.32.6,IPS flooring work,Tower 5,32nd Floor,Finishing,Tower Finishing,Flooring,,18618000.0,2027-06-17,2027-06-26,,,2027-03-04,,0
1.1.1.1.2.3.1.32.7,Toilet dado work,Tower 5,32nd Floor,Finishing,Tower Finishing,Flooring,,53482000.0,2027-12-17,2027-12-25,,,2027-03-04,,0
1.1.1.1.2.3.1.32.8,Toilet flooring work,Tower 5,32nd Floor,Finishing,Tower Finishing,Flooring,,9911000.0,2027-12-25,2028-01-01,,,2027-03-12,,0
1.1.1.1.2.3.1.32.9,Living dinning flooring,Tower 5,32nd Floor,Finishing,Tower Finishing,Flooring,,142447000.0,2028-04-28,2028-05-13,,,2027-04-17,,0
1.1.1.1.2.3.1.32.10,Aluminium door-window fixing,Tower 5,32nd Floor,Finishing,Tower Finishing,Window,,111900000.0,2028-07-26,2028-08-07,,,2027-05-23,,0
1.1.1.1.2.3.1.32.11,Putty primer coat,Tower 5,32nd Floor,Finishing,Tower Finishing,Paint,,12006000.0,2028-05-13,2028-05-19,,,2027-05-02,,0
1.1.1.1.2.3.1.32.12,Door shutter fixing,Tower 5,32nd Floor,Finishing,Tower Finishing,Door,,68616600.0,2028-05-13,2028-05-21,,,2027-05-02,,0
1.1.1.1.2.3.1.32.13,Electrical wiring work,Tower 5,32nd Floor,MEP,Tower MEP,Electrical,,57071600.0,2028-06-15,2028-06-30,,,2027-05-10,,0
1.1.1.1.2.3.1.32.14,Painting 1st coat,Tower 5,32nd Floor,Finishing,Tower Finishing,Paint,,12006000.0,2028-06-30,2028-07-15,,,2027-05-25,,0
1.1.1.1.2.3.1.32.15,False ceiling,Tower 5,32nd Floor,Finishing,Tower Finishing,False Ceiling,,30660000.0,2028-07-15,2028-07-25,,,2027-06-09,,0
1.1.1.1.2.3.1.33,33rd Floor,,,,,,,,2027-05-21,2028-08-22,,,2027-02-05,,
1.1.1.1.2.3.1.33.1,Block Work,Tower 5,33rd Floor,Finishing,Tower Civil Finishes,Blockwork,,34182400.0,2027-05-21,2027-05-29,,,2027-02-05,,0
1.1.1.1.2.3.1.33.2,Door Frame Fixing,Tower 5,33rd Floor,Finishing,Tower Finishing,Door,,0.0,2027-05-29,2027-06-07,,,2027-02-13,,0
1.1.1.1.2.3.1.33.3,Internal Plumbing Works,Tower 5,33rd Floor,MEP,Tower MEP,Plumbing,,26934400.0,2027-05-29,2027-06-08,,,2027-02-13,,0
1.1.1.1.2.3.1.33.4,Waterproofing,Tower 5,33rd Floor,Finishing,Tower Civil Finishes,Waterproofing,,31786720.0,2027-06-08,2027-06-20,,,2027-02-23,,0
1.1.1.1.2.3.1.33.5,Internal Plaster,Tower 5,33rd Floor,Finishing,Tower Civil Finishes,Int Plaster,,55600000.0,2027-06-20,2027-06-29,,,2027-03-07,,0
1.1.1.1.2.3.1.33.6,IPS flooring work,Tower 5,33rd Floor,Finishing,Tower Finishing,Flooring,,18618000.0,2027-06-29,2027-07-08,,,2027-03-16,,0
1.1.1.1.2.3.1.33.7,Toilet dado work,Tower 5,33rd Floor,Finishing,Tower Finishing,Flooring,,53482000.0,2027-12-25,2028-01-02,,,2027-03-16,,0
1.1.1.1.2.3.1.33.8,Toilet flooring work,Tower 5,33rd Floor,Finishing,Tower Finishing,Flooring,,9911000.0,2028-01-02,2028-01-09,,,2027-03-24,,0
1.1.1.1.2.3.1.33.9,Living dinning flooring,Tower 5,33rd Floor,Finishing,Tower Finishing,Flooring,,142447000.0,2028-05-13,2028-05-28,,,2027-05-02,,0
1.1.1.1.2.3.1.33.10,Aluminium door-window fixing,Tower 5,33rd Floor,Finishing,Tower Finishing,Window,,111900000.0,2028-08-07,2028-08-22,,,2027-06-04,,0
1.1.1.1.2.3.1.33.11,Putty primer coat,Tower 5,33rd Floor,Finishing,Tower Finishing,Paint,,12006000.0,2028-05-28,2028-06-03,,,2027-05-17,,0
1.1.1.1.2.3.1.33.12,Door shutter fixing,Tower 5,33rd Floor,Finishing,Tower Finishing,Door,,68616600.0,2028-05-28,2028-06-05,,,2027-05-17,,0
1.1.1.1.2.3.1.33.13,Electrical wiring work,Tower 5,33rd Floor,MEP,Tower MEP,Electrical,,57071600.0,2028-06-30,2028-07-12,,,2027-05-25,,0
1.1.1.1.2.3.1.33.14,Painting 1st coat,Tower 5,33rd Floor,Finishing,Tower Finishing,Paint,,12006000.0,2028-07-15,2028-07-27,,,2027-06-09,,0
1.1.1.1.2.3.1.33.15,False ceiling,Tower 5,33rd Floor,Finishing,Tower Finishing,False Ceiling,,30660000.0,2028-07-27,2028-08-06,,,2027-06-21,,0
1.1.1.1.2.3.1.34,34th Floor,,,,,,,,2027-06-02,2028-09-06,,,2027-02-17,,
1.1.1.1.2.3.1.34.1,Block Work,Tower 5,34th Floor,Finishing,Tower Civil Finishes,Blockwork,,34182400.0,2027-06-02,2027-06-10,,,2027-02-17,,0
1.1.1.1.2.3.1.34.2,Door Frame Fixing,Tower 5,34th Floor,Finishing,Tower Finishing,Door,,0.0,2027-06-10,2027-06-19,,,2027-02-25,,0
1.1.1.1.2.3.1.34.3,Internal Plumbing Works,Tower 5,34th Floor,MEP,Tower MEP,Plumbing,,26934400.0,2027-06-10,2027-06-20,,,2027-02-25,,0
1.1.1.1.2.3.1.34.4,Waterproofing,Tower 5,34th Floor,Finishing,Tower Civil Finishes,Waterproofing,,31786720.0,2027-06-20,2027-07-02,,,2027-03-07,,0
1.1.1.1.2.3.1.34.5,Internal Plaster,Tower 5,34th Floor,Finishing,Tower Civil Finishes,Int Plaster,,55600000.0,2027-07-02,2027-07-11,,,2027-03-19,,0
1.1.1.1.2.3.1.34.6,IPS flooring work,Tower 5,34th Floor,Finishing,Tower Finishing,Flooring,,18618000.0,2027-07-11,2027-07-20,,,2027-03-28,,0
1.1.1.1.2.3.1.34.7,Toilet dado work,Tower 5,34th Floor,Finishing,Tower Finishing,Flooring,,53482000.0,2028-01-02,2028-01-10,,,2027-03-28,,0
1.1.1.1.2.3.1.34.8,Toilet flooring work,Tower 5,34th Floor,Finishing,Tower Finishing,Flooring,,9911000.0,2028-01-10,2028-01-17,,,2027-04-05,,0
1.1.1.1.2.3.1.34.9,Living dinning flooring,Tower 5,34th Floor,Finishing,Tower Finishing,Flooring,,142447000.0,2028-05-28,2028-06-12,,,2027-05-17,,0
1.1.1.1.2.3.1.34.10,Aluminium door-window fixing,Tower 5,34th Floor,Finishing,Tower Finishing,Window,,111900000.0,2028-08-22,2028-09-06,,,2027-06-19,,0
1.1.1.1.2.3.1.34.11,Putty primer coat,Tower 5,34th Floor,Finishing,Tower Finishing,Paint,,12006000.0,2028-06-12,2028-06-18,,,2027-06-01,,0
1.1.1.1.2.3.1.34.12,Door shutter fixing,Tower 5,34th Floor,Finishing,Tower Finishing,Door,,68616600.0,2028-06-12,2028-06-20,,,2027-06-01,,0
1.1.1.1.2.3.1.34.13,Electrical wiring work,Tower 5,34th Floor,MEP,Tower MEP,Electrical,,57071600.0,2028-07-12,2028-07-24,,,2027-06-09,,0
1.1.1.1.2.3.1.34.14,Painting 1st coat,Tower 5,34th Floor,Finishing,Tower Finishing,Paint,,12006000.0,2028-07-27,2028-08-08,,,2027-06-21,,0
1.1.1.1.2.3.1.34.15,False ceiling,Tower 5,34th Floor,Finishing,Tower Finishing,False Ceiling,,30660000.0,2028-08-08,2028-08-18,,,2027-07-03,,0
1.1.1.1.2.3.1.35,35th Floor,,,,,,,,2027-06-14,2028-09-21,,,2027-03-01,,
1.1.1.1.2.3.1.35.1,Block Work,Tower 5,35th Floor,Finishing,Tower Civil Finishes,Blockwork,,34182400.0,2027-06-14,2027-06-22,,,2027-03-01,,0
1.1.1.1.2.3.1.35.2,Door Frame Fixing,Tower 5,35th Floor,Finishing,Tower Finishing,Door,,0.0,2027-06-22,2027-07-01,,,2027-03-09,,0
1.1.1.1.2.3.1.35.3,Internal Plumbing Works,Tower 5,35th Floor,MEP,Tower MEP,Plumbing,,26934400.0,2027-06-22,2027-07-02,,,2027-03-09,,0
1.1.1.1.2.3.1.35.4,Waterproofing,Tower 5,35th Floor,Finishing,Tower Civil Finishes,Waterproofing,,31786720.0,2027-07-02,2027-07-14,,,2027-03-19,,0
1.1.1.1.2.3.1.35.5,Internal Plaster,Tower 5,35th Floor,Finishing,Tower Civil Finishes,Int Plaster,,55600000.0,2027-08-09,2027-08-18,,,2027-03-31,,0
1.1.1.1.2.3.1.35.6,IPS flooring work,Tower 5,35th Floor,Finishing,Tower Finishing,Flooring,,18618000.0,2027-08-18,2027-08-27,,,2027-04-09,,0
1.1.1.1.2.3.1.35.7,Toilet dado work,Tower 5,35th Floor,Finishing,Tower Finishing,Flooring,,53482000.0,2028-01-10,2028-01-18,,,2027-04-09,,0
1.1.1.1.2.3.1.35.8,Toilet flooring work,Tower 5,35th Floor,Finishing,Tower Finishing,Flooring,,9911000.0,2028-01-18,2028-01-25,,,2027-04-17,,0
1.1.1.1.2.3.1.35.9,Living dinning flooring,Tower 5,35th Floor,Finishing,Tower Finishing,Flooring,,142447000.0,2028-06-12,2028-06-27,,,2027-06-01,,0
1.1.1.1.2.3.1.35.10,Aluminium door-window fixing,Tower 5,35th Floor,Finishing,Tower Finishing,Window,,111900000.0,2028-09-06,2028-09-21,,,2027-07-04,,0
1.1.1.1.2.3.1.35.11,Putty primer coat,Tower 5,35th Floor,Finishing,Tower Finishing,Paint,,12006000.0,2028-06-27,2028-07-03,,,2027-06-16,,0
1.1.1.1.2.3.1.35.12,Door shutter fixing,Tower 5,35th Floor,Finishing,Tower Finishing,Door,,68616600.0,2028-06-27,2028-07-05,,,2027-06-16,,0
1.1.1.1.2.3.1.35.13,Electrical wiring work,Tower 5,35th Floor,MEP,Tower MEP,Electrical,,57071600.0,2028-07-24,2028-08-05,,,2027-06-24,,0
1.1.1.1.2.3.1.35.14,Painting 1st coat,Tower 5,35th Floor,Finishing,Tower Finishing,Paint,,12006000.0,2028-08-08,2028-08-20,,,2027-07-06,,0
1.1.1.1.2.3.1.35.15,False ceiling,Tower 5,35th Floor,Finishing,Tower Finishing,False Ceiling,,30660000.0,2028-08-20,2028-08-30,,,2027-07-18,,0
1.1.1.1.2.3.2,Terrace Finishing,,,,,,,,2027-04-20,2027-07-09,,,2026-12-28,,
1.1.1.1.2.3.2.1,Terrace waterproofing,Tower 5,Terrace,Finishing,Tower Civil Finishes,Waterproofing,,132327000.0,2027-04-20,2027-05-30,,,2026-12-28,,0
1.1.1.1.2.3.2.2,Terrace finishing,Tower 5,Terrace,Finishing,Common area finishes,CA-Flooring,,43387500.0,2027-05-30,2027-07-09,,,2027-02-06,,0
1.1.1.1.2.3.3,Common Area Finishing,,,,,,,,2027-05-30,2028-04-09,,,2027-02-08,,
1.1.1.1.2.3.3.1,Block Work ,Tower 5,,Finishing,Common area finishes,CA-Blockwork,,0.0,2027-05-30,2027-07-29,,,2027-02-08,,0
1.1.1.1.2.3.3.2,Internal Plaster ,Tower 5,,Finishing,Common area finishes,CA-Int Plaster,,1125090000.0,2027-07-29,2028-01-10,,,2027-04-09,,0
1.1.1.1.2.3.3.3,Staircase railing fixing,Tower 5,,Finishing,Common area finishes,CA-Railing,,238268800.0,2027-10-22,2028-03-05,,,2027-07-23,,0
1.1.1.1.2.3.3.4,Main staircase flooring,Tower 5,,Finishing,Common area finishes,CA-Flooring,,247950900.0,2027-10-12,2028-02-24,,,2027-06-23,,0
1.1.1.1.2.3.3.5,Fire staircase flooring ,Tower 5,,Finishing,Common area finishes,CA-Flooring,,119810900.0,2027-09-27,2028-04-09,,,2027-06-08,,0
1.1.1.1.2.3.3.6,Fire door work,Tower 5,,Finishing,Common area finishes,CA-Door,,379050000.0,2027-12-26,2028-02-24,,,2027-07-23,,0
1.1.1.1.2.3.3.7,Electrical wiring work,Tower 5,,MEP,Common area-MEP,CA-Electrical,,0.0,2027-06-19,2027-10-17,,,2027-02-28,,0
1.1.1.1.2.3.3.8,Lobby flooring,Tower 5,,Finishing,Common area finishes,CA-Flooring,,513791250.0,2027-06-23,2028-01-04,,,2027-03-04,,0
1.1.1.1.2.3.3.9,Ceiling & wall putty-primer,Tower 5,,Finishing,Common area finishes,CA-Paint,,31134000.0,2027-08-28,2028-01-30,,,2027-05-09,,0
1.1.1.1.2.3.3.10,Ceiling & wall painting,Tower 5,,Finishing,Common area finishes,CA-Paint,,31134000.0,2027-09-17,2028-02-09,,,2027-05-29,,0
1.1.1.1.2.3.3.11,Light fixture supply & installation,Tower 5,,MEP,Common area-MEP,CA-Electrical,,1265245382.0,2027-12-31,2028-02-14,,,2027-07-28,,0
1.1.1.1.2.3.4,Balcony Glass Railing,,,,,,,,2027-12-22,2028-03-01,,,2027-09-23,,
1.1.1.1.2.3.4.1,1st Floor,Tower 5,1st Floor,Finishing,Tower Civil Finishes,Railing,,100657440.0,2027-12-22,2027-12-24,,,2027-09-23,,0
1.1.1.1.2.3.4.2,2nd Floor,Tower 5,2nd Floor,Finishing,Tower Civil Finishes,Railing,,100657440.0,2027-12-24,2027-12-26,,,2027-09-25,,0
1.1.1.1.2.3.4.3,3rd Floor,Tower 5,3rd Floor,Finishing,Tower Civil Finishes,Railing,,100657440.0,2027-12-26,2027-12-28,,,2027-09-27,,0
1.1.1.1.2.3.4.4,4th Floor,Tower 5,4th Floor,Finishing,Tower Civil Finishes,Railing,,100657440.0,2027-12-28,2027-12-30,,,2027-09-29,,0
1.1.1.1.2.3.4.5,5th Floor ,Tower 5,5th Floor,Finishing,Tower Civil Finishes,Railing,,100657440.0,2027-12-30,2028-01-01,,,2027-10-01,,0
1.1.1.1.2.3.4.6,6th Floor ,Tower 5,6th Floor,Finishing,Tower Civil Finishes,Railing,,100657440.0,2028-01-01,2028-01-03,,,2027-10-03,,0
1.1.1.1.2.3.4.7,7th Floor ,Tower 5,7th Floor,Finishing,Tower Civil Finishes,Railing,,100657440.0,2028-01-03,2028-01-05,,,2027-10-05,,0
1.1.1.1.2.3.4.8,8th Floor ,Tower 5,8th Floor,Finishing,Tower Civil Finishes,Railing,,100657440.0,2028-01-05,2028-01-07,,,2027-10-07,,0
1.1.1.1.2.3.4.9,9th Floor ,Tower 5,9th Floor,Finishing,Tower Civil Finishes,Railing,,100657440.0,2028-01-07,2028-01-09,,,2027-10-09,,0
1.1.1.1.2.3.4.10,10th Floor,Tower 5,10th Floor,Finishing,Tower Civil Finishes,Railing,,100657440.0,2028-01-09,2028-01-11,,,2027-10-11,,0
1.1.1.1.2.3.4.11,11th Floor,Tower 5,11th Floor,Finishing,Tower Civil Finishes,Railing,,100657440.0,2028-01-11,2028-01-13,,,2027-10-13,,0
1.1.1.1.2.3.4.12,12th Floor,Tower 5,12th Floor,Finishing,Tower Civil Finishes,Railing,,100657440.0,2028-01-13,2028-01-15,,,2027-10-15,,0
1.1.1.1.2.3.4.13,13th Floor,Tower 5,13th Floor,Finishing,Tower Civil Finishes,Railing,,100657440.0,2028-01-15,2028-01-17,,,2027-10-17,,0
1.1.1.1.2.3.4.14,14th Floor,Tower 5,14th Floor,Finishing,Tower Civil Finishes,Railing,,100657440.0,2028-01-17,2028-01-19,,,2027-10-19,,0
1.1.1.1.2.3.4.15,15th Floor,Tower 5,15th Floor,Finishing,Tower Civil Finishes,Railing,,100657440.0,2028-01-19,2028-01-21,,,2027-10-21,,0
1.1.1.1.2.3.4.16,16th Floor,Tower 5,16th Floor,Finishing,Tower Civil Finishes,Railing,,100657440.0,2028-01-21,2028-01-23,,,2027-10-23,,0
1.1.1.1.2.3.4.17,17th Floor,Tower 5,17th Floor,Finishing,Tower Civil Finishes,Railing,,100657440.0,2028-01-23,2028-01-25,,,2027-10-25,,0
1.1.1.1.2.3.4.18,18th Floor,Tower 5,18th Floor,Finishing,Tower Civil Finishes,Railing,,100657440.0,2028-01-25,2028-01-27,,,2027-10-27,,0
1.1.1.1.2.3.4.19,19th Floor,Tower 5,19th Floor,Finishing,Tower Civil Finishes,Railing,,100657440.0,2028-01-27,2028-01-29,,,2027-10-29,,0
1.1.1.1.2.3.4.20,20th Floor,Tower 5,20th Floor,Finishing,Tower Civil Finishes,Railing,,100657440.0,2028-01-29,2028-01-31,,,2027-10-31,,0
1.1.1.1.2.3.4.21,21st Floor,Tower 5,21st Floor,Finishing,Tower Civil Finishes,Railing,,100657440.0,2028-01-31,2028-02-02,,,2027-12-17,,0
1.1.1.1.2.3.4.22,22nd Floor,Tower 5,22nd Floor,Finishing,Tower Civil Finishes,Railing,,100657440.0,2028-02-02,2028-02-04,,,2027-12-19,,0
1.1.1.1.2.3.4.23,23rd Floor,Tower 5,23rd Floor,Finishing,Tower Civil Finishes,Railing,,100657440.0,2028-02-04,2028-02-06,,,2027-12-21,,0
1.1.1.1.2.3.4.24,24th Floor,Tower 5,24th Floor,Finishing,Tower Civil Finishes,Railing,,100657440.0,2028-02-06,2028-02-08,,,2027-12-23,,0
1.1.1.1.2.3.4.25,25th Floor,Tower 5,25th Floor,Finishing,Tower Civil Finishes,Railing,,100657440.0,2028-02-08,2028-02-10,,,2027-12-25,,0
1.1.1.1.2.3.4.26,26th Floor,Tower 5,26th Floor,Finishing,Tower Civil Finishes,Railing,,100657440.0,2028-02-10,2028-02-12,,,2027-12-27,,0
1.1.1.1.2.3.4.27,27th Floor,Tower 5,27th Floor,Finishing,Tower Civil Finishes,Railing,,100657440.0,2028-02-12,2028-02-14,,,2027-12-29,,0
1.1.1.1.2.3.4.28,28th Floor,Tower 5,28th Floor,Finishing,Tower Civil Finishes,Railing,,100657440.0,2028-02-14,2028-02-16,,,2027-12-31,,0
1.1.1.1.2.3.4.29,29th Floor,Tower 5,29th Floor,Finishing,Tower Civil Finishes,Railing,,100657440.0,2028-02-16,2028-02-18,,,2028-01-02,,0
1.1.1.1.2.3.4.30,30th Floor,Tower 5,30th Floor,Finishing,Tower Civil Finishes,Railing,,100657440.0,2028-02-18,2028-02-20,,,2028-01-04,,0
1.1.1.1.2.3.4.31,31st Floor,Tower 5,31st Floor,Finishing,Tower Civil Finishes,Railing,,100657440.0,2028-02-20,2028-02-22,,,2028-01-06,,0
1.1.1.1.2.3.4.32,32nd Floor,Tower 5,32nd Floor,Finishing,Tower Civil Finishes,Railing,,100657440.0,2028-02-22,2028-02-24,,,2028-01-08,,0
1.1.1.1.2.3.4.33,33rd Floor,Tower 5,33rd Floor,Finishing,Tower Civil Finishes,Railing,,100657440.0,2028-02-24,2028-02-26,,,2028-01-10,,0
1.1.1.1.2.3.4.34,34th Floor ,Tower 5,34th Floor,Finishing,Tower Civil Finishes,Railing,,100657440.0,2028-02-26,2028-02-28,,,2028-01-12,,0
1.1.1.1.2.3.4.35,35th Floor,Tower 5,35th Floor,Finishing,Tower Civil Finishes,Railing,,100657440.0,2028-02-28,2028-03-01,,,2028-01-14,,0
1.1.1.1.3,MEP work,,,,,,,,2027-05-30,2028-06-08,,,2027-02-06,,
1.1.1.1.3.1,Electrical work,,,,,,,,2027-05-30,2028-03-16,,,2027-02-08,,
1.1.1.1.3.1.1,Cable Tray,Tower 5,,MEP,Tower MEP,Electrical,,184779200.0,2027-05-30,2027-09-27,,,2027-02-08,,0
1.1.1.1.3.1.2,"Cable, main & sub main",Tower 5,,MEP,Tower MEP,Electrical,,851043528.0,2027-07-14,2027-10-02,,,2027-03-25,,0
1.1.1.1.3.1.3,LT panel & DB,Tower 5,,MEP,Tower MEP,Electrical,,1015952723.0,2027-09-27,2028-03-10,,,2027-06-08,,0
1.1.1.1.3.1.4,Rising main,Tower 5,,MEP,Tower MEP,Plumbing,,575180842.0,2027-07-29,2028-01-10,,,2027-08-07,,0
1.1.1.1.3.1.5,EARTHING Works ,Tower 5,,MEP,Tower MEP,Electrical,,11480000.0,2027-10-12,2028-01-25,,,2027-06-23,,0
1.1.1.1.3.1.6,Advance lightening protection,Tower 5,,MEP,Tower MEP,Electrical,,157717300.0,2027-07-09,2027-09-07,,,2027-03-18,,0
1.1.1.1.3.1.7,Inverter,Tower 5,,MEP,Tower MEP,Electrical,,31579400.0,2028-01-25,2028-02-29,,,2028-01-19,,0
1.1.1.1.3.1.8,Energy meter,Tower 5,,MEP,Tower MEP,Electrical,,98000000.0,2027-10-02,2028-01-15,,,2027-06-13,,0
1.1.1.1.3.1.9,Exhaust fan,Tower 5,,MEP,Tower MEP,Electrical,,99750000.0,2027-10-17,2028-01-30,,,2027-05-25,,0
1.1.1.1.3.1.10,FTTH,Tower 5,,MEP,Tower MEP,Electrical,,161000000.0,2028-01-15,2028-03-15,,,2027-08-12,,0
1.1.1.1.3.1.11,Security System - FA & PA,Tower 5,,MEP,Tower MEP,Electrical,,513160400.0,2028-01-21,2028-03-16,,,2027-10-06,,0
1.1.1.1.3.1.12,Solar water heater,Tower 5,,MEP,Tower MEP,Plumbing,,0.0,2027-07-09,2027-09-07,,,2027-03-18,,0
1.1.1.1.3.2,Plumbing work,,,,,,,,2027-05-30,2028-06-08,,,2027-02-06,,
1.1.1.1.3.2.1,Terrace looping,Tower 5,Terrace,MEP,Tower MEP,Plumbing,,0.0,2027-05-30,2027-07-14,,,2027-02-06,,0
1.1.1.1.3.2.2,Shaft Plumbing,Tower 5,,MEP,Tower MEP,Plumbing,,0.0,2027-07-14,2027-12-26,,,2027-03-23,,0
1.1.1.1.3.2.3,CP sanitary fixture supply,Tower 5,,MEP,Tower MEP,CP Sanitary,,4061312700.0,2028-03-25,2028-06-08,,,2027-06-23,,0
1.1.1.1.3.2.4,Cold & flushing water supply,Tower 5,,MEP,Tower MEP,Plumbing,,1638537700.0,2027-10-27,2028-03-10,,,2027-07-08,,0
1.1.1.1.3.2.5,Misc work,Tower 5,,Finishing,Miscellaneous,Misc,,400622500.0,2028-02-28,2028-03-29,,,2027-09-26,,0
1.1.1.1.3.3,Fire fighting work,,,,,,,,2027-05-30,2027-12-21,,,2027-02-06,,
1.1.1.1.3.3.1,Fire hydrant work,Tower 5,,MEP,Tower MEP,Plumbing,,264277090.0,2027-08-08,2027-09-17,,,2027-06-08,,0
1.1.1.1.3.3.2,Sprinkler & piping work,Tower 5,,MEP,Tower MEP,Plumbing,,771448900.0,2027-09-27,2027-12-21,,,2027-10-06,,0
1.1.1.1.3.3.3,Shaft Downtake works,Tower 5,,MEP,Tower MEP,Plumbing,,0.0,2027-05-30,2027-08-28,,,2027-02-06,,0
1.1.1.1.3.3.4,Connection to pump room,Tower 5,,MEP,Tower MEP,Plumbing,,0.0,2027-08-28,2027-09-27,,,2027-05-07,,0
1.1.1.1.3.4,Lift work,,,,,,,,2027-05-30,2027-12-31,,,2027-02-08,,
1.1.1.1.3.4.1,Lift Shaft Handover,Tower 5,,MEP,Common area-MEP,Lift,,0.0,2027-05-30,2027-07-09,,,2027-02-08,,0
1.1.1.1.3.4.2,Lift installation work,Tower 5,,MEP,Common area-MEP,Lift,,2287000000.0,2027-07-09,2027-08-23,,,2027-03-20,,0
1.1.1.1.3.4.3,Lift testing and commissioning,Tower 5,,MEP,Common area-MEP,Lift,,0.0,2027-08-23,2027-12-31,,,2027-05-04,,0
1.1.1.1.3.5,AC work,,,,,,,,2028-04-01,2028-05-31,,,2028-03-26,,
1.1.1.1.3.5.1,Split AC,Tower 5,,MEP,Tower MEP,Electrical,,5955514983.0,2028-04-01,2028-05-31,,,2028-03-26,,0
1.1.1.1.4,Tower Completion ,,,,,,,,2027-07-10,2028-02-20,,,2027-03-27,,
1.1.1.1.4.1,SURFACE PREPARATION,Tower 5,,Finishing,Tower Finishing,Paint,,32500.0,2027-07-10,2027-08-09,,,2027-03-27,,0
1.1.1.1.4.2,External Painting,Tower 5,,Finishing,Tower Finishing,Ext Paint,,32500.0,2027-08-09,2027-12-22,,,2027-06-15,,0
1.1.1.1.4.3,Final coat of painting,Tower 5,,Finishing,Tower Finishing,Paint,,754947000.0,2027-12-22,2028-02-20,,,2027-09-23,,0
1.1.1.1.4.4,Misc. work,Tower 5,,Finishing,Miscellaneous,Misc,,506000000.0,2027-12-22,2028-02-20,,,2027-09-23,,0
1.1.1.1.5,Basement lobby,,,,,,,,2028-01-04,2028-05-03,,,2027-08-01,,
1.1.1.1.5.1,Basement lobby,Tower 5,Basement,Finishing,Common area finishes,CA-Flooring,,11225304900.0,2028-01-04,2028-05-03,,,2027-08-01,,0
1.1.1.1.6,Post OC activities ,,,,,,,,2023-05-13,2028-12-03,,,2027-07-06,,
1.1.1.1.6.1,Balcony Tile Flooring,Tower 5,,Finishing,Tower Finishing,Flooring,,1296059100.0,2028-05-01,2028-08-29,,,2028-03-26,,0
1.1.1.1.6.2,Waterproofing,Tower 5,,Finishing,Tower Civil Finishes,Waterproofing,,387128923.63,2023-05-13,2028-09-06,2023-05-13,,2028-03-26,,91
1.1.1.1.6.3,Wooden Flooring,Tower 5,,Finishing,Tower Finishing,Flooring,,747600000.0,2028-05-01,2028-08-29,,,2028-03-26,,0
1.1.1.1.6.4,Electrical Fixtures And Fittings,Tower 5,,MEP,Tower MEP,Electrical,,453982315.0,2028-08-05,2028-12-03,,,2027-07-06,,0
1.1.1.1.6.5,Modular Kitchen ,Tower 5,,Finishing,Miscellaneous,Misc,,2730000000.0,2028-05-01,2028-08-29,,,2028-03-26,,0
1.1.1.1.6.6,External Paint,Tower 5,,Finishing,Tower Finishing,Ext Paint,,1283560000.0,2028-05-16,2028-08-14,,,2028-04-10,,0
1.1.1.1.7,OC Application/Readiness ,Tower 5,,Finishing,Miscellaneous,Misc,,0.0,2028-03-30,2028-03-31,,,2028-02-23,,0
1.1.1.1.8,OC Receipt,Tower 5,,Finishing,Miscellaneous,Misc,,0.0,2028-05-30,2028-05-31,,,2028-04-24,,0
1.1.1.1.9,Offer To Possession,Tower 5,,Finishing,Miscellaneous,Misc,,0.0,2028-12-03,2029-01-02,,,2028-09-22,,0
1.1.1.2,Tower 4,,,,,,,,2023-12-06,2028-12-30,,,2024-05-14,,
1.1.1.2.1,Substructure,,,,,,,,2024-05-14,2026-05-08,,,2024-05-14,,
1.1.1.2.1.1,Soil Bed Preparation ,,,,,,,,2024-05-14,2026-02-24,,,2024-05-14,,
1.1.1.2.1.1.1,Test Piling ,Tower 4,,Civil Works- RCC,RCC,Reinforcement,,230000000.0,2024-05-14,2024-08-16,2024-05-14,2024-08-16,2024-05-14,,100
1.1.1.2.1.1.2,Excavation,Tower 4,,Civil Works- RCC,RCC,Reinforcement,,20786800.0,2024-06-26,2024-07-25,2024-06-26,2024-07-25,2024-06-26,,100
1.1.1.2.1.1.3,Main Piling Work ,Tower 4,,Civil Works- RCC,RCC,Reinforcement,,5068938600.0,2024-09-01,2025-03-06,2024-09-01,2025-03-06,2024-09-01,,100
1.1.1.2.1.1.4,Anti-termite,Tower 4,,Finishing,Tower Civil Finishes,Waterproofing,,1677000.0,2025-12-27,2025-12-31,,,2025-04-02,,0
1.1.1.2.1.1.5,PCC,Tower 4,,Civil Works- RCC,RCC,Concreting,,82041000.0,2025-03-23,2025-03-31,2025-03-23,2025-03-31,2025-03-23,,100
1.1.1.2.1.1.6,Backfilling,Tower 4,,Civil Works- RCC,RCC,Reinforcement,,137400000.0,2025-12-27,2026-02-24,,,2025-06-21,,0
1.1.1.2.1.2,RCC Structure,,,,,,,,2025-03-15,2025-10-15,,,2025-04-06,,
1.1.1.2.1.2.1,Raft Foundation ,,,,,,,,2025-03-15,2025-05-24,,,2025-04-06,,
1.1.1.2.1.2.1.1,Reinforcement,Tower 4,,Civil Works- RCC,RCC,Reinforcement,,2152956000.0,2025-03-15,2025-03-31,2025-03-15,2025-03-31,2025-04-06,,100
1.1.1.2.1.2.1.2,Formwork,Tower 4,,Civil Works- RCC,RCC,Shuttering- Conventional,,38882400.0,2025-04-21,2025-05-22,2025-04-21,2025-05-22,2025-04-18,,100
1.1.1.2.1.2.1.3,Concreting,Tower 4,,Civil Works- RCC,RCC,Concreting,,2214067400.0,2025-05-22,2025-05-24,2025-05-22,2025-05-24,2025-04-30,,100
1.1.1.2.1.2.2,Basement 1 Slab,,,,,,,,2025-04-16,2025-06-12,,,2025-05-02,,
1.1.1.2.1.2.2.1,Reinforcement,Tower 4,Basement 1,Civil Works- RCC,RCC,Reinforcement,,343564125.0,2025-05-24,2025-06-12,2025-05-24,2025-06-12,2025-05-02,,100
1.1.1.2.1.2.2.2,Formwork,Tower 4,Basement 1,Civil Works- RCC,RCC,Shuttering- Conventional,,108260800.0,2025-04-16,2025-05-05,2025-04-16,2025-05-05,2025-05-03,,100
1.1.1.2.1.2.2.3,Concreting,Tower 4,Basement 1,Civil Works- RCC,RCC,Concreting,,199069800.0,2025-05-06,2025-05-09,2025-05-06,2025-05-09,2025-05-23,,100
1.1.1.2.1.2.3,Basement 2 Slab/GF,,,,,,,,2025-05-10,2025-09-04,,,2025-05-27,,
1.1.1.2.1.2.3.1,Reinforcement,Tower 4,Ground Floor,Civil Works- RCC,RCC,Reinforcement,,806474625.0,2025-05-10,2025-09-03,2025-05-10,2025-09-03,2025-05-27,,100
1.1.1.2.1.2.3.2,Formwork,Tower 4,Ground Floor,Civil Works- RCC,RCC,Shuttering- Conventional,,350418100.0,2025-05-11,2025-09-03,2025-05-11,2025-09-03,2025-05-28,,100
1.1.1.2.1.2.3.3,Concreting,Tower 4,Ground Floor,Civil Works- RCC,RCC,Concreting,,467300000.0,2025-05-31,2025-09-04,2025-05-31,2025-09-04,2025-06-17,,100
1.1.1.2.1.2.4,Podium /Ground Floor Slab,,,,,,,,2025-06-26,2025-10-15,,,2025-06-21,,
1.1.1.2.1.2.4.1,Reinforcement,Tower 4,Ground Floor,Civil Works- RCC,RCC,Reinforcement,,1093586250.0,2025-09-01,2025-10-14,2025-09-01,2025-10-14,2025-06-21,,100
1.1.1.2.1.2.4.2,Formwork,Tower 4,Ground Floor,Civil Works- RCC,RCC,Shuttering- Conventional,,461061400.0,2025-09-03,2025-10-14,2025-09-03,2025-10-14,2025-06-22,,100
1.1.1.2.1.2.4.3,Concreting,Tower 4,Ground Floor,Civil Works- RCC,RCC,Concreting,,633658800.0,2025-06-26,2025-10-15,2025-06-26,2025-10-15,2025-07-12,,100
1.1.1.2.1.3,Substructure Finishing,,,,,,,,2025-12-30,2026-05-08,,,2025-08-15,,
1.1.1.2.1.3.1,Masonary work,Tower 4,,Finishing,Tower Civil Finishes,Blockwork,,73553200.0,2025-12-30,2026-02-12,,,2025-08-15,,0
1.1.1.2.1.3.2,Plaster,Tower 4,,Finishing,Tower Civil Finishes,Int Plaster,,48564000.0,2026-02-13,2026-03-24,,,2025-09-29,,0
1.1.1.2.1.3.3,Structural steel,Tower 4,,Civil Works- RCC,RCC,Reinforcement,,0.0,2026-01-29,2026-03-29,,,2025-09-14,,0
1.1.1.2.1.3.4,White Wash ,Tower 4,,Finishing,Tower Finishing,Paint,,135915000.0,2026-03-25,2026-05-08,,,2025-12-23,,0
1.1.1.2.2,Superstructure,,,,,,,,2025-10-10,2028-08-27,,,2025-07-16,,
1.1.1.2.2.1,RCC structure,,,,,,,,2025-10-10,2027-05-28,,,2025-07-16,,
1.1.1.2.2.1.1,1st floor slab,,,,,,,,2025-10-10,2026-01-25,,,2025-07-16,,
1.1.1.2.2.1.1.1,Reinforcement,Tower 4,1st Floor,Civil Works- RCC,RCC,Reinforcement,,528700000.0,2025-10-10,2026-01-23,2025-10-10,,2025-07-16,,40
1.1.1.2.2.1.1.2,Wall conduiting,Tower 4,1st Floor,MEP,Tower MEP,Electrical,,20039694.44,2025-10-13,2026-01-23,2025-10-13,,2025-07-19,,6
1.1.1.2.2.1.1.3,Formwork,Tower 4,1st Floor,Civil Works- RCC,RCC,Shuttering- Conventional,,259148700.0,2025-10-13,2026-01-24,2025-10-13,,2025-07-19,,36
1.1.1.2.2.1.1.4,Concreting,Tower 4,1st Floor,Civil Works- RCC,RCC,Concreting,,427448400.0,2025-10-14,2026-01-25,2025-10-14,,2025-08-09,,10
1.1.1.2.2.1.2,2nd floor slab,,,,,,,,2025-11-06,2026-02-24,,,2025-08-10,,
1.1.1.2.2.1.2.1,Reinforcement,Tower 4,2nd Floor,Civil Works- RCC,RCC,Reinforcement,,528700000.0,2025-11-06,2026-02-15,2025-11-06,,2025-08-10,,38
1.1.1.2.2.1.2.2,Wall conduiting,Tower 4,2nd Floor,MEP,Tower MEP,Electrical,,20039694.0,2026-01-26,2026-01-29,,,2025-08-12,,0
1.1.1.2.2.1.2.3,Formwork,Tower 4,2nd Floor,Civil Works- RCC,RCC,Shuttering- Conventional,,259148700.0,2026-01-27,2026-02-23,,,2025-08-13,,0
1.1.1.2.2.1.2.4,Concreting,Tower 4,2nd Floor,Civil Works- RCC,RCC,Concreting,,427448400.0,2026-02-23,2026-02-24,,,2025-08-30,,0
1.1.1.2.2.1.3,3rd floor slab,,,,,,,,2026-02-24,2026-03-06,,,2025-08-31,,
1.1.1.2.2.1.3.1,Reinforcement,Tower 4,3rd Floor,Civil Works- RCC,RCC,Reinforcement,,528700000.0,2026-02-24,2026-03-03,,,2025-08-31,,0
1.1.1.2.2.1.3.2,Wall conduiting,Tower 4,3rd Floor,MEP,Tower MEP,Electrical,,20039694.0,2026-02-27,2026-03-01,,,2025-09-03,,0
1.1.1.2.2.1.3.3,Formwork,Tower 4,3rd Floor,Civil Works- RCC,RCC,Shuttering- Conventional,,259148700.0,2026-02-26,2026-03-05,,,2025-09-04,,0
1.1.1.2.2.1.3.4,Concreting,Tower 4,3rd Floor,Civil Works- RCC,RCC,Concreting,,427448400.0,2026-03-05,2026-03-06,,,2025-09-14,,0
1.1.1.2.2.1.4,4th floor slab,,,,,,,,2026-03-06,2026-03-16,,,2025-09-15,,
1.1.1.2.2.1.4.1,Reinforcement,Tower 4,4th Floor,Civil Works- RCC,RCC,Reinforcement,,528700000.0,2026-03-06,2026-03-13,,,2025-09-15,,0
1.1.1.2.2.1.4.2,Wall conduiting,Tower 4,4th Floor,MEP,Tower MEP,Electrical,,20039694.0,2026-03-07,2026-03-09,,,2025-09-16,,0
1.1.1.2.2.1.4.3,Formwork,Tower 4,4th Floor,Civil Works- RCC,RCC,Shuttering- Conventional,,259148700.0,2026-03-08,2026-03-15,,,2025-09-17,,0
1.1.1.2.2.1.4.4,Concreting,Tower 4,4th Floor,Civil Works- RCC,RCC,Concreting,,427448400.0,2026-03-15,2026-03-16,,,2025-09-23,,0
1.1.1.2.2.1.5,5th floor slab,,,,,,,,2026-03-16,2026-03-26,,,2025-09-24,,
1.1.1.2.2.1.5.1,Reinforcement,Tower 4,5th Floor,Civil Works- RCC,RCC,Reinforcement,,528700000.0,2026-03-16,2026-03-23,,,2025-09-24,,0
1.1.1.2.2.1.5.2,Wall conduiting,Tower 4,5th Floor,MEP,Tower MEP,Electrical,,20039694.0,2026-03-17,2026-03-19,,,2025-09-25,,0
1.1.1.2.2.1.5.3,Formwork,Tower 4,5th Floor,Civil Works- RCC,RCC,Shuttering- Conventional,,259148700.0,2026-03-18,2026-03-25,,,2025-09-26,,0
1.1.1.2.2.1.5.4,Concreting,Tower 4,5th Floor,Civil Works- RCC,RCC,Concreting,,427448400.0,2026-03-25,2026-03-26,,,2025-10-02,,0
1.1.1.2.2.1.6,6th floor slab,,,,,,,,2026-03-26,2026-04-05,,,2025-10-03,,
1.1.1.2.2.1.6.1,Reinforcement,Tower 4,6th Floor,Civil Works- RCC,RCC,Reinforcement,,528700000.0,2026-03-26,2026-04-02,,,2025-10-03,,0
1.1.1.2.2.1.6.2,Wall conduiting,Tower 4,6th Floor,MEP,Tower MEP,Electrical,,20039694.0,2026-03-27,2026-03-29,,,2025-10-04,,0
1.1.1.2.2.1.6.3,Formwork,Tower 4,6th Floor,Civil Works- RCC,RCC,Shuttering- Conventional,,259148700.0,2026-03-28,2026-04-04,,,2025-10-05,,0
1.1.1.2.2.1.6.4,Concreting,Tower 4,6th Floor,Civil Works- RCC,RCC,Concreting,,427448400.0,2026-04-04,2026-04-05,,,2025-10-11,,0
1.1.1.2.2.1.7,7th floor slab,,,,,,,,2026-04-05,2026-04-15,,,2025-10-12,,
1.1.1.2.2.1.7.1,Reinforcement,Tower 4,7th Floor,Civil Works- RCC,RCC,Reinforcement,,528700000.0,2026-04-05,2026-04-12,,,2025-10-12,,0
1.1.1.2.2.1.7.2,Wall conduiting,Tower 4,7th Floor,MEP,Tower MEP,Electrical,,20039694.0,2026-04-06,2026-04-08,,,2025-10-13,,0
1.1.1.2.2.1.7.3,Formwork,Tower 4,7th Floor,Civil Works- RCC,RCC,Shuttering- Conventional,,259148700.0,2026-04-07,2026-04-14,,,2025-10-14,,0
1.1.1.2.2.1.7.4,Concreting,Tower 4,7th Floor,Civil Works- RCC,RCC,Concreting,,427448400.0,2026-04-14,2026-04-15,,,2025-10-20,,0
1.1.1.2.2.1.8,8th floor slab,,,,,,,,2026-04-15,2026-04-26,,,2025-10-21,,
1.1.1.2.2.1.8.1,Reinforcement,Tower 4,8th Floor,Civil Works- RCC,RCC,Reinforcement,,528700000.0,2026-04-15,2026-04-22,,,2025-10-21,,0
1.1.1.2.2.1.8.2,Wall conduiting,Tower 4,8th Floor,MEP,Tower MEP,Electrical,,20039694.0,2026-04-16,2026-04-18,,,2025-10-22,,0
1.1.1.2.2.1.8.3,Formwork,Tower 4,8th Floor,Civil Works- RCC,RCC,Shuttering- Conventional,,259148700.0,2026-04-17,2026-04-25,,,2025-10-23,,0
1.1.1.2.2.1.8.4,Concreting,Tower 4,8th Floor,Civil Works- RCC,RCC,Concreting,,427448400.0,2026-04-25,2026-04-26,,,2025-12-16,,0
1.1.1.2.2.1.9,9th floor slab,,,,,,,,2026-04-26,2026-05-06,,,2025-12-17,,
1.1.1.2.2.1.9.1,Reinforcement,Tower 4,9th Floor,Civil Works- RCC,RCC,Reinforcement,,528700000.0,2026-04-26,2026-05-03,,,2025-12-17,,0
1.1.1.2.2.1.9.2,Wall conduiting,Tower 4,9th Floor,MEP,Tower MEP,Electrical,,20039694.0,2026-04-27,2026-04-29,,,2025-12-18,,0
1.1.1.2.2.1.9.3,Formwork,Tower 4,9th Floor,Civil Works- RCC,RCC,Shuttering- Conventional,,259148700.0,2026-04-28,2026-05-05,,,2025-12-19,,0
1.1.1.2.2.1.9.4,Concreting,Tower 4,9th Floor,Civil Works- RCC,RCC,Concreting,,427448400.0,2026-05-05,2026-05-06,,,2025-12-25,,0
1.1.1.2.2.1.10,10th floor slab,,,,,,,,2026-05-06,2026-05-16,,,2025-12-26,,
1.1.1.2.2.1.10.1,Reinforcement,Tower 4,10th Floor,Civil Works- RCC,RCC,Reinforcement,,528700000.0,2026-05-06,2026-05-13,,,2025-12-26,,0
1.1.1.2.2.1.10.2,Wall conduiting,Tower 4,10th Floor,MEP,Tower MEP,Electrical,,20039694.0,2026-05-07,2026-05-09,,,2025-12-27,,0
1.1.1.2.2.1.10.3,Formwork,Tower 4,10th Floor,Civil Works- RCC,RCC,Shuttering- Conventional,,259148700.0,2026-05-08,2026-05-15,,,2025-12-28,,0
1.1.1.2.2.1.10.4,Concreting,Tower 4,10th Floor,Civil Works- RCC,RCC,Concreting,,427448400.0,2026-05-15,2026-05-16,,,2026-01-03,,0
1.1.1.2.2.1.11,11th floor slab,,,,,,,,2026-05-16,2026-05-26,,,2026-01-04,,
1.1.1.2.2.1.11.1,Reinforcement,Tower 4,11th Floor,Civil Works- RCC,RCC,Reinforcement,,528700000.0,2026-05-16,2026-05-23,,,2026-01-04,,0
1.1.1.2.2.1.11.2,Wall conduiting,Tower 4,11th Floor,MEP,Tower MEP,Electrical,,20039694.0,2026-05-17,2026-05-19,,,2026-01-05,,0
1.1.1.2.2.1.11.3,Formwork,Tower 4,11th Floor,Civil Works- RCC,RCC,Shuttering- Conventional,,259148700.0,2026-05-18,2026-05-25,,,2026-01-06,,0
1.1.1.2.2.1.11.4,Concreting,Tower 4,11th Floor,Civil Works- RCC,RCC,Concreting,,427448400.0,2026-05-25,2026-05-26,,,2026-01-12,,0
1.1.1.2.2.1.12,12th floor slab,,,,,,,,2026-05-26,2026-06-05,,,2026-01-13,,
1.1.1.2.2.1.12.1,Reinforcement,Tower 4,12th Floor,Civil Works- RCC,RCC,Reinforcement,,528700000.0,2026-05-26,2026-06-02,,,2026-01-13,,0
1.1.1.2.2.1.12.2,Wall conduiting,Tower 4,12th Floor,MEP,Tower MEP,Electrical,,20039694.0,2026-05-27,2026-05-29,,,2026-01-14,,0
1.1.1.2.2.1.12.3,Formwork,Tower 4,12th Floor,Civil Works- RCC,RCC,Shuttering- Conventional,,259148700.0,2026-05-28,2026-06-04,,,2026-01-15,,0
1.1.1.2.2.1.12.4,Concreting,Tower 4,12th Floor,Civil Works- RCC,RCC,Concreting,,427448400.0,2026-06-04,2026-06-05,,,2026-01-21,,0
1.1.1.2.2.1.13,13th floor slab,,,,,,,,2026-06-05,2026-06-15,,,2026-01-22,,
1.1.1.2.2.1.13.1,Reinforcement,Tower 4,13th Floor,Civil Works- RCC,RCC,Reinforcement,,528700000.0,2026-06-05,2026-06-12,,,2026-01-22,,0
1.1.1.2.2.1.13.2,Wall conduiting,Tower 4,13th Floor,MEP,Tower MEP,Electrical,,20039694.0,2026-06-06,2026-06-08,,,2026-01-23,,0
1.1.1.2.2.1.13.3,Formwork,Tower 4,13th Floor,Civil Works- RCC,RCC,Shuttering- Conventional,,259148700.0,2026-06-07,2026-06-14,,,2026-01-24,,0
1.1.1.2.2.1.13.4,Concreting,Tower 4,13th Floor,Civil Works- RCC,RCC,Concreting,,427448400.0,2026-06-14,2026-06-15,,,2026-01-30,,0
1.1.1.2.2.1.14,14th floor slab,,,,,,,,2026-06-15,2026-06-25,,,2026-01-31,,
1.1.1.2.2.1.14.1,Reinforcement,Tower 4,14th Floor,Civil Works- RCC,RCC,Reinforcement,,528700000.0,2026-06-15,2026-06-22,,,2026-01-31,,0
1.1.1.2.2.1.14.2,Wall conduiting,Tower 4,14th Floor,MEP,Tower MEP,Electrical,,20039694.0,2026-06-16,2026-06-18,,,2026-02-01,,0
1.1.1.2.2.1.14.3,Formwork,Tower 4,14th Floor,Civil Works- RCC,RCC,Shuttering- Conventional,,259148700.0,2026-06-17,2026-06-24,,,2026-02-02,,0
1.1.1.2.2.1.14.4,Concreting,Tower 4,14th Floor,Civil Works- RCC,RCC,Concreting,,427448400.0,2026-06-24,2026-06-25,,,2026-02-08,,0
1.1.1.2.2.1.15,15th floor slab,,,,,,,,2026-06-25,2026-07-05,,,2026-02-09,,
1.1.1.2.2.1.15.1,Reinforcement,Tower 4,15th Floor,Civil Works- RCC,RCC,Reinforcement,,528700000.0,2026-06-25,2026-07-02,,,2026-02-09,,0
1.1.1.2.2.1.15.2,Wall conduiting,Tower 4,15th Floor,MEP,Tower MEP,Electrical,,20039694.0,2026-06-26,2026-06-28,,,2026-02-10,,0
1.1.1.2.2.1.15.3,Formwork,Tower 4,15th Floor,Civil Works- RCC,RCC,Shuttering- Conventional,,259148700.0,2026-06-27,2026-07-04,,,2026-02-11,,0
1.1.1.2.2.1.15.4,Concreting,Tower 4,15th Floor,Civil Works- RCC,RCC,Concreting,,427448400.0,2026-07-04,2026-07-05,,,2026-02-17,,0
1.1.1.2.2.1.16,16th floor slab,,,,,,,,2026-07-05,2026-07-16,,,2026-02-18,,
1.1.1.2.2.1.16.1,Reinforcement,Tower 4,16th Floor,Civil Works- RCC,RCC,Reinforcement,,528700000.0,2026-07-05,2026-07-13,,,2026-02-18,,0
1.1.1.2.2.1.16.2,Wall conduiting,Tower 4,16th Floor,MEP,Tower MEP,Electrical,,20039694.0,2026-07-06,2026-07-08,,,2026-02-19,,0
1.1.1.2.2.1.16.3,Formwork,Tower 4,16th Floor,Civil Works- RCC,RCC,Shuttering- Conventional,,259148700.0,2026-07-07,2026-07-15,,,2026-02-20,,0
1.1.1.2.2.1.16.4,Concreting,Tower 4,16th Floor,Civil Works- RCC,RCC,Concreting,,427448400.0,2026-07-15,2026-07-16,,,2026-03-01,,0
1.1.1.2.2.1.17,17th floor slab,,,,,,,,2026-07-16,2026-07-26,,,2026-03-02,,
1.1.1.2.2.1.17.1,Reinforcement,Tower 4,17th Floor,Civil Works- RCC,RCC,Reinforcement,,528700000.0,2026-07-16,2026-07-24,,,2026-03-02,,0
1.1.1.2.2.1.17.2,Wall conduiting,Tower 4,17th Floor,MEP,Tower MEP,Electrical,,20039694.0,2026-07-17,2026-07-19,,,2026-03-03,,0
1.1.1.2.2.1.17.3,Formwork,Tower 4,17th Floor,Civil Works- RCC,RCC,Shuttering- Conventional,,259148700.0,2026-07-18,2026-07-25,,,2026-03-04,,0
1.1.1.2.2.1.17.4,Concreting,Tower 4,17th Floor,Civil Works- RCC,RCC,Concreting,,427448400.0,2026-07-25,2026-07-26,,,2026-03-10,,0
1.1.1.2.2.1.18,18th floor slab,,,,,,,,2026-07-26,2026-08-05,,,2026-03-11,,
1.1.1.2.2.1.18.1,Reinforcement,Tower 4,18th Floor,Civil Works- RCC,RCC,Reinforcement,,528700000.0,2026-07-26,2026-08-03,,,2026-03-11,,0
1.1.1.2.2.1.18.2,Wall conduiting,Tower 4,18th Floor,MEP,Tower MEP,Electrical,,20039694.0,2026-07-27,2026-07-29,,,2026-03-12,,0
1.1.1.2.2.1.18.3,Formwork,Tower 4,18th Floor,Civil Works- RCC,RCC,Shuttering- Conventional,,259148700.0,2026-07-28,2026-08-04,,,2026-03-13,,0
1.1.1.2.2.1.18.4,Concreting,Tower 4,18th Floor,Civil Works- RCC,RCC,Concreting,,427448400.0,2026-08-04,2026-08-05,,,2026-03-19,,0
1.1.1.2.2.1.19,19th floor slab,,,,,,,,2026-08-05,2026-08-15,,,2026-03-20,,
1.1.1.2.2.1.19.1,Reinforcement,Tower 4,19th Floor,Civil Works- RCC,RCC,Reinforcement,,528700000.0,2026-08-05,2026-08-13,,,2026-03-20,,0
1.1.1.2.2.1.19.2,Wall conduiting,Tower 4,19th Floor,MEP,Tower MEP,Electrical,,20039694.0,2026-08-06,2026-08-08,,,2026-03-21,,0
1.1.1.2.2.1.19.3,Formwork,Tower 4,19th Floor,Civil Works- RCC,RCC,Shuttering- Conventional,,259148700.0,2026-08-06,2026-08-14,,,2026-03-21,,0
1.1.1.2.2.1.19.4,Concreting,Tower 4,19th Floor,Civil Works- RCC,RCC,Concreting,,427448400.0,2026-08-14,2026-08-15,,,2026-03-27,,0
1.1.1.2.2.1.20,20th floor slab,,,,,,,,2026-08-15,2026-08-25,,,2026-03-28,,
1.1.1.2.2.1.20.1,Reinforcement,Tower 4,20th Floor,Civil Works- RCC,RCC,Reinforcement,,528700000.0,2026-08-15,2026-08-23,,,2026-03-28,,0
1.1.1.2.2.1.20.2,Wall conduiting,Tower 4,20th Floor,MEP,Tower MEP,Electrical,,20039694.0,2026-08-16,2026-08-18,,,2026-03-29,,0
1.1.1.2.2.1.20.3,Formwork,Tower 4,20th Floor,Civil Works- RCC,RCC,Shuttering- Conventional,,259148700.0,2026-08-16,2026-08-24,,,2026-03-29,,0
1.1.1.2.2.1.20.4,Concreting,Tower 4,20th Floor,Civil Works- RCC,RCC,Concreting,,427448400.0,2026-08-24,2026-08-25,,,2026-04-04,,0
1.1.1.2.2.1.21,21st floor slab,,,,,,,,2026-08-25,2026-09-04,,,2026-04-05,,
1.1.1.2.2.1.21.1,Reinforcement,Tower 4,21st Floor,Civil Works- RCC,RCC,Reinforcement,,528700000.0,2026-08-25,2026-09-02,,,2026-04-05,,0
1.1.1.2.2.1.21.2,Wall conduiting,Tower 4,21st Floor,MEP,Tower MEP,Electrical,,20039694.0,2026-08-26,2026-08-28,,,2026-04-06,,0
1.1.1.2.2.1.21.3,Formwork,Tower 4,21st Floor,Civil Works- RCC,RCC,Shuttering- Conventional,,259148700.0,2026-08-27,2026-09-03,,,2026-04-07,,0
1.1.1.2.2.1.21.4,Concreting,Tower 4,21st Floor,Civil Works- RCC,RCC,Concreting,,427448400.0,2026-09-03,2026-09-04,,,2026-04-14,,0
1.1.1.2.2.1.22,22nd floor slab,,,,,,,,2026-09-04,2026-09-14,,,2026-04-15,,
1.1.1.2.2.1.22.1,Reinforcement,Tower 4,22nd Floor,Civil Works- RCC,RCC,Reinforcement,,528700000.0,2026-09-04,2026-09-12,,,2026-04-15,,0
1.1.1.2.2.1.22.2,Wall conduiting,Tower 4,22nd Floor,MEP,Tower MEP,Electrical,,20039694.0,2026-09-05,2026-09-07,,,2026-04-16,,0
1.1.1.2.2.1.22.3,Formwork,Tower 4,22nd Floor,Civil Works- RCC,RCC,Shuttering- Conventional,,259148700.0,2026-09-06,2026-09-13,,,2026-04-17,,0
1.1.1.2.2.1.22.4,Concreting,Tower 4,22nd Floor,Civil Works- RCC,RCC,Concreting,,427448400.0,2026-09-13,2026-09-14,,,2026-04-24,,0
1.1.1.2.2.1.23,23rd floor slab,,,,,,,,2026-09-14,2026-09-24,,,2026-04-25,,
1.1.1.2.2.1.23.1,Reinforcement,Tower 4,23rd Floor,Civil Works- RCC,RCC,Reinforcement,,528700000.0,2026-09-14,2026-09-22,,,2026-04-25,,0
1.1.1.2.2.1.23.2,Wall conduiting,Tower 4,23rd Floor,MEP,Tower MEP,Electrical,,20039694.0,2026-09-15,2026-09-17,,,2026-04-26,,0
1.1.1.2.2.1.23.3,Formwork,Tower 4,23rd Floor,Civil Works- RCC,RCC,Shuttering- Conventional,,259148700.0,2026-09-16,2026-09-23,,,2026-04-27,,0
1.1.1.2.2.1.23.4,Concreting,Tower 4,23rd Floor,Civil Works- RCC,RCC,Concreting,,427448400.0,2026-09-23,2026-09-24,,,2026-05-04,,0
1.1.1.2.2.1.24,24th floor slab,,,,,,,,2026-09-24,2026-10-08,,,2026-05-05,,
1.1.1.2.2.1.24.1,Reinforcement,Tower 4,24th Floor,Civil Works- RCC,RCC,Reinforcement,,528700000.0,2026-09-24,2026-10-05,,,2026-05-05,,0
1.1.1.2.2.1.24.2,Wall conduiting,Tower 4,24th Floor,MEP,Tower MEP,Electrical,,20039694.0,2026-09-25,2026-09-27,,,2026-05-06,,0
1.1.1.2.2.1.24.3,Formwork,Tower 4,24th Floor,Civil Works- RCC,RCC,Shuttering- Conventional,,259148700.0,2026-09-26,2026-10-07,,,2026-05-07,,0
1.1.1.2.2.1.24.4,Concreting,Tower 4,24th Floor,Civil Works- RCC,RCC,Concreting,,427448400.0,2026-10-07,2026-10-08,,,2026-05-17,,0
1.1.1.2.2.1.25,25th floor slab,,,,,,,,2026-10-08,2026-10-23,,,2026-05-18,,
1.1.1.2.2.1.25.1,Reinforcement,Tower 4,25th Floor,Civil Works- RCC,RCC,Reinforcement,,528700000.0,2026-10-08,2026-10-20,,,2026-05-18,,0
1.1.1.2.2.1.25.2,Wall conduiting,Tower 4,25th Floor,MEP,Tower MEP,Electrical,,20039694.0,2026-10-09,2026-10-11,,,2026-05-19,,0
1.1.1.2.2.1.25.3,Formwork,Tower 4,25th Floor,Civil Works- RCC,RCC,Shuttering- Conventional,,259148700.0,2026-10-10,2026-10-22,,,2026-05-20,,0
1.1.1.2.2.1.25.4,Concreting,Tower 4,25th Floor,Civil Works- RCC,RCC,Concreting,,427448400.0,2026-10-22,2026-10-23,,,2026-05-30,,0
1.1.1.2.2.1.26,26th floor slab,,,,,,,,2026-10-23,2026-12-17,,,2026-05-31,,
1.1.1.2.2.1.26.1,Reinforcement,Tower 4,26th Floor,Civil Works- RCC,RCC,Reinforcement,,528700000.0,2026-10-23,2026-10-31,,,2026-05-31,,0
1.1.1.2.2.1.26.2,Wall conduiting,Tower 4,26th Floor,MEP,Tower MEP,Electrical,,20039694.0,2026-10-24,2026-10-26,,,2026-06-01,,0
1.1.1.2.2.1.26.3,Formwork,Tower 4,26th Floor,Civil Works- RCC,RCC,Shuttering- Conventional,,259148700.0,2026-10-25,2026-12-16,,,2026-06-02,,0
1.1.1.2.2.1.26.4,Concreting,Tower 4,26th Floor,Civil Works- RCC,RCC,Concreting,,427448400.0,2026-12-16,2026-12-17,,,2026-06-09,,0
1.1.1.2.2.1.27,27th floor slab,,,,,,,,2026-12-17,2026-12-27,,,2026-06-10,,
1.1.1.2.2.1.27.1,Reinforcement,Tower 4,27th Floor,Civil Works- RCC,RCC,Reinforcement,,528700000.0,2026-12-17,2026-12-25,,,2026-06-10,,0
1.1.1.2.2.1.27.2,Wall conduiting,Tower 4,27th Floor,MEP,Tower MEP,Electrical,,20039694.0,2026-12-18,2026-12-20,,,2026-06-11,,0
1.1.1.2.2.1.27.3,Formwork,Tower 4,27th Floor,Civil Works- RCC,RCC,Shuttering- Conventional,,259148700.0,2026-12-19,2026-12-26,,,2026-06-12,,0
1.1.1.2.2.1.27.4,Concreting,Tower 4,27th Floor,Civil Works- RCC,RCC,Concreting,,427448400.0,2026-12-26,2026-12-27,,,2026-06-19,,0
1.1.1.2.2.1.28,28th floor slab,,,,,,,,2026-12-27,2027-01-06,,,2026-06-20,,
1.1.1.2.2.1.28.1,Reinforcement,Tower 4,28th Floor,Civil Works- RCC,RCC,Reinforcement,,528700000.0,2026-12-27,2027-01-04,,,2026-06-20,,0
1.1.1.2.2.1.28.2,Wall conduiting,Tower 4,28th Floor,MEP,Tower MEP,Electrical,,20039694.0,2026-12-28,2026-12-30,,,2026-06-21,,0
1.1.1.2.2.1.28.3,Formwork,Tower 4,28th Floor,Civil Works- RCC,RCC,Shuttering- Conventional,,259148700.0,2026-12-29,2027-01-05,,,2026-06-22,,0
1.1.1.2.2.1.28.4,Concreting,Tower 4,28th Floor,Civil Works- RCC,RCC,Concreting,,427448400.0,2027-01-05,2027-01-06,,,2026-06-29,,0
1.1.1.2.2.1.29,29th floor slab,,,,,,,,2027-01-06,2027-01-16,,,2026-06-30,,
1.1.1.2.2.1.29.1,Reinforcement,Tower 4,29th Floor,Civil Works- RCC,RCC,Reinforcement,,528700000.0,2027-01-06,2027-01-14,,,2026-06-30,,0
1.1.1.2.2.1.29.2,Wall conduiting,Tower 4,29th Floor,MEP,Tower MEP,Electrical,,20039694.0,2027-01-07,2027-01-09,,,2026-07-01,,0
1.1.1.2.2.1.29.3,Formwork,Tower 4,29th Floor,Civil Works- RCC,RCC,Shuttering- Conventional,,259148700.0,2027-01-08,2027-01-15,,,2026-07-02,,0
1.1.1.2.2.1.29.4,Concreting,Tower 4,29th Floor,Civil Works- RCC,RCC,Concreting,,427448400.0,2027-01-15,2027-01-16,,,2026-07-09,,0
1.1.1.2.2.1.30,30th floor slab,,,,,,,,2027-01-16,2027-01-26,,,2026-07-10,,
1.1.1.2.2.1.30.1,Reinforcement,Tower 4,30th Floor,Civil Works- RCC,RCC,Reinforcement,,528700000.0,2027-01-16,2027-01-24,,,2026-07-10,,0
1.1.1.2.2.1.30.2,Wall conduiting,Tower 4,30th Floor,MEP,Tower MEP,Electrical,,20039694.0,2027-01-17,2027-01-19,,,2026-07-11,,0
1.1.1.2.2.1.30.3,Formwork,Tower 4,30th Floor,Civil Works- RCC,RCC,Shuttering- Conventional,,259148700.0,2027-01-18,2027-01-25,,,2026-07-12,,0
1.1.1.2.2.1.30.4,Concreting,Tower 4,30th Floor,Civil Works- RCC,RCC,Concreting,,427448400.0,2027-01-25,2027-01-26,,,2026-07-19,,0
1.1.1.2.2.1.31,31st floor slab,,,,,,,,2027-01-26,2027-02-05,,,2026-07-20,,
1.1.1.2.2.1.31.1,Reinforcement,Tower 4,31st Floor,Civil Works- RCC,RCC,Reinforcement,,528700000.0,2027-01-26,2027-02-02,,,2026-07-20,,0
1.1.1.2.2.1.31.2,Wall conduiting,Tower 4,31st Floor,MEP,Tower MEP,Electrical,,20039694.0,2027-01-27,2027-01-29,,,2026-07-21,,0
1.1.1.2.2.1.31.3,Formwork,Tower 4,31st Floor,Civil Works- RCC,RCC,Shuttering- Conventional,,259148700.0,2027-01-28,2027-02-04,,,2026-07-22,,0
1.1.1.2.2.1.31.4,Concreting,Tower 4,31st Floor,Civil Works- RCC,RCC,Concreting,,427448400.0,2027-02-04,2027-02-05,,,2026-07-31,,0
1.1.1.2.2.1.32,32nd floor slab,,,,,,,,2027-02-05,2027-02-19,,,2026-08-01,,
1.1.1.2.2.1.32.1,Reinforcement,Tower 4,32nd Floor,Civil Works- RCC,RCC,Reinforcement,,528700000.0,2027-02-05,2027-02-15,,,2026-08-01,,0
1.1.1.2.2.1.32.2,Wall conduiting,Tower 4,32nd Floor,MEP,Tower MEP,Electrical,,20039694.0,2027-02-06,2027-02-08,,,2026-08-02,,0
1.1.1.2.2.1.32.3,Formwork,Tower 4,32nd Floor,Civil Works- RCC,RCC,Shuttering- Conventional,,259148700.0,2027-02-07,2027-02-18,,,2026-08-03,,0
1.1.1.2.2.1.32.4,Concreting,Tower 4,32nd Floor,Civil Works- RCC,RCC,Concreting,,427448400.0,2027-02-18,2027-02-19,,,2026-08-13,,0
1.1.1.2.2.1.33,33rd floor slab,,,,,,,,2027-02-19,2027-03-01,,,2026-08-14,,
1.1.1.2.2.1.33.1,Reinforcement,Tower 4,33rd Floor,Civil Works- RCC,RCC,Reinforcement,,528700000.0,2027-02-19,2027-02-26,,,2026-08-14,,0
1.1.1.2.2.1.33.2,Wall conduiting,Tower 4,33rd Floor,MEP,Tower MEP,Electrical,,20039694.0,2027-02-20,2027-02-22,,,2026-08-15,,0
1.1.1.2.2.1.33.3,Formwork,Tower 4,33rd Floor,Civil Works- RCC,RCC,Shuttering- Conventional,,259148700.0,2027-02-21,2027-02-28,,,2026-08-16,,0
1.1.1.2.2.1.33.4,Concreting,Tower 4,33rd Floor,Civil Works- RCC,RCC,Concreting,,427448400.0,2027-02-28,2027-03-01,,,2026-08-25,,0
1.1.1.2.2.1.34,34th floor slab,,,,,,,,2027-03-01,2027-03-16,,,2026-08-26,,
1.1.1.2.2.1.34.1,Reinforcement,Tower 4,34th Floor,Civil Works- RCC,RCC,Reinforcement,,528700000.0,2027-03-01,2027-03-13,,,2026-08-26,,0
1.1.1.2.2.1.34.2,Wall conduiting,Tower 4,34th Floor,MEP,Tower MEP,Electrical,,20039694.0,2027-03-02,2027-03-04,,,2026-08-27,,0
1.1.1.2.2.1.34.3,Formwork,Tower 4,34th Floor,Civil Works- RCC,RCC,Shuttering- Conventional,,259148700.0,2027-03-03,2027-03-15,,,2026-08-28,,0
1.1.1.2.2.1.34.4,Concreting,Tower 4,34th Floor,Civil Works- RCC,RCC,Concreting,,427448400.0,2027-03-15,2027-03-16,,,2026-09-07,,0
1.1.1.2.2.1.35,35th floor slab,,,,,,,,2027-03-16,2027-03-28,,,2026-09-08,,
1.1.1.2.2.1.35.1,Reinforcement,Tower 4,35th Floor,Civil Works- RCC,RCC,Reinforcement,,528700000.0,2027-03-16,2027-03-24,,,2026-09-08,,0
1.1.1.2.2.1.35.2,Wall conduiting,Tower 4,35th Floor,MEP,Tower MEP,Electrical,,20039694.0,2027-03-17,2027-03-19,,,2026-09-09,,0
1.1.1.2.2.1.35.3,Formwork,Tower 4,35th Floor,Civil Works- RCC,RCC,Shuttering- Conventional,,259148700.0,2027-03-19,2027-03-27,,,2026-09-11,,0
1.1.1.2.2.1.35.4,Concreting,Tower 4,35th Floor,Civil Works- RCC,RCC,Concreting,,427448400.0,2027-03-27,2027-03-28,,,2026-09-19,,0
1.1.1.2.2.1.36,Terrace floor slab,,,,,,,,2027-03-28,2027-04-18,,,2026-09-20,,
1.1.1.2.2.1.36.1,Reinforcement,Tower 4,Terrace,Civil Works- RCC,RCC,Reinforcement,,174160000.0,2027-03-28,2027-04-15,,,2026-09-20,,0
1.1.1.2.2.1.36.2,Wall conduiting,Tower 4,Terrace,MEP,Common area-MEP,CA-Electrical,,10019800.0,2027-03-29,2027-03-31,,,2026-09-21,,0
1.1.1.2.2.1.36.3,Formwork,Tower 4,Terrace,Civil Works- RCC,RCC,Shuttering- Conventional,,85977000.0,2027-03-30,2027-04-17,,,2026-09-22,,0
1.1.1.2.2.1.36.4,Concreting,Tower 4,Terrace,Civil Works- RCC,RCC,Concreting,,151513400.0,2027-04-17,2027-04-18,,,2026-10-04,,0
1.1.1.2.2.1.37,OHT & Mumty,,,,,,,,2027-04-18,2027-05-28,,,2026-10-05,,
1.1.1.2.2.1.37.1,Reinforcement,Tower 4,,Civil Works- RCC,RCC,Reinforcement,,559800000.0,2027-04-18,2027-05-21,,,2026-10-05,,0
1.1.1.2.2.1.37.2,Wall conduiting,Tower 4,,MEP,Common area-MEP,CA-Electrical,,5009923.611,2027-04-19,2027-04-24,,,2026-10-06,,0
1.1.1.2.2.1.37.3,Formwork,Tower 4,,Civil Works- RCC,RCC,Shuttering- Conventional,,211437000.0,2027-04-22,2027-05-25,,,2026-10-09,,0
1.1.1.2.2.1.37.4,Concreting,Tower 4,,Civil Works- RCC,RCC,Concreting,,483638800.0,2027-05-25,2027-05-28,,,2026-12-26,,0
1.1.1.2.2.2,Post Pour Activities ,,,,,,,,2026-03-16,2027-06-02,,,2025-09-24,,
1.1.1.2.2.2.1,1st Floor,Tower 4,1st Floor,Civil Works- RCC,RCC,Post Pour,,0.0,2026-03-16,2026-03-27,,,2025-09-24,,0
1.1.1.2.2.2.2,2nd Floor ,Tower 4,2nd Floor,Civil Works- RCC,RCC,Post Pour,,0.0,2026-03-27,2026-04-07,,,2025-10-05,,0
1.1.1.2.2.2.3,3rd Floor ,Tower 4,3rd Floor,Civil Works- RCC,RCC,Post Pour,,0.0,2026-04-07,2026-04-18,,,2025-10-16,,0
1.1.1.2.2.2.4,4th Floor ,Tower 4,4th Floor,Civil Works- RCC,RCC,Post Pour,,0.0,2026-04-18,2026-04-29,,,2025-10-27,,0
1.1.1.2.2.2.5,5th Floor,Tower 4,5th Floor,Civil Works- RCC,RCC,Post Pour,,0.0,2026-04-29,2026-05-10,,,2025-12-22,,0
1.1.1.2.2.2.6,6th Floor,Tower 4,6th Floor,Civil Works- RCC,RCC,Post Pour,,0.0,2026-05-10,2026-05-21,,,2026-01-02,,0
1.1.1.2.2.2.7,7th Floor,Tower 4,7th Floor,Civil Works- RCC,RCC,Post Pour,,0.0,2026-05-21,2026-06-01,,,2026-01-13,,0
1.1.1.2.2.2.8,8th Floor,Tower 4,8th Floor,Civil Works- RCC,RCC,Post Pour,,0.0,2026-06-01,2026-06-12,,,2026-01-24,,0
1.1.1.2.2.2.9,9th Floor,Tower 4,9th Floor,Civil Works- RCC,RCC,Post Pour,,0.0,2026-06-12,2026-06-23,,,2026-02-04,,0
1.1.1.2.2.2.10,10th Floor,Tower 4,10th Floor,Civil Works- RCC,RCC,Post Pour,,0.0,2026-06-23,2026-07-04,,,2026-02-15,,0
1.1.1.2.2.2.11,11th Floor,Tower 4,11th Floor,Civil Works- RCC,RCC,Post Pour,,0.0,2026-07-04,2026-07-15,,,2026-02-26,,0
1.1.1.2.2.2.12,12th Floor,Tower 4,12th Floor,Civil Works- RCC,RCC,Post Pour,,0.0,2026-07-15,2026-07-26,,,2026-03-09,,0
1.1.1.2.2.2.13,13th Floor,Tower 4,13th Floor,Civil Works- RCC,RCC,Post Pour,,0.0,2026-07-26,2026-08-06,,,2026-03-20,,0
1.1.1.2.2.2.14,14th Floor,Tower 4,14th Floor,Civil Works- RCC,RCC,Post Pour,,0.0,2026-08-06,2026-08-17,,,2026-03-31,,0
1.1.1.2.2.2.15,15th Floor,Tower 4,15th Floor,Civil Works- RCC,RCC,Post Pour,,0.0,2026-08-17,2026-08-28,,,2026-04-11,,0
1.1.1.2.2.2.16,16th Floor,Tower 4,16th Floor,Civil Works- RCC,RCC,Post Pour,,0.0,2026-08-28,2026-09-08,,,2026-04-22,,0
1.1.1.2.2.2.17,17th Floor,Tower 4,17th Floor,Civil Works- RCC,RCC,Post Pour,,0.0,2026-09-08,2026-09-19,,,2026-05-03,,0
1.1.1.2.2.2.18,18th Floor,Tower 4,18th Floor,Civil Works- RCC,RCC,Post Pour,,0.0,2026-09-19,2026-09-30,,,2026-05-14,,0
1.1.1.2.2.2.19,19th Floor,Tower 4,19th Floor,Civil Works- RCC,RCC,Post Pour,,0.0,2026-09-30,2026-10-11,,,2026-05-25,,0
1.1.1.2.2.2.20,20th Floor,Tower 4,20th Floor,Civil Works- RCC,RCC,Post Pour,,0.0,2026-10-11,2026-10-22,,,2026-06-05,,0
1.1.1.2.2.2.21,21st Floor,Tower 4,21st Floor,Civil Works- RCC,RCC,Post Pour,,0.0,2026-10-22,2026-12-17,,,2026-06-16,,0
1.1.1.2.2.2.22,22nd Floor,Tower 4,22nd Floor,Civil Works- RCC,RCC,Post Pour,,0.0,2026-12-17,2026-12-28,,,2026-06-27,,0
1.1.1.2.2.2.23,23rd Floor,Tower 4,23rd Floor,Civil Works- RCC,RCC,Post Pour,,0.0,2026-12-28,2027-01-08,,,2026-07-08,,0
1.1.1.2.2.2.24,24th Floor,Tower 4,24th Floor,Civil Works- RCC,RCC,Post Pour,,0.0,2027-01-08,2027-01-19,,,2026-07-19,,0
1.1.1.2.2.2.25,25th Floor,Tower 4,25th Floor,Civil Works- RCC,RCC,Post Pour,,0.0,2027-01-19,2027-01-30,,,2026-07-30,,0
1.1.1.2.2.2.26,26th Floor,Tower 4,26th Floor,Civil Works- RCC,RCC,Post Pour,,0.0,2027-01-30,2027-02-10,,,2026-08-10,,0
1.1.1.2.2.2.27,27th Floor,Tower 4,27th Floor,Civil Works- RCC,RCC,Post Pour,,0.0,2027-02-10,2027-02-21,,,2026-08-21,,0
1.1.1.2.2.2.28,28th Floor,Tower 4,28th Floor,Civil Works- RCC,RCC,Post Pour,,0.0,2027-02-21,2027-03-04,,,2026-09-01,,0
1.1.1.2.2.2.29,29th Floor,Tower 4,29th Floor,Civil Works- RCC,RCC,Post Pour,,0.0,2027-03-04,2027-03-15,,,2026-09-12,,0
1.1.1.2.2.2.30,30th Floor,Tower 4,30th Floor,Civil Works- RCC,RCC,Post Pour,,0.0,2027-03-15,2027-03-26,,,2026-09-23,,0
1.1.1.2.2.2.31,31st Floor,Tower 4,31st Floor,Civil Works- RCC,RCC,Post Pour,,0.0,2027-03-26,2027-04-06,,,2026-10-04,,0
1.1.1.2.2.2.32,32nd Flood,Tower 4,,Civil Works- RCC,RCC,Concreting,,0.0,2027-04-06,2027-04-17,,,2026-10-15,,0
1.1.1.2.2.2.33,33rd Floor,Tower 4,33rd Floor,Civil Works- RCC,RCC,Post Pour,,0.0,2027-04-17,2027-04-28,,,2026-10-26,,0
1.1.1.2.2.2.34,34th Floor,Tower 4,34th Floor,Civil Works- RCC,RCC,Post Pour,,0.0,2027-04-28,2027-05-06,,,2026-12-21,,0
1.1.1.2.2.2.35,35th Floor,Tower 4,35th Floor,Civil Works- RCC,RCC,Post Pour,,0.0,2027-05-06,2027-05-14,,,2026-12-29,,0
1.1.1.2.2.2.36,Terrace,Tower 4,Terrace,Civil Works- RCC,RCC,Post Pour,,0.0,2027-05-14,2027-05-22,,,2027-01-06,,0
1.1.1.2.2.2.37,Mumty & Machine Room ,Tower 4,,Finishing,Tower Civil Finishes,Blockwork,,0.0,2027-05-22,2027-06-02,,,2027-01-14,,0
1.1.1.2.2.3,Finishing work,,,,,,,,2026-03-28,2028-08-27,,,2025-10-05,,
1.1.1.2.2.3.1,Flat finishing,,,,,,,,2026-03-28,2028-08-27,,,2025-10-05,,
1.1.1.2.2.3.1.1,1st Floor,,,,,,,,2026-03-28,2027-05-20,,,2025-10-05,,
1.1.1.2.2.3.1.1.1,Block Work,Tower 4,1st Floor,Finishing,Tower Civil Finishes,Blockwork,,33349204.0,2026-03-28,2026-04-07,,,2025-10-05,,0
1.1.1.2.2.3.1.1.2,Door Frame Fixing,Tower 4,1st Floor,Finishing,Tower Finishing,Door,,0.0,2026-04-07,2026-04-15,,,2025-10-15,,0
1.1.1.2.2.3.1.1.3,Internal Plumbing Works,Tower 4,1st Floor,MEP,Tower MEP,Plumbing,,25772455.71,2026-04-07,2026-04-17,,,2025-10-15,,0
1.1.1.2.2.3.1.1.4,Waterproofing,Tower 4,1st Floor,Finishing,Tower Civil Finishes,Waterproofing,,29202420.0,2026-04-17,2026-04-25,,,2025-10-25,,0
1.1.1.2.2.3.1.1.5,Internal Plaster,Tower 4,1st Floor,Finishing,Tower Civil Finishes,Int Plaster,,51753000.0,2026-04-15,2026-04-21,,,2025-10-23,,0
1.1.1.2.2.3.1.1.6,IPS flooring work,Tower 4,1st Floor,Finishing,Tower Finishing,Flooring,,17359980.0,2026-04-25,2026-05-04,,,2025-12-17,,0
1.1.1.2.2.3.1.1.7,Toilet dado work,Tower 4,1st Floor,Finishing,Tower Finishing,Flooring,,46125420.0,2027-03-06,2027-03-14,,,2025-12-17,,0
1.1.1.2.2.3.1.1.8,Toilet flooring work,Tower 4,1st Floor,Finishing,Tower Finishing,Flooring,,9217230.0,2027-03-14,2027-03-21,,,2025-12-25,,0
1.1.1.2.2.3.1.1.9,Living dinning flooring,Tower 4,1st Floor,Finishing,Tower Finishing,Flooring,,137481030.0,2027-03-21,2027-03-29,,,2026-01-01,,0
1.1.1.2.2.3.1.1.10,Aluminium door-window fixing,Tower 4,1st Floor,Finishing,Tower Finishing,Window,,107017500.0,2027-04-08,2027-04-20,,,2026-01-09,,0
1.1.1.2.2.3.1.1.11,Putty primer coat,Tower 4,1st Floor,Finishing,Tower Finishing,Paint,,11286000.0,2027-03-29,2027-04-04,,,2026-01-09,,0
1.1.1.2.2.3.1.1.12,Door shutter fixing,Tower 4,1st Floor,Finishing,Tower Finishing,Door,,59819600.0,2027-03-29,2027-04-06,,,2026-01-09,,0
1.1.1.2.2.3.1.1.13,Electrical wiring work,Tower 4,1st Floor,MEP,Tower MEP,Electrical,,55353906.2,2027-04-16,2027-04-28,,,2026-01-17,,0
1.1.1.2.2.3.1.1.14,Painting 1st coat,Tower 4,1st Floor,Finishing,Tower Finishing,Paint,,11286000.0,2027-04-28,2027-05-10,,,2026-01-29,,0
1.1.1.2.2.3.1.1.15,False ceiling,Tower 4,1st Floor,Finishing,Tower Finishing,False Ceiling,,27020000.0,2027-05-10,2027-05-20,,,2026-02-10,,0
1.1.1.2.2.3.1.2,2nd Floor,,,,,,,,2026-04-07,2027-06-01,,,2025-10-15,,
1.1.1.2.2.3.1.2.1,Block Work,Tower 4,2nd Floor,Finishing,Tower Civil Finishes,Blockwork,,33349204.0,2026-04-07,2026-04-17,,,2025-10-15,,0
1.1.1.2.2.3.1.2.2,Door Frame Fixing,Tower 4,2nd Floor,Finishing,Tower Finishing,Door,,0.0,2026-04-17,2026-04-25,,,2025-10-25,,0
1.1.1.2.2.3.1.2.3,Internal Plumbing Works,Tower 4,2nd Floor,MEP,Tower MEP,Plumbing,,25772456.0,2026-04-17,2026-04-27,,,2025-10-25,,0
1.1.1.2.2.3.1.2.4,Waterproofing,Tower 4,2nd Floor,Finishing,Tower Civil Finishes,Waterproofing,,29202420.0,2026-04-27,2026-05-05,,,2025-12-19,,0
1.1.1.2.2.3.1.2.5,Internal Plaster,Tower 4,2nd Floor,Finishing,Tower Civil Finishes,Int Plaster,,51753000.0,2026-04-25,2026-05-01,,,2025-12-17,,0
1.1.1.2.2.3.1.2.6,IPS flooring work,Tower 4,2nd Floor,Finishing,Tower Finishing,Flooring,,17359980.0,2026-05-05,2026-05-14,,,2025-12-27,,0
1.1.1.2.2.3.1.2.7,Toilet dado work,Tower 4,2nd Floor,Finishing,Tower Finishing,Flooring,,46125420.0,2027-03-14,2027-03-22,,,2025-12-27,,0
1.1.1.2.2.3.1.2.8,Toilet flooring work,Tower 4,2nd Floor,Finishing,Tower Finishing,Flooring,,9217230.0,2027-03-22,2027-03-29,,,2026-01-04,,0
1.1.1.2.2.3.1.2.9,Living dinning flooring,Tower 4,2nd Floor,Finishing,Tower Finishing,Flooring,,137481030.0,2027-03-29,2027-04-06,,,2026-01-09,,0
1.1.1.2.2.3.1.2.10,Aluminium door-window fixing,Tower 4,2nd Floor,Finishing,Tower Finishing,Window,,107017500.0,2027-04-20,2027-05-02,,,2026-01-21,,0
1.1.1.2.2.3.1.2.11,Putty primer coat,Tower 4,2nd Floor,Finishing,Tower Finishing,Paint,,11286000.0,2027-04-06,2027-04-12,,,2026-01-17,,0
1.1.1.2.2.3.1.2.12,Door shutter fixing,Tower 4,2nd Floor,Finishing,Tower Finishing,Door,,59819600.0,2027-04-06,2027-04-14,,,2026-01-17,,0
1.1.1.2.2.3.1.2.13,Electrical wiring work,Tower 4,2nd Floor,MEP,Tower MEP,Electrical,,55353906.0,2027-04-28,2027-05-10,,,2026-01-29,,0
1.1.1.2.2.3.1.2.14,Painting 1st coat,Tower 4,2nd Floor,Finishing,Tower Finishing,Paint,,11286000.0,2027-05-10,2027-05-22,,,2026-02-10,,0
1.1.1.2.2.3.1.2.15,False ceiling,Tower 4,2nd Floor,Finishing,Tower Finishing,False Ceiling,,27020000.0,2027-05-22,2027-06-01,,,2026-02-22,,0
1.1.1.2.2.3.1.3,3rd Floor,,,,,,,,2026-04-17,2027-06-13,,,2025-10-25,,
1.1.1.2.2.3.1.3.1,Block Work,Tower 4,3rd Floor,Finishing,Tower Civil Finishes,Blockwork,,33349204.0,2026-04-17,2026-04-27,,,2025-10-25,,0
1.1.1.2.2.3.1.3.2,Door Frame Fixing,Tower 4,3rd Floor,Finishing,Tower Finishing,Door,,0.0,2026-04-27,2026-05-05,,,2025-12-19,,0
1.1.1.2.2.3.1.3.3,Internal Plumbing Works,Tower 4,3rd Floor,MEP,Tower MEP,Plumbing,,25772456.0,2026-04-27,2026-05-07,,,2025-12-19,,0
1.1.1.2.2.3.1.3.4,Waterproofing,Tower 4,3rd Floor,Finishing,Tower Civil Finishes,Waterproofing,,29202420.0,2026-05-07,2026-05-15,,,2025-12-29,,0
1.1.1.2.2.3.1.3.5,Internal Plaster,Tower 4,3rd Floor,Finishing,Tower Civil Finishes,Int Plaster,,51753000.0,2026-05-05,2026-05-11,,,2025-12-27,,0
1.1.1.2.2.3.1.3.6,IPS flooring work,Tower 4,3rd Floor,Finishing,Tower Finishing,Flooring,,17359980.0,2026-05-15,2026-05-24,,,2026-01-06,,0
1.1.1.2.2.3.1.3.7,Toilet dado work,Tower 4,3rd Floor,Finishing,Tower Finishing,Flooring,,46125420.0,2027-03-22,2027-03-30,,,2026-01-06,,0
1.1.1.2.2.3.1.3.8,Toilet flooring work,Tower 4,3rd Floor,Finishing,Tower Finishing,Flooring,,9217230.0,2027-03-30,2027-04-06,,,2026-01-14,,0
1.1.1.2.2.3.1.3.9,Living dinning flooring,Tower 4,3rd Floor,Finishing,Tower Finishing,Flooring,,137481030.0,2027-04-06,2027-04-14,,,2026-01-17,,0
1.1.1.2.2.3.1.3.10,Aluminium door-window fixing,Tower 4,3rd Floor,Finishing,Tower Finishing,Window,,107017500.0,2027-05-02,2027-05-14,,,2026-02-02,,0
1.1.1.2.2.3.1.3.11,Putty primer coat,Tower 4,3rd Floor,Finishing,Tower Finishing,Paint,,11286000.0,2027-04-14,2027-04-20,,,2026-01-25,,0
1.1.1.2.2.3.1.3.12,Door shutter fixing,Tower 4,3rd Floor,Finishing,Tower Finishing,Door,,59819600.0,2027-04-14,2027-04-22,,,2026-01-25,,0
1.1.1.2.2.3.1.3.13,Electrical wiring work,Tower 4,3rd Floor,MEP,Tower MEP,Electrical,,55353906.0,2027-05-10,2027-05-22,,,2026-02-10,,0
1.1.1.2.2.3.1.3.14,Painting 1st coat,Tower 4,3rd Floor,Finishing,Tower Finishing,Paint,,11286000.0,2027-05-22,2027-06-03,,,2026-02-22,,0
1.1.1.2.2.3.1.3.15,False ceiling,Tower 4,3rd Floor,Finishing,Tower Finishing,False Ceiling,,27020000.0,2027-06-03,2027-06-13,,,2026-03-06,,0
1.1.1.2.2.3.1.4,4th Floor,,,,,,,,2026-04-27,2027-06-25,,,2025-12-19,,
1.1.1.2.2.3.1.4.1,Block Work,Tower 4,4th Floor,Finishing,Tower Civil Finishes,Blockwork,,33349204.0,2026-04-27,2026-05-05,,,2025-12-19,,0
1.1.1.2.2.3.1.4.2,Door Frame Fixing,Tower 4,4th Floor,Finishing,Tower Finishing,Door,,0.0,2026-05-05,2026-05-13,,,2025-12-27,,0
1.1.1.2.2.3.1.4.3,Internal Plumbing Works,Tower 4,4th Floor,MEP,Tower MEP,Plumbing,,25772456.0,2026-05-07,2026-05-17,,,2025-12-29,,0
1.1.1.2.2.3.1.4.4,Waterproofing,Tower 4,4th Floor,Finishing,Tower Civil Finishes,Waterproofing,,29202420.0,2026-05-17,2026-05-25,,,2026-01-08,,0
1.1.1.2.2.3.1.4.5,Internal Plaster,Tower 4,4th Floor,Finishing,Tower Civil Finishes,Int Plaster,,51753000.0,2026-05-14,2026-05-20,,,2026-01-05,,0
1.1.1.2.2.3.1.4.6,IPS flooring work,Tower 4,4th Floor,Finishing,Tower Finishing,Flooring,,17359980.0,2026-05-25,2026-06-03,,,2026-01-16,,0
1.1.1.2.2.3.1.4.7,Toilet dado work,Tower 4,4th Floor,Finishing,Tower Finishing,Flooring,,46125420.0,2027-03-30,2027-04-07,,,2026-01-16,,0
1.1.1.2.2.3.1.4.8,Toilet flooring work,Tower 4,4th Floor,Finishing,Tower Finishing,Flooring,,9217230.0,2027-04-07,2027-04-14,,,2026-01-24,,0
1.1.1.2.2.3.1.4.9,Living dinning flooring,Tower 4,4th Floor,Finishing,Tower Finishing,Flooring,,137481030.0,2027-04-14,2027-04-22,,,2026-01-25,,0
1.1.1.2.2.3.1.4.10,Aluminium door-window fixing,Tower 4,4th Floor,Finishing,Tower Finishing,Window,,107017500.0,2027-05-14,2027-05-26,,,2026-02-14,,0
1.1.1.2.2.3.1.4.11,Putty primer coat,Tower 4,4th Floor,Finishing,Tower Finishing,Paint,,11286000.0,2027-04-22,2027-04-28,,,2026-02-02,,0
1.1.1.2.2.3.1.4.12,Door shutter fixing,Tower 4,4th Floor,Finishing,Tower Finishing,Door,,59819600.0,2027-04-22,2027-04-30,,,2026-02-02,,0
1.1.1.2.2.3.1.4.13,Electrical wiring work,Tower 4,4th Floor,MEP,Tower MEP,Electrical,,55353906.0,2027-05-22,2027-06-03,,,2026-02-22,,0
1.1.1.2.2.3.1.4.14,Painting 1st coat,Tower 4,4th Floor,Finishing,Tower Finishing,Paint,,11286000.0,2027-06-03,2027-06-15,,,2026-03-06,,0
1.1.1.2.2.3.1.4.15,False ceiling,Tower 4,4th Floor,Finishing,Tower Finishing,False Ceiling,,27020000.0,2027-06-15,2027-06-25,,,2026-03-18,,0
1.1.1.2.2.3.1.5,5th Floor,,,,,,,,2026-05-06,2027-07-10,,,2025-12-28,,
1.1.1.2.2.3.1.5.1,Block Work,Tower 4,5th Floor,Finishing,Tower Civil Finishes,Blockwork,,33349204.0,2026-05-06,2026-05-14,,,2025-12-28,,0
1.1.1.2.2.3.1.5.2,Door Frame Fixing,Tower 4,5th Floor,Finishing,Tower Finishing,Door,,0.0,2026-05-14,2026-05-22,,,2026-01-05,,0
1.1.1.2.2.3.1.5.3,Internal Plumbing Works,Tower 4,5th Floor,MEP,Tower MEP,Plumbing,,25772456.0,2026-05-17,2026-05-27,,,2026-01-08,,0
1.1.1.2.2.3.1.5.4,Waterproofing,Tower 4,5th Floor,Finishing,Tower Civil Finishes,Waterproofing,,29202420.0,2026-05-27,2026-06-04,,,2026-01-18,,0
1.1.1.2.2.3.1.5.5,Internal Plaster,Tower 4,5th Floor,Finishing,Tower Civil Finishes,Int Plaster,,51753000.0,2026-05-22,2026-05-28,,,2026-01-13,,0
1.1.1.2.2.3.1.5.6,IPS flooring work,Tower 4,5th Floor,Finishing,Tower Finishing,Flooring,,17359980.0,2026-06-04,2026-06-13,,,2026-01-26,,0
1.1.1.2.2.3.1.5.7,Toilet dado work,Tower 4,5th Floor,Finishing,Tower Finishing,Flooring,,46125420.0,2027-04-07,2027-04-15,,,2026-01-26,,0
1.1.1.2.2.3.1.5.8,Toilet flooring work,Tower 4,5th Floor,Finishing,Tower Finishing,Flooring,,9217230.0,2027-04-15,2027-04-22,,,2026-02-03,,0
1.1.1.2.2.3.1.5.9,Living dinning flooring,Tower 4,5th Floor,Finishing,Tower Finishing,Flooring,,137481030.0,2027-04-23,2027-05-01,,,2026-02-03,,0
1.1.1.2.2.3.1.5.10,Aluminium door-window fixing,Tower 4,5th Floor,Finishing,Tower Finishing,Window,,107017500.0,2027-05-27,2027-06-08,,,2026-02-27,,0
1.1.1.2.2.3.1.5.11,Putty primer coat,Tower 4,5th Floor,Finishing,Tower Finishing,Paint,,11286000.0,2027-05-01,2027-05-07,,,2026-02-11,,0
1.1.1.2.2.3.1.5.12,Door shutter fixing,Tower 4,5th Floor,Finishing,Tower Finishing,Door,,59819600.0,2027-05-01,2027-05-09,,,2026-02-11,,0
1.1.1.2.2.3.1.5.13,Electrical wiring work,Tower 4,5th Floor,MEP,Tower MEP,Electrical,,55353906.0,2027-06-03,2027-06-15,,,2026-03-06,,0
1.1.1.2.2.3.1.5.14,Painting 1st coat,Tower 4,5th Floor,Finishing,Tower Finishing,Paint,,11286000.0,2027-06-15,2027-06-30,,,2026-03-18,,0
1.1.1.2.2.3.1.5.15,False ceiling,Tower 4,5th Floor,Finishing,Tower Finishing,False Ceiling,,27020000.0,2027-06-30,2027-07-10,,,2026-04-02,,0
1.1.1.2.2.3.1.6,6th Floor,,,,,,,,2026-05-14,2027-07-22,,,2026-01-05,,
1.1.1.2.2.3.1.6.1,Block Work,Tower 4,6th Floor,Finishing,Tower Civil Finishes,Blockwork,,33349204.0,2026-05-14,2026-05-22,,,2026-01-05,,0
1.1.1.2.2.3.1.6.2,Door Frame Fixing,Tower 4,6th Floor,Finishing,Tower Finishing,Door,,0.0,2026-05-22,2026-05-30,,,2026-01-13,,0
1.1.1.2.2.3.1.6.3,Internal Plumbing Works,Tower 4,6th Floor,MEP,Tower MEP,Plumbing,,25772456.0,2026-05-27,2026-06-06,,,2026-01-18,,0
1.1.1.2.2.3.1.6.4,Waterproofing,Tower 4,6th Floor,Finishing,Tower Civil Finishes,Waterproofing,,29202420.0,2026-06-06,2026-06-14,,,2026-01-28,,0
1.1.1.2.2.3.1.6.5,Internal Plaster,Tower 4,6th Floor,Finishing,Tower Civil Finishes,Int Plaster,,51753000.0,2026-06-14,2026-06-20,,,2026-02-05,,0
1.1.1.2.2.3.1.6.6,IPS flooring work,Tower 4,6th Floor,Finishing,Tower Finishing,Flooring,,17359980.0,2026-06-20,2026-06-29,,,2026-02-11,,0
1.1.1.2.2.3.1.6.7,Toilet dado work,Tower 4,6th Floor,Finishing,Tower Finishing,Flooring,,46125420.0,2027-04-15,2027-04-23,,,2026-02-11,,0
1.1.1.2.2.3.1.6.8,Toilet flooring work,Tower 4,6th Floor,Finishing,Tower Finishing,Flooring,,9217230.0,2027-04-23,2027-04-30,,,2026-02-19,,0
1.1.1.2.2.3.1.6.9,Living dinning flooring,Tower 4,6th Floor,Finishing,Tower Finishing,Flooring,,137481030.0,2027-05-01,2027-05-09,,,2026-02-11,,0
1.1.1.2.2.3.1.6.10,Aluminium door-window fixing,Tower 4,6th Floor,Finishing,Tower Finishing,Window,,107017500.0,2027-06-08,2027-06-20,,,2026-03-11,,0
1.1.1.2.2.3.1.6.11,Putty primer coat,Tower 4,6th Floor,Finishing,Tower Finishing,Paint,,11286000.0,2027-05-09,2027-05-15,,,2026-02-19,,0
1.1.1.2.2.3.1.6.12,Door shutter fixing,Tower 4,6th Floor,Finishing,Tower Finishing,Door,,59819600.0,2027-05-09,2027-05-17,,,2026-02-19,,0
1.1.1.2.2.3.1.6.13,Electrical wiring work,Tower 4,6th Floor,MEP,Tower MEP,Electrical,,55353906.0,2027-06-15,2027-06-27,,,2026-03-18,,0
1.1.1.2.2.3.1.6.14,Painting 1st coat,Tower 4,6th Floor,Finishing,Tower Finishing,Paint,,11286000.0,2027-06-30,2027-07-12,,,2026-04-02,,0
1.1.1.2.2.3.1.6.15,False ceiling,Tower 4,6th Floor,Finishing,Tower Finishing,False Ceiling,,27020000.0,2027-07-12,2027-07-22,,,2026-04-14,,0
1.1.1.2.2.3.1.7,7th Floor,,,,,,,,2026-05-22,2027-08-03,,,2026-01-13,,
1.1.1.2.2.3.1.7.1,Block Work,Tower 4,7th Floor,Finishing,Tower Civil Finishes,Blockwork,,33349204.0,2026-05-22,2026-05-30,,,2026-01-13,,0
1.1.1.2.2.3.1.7.2,Door Frame Fixing,Tower 4,7th Floor,Finishing,Tower Finishing,Door,,0.0,2026-05-30,2026-06-07,,,2026-01-21,,0
1.1.1.2.2.3.1.7.3,Internal Plumbing Works,Tower 4,7th Floor,MEP,Tower MEP,Plumbing,,25772456.0,2026-06-06,2026-06-16,,,2026-01-28,,0
1.1.1.2.2.3.1.7.4,Waterproofing,Tower 4,7th Floor,Finishing,Tower Civil Finishes,Waterproofing,,29202420.0,2026-06-16,2026-06-24,,,2026-02-07,,0
1.1.1.2.2.3.1.7.5,Internal Plaster,Tower 4,7th Floor,Finishing,Tower Civil Finishes,Int Plaster,,51753000.0,2026-06-24,2026-06-30,,,2026-02-15,,0
1.1.1.2.2.3.1.7.6,IPS flooring work,Tower 4,7th Floor,Finishing,Tower Finishing,Flooring,,17359980.0,2026-06-30,2026-07-09,,,2026-02-21,,0
1.1.1.2.2.3.1.7.7,Toilet dado work,Tower 4,7th Floor,Finishing,Tower Finishing,Flooring,,46125420.0,2027-04-23,2027-05-01,,,2026-02-21,,0
1.1.1.2.2.3.1.7.8,Toilet flooring work,Tower 4,7th Floor,Finishing,Tower Finishing,Flooring,,9217230.0,2027-05-01,2027-05-08,,,2026-03-01,,0
1.1.1.2.2.3.1.7.9,Living dinning flooring,Tower 4,7th Floor,Finishing,Tower Finishing,Flooring,,137481030.0,2027-05-09,2027-05-17,,,2026-02-19,,0
1.1.1.2.2.3.1.7.10,Aluminium door-window fixing,Tower 4,7th Floor,Finishing,Tower Finishing,Window,,107017500.0,2027-06-20,2027-06-28,,,2026-03-23,,0
1.1.1.2.2.3.1.7.11,Putty primer coat,Tower 4,7th Floor,Finishing,Tower Finishing,Paint,,11286000.0,2027-05-17,2027-05-23,,,2026-02-27,,0
1.1.1.2.2.3.1.7.12,Door shutter fixing,Tower 4,7th Floor,Finishing,Tower Finishing,Door,,59819600.0,2027-05-17,2027-05-25,,,2026-02-27,,0
1.1.1.2.2.3.1.7.13,Electrical wiring work,Tower 4,7th Floor,MEP,Tower MEP,Electrical,,55353906.0,2027-06-27,2027-07-09,,,2026-03-30,,0
1.1.1.2.2.3.1.7.14,Painting 1st coat,Tower 4,7th Floor,Finishing,Tower Finishing,Paint,,11286000.0,2027-07-12,2027-07-24,,,2026-04-14,,0
1.1.1.2.2.3.1.7.15,False ceiling,Tower 4,7th Floor,Finishing,Tower Finishing,False Ceiling,,27020000.0,2027-07-24,2027-08-03,,,2026-04-26,,0
1.1.1.2.2.3.1.8,8th Floor,,,,,,,,2026-05-30,2027-08-15,,,2026-01-21,,
1.1.1.2.2.3.1.8.1,Block Work,Tower 4,8th Floor,Finishing,Tower Civil Finishes,Blockwork,,33349204.0,2026-05-30,2026-06-07,,,2026-01-21,,0
1.1.1.2.2.3.1.8.2,Door Frame Fixing,Tower 4,8th Floor,Finishing,Tower Finishing,Door,,0.0,2026-06-07,2026-06-15,,,2026-01-29,,0
1.1.1.2.2.3.1.8.3,Internal Plumbing Works,Tower 4,8th Floor,MEP,Tower MEP,Plumbing,,25772456.0,2026-06-16,2026-06-26,,,2026-02-07,,0
1.1.1.2.2.3.1.8.4,Waterproofing,Tower 4,8th Floor,Finishing,Tower Civil Finishes,Waterproofing,,29202420.0,2026-06-26,2026-07-04,,,2026-02-17,,0
1.1.1.2.2.3.1.8.5,Internal Plaster,Tower 4,8th Floor,Finishing,Tower Civil Finishes,Int Plaster,,51753000.0,2026-07-01,2026-07-07,,,2026-02-22,,0
1.1.1.2.2.3.1.8.6,IPS flooring work,Tower 4,8th Floor,Finishing,Tower Finishing,Flooring,,17359980.0,2026-07-09,2026-07-18,,,2026-03-02,,0
1.1.1.2.2.3.1.8.7,Toilet dado work,Tower 4,8th Floor,Finishing,Tower Finishing,Flooring,,46125420.0,2027-05-01,2027-05-09,,,2026-03-01,,0
1.1.1.2.2.3.1.8.8,Toilet flooring work,Tower 4,8th Floor,Finishing,Tower Finishing,Flooring,,9217230.0,2027-05-09,2027-05-16,,,2026-03-09,,0
1.1.1.2.2.3.1.8.9,Living dinning flooring,Tower 4,8th Floor,Finishing,Tower Finishing,Flooring,,137481030.0,2027-05-17,2027-05-25,,,2026-02-27,,0
1.1.1.2.2.3.1.8.10,Aluminium door-window fixing,Tower 4,8th Floor,Finishing,Tower Finishing,Window,,107017500.0,2027-06-28,2027-07-10,,,2026-03-31,,0
1.1.1.2.2.3.1.8.11,Putty primer coat,Tower 4,8th Floor,Finishing,Tower Finishing,Paint,,11286000.0,2027-05-25,2027-05-31,,,2026-03-07,,0
1.1.1.2.2.3.1.8.12,Door shutter fixing,Tower 4,8th Floor,Finishing,Tower Finishing,Door,,59819600.0,2027-05-25,2027-06-02,,,2026-03-07,,0
1.1.1.2.2.3.1.8.13,Electrical wiring work,Tower 4,8th Floor,MEP,Tower MEP,Electrical,,55353906.0,2027-07-09,2027-07-21,,,2026-04-11,,0
1.1.1.2.2.3.1.8.14,Painting 1st coat,Tower 4,8th Floor,Finishing,Tower Finishing,Paint,,11286000.0,2027-07-24,2027-08-05,,,2026-04-26,,0
1.1.1.2.2.3.1.8.15,False ceiling,Tower 4,8th Floor,Finishing,Tower Finishing,False Ceiling,,27020000.0,2027-08-05,2027-08-15,,,2026-05-08,,0
1.1.1.2.2.3.1.9,9th Floor,,,,,,,,2026-06-07,2027-08-27,,,2026-01-30,,
1.1.1.2.2.3.1.9.1,Block Work,Tower 4,9th Floor,Finishing,Tower Civil Finishes,Blockwork,,33349204.0,2026-06-07,2026-06-15,,,2026-01-30,,0
1.1.1.2.2.3.1.9.2,Door Frame Fixing,Tower 4,9th Floor,Finishing,Tower Finishing,Door,,0.0,2026-06-15,2026-06-23,,,2026-02-07,,0
1.1.1.2.2.3.1.9.3,Internal Plumbing Works,Tower 4,9th Floor,MEP,Tower MEP,Plumbing,,25772456.0,2026-06-26,2026-07-06,,,2026-02-17,,0
1.1.1.2.2.3.1.9.4,Waterproofing,Tower 4,9th Floor,Finishing,Tower Civil Finishes,Waterproofing,,29202420.0,2026-07-06,2026-07-14,,,2026-02-27,,0
1.1.1.2.2.3.1.9.5,Internal Plaster,Tower 4,9th Floor,Finishing,Tower Civil Finishes,Int Plaster,,51753000.0,2026-07-07,2026-07-13,,,2026-02-28,,0
1.1.1.2.2.3.1.9.6,IPS flooring work,Tower 4,9th Floor,Finishing,Tower Finishing,Flooring,,17359980.0,2026-07-18,2026-07-27,,,2026-03-11,,0
1.1.1.2.2.3.1.9.7,Toilet dado work,Tower 4,9th Floor,Finishing,Tower Finishing,Flooring,,46125420.0,2027-05-09,2027-05-17,,,2026-03-09,,0
1.1.1.2.2.3.1.9.8,Toilet flooring work,Tower 4,9th Floor,Finishing,Tower Finishing,Flooring,,9217230.0,2027-05-17,2027-05-24,,,2026-03-17,,0
1.1.1.2.2.3.1.9.9,Living dinning flooring,Tower 4,9th Floor,Finishing,Tower Finishing,Flooring,,137481030.0,2027-05-25,2027-06-02,,,2026-03-08,,0
1.1.1.2.2.3.1.9.10,Aluminium door-window fixing,Tower 4,9th Floor,Finishing,Tower Finishing,Window,,107017500.0,2027-07-10,2027-07-22,,,2026-04-13,,0
1.1.1.2.2.3.1.9.11,Putty primer coat,Tower 4,9th Floor,Finishing,Tower Finishing,Paint,,11286000.0,2027-06-02,2027-06-08,,,2026-03-16,,0
1.1.1.2.2.3.1.9.12,Door shutter fixing,Tower 4,9th Floor,Finishing,Tower Finishing,Door,,59819600.0,2027-06-02,2027-06-10,,,2026-03-16,,0
1.1.1.2.2.3.1.9.13,Electrical wiring work,Tower 4,9th Floor,MEP,Tower MEP,Electrical,,55353906.0,2027-07-21,2027-08-02,,,2026-04-23,,0
1.1.1.2.2.3.1.9.14,Painting 1st coat,Tower 4,9th Floor,Finishing,Tower Finishing,Paint,,11286000.0,2027-08-05,2027-08-17,,,2026-05-08,,0
1.1.1.2.2.3.1.9.15,False ceiling,Tower 4,9th Floor,Finishing,Tower Finishing,False Ceiling,,27020000.0,2027-08-17,2027-08-27,,,2026-05-20,,0
1.1.1.2.2.3.1.10,10th Floor,,,,,,,,2026-06-16,2027-09-08,,,2026-02-07,,
1.1.1.2.2.3.1.10.1,Block Work,Tower 4,10th Floor,Finishing,Tower Civil Finishes,Blockwork,,33349204.0,2026-06-16,2026-06-24,,,2026-02-07,,0
1.1.1.2.2.3.1.10.2,Door Frame Fixing,Tower 4,10th Floor,Finishing,Tower Finishing,Door,,0.0,2026-06-24,2026-07-02,,,2026-02-15,,0
1.1.1.2.2.3.1.10.3,Internal Plumbing Works,Tower 4,10th Floor,MEP,Tower MEP,Plumbing,,25772456.0,2026-07-06,2026-07-16,,,2026-02-27,,0
1.1.1.2.2.3.1.10.4,Waterproofing,Tower 4,10th Floor,Finishing,Tower Civil Finishes,Waterproofing,,29202420.0,2026-07-16,2026-07-24,,,2026-03-09,,0
1.1.1.2.2.3.1.10.5,Internal Plaster,Tower 4,10th Floor,Finishing,Tower Civil Finishes,Int Plaster,,51753000.0,2026-07-13,2026-07-19,,,2026-03-06,,0
1.1.1.2.2.3.1.10.6,IPS flooring work,Tower 4,10th Floor,Finishing,Tower Finishing,Flooring,,17359980.0,2026-07-27,2026-08-05,,,2026-03-20,,0
1.1.1.2.2.3.1.10.7,Toilet dado work,Tower 4,10th Floor,Finishing,Tower Finishing,Flooring,,46125420.0,2027-05-17,2027-05-25,,,2026-03-17,,0
1.1.1.2.2.3.1.10.8,Toilet flooring work,Tower 4,10th Floor,Finishing,Tower Finishing,Flooring,,9217230.0,2027-05-25,2027-06-01,,,2026-03-25,,0
1.1.1.2.2.3.1.10.9,Living dinning flooring,Tower 4,10th Floor,Finishing,Tower Finishing,Flooring,,137481030.0,2027-06-03,2027-06-11,,,2026-03-16,,0
1.1.1.2.2.3.1.10.10,Aluminium door-window fixing,Tower 4,10th Floor,Finishing,Tower Finishing,Window,,107017500.0,2027-07-23,2027-08-04,,,2026-04-25,,0
1.1.1.2.2.3.1.10.11,Putty primer coat,Tower 4,10th Floor,Finishing,Tower Finishing,Paint,,11286000.0,2027-06-11,2027-06-17,,,2026-03-24,,0
1.1.1.2.2.3.1.10.12,Door shutter fixing,Tower 4,10th Floor,Finishing,Tower Finishing,Door,,59819600.0,2027-06-11,2027-06-19,,,2026-03-24,,0
1.1.1.2.2.3.1.10.13,Electrical wiring work,Tower 4,10th Floor,MEP,Tower MEP,Electrical,,55353906.0,2027-08-02,2027-08-14,,,2026-05-05,,0
1.1.1.2.2.3.1.10.14,Painting 1st coat,Tower 4,10th Floor,Finishing,Tower Finishing,Paint,,11286000.0,2027-08-17,2027-08-29,,,2026-05-20,,0
1.1.1.2.2.3.1.10.15,False ceiling,Tower 4,10th Floor,Finishing,Tower Finishing,False Ceiling,,27020000.0,2027-08-29,2027-09-08,,,2026-06-01,,0
1.1.1.2.2.3.1.11,11th Floor,,,,,,,,2026-06-24,2027-09-20,,,2026-02-15,,
1.1.1.2.2.3.1.11.1,Block Work,Tower 4,11th Floor,Finishing,Tower Civil Finishes,Blockwork,,33349204.0,2026-06-24,2026-07-02,,,2026-02-15,,0
1.1.1.2.2.3.1.11.2,Door Frame Fixing,Tower 4,11th Floor,Finishing,Tower Finishing,Door,,0.0,2026-07-02,2026-07-10,,,2026-02-23,,0
1.1.1.2.2.3.1.11.3,Internal Plumbing Works,Tower 4,11th Floor,MEP,Tower MEP,Plumbing,,25772456.0,2026-07-16,2026-07-26,,,2026-03-09,,0
1.1.1.2.2.3.1.11.4,Waterproofing,Tower 4,11th Floor,Finishing,Tower Civil Finishes,Waterproofing,,29202420.0,2026-07-26,2026-08-03,,,2026-03-19,,0
1.1.1.2.2.3.1.11.5,Internal Plaster,Tower 4,11th Floor,Finishing,Tower Civil Finishes,Int Plaster,,51753000.0,2026-07-19,2026-07-25,,,2026-03-12,,0
1.1.1.2.2.3.1.11.6,IPS flooring work,Tower 4,11th Floor,Finishing,Tower Finishing,Flooring,,17359980.0,2026-08-05,2026-08-14,,,2026-03-29,,0
1.1.1.2.2.3.1.11.7,Toilet dado work,Tower 4,11th Floor,Finishing,Tower Finishing,Flooring,,46125420.0,2027-05-25,2027-06-02,,,2026-03-27,,0
1.1.1.2.2.3.1.11.8,Toilet flooring work,Tower 4,11th Floor,Finishing,Tower Finishing,Flooring,,9217230.0,2027-06-02,2027-06-09,,,2026-04-04,,0
1.1.1.2.2.3.1.11.9,Living dinning flooring,Tower 4,11th Floor,Finishing,Tower Finishing,Flooring,,137481030.0,2027-06-11,2027-06-19,,,2026-03-24,,0
1.1.1.2.2.3.1.11.10,Aluminium door-window fixing,Tower 4,11th Floor,Finishing,Tower Finishing,Window,,107017500.0,2027-08-04,2027-08-16,,,2026-05-07,,0
1.1.1.2.2.3.1.11.11,Putty primer coat,Tower 4,11th Floor,Finishing,Tower Finishing,Paint,,11286000.0,2027-06-19,2027-06-25,,,2026-04-01,,0
1.1.1.2.2.3.1.11.12,Door shutter fixing,Tower 4,11th Floor,Finishing,Tower Finishing,Door,,59819600.0,2027-06-19,2027-06-27,,,2026-04-01,,0
1.1.1.2.2.3.1.11.13,Electrical wiring work,Tower 4,11th Floor,MEP,Tower MEP,Electrical,,55353906.0,2027-08-14,2027-08-26,,,2026-05-17,,0
1.1.1.2.2.3.1.11.14,Painting 1st coat,Tower 4,11th Floor,Finishing,Tower Finishing,Paint,,11286000.0,2027-08-29,2027-09-10,,,2026-06-01,,0
1.1.1.2.2.3.1.11.15,False ceiling,Tower 4,11th Floor,Finishing,Tower Finishing,False Ceiling,,27020000.0,2027-09-10,2027-09-20,,,2026-06-13,,0
1.1.1.2.2.3.1.12,12th Floor,,,,,,,,2026-07-02,2027-10-02,,,2026-02-23,,
1.1.1.2.2.3.1.12.1,Block Work,Tower 4,12th Floor,Finishing,Tower Civil Finishes,Blockwork,,33349204.0,2026-07-02,2026-07-10,,,2026-02-23,,0
1.1.1.2.2.3.1.12.2,Door Frame Fixing,Tower 4,12th Floor,Finishing,Tower Finishing,Door,,0.0,2026-07-10,2026-07-18,,,2026-03-03,,0
1.1.1.2.2.3.1.12.3,Internal Plumbing Works,Tower 4,12th Floor,MEP,Tower MEP,Plumbing,,25772456.0,2026-07-26,2026-08-05,,,2026-03-19,,0
1.1.1.2.2.3.1.12.4,Waterproofing,Tower 4,12th Floor,Finishing,Tower Civil Finishes,Waterproofing,,29202420.0,2026-08-05,2026-08-13,,,2026-03-29,,0
1.1.1.2.2.3.1.12.5,Internal Plaster,Tower 4,12th Floor,Finishing,Tower Civil Finishes,Int Plaster,,51753000.0,2026-07-25,2026-07-29,,,2026-03-19,,0
1.1.1.2.2.3.1.12.6,IPS flooring work,Tower 4,12th Floor,Finishing,Tower Finishing,Flooring,,17359980.0,2026-08-14,2026-08-23,,,2026-04-07,,0
1.1.1.2.2.3.1.12.7,Toilet dado work,Tower 4,12th Floor,Finishing,Tower Finishing,Flooring,,46125420.0,2027-06-02,2027-06-10,,,2026-04-06,,0
1.1.1.2.2.3.1.12.8,Toilet flooring work,Tower 4,12th Floor,Finishing,Tower Finishing,Flooring,,9217230.0,2027-06-10,2027-06-17,,,2026-04-14,,0
1.1.1.2.2.3.1.12.9,Living dinning flooring,Tower 4,12th Floor,Finishing,Tower Finishing,Flooring,,137481030.0,2027-06-19,2027-06-27,,,2026-04-01,,0
1.1.1.2.2.3.1.12.10,Aluminium door-window fixing,Tower 4,12th Floor,Finishing,Tower Finishing,Window,,107017500.0,2027-08-16,2027-08-28,,,2026-05-19,,0
1.1.1.2.2.3.1.12.11,Putty primer coat,Tower 4,12th Floor,Finishing,Tower Finishing,Paint,,11286000.0,2027-06-27,2027-07-03,,,2026-04-09,,0
1.1.1.2.2.3.1.12.12,Door shutter fixing,Tower 4,12th Floor,Finishing,Tower Finishing,Door,,59819600.0,2027-06-27,2027-07-05,,,2026-04-09,,0
1.1.1.2.2.3.1.12.13,Electrical wiring work,Tower 4,12th Floor,MEP,Tower MEP,Electrical,,55353906.0,2027-08-26,2027-09-07,,,2026-05-29,,0
1.1.1.2.2.3.1.12.14,Painting 1st coat,Tower 4,12th Floor,Finishing,Tower Finishing,Paint,,11286000.0,2027-09-10,2027-09-22,,,2026-06-13,,0
1.1.1.2.2.3.1.12.15,False ceiling,Tower 4,12th Floor,Finishing,Tower Finishing,False Ceiling,,27020000.0,2027-09-22,2027-10-02,,,2026-06-25,,0
1.1.1.2.2.3.1.13,13th Floor,,,,,,,,2026-07-10,2027-10-14,,,2026-03-03,,
1.1.1.2.2.3.1.13.1,Block Work,Tower 4,13th Floor,Finishing,Tower Civil Finishes,Blockwork,,33349204.0,2026-07-10,2026-07-18,,,2026-03-03,,0
1.1.1.2.2.3.1.13.2,Door Frame Fixing,Tower 4,13th Floor,Finishing,Tower Finishing,Door,,0.0,2026-07-18,2026-07-26,,,2026-03-11,,0
1.1.1.2.2.3.1.13.3,Internal Plumbing Works,Tower 4,13th Floor,MEP,Tower MEP,Plumbing,,25772456.0,2026-08-05,2026-08-15,,,2026-03-29,,0
1.1.1.2.2.3.1.13.4,Waterproofing,Tower 4,13th Floor,Finishing,Tower Civil Finishes,Waterproofing,,29202420.0,2026-08-15,2026-08-23,,,2026-04-08,,0
1.1.1.2.2.3.1.13.5,Internal Plaster,Tower 4,13th Floor,Finishing,Tower Civil Finishes,Int Plaster,,51753000.0,2026-07-30,2026-08-03,,,2026-03-23,,0
1.1.1.2.2.3.1.13.6,IPS flooring work,Tower 4,13th Floor,Finishing,Tower Finishing,Flooring,,17359980.0,2026-08-23,2026-09-01,,,2026-04-16,,0
1.1.1.2.2.3.1.13.7,Toilet dado work,Tower 4,13th Floor,Finishing,Tower Finishing,Flooring,,46125420.0,2027-06-10,2027-06-18,,,2026-04-16,,0
1.1.1.2.2.3.1.13.8,Toilet flooring work,Tower 4,13th Floor,Finishing,Tower Finishing,Flooring,,9217230.0,2027-06-18,2027-06-25,,,2026-04-24,,0
1.1.1.2.2.3.1.13.9,Living dinning flooring,Tower 4,13th Floor,Finishing,Tower Finishing,Flooring,,137481030.0,2027-06-27,2027-07-05,,,2026-05-01,,0
1.1.1.2.2.3.1.13.10,Aluminium door-window fixing,Tower 4,13th Floor,Finishing,Tower Finishing,Window,,107017500.0,2027-08-28,2027-09-09,,,2026-05-31,,0
1.1.1.2.2.3.1.13.11,Putty primer coat,Tower 4,13th Floor,Finishing,Tower Finishing,Paint,,11286000.0,2027-07-05,2027-07-11,,,2026-05-09,,0
1.1.1.2.2.3.1.13.12,Door shutter fixing,Tower 4,13th Floor,Finishing,Tower Finishing,Door,,59819600.0,2027-07-05,2027-07-13,,,2026-05-09,,0
1.1.1.2.2.3.1.13.13,Electrical wiring work,Tower 4,13th Floor,MEP,Tower MEP,Electrical,,55353906.0,2027-09-07,2027-09-19,,,2026-06-10,,0
1.1.1.2.2.3.1.13.14,Painting 1st coat,Tower 4,13th Floor,Finishing,Tower Finishing,Paint,,11286000.0,2027-09-22,2027-10-04,,,2026-06-25,,0
1.1.1.2.2.3.1.13.15,False ceiling,Tower 4,13th Floor,Finishing,Tower Finishing,False Ceiling,,27020000.0,2027-10-04,2027-10-14,,,2026-07-07,,0
1.1.1.2.2.3.1.14,14th Floor,,,,,,,,2026-07-19,2027-10-26,,,2026-03-12,,
1.1.1.2.2.3.1.14.1,Block Work,Tower 4,14th Floor,Finishing,Tower Civil Finishes,Blockwork,,33349204.0,2026-07-19,2026-07-27,,,2026-03-12,,0
1.1.1.2.2.3.1.14.2,Door Frame Fixing,Tower 4,14th Floor,Finishing,Tower Finishing,Door,,0.0,2026-07-27,2026-08-04,,,2026-03-20,,0
1.1.1.2.2.3.1.14.3,Internal Plumbing Works,Tower 4,14th Floor,MEP,Tower MEP,Plumbing,,25772456.0,2026-08-15,2026-08-25,,,2026-04-08,,0
1.1.1.2.2.3.1.14.4,Waterproofing,Tower 4,14th Floor,Finishing,Tower Civil Finishes,Waterproofing,,29202420.0,2026-08-25,2026-09-02,,,2026-04-18,,0
1.1.1.2.2.3.1.14.5,Internal Plaster,Tower 4,14th Floor,Finishing,Tower Civil Finishes,Int Plaster,,51753000.0,2026-08-04,2026-08-08,,,2026-03-28,,0
1.1.1.2.2.3.1.14.6,IPS flooring work,Tower 4,14th Floor,Finishing,Tower Finishing,Flooring,,17359980.0,2026-09-02,2026-09-11,,,2026-04-26,,0
1.1.1.2.2.3.1.14.7,Toilet dado work,Tower 4,14th Floor,Finishing,Tower Finishing,Flooring,,46125420.0,2027-06-18,2027-06-26,,,2026-04-26,,0
1.1.1.2.2.3.1.14.8,Toilet flooring work,Tower 4,14th Floor,Finishing,Tower Finishing,Flooring,,9217230.0,2027-06-26,2027-07-03,,,2026-05-04,,0
1.1.1.2.2.3.1.14.9,Living dinning flooring,Tower 4,14th Floor,Finishing,Tower Finishing,Flooring,,137481030.0,2027-07-05,2027-07-13,,,2026-05-11,,0
1.1.1.2.2.3.1.14.10,Aluminium door-window fixing,Tower 4,14th Floor,Finishing,Tower Finishing,Window,,107017500.0,2027-09-09,2027-09-21,,,2026-06-12,,0
1.1.1.2.2.3.1.14.11,Putty primer coat,Tower 4,14th Floor,Finishing,Tower Finishing,Paint,,11286000.0,2027-07-13,2027-07-19,,,2026-05-19,,0
1.1.1.2.2.3.1.14.12,Door shutter fixing,Tower 4,14th Floor,Finishing,Tower Finishing,Door,,59819600.0,2027-07-13,2027-07-21,,,2026-05-19,,0
1.1.1.2.2.3.1.14.13,Electrical wiring work,Tower 4,14th Floor,MEP,Tower MEP,Electrical,,55353906.0,2027-09-19,2027-10-01,,,2026-06-22,,0
1.1.1.2.2.3.1.14.14,Painting 1st coat,Tower 4,14th Floor,Finishing,Tower Finishing,Paint,,11286000.0,2027-10-04,2027-10-16,,,2026-07-07,,0
1.1.1.2.2.3.1.14.15,False ceiling,Tower 4,14th Floor,Finishing,Tower Finishing,False Ceiling,,27020000.0,2027-10-16,2027-10-26,,,2026-07-19,,0
1.1.1.2.2.3.1.15,15th Floor,,,,,,,,2026-07-27,2027-12-22,,,2026-03-20,,
1.1.1.2.2.3.1.15.1,Block Work,Tower 4,15th Floor,Finishing,Tower Civil Finishes,Blockwork,,33349204.0,2026-07-27,2026-08-04,,,2026-03-20,,0
1.1.1.2.2.3.1.15.2,Door Frame Fixing,Tower 4,15th Floor,Finishing,Tower Finishing,Door,,0.0,2026-08-04,2026-08-09,,,2026-03-28,,0
1.1.1.2.2.3.1.15.3,Internal Plumbing Works,Tower 4,15th Floor,MEP,Tower MEP,Plumbing,,25772456.0,2026-08-25,2026-09-04,,,2026-04-18,,0
1.1.1.2.2.3.1.15.4,Waterproofing,Tower 4,15th Floor,Finishing,Tower Civil Finishes,Waterproofing,,29202420.0,2026-09-04,2026-09-12,,,2026-04-28,,0
1.1.1.2.2.3.1.15.5,Internal Plaster,Tower 4,15th Floor,Finishing,Tower Civil Finishes,Int Plaster,,51753000.0,2026-08-09,2026-08-15,,,2026-04-02,,0
1.1.1.2.2.3.1.15.6,IPS flooring work,Tower 4,15th Floor,Finishing,Tower Finishing,Flooring,,17359980.0,2026-09-12,2026-09-21,,,2026-05-06,,0
1.1.1.2.2.3.1.15.7,Toilet dado work,Tower 4,15th Floor,Finishing,Tower Finishing,Flooring,,46125420.0,2027-06-26,2027-07-04,,,2026-05-06,,0
1.1.1.2.2.3.1.15.8,Toilet flooring work,Tower 4,15th Floor,Finishing,Tower Finishing,Flooring,,9217230.0,2027-07-04,2027-07-11,,,2026-05-14,,0
1.1.1.2.2.3.1.15.9,Living dinning flooring,Tower 4,15th Floor,Finishing,Tower Finishing,Flooring,,137481030.0,2027-07-13,2027-07-21,,,2026-05-21,,0
1.1.1.2.2.3.1.15.10,Aluminium door-window fixing,Tower 4,15th Floor,Finishing,Tower Finishing,Window,,107017500.0,2027-09-21,2027-10-03,,,2026-06-24,,0
1.1.1.2.2.3.1.15.11,Putty primer coat,Tower 4,15th Floor,Finishing,Tower Finishing,Paint,,11286000.0,2027-07-21,2027-07-27,,,2026-05-29,,0
1.1.1.2.2.3.1.15.12,Door shutter fixing,Tower 4,15th Floor,Finishing,Tower Finishing,Door,,59819600.0,2027-07-21,2027-07-29,,,2026-05-29,,0
1.1.1.2.2.3.1.15.13,Electrical wiring work,Tower 4,15th Floor,MEP,Tower MEP,Electrical,,55353906.0,2027-10-01,2027-10-13,,,2026-07-04,,0
1.1.1.2.2.3.1.15.14,Painting 1st coat,Tower 4,15th Floor,Finishing,Tower Finishing,Paint,,11286000.0,2027-10-16,2027-10-28,,,2026-07-19,,0
1.1.1.2.2.3.1.15.15,False ceiling,Tower 4,15th Floor,Finishing,Tower Finishing,False Ceiling,,27020000.0,2027-10-28,2027-12-22,,,2026-07-31,,0
1.1.1.2.2.3.1.16,16th Floor,,,,,,,,2026-09-30,2028-01-03,,,2026-05-25,,
1.1.1.2.2.3.1.16.1,Block Work,Tower 4,16th Floor,Finishing,Tower Civil Finishes,Blockwork,,33349204.0,2026-09-30,2026-10-08,,,2026-05-25,,0
1.1.1.2.2.3.1.16.2,Door Frame Fixing,Tower 4,16th Floor,Finishing,Tower Finishing,Door,,0.0,2026-10-08,2026-10-17,,,2026-06-02,,0
1.1.1.2.2.3.1.16.3,Internal Plumbing Works,Tower 4,16th Floor,MEP,Tower MEP,Plumbing,,25772456.0,2026-10-08,2026-10-18,,,2026-06-02,,0
1.1.1.2.2.3.1.16.4,Waterproofing,Tower 4,16th Floor,Finishing,Tower Civil Finishes,Waterproofing,,29202420.0,2026-10-18,2026-10-30,,,2026-06-12,,0
1.1.1.2.2.3.1.16.5,Internal Plaster,Tower 4,16th Floor,Finishing,Tower Civil Finishes,Int Plaster,,51753000.0,2026-10-30,2026-12-23,,,2026-06-24,,0
1.1.1.2.2.3.1.16.6,IPS flooring work,Tower 4,16th Floor,Finishing,Tower Finishing,Flooring,,17359980.0,2026-10-30,2026-12-23,,,2026-06-24,,0
1.1.1.2.2.3.1.16.7,Toilet dado work,Tower 4,16th Floor,Finishing,Tower Finishing,Flooring,,46125420.0,2027-07-04,2027-07-12,,,2026-07-03,,0
1.1.1.2.2.3.1.16.8,Toilet flooring work,Tower 4,16th Floor,Finishing,Tower Finishing,Flooring,,9217230.0,2027-07-12,2027-07-19,,,2026-07-11,,0
1.1.1.2.2.3.1.16.9,Living dinning flooring,Tower 4,16th Floor,Finishing,Tower Finishing,Flooring,,137481030.0,2027-07-21,2027-08-02,,,2026-07-18,,0
1.1.1.2.2.3.1.16.10,Aluminium door-window fixing,Tower 4,16th Floor,Finishing,Tower Finishing,Window,,107017500.0,2027-10-03,2027-10-15,,,2026-07-30,,0
1.1.1.2.2.3.1.16.11,Putty primer coat,Tower 4,16th Floor,Finishing,Tower Finishing,Paint,,11286000.0,2027-08-02,2027-08-08,,,2026-07-30,,0
1.1.1.2.2.3.1.16.12,Door shutter fixing,Tower 4,16th Floor,Finishing,Tower Finishing,Door,,59819600.0,2027-08-02,2027-08-10,,,2026-07-30,,0
1.1.1.2.2.3.1.16.13,Electrical wiring work,Tower 4,16th Floor,MEP,Tower MEP,Electrical,,55353906.0,2027-10-13,2027-10-25,,,2026-08-07,,0
1.1.1.2.2.3.1.16.14,Painting 1st coat,Tower 4,16th Floor,Finishing,Tower Finishing,Paint,,11286000.0,2027-10-28,2027-12-24,,,2026-08-19,,0
1.1.1.2.2.3.1.16.15,False ceiling,Tower 4,16th Floor,Finishing,Tower Finishing,False Ceiling,,27020000.0,2027-12-24,2028-01-03,,,2026-08-31,,0
1.1.1.2.2.3.1.17,17th Floor,,,,,,,,2026-10-11,2028-01-15,,,2026-06-05,,
1.1.1.2.2.3.1.17.1,Block Work,Tower 4,17th Floor,Finishing,Tower Civil Finishes,Blockwork,,33349204.0,2026-10-11,2026-10-19,,,2026-06-05,,0
1.1.1.2.2.3.1.17.2,Door Frame Fixing,Tower 4,17th Floor,Finishing,Tower Finishing,Door,,0.0,2026-10-19,2026-10-28,,,2026-06-13,,0
1.1.1.2.2.3.1.17.3,Internal Plumbing Works,Tower 4,17th Floor,MEP,Tower MEP,Plumbing,,25772456.0,2026-10-19,2026-10-29,,,2026-06-13,,0
1.1.1.2.2.3.1.17.4,Waterproofing,Tower 4,17th Floor,Finishing,Tower Civil Finishes,Waterproofing,,29202420.0,2026-10-30,2026-12-26,,,2026-06-24,,0
1.1.1.2.2.3.1.17.5,Internal Plaster,Tower 4,17th Floor,Finishing,Tower Civil Finishes,Int Plaster,,51753000.0,2026-12-26,2027-01-04,,,2026-07-06,,0
1.1.1.2.2.3.1.17.6,IPS flooring work,Tower 4,17th Floor,Finishing,Tower Finishing,Flooring,,17359980.0,2026-12-26,2027-01-04,,,2026-07-06,,0
1.1.1.2.2.3.1.17.7,Toilet dado work,Tower 4,17th Floor,Finishing,Tower Finishing,Flooring,,46125420.0,2027-07-12,2027-07-20,,,2026-07-15,,0
1.1.1.2.2.3.1.17.8,Toilet flooring work,Tower 4,17th Floor,Finishing,Tower Finishing,Flooring,,9217230.0,2027-07-20,2027-07-27,,,2026-07-23,,0
1.1.1.2.2.3.1.17.9,Living dinning flooring,Tower 4,17th Floor,Finishing,Tower Finishing,Flooring,,137481030.0,2027-08-02,2027-08-14,,,2026-07-30,,0
1.1.1.2.2.3.1.17.10,Aluminium door-window fixing,Tower 4,17th Floor,Finishing,Tower Finishing,Window,,107017500.0,2027-10-15,2027-10-27,,,2026-08-11,,0
1.1.1.2.2.3.1.17.11,Putty primer coat,Tower 4,17th Floor,Finishing,Tower Finishing,Paint,,11286000.0,2027-08-14,2027-08-20,,,2026-08-11,,0
1.1.1.2.2.3.1.17.12,Door shutter fixing,Tower 4,17th Floor,Finishing,Tower Finishing,Door,,59819600.0,2027-08-14,2027-08-22,,,2026-08-11,,0
1.1.1.2.2.3.1.17.13,Electrical wiring work,Tower 4,17th Floor,MEP,Tower MEP,Electrical,,55353906.0,2027-10-25,2027-12-21,,,2026-08-19,,0
1.1.1.2.2.3.1.17.14,Painting 1st coat,Tower 4,17th Floor,Finishing,Tower Finishing,Paint,,11286000.0,2027-12-24,2028-01-05,,,2026-08-31,,0
1.1.1.2.2.3.1.17.15,False ceiling,Tower 4,17th Floor,Finishing,Tower Finishing,False Ceiling,,27020000.0,2028-01-05,2028-01-15,,,2026-09-12,,0
1.1.1.2.2.3.1.18,18th Floor,,,,,,,,2026-10-22,2028-01-27,,,2026-06-16,,
1.1.1.2.2.3.1.18.1,Block Work,Tower 4,18th Floor,Finishing,Tower Civil Finishes,Blockwork,,33349204.0,2026-10-22,2026-10-30,,,2026-06-16,,0
1.1.1.2.2.3.1.18.2,Door Frame Fixing,Tower 4,18th Floor,Finishing,Tower Finishing,Door,,0.0,2026-10-30,2026-12-23,,,2026-06-24,,0
1.1.1.2.2.3.1.18.3,Internal Plumbing Works,Tower 4,18th Floor,MEP,Tower MEP,Plumbing,,25772456.0,2026-10-30,2026-12-24,,,2026-06-24,,0
1.1.1.2.2.3.1.18.4,Waterproofing,Tower 4,18th Floor,Finishing,Tower Civil Finishes,Waterproofing,,29202420.0,2026-12-26,2027-01-07,,,2026-07-06,,0
1.1.1.2.2.3.1.18.5,Internal Plaster,Tower 4,18th Floor,Finishing,Tower Civil Finishes,Int Plaster,,51753000.0,2027-01-07,2027-01-16,,,2026-07-18,,0
1.1.1.2.2.3.1.18.6,IPS flooring work,Tower 4,18th Floor,Finishing,Tower Finishing,Flooring,,17359980.0,2027-01-07,2027-01-16,,,2026-07-18,,0
1.1.1.2.2.3.1.18.7,Toilet dado work,Tower 4,18th Floor,Finishing,Tower Finishing,Flooring,,46125420.0,2027-07-20,2027-07-28,,,2026-07-27,,0
1.1.1.2.2.3.1.18.8,Toilet flooring work,Tower 4,18th Floor,Finishing,Tower Finishing,Flooring,,9217230.0,2027-07-28,2027-08-04,,,2026-08-04,,0
1.1.1.2.2.3.1.18.9,Living dinning flooring,Tower 4,18th Floor,Finishing,Tower Finishing,Flooring,,137481030.0,2027-08-14,2027-08-26,,,2026-08-11,,0
1.1.1.2.2.3.1.18.10,Aluminium door-window fixing,Tower 4,18th Floor,Finishing,Tower Finishing,Window,,107017500.0,2027-10-27,2027-12-23,,,2026-08-23,,0
1.1.1.2.2.3.1.18.11,Putty primer coat,Tower 4,18th Floor,Finishing,Tower Finishing,Paint,,11286000.0,2027-08-26,2027-09-01,,,2026-08-23,,0
1.1.1.2.2.3.1.18.12,Door shutter fixing,Tower 4,18th Floor,Finishing,Tower Finishing,Door,,59819600.0,2027-08-26,2027-09-03,,,2026-08-23,,0
1.1.1.2.2.3.1.18.13,Electrical wiring work,Tower 4,18th Floor,MEP,Tower MEP,Electrical,,55353906.0,2027-12-21,2028-01-02,,,2026-08-31,,0
1.1.1.2.2.3.1.18.14,Painting 1st coat,Tower 4,18th Floor,Finishing,Tower Finishing,Paint,,11286000.0,2028-01-05,2028-01-17,,,2026-09-12,,0
1.1.1.2.2.3.1.18.15,False ceiling,Tower 4,18th Floor,Finishing,Tower Finishing,False Ceiling,,27020000.0,2028-01-17,2028-01-27,,,2026-09-24,,0
1.1.1.2.2.3.1.19,19th Floor,,,,,,,,2026-12-17,2028-02-08,,,2026-06-27,,
1.1.1.2.2.3.1.19.1,Block Work,Tower 4,19th Floor,Finishing,Tower Civil Finishes,Blockwork,,33349204.0,2026-12-17,2026-12-25,,,2026-06-27,,0
1.1.1.2.2.3.1.19.2,Door Frame Fixing,Tower 4,19th Floor,Finishing,Tower Finishing,Door,,0.0,2026-12-25,2027-01-03,,,2026-07-05,,0
1.1.1.2.2.3.1.19.3,Internal Plumbing Works,Tower 4,19th Floor,MEP,Tower MEP,Plumbing,,25772456.0,2026-12-25,2027-01-04,,,2026-07-05,,0
1.1.1.2.2.3.1.19.4,Waterproofing,Tower 4,19th Floor,Finishing,Tower Civil Finishes,Waterproofing,,29202420.0,2027-01-07,2027-01-19,,,2026-07-18,,0
1.1.1.2.2.3.1.19.5,Internal Plaster,Tower 4,19th Floor,Finishing,Tower Civil Finishes,Int Plaster,,51753000.0,2027-01-19,2027-01-28,,,2026-07-30,,0
1.1.1.2.2.3.1.19.6,IPS flooring work,Tower 4,19th Floor,Finishing,Tower Finishing,Flooring,,17359980.0,2027-01-28,2027-02-06,,,2026-08-08,,0
1.1.1.2.2.3.1.19.7,Toilet dado work,Tower 4,19th Floor,Finishing,Tower Finishing,Flooring,,46125420.0,2027-07-28,2027-08-05,,,2026-08-08,,0
1.1.1.2.2.3.1.19.8,Toilet flooring work,Tower 4,19th Floor,Finishing,Tower Finishing,Flooring,,9217230.0,2027-08-05,2027-08-12,,,2026-08-16,,0
1.1.1.2.2.3.1.19.9,Living dinning flooring,Tower 4,19th Floor,Finishing,Tower Finishing,Flooring,,137481030.0,2027-08-26,2027-09-07,,,2026-08-23,,0
1.1.1.2.2.3.1.19.10,Aluminium door-window fixing,Tower 4,19th Floor,Finishing,Tower Finishing,Window,,107017500.0,2027-12-23,2028-01-04,,,2026-09-04,,0
1.1.1.2.2.3.1.19.11,Putty primer coat,Tower 4,19th Floor,Finishing,Tower Finishing,Paint,,11286000.0,2027-09-07,2027-09-13,,,2026-09-04,,0
1.1.1.2.2.3.1.19.12,Door shutter fixing,Tower 4,19th Floor,Finishing,Tower Finishing,Door,,59819600.0,2027-09-07,2027-09-15,,,2026-09-04,,0
1.1.1.2.2.3.1.19.13,Electrical wiring work,Tower 4,19th Floor,MEP,Tower MEP,Electrical,,55353906.0,2028-01-02,2028-01-14,,,2026-09-12,,0
1.1.1.2.2.3.1.19.14,Painting 1st coat,Tower 4,19th Floor,Finishing,Tower Finishing,Paint,,11286000.0,2028-01-17,2028-01-29,,,2026-09-24,,0
1.1.1.2.2.3.1.19.15,False ceiling,Tower 4,19th Floor,Finishing,Tower Finishing,False Ceiling,,27020000.0,2028-01-29,2028-02-08,,,2026-10-06,,0
1.1.1.2.2.3.1.20,20th Floor,,,,,,,,2026-12-28,2028-02-20,,,2026-07-08,,
1.1.1.2.2.3.1.20.1,Block Work,Tower 4,20th Floor,Finishing,Tower Civil Finishes,Blockwork,,33349204.0,2026-12-28,2027-01-05,,,2026-07-08,,0
1.1.1.2.2.3.1.20.2,Door Frame Fixing,Tower 4,20th Floor,Finishing,Tower Finishing,Door,,0.0,2027-01-05,2027-01-14,,,2026-07-16,,0
1.1.1.2.2.3.1.20.3,Internal Plumbing Works,Tower 4,20th Floor,MEP,Tower MEP,Plumbing,,25772456.0,2027-01-05,2027-01-15,,,2026-07-16,,0
1.1.1.2.2.3.1.20.4,Waterproofing,Tower 4,20th Floor,Finishing,Tower Civil Finishes,Waterproofing,,29202420.0,2027-01-19,2027-01-31,,,2026-07-30,,0
1.1.1.2.2.3.1.20.5,Internal Plaster,Tower 4,20th Floor,Finishing,Tower Civil Finishes,Int Plaster,,51753000.0,2027-01-31,2027-02-09,,,2026-08-11,,0
1.1.1.2.2.3.1.20.6,IPS flooring work,Tower 4,20th Floor,Finishing,Tower Finishing,Flooring,,17359980.0,2027-02-09,2027-02-18,,,2026-08-20,,0
1.1.1.2.2.3.1.20.7,Toilet dado work,Tower 4,20th Floor,Finishing,Tower Finishing,Flooring,,46125420.0,2027-08-05,2027-08-13,,,2026-08-20,,0
1.1.1.2.2.3.1.20.8,Toilet flooring work,Tower 4,20th Floor,Finishing,Tower Finishing,Flooring,,9217230.0,2027-08-13,2027-08-20,,,2026-08-28,,0
1.1.1.2.2.3.1.20.9,Living dinning flooring,Tower 4,20th Floor,Finishing,Tower Finishing,Flooring,,137481030.0,2027-09-07,2027-09-19,,,2026-09-04,,0
1.1.1.2.2.3.1.20.10,Aluminium door-window fixing,Tower 4,20th Floor,Finishing,Tower Finishing,Window,,107017500.0,2028-01-04,2028-01-16,,,2026-09-16,,0
1.1.1.2.2.3.1.20.11,Putty primer coat,Tower 4,20th Floor,Finishing,Tower Finishing,Paint,,11286000.0,2027-09-19,2027-09-25,,,2026-09-16,,0
1.1.1.2.2.3.1.20.12,Door shutter fixing,Tower 4,20th Floor,Finishing,Tower Finishing,Door,,59819600.0,2027-09-19,2027-09-27,,,2026-09-16,,0
1.1.1.2.2.3.1.20.13,Electrical wiring work,Tower 4,20th Floor,MEP,Tower MEP,Electrical,,55353906.0,2028-01-14,2028-01-26,,,2026-09-24,,0
1.1.1.2.2.3.1.20.14,Painting 1st coat,Tower 4,20th Floor,Finishing,Tower Finishing,Paint,,11286000.0,2028-01-29,2028-02-10,,,2026-10-06,,0
1.1.1.2.2.3.1.20.15,False ceiling,Tower 4,20th Floor,Finishing,Tower Finishing,False Ceiling,,27020000.0,2028-02-10,2028-02-20,,,2026-10-18,,0
1.1.1.2.2.3.1.21,21st Floor,,,,,,,,2027-01-08,2028-03-03,,,2026-07-19,,
1.1.1.2.2.3.1.21.1,Block Work,Tower 4,21st Floor,Finishing,Tower Civil Finishes,Blockwork,,33349204.0,2027-01-08,2027-01-16,,,2026-07-19,,0
1.1.1.2.2.3.1.21.2,Door Frame Fixing,Tower 4,21st Floor,Finishing,Tower Finishing,Door,,0.0,2027-01-16,2027-01-25,,,2026-07-27,,0
1.1.1.2.2.3.1.21.3,Internal Plumbing Works,Tower 4,21st Floor,MEP,Tower MEP,Plumbing,,25772456.0,2027-01-16,2027-01-26,,,2026-07-27,,0
1.1.1.2.2.3.1.21.4,Waterproofing,Tower 4,21st Floor,Finishing,Tower Civil Finishes,Waterproofing,,29202420.0,2027-01-31,2027-02-12,,,2026-08-11,,0
1.1.1.2.2.3.1.21.5,Internal Plaster,Tower 4,21st Floor,Finishing,Tower Civil Finishes,Int Plaster,,51753000.0,2027-02-12,2027-02-21,,,2026-08-23,,0
1.1.1.2.2.3.1.21.6,IPS flooring work,Tower 4,21st Floor,Finishing,Tower Finishing,Flooring,,17359980.0,2027-02-21,2027-03-02,,,2026-09-01,,0
1.1.1.2.2.3.1.21.7,Toilet dado work,Tower 4,21st Floor,Finishing,Tower Finishing,Flooring,,46125420.0,2027-08-13,2027-08-21,,,2026-09-01,,0
1.1.1.2.2.3.1.21.8,Toilet flooring work,Tower 4,21st Floor,Finishing,Tower Finishing,Flooring,,9217230.0,2027-08-21,2027-08-28,,,2026-09-09,,0
1.1.1.2.2.3.1.21.9,Living dinning flooring,Tower 4,21st Floor,Finishing,Tower Finishing,Flooring,,137481030.0,2027-09-19,2027-10-01,,,2026-09-16,,0
1.1.1.2.2.3.1.21.10,Aluminium door-window fixing,Tower 4,21st Floor,Finishing,Tower Finishing,Window,,107017500.0,2028-01-16,2028-01-28,,,2026-09-28,,0
1.1.1.2.2.3.1.21.11,Putty primer coat,Tower 4,21st Floor,Finishing,Tower Finishing,Paint,,11286000.0,2027-10-01,2027-10-07,,,2026-09-28,,0
1.1.1.2.2.3.1.21.12,Door shutter fixing,Tower 4,21st Floor,Finishing,Tower Finishing,Door,,59819600.0,2027-10-01,2027-10-09,,,2026-09-28,,0
1.1.1.2.2.3.1.21.13,Electrical wiring work,Tower 4,21st Floor,MEP,Tower MEP,Electrical,,55353906.0,2028-01-26,2028-02-07,,,2026-10-06,,0
1.1.1.2.2.3.1.21.14,Painting 1st coat,Tower 4,21st Floor,Finishing,Tower Finishing,Paint,,11286000.0,2028-02-10,2028-02-22,,,2026-10-18,,0
1.1.1.2.2.3.1.21.15,False ceiling,Tower 4,21st Floor,Finishing,Tower Finishing,False Ceiling,,27020000.0,2028-02-22,2028-03-03,,,2026-10-30,,0
1.1.1.2.2.3.1.22,22nd Floor,,,,,,,,2027-01-19,2028-03-15,,,2026-07-30,,
1.1.1.2.2.3.1.22.1,Block Work,Tower 4,22nd Floor,Finishing,Tower Civil Finishes,Blockwork,,33349204.0,2027-01-19,2027-01-27,,,2026-07-30,,0
1.1.1.2.2.3.1.22.2,Door Frame Fixing,Tower 4,22nd Floor,Finishing,Tower Finishing,Door,,0.0,2027-01-27,2027-02-05,,,2026-08-07,,0
1.1.1.2.2.3.1.22.3,Internal Plumbing Works,Tower 4,22nd Floor,MEP,Tower MEP,Plumbing,,25772456.0,2027-01-27,2027-02-06,,,2026-08-07,,0
1.1.1.2.2.3.1.22.4,Waterproofing,Tower 4,22nd Floor,Finishing,Tower Civil Finishes,Waterproofing,,29202420.0,2027-02-12,2027-02-24,,,2026-08-23,,0
1.1.1.2.2.3.1.22.5,Internal Plaster,Tower 4,22nd Floor,Finishing,Tower Civil Finishes,Int Plaster,,51753000.0,2027-02-24,2027-03-05,,,2026-09-04,,0
1.1.1.2.2.3.1.22.6,IPS flooring work,Tower 4,22nd Floor,Finishing,Tower Finishing,Flooring,,17359980.0,2027-03-05,2027-03-14,,,2026-09-13,,0
1.1.1.2.2.3.1.22.7,Toilet dado work,Tower 4,22nd Floor,Finishing,Tower Finishing,Flooring,,46125420.0,2027-08-21,2027-08-29,,,2026-09-13,,0
1.1.1.2.2.3.1.22.8,Toilet flooring work,Tower 4,22nd Floor,Finishing,Tower Finishing,Flooring,,9217230.0,2027-08-29,2027-09-05,,,2026-09-21,,0
1.1.1.2.2.3.1.22.9,Living dinning flooring,Tower 4,22nd Floor,Finishing,Tower Finishing,Flooring,,137481030.0,2027-10-01,2027-10-13,,,2026-09-28,,0
1.1.1.2.2.3.1.22.10,Aluminium door-window fixing,Tower 4,22nd Floor,Finishing,Tower Finishing,Window,,107017500.0,2028-01-28,2028-02-09,,,2026-10-10,,0
1.1.1.2.2.3.1.22.11,Putty primer coat,Tower 4,22nd Floor,Finishing,Tower Finishing,Paint,,11286000.0,2027-10-13,2027-10-19,,,2026-10-10,,0
1.1.1.2.2.3.1.22.12,Door shutter fixing,Tower 4,22nd Floor,Finishing,Tower Finishing,Door,,59819600.0,2027-10-13,2027-10-21,,,2026-10-10,,0
1.1.1.2.2.3.1.22.13,Electrical wiring work,Tower 4,22nd Floor,MEP,Tower MEP,Electrical,,55353906.0,2028-02-07,2028-02-19,,,2026-10-18,,0
1.1.1.2.2.3.1.22.14,Painting 1st coat,Tower 4,22nd Floor,Finishing,Tower Finishing,Paint,,11286000.0,2028-02-22,2028-03-05,,,2026-10-30,,0
1.1.1.2.2.3.1.22.15,False ceiling,Tower 4,22nd Floor,Finishing,Tower Finishing,False Ceiling,,27020000.0,2028-03-05,2028-03-15,,,2026-12-26,,0
1.1.1.2.2.3.1.23,23rd Floor,,,,,,,,2027-01-30,2028-03-27,,,2026-08-10,,
1.1.1.2.2.3.1.23.1,Block Work,Tower 4,23rd Floor,Finishing,Tower Civil Finishes,Blockwork,,33349204.0,2027-01-30,2027-02-07,,,2026-08-10,,0
1.1.1.2.2.3.1.23.2,Door Frame Fixing,Tower 4,23rd Floor,Finishing,Tower Finishing,Door,,0.0,2027-02-07,2027-02-16,,,2026-08-18,,0
1.1.1.2.2.3.1.23.3,Internal Plumbing Works,Tower 4,23rd Floor,MEP,Tower MEP,Plumbing,,25772456.0,2027-02-07,2027-02-17,,,2026-08-18,,0
1.1.1.2.2.3.1.23.4,Waterproofing,Tower 4,23rd Floor,Finishing,Tower Civil Finishes,Waterproofing,,29202420.0,2027-02-24,2027-03-08,,,2026-09-04,,0
1.1.1.2.2.3.1.23.5,Internal Plaster,Tower 4,23rd Floor,Finishing,Tower Civil Finishes,Int Plaster,,51753000.0,2027-03-08,2027-03-17,,,2026-09-16,,0
1.1.1.2.2.3.1.23.6,IPS flooring work,Tower 4,23rd Floor,Finishing,Tower Finishing,Flooring,,17359980.0,2027-03-17,2027-03-26,,,2026-09-25,,0
1.1.1.2.2.3.1.23.7,Toilet dado work,Tower 4,23rd Floor,Finishing,Tower Finishing,Flooring,,46125420.0,2027-08-29,2027-09-06,,,2026-09-25,,0
1.1.1.2.2.3.1.23.8,Toilet flooring work,Tower 4,23rd Floor,Finishing,Tower Finishing,Flooring,,9217230.0,2027-09-06,2027-09-13,,,2026-10-03,,0
1.1.1.2.2.3.1.23.9,Living dinning flooring,Tower 4,23rd Floor,Finishing,Tower Finishing,Flooring,,137481030.0,2027-10-13,2027-10-28,,,2026-10-10,,0
1.1.1.2.2.3.1.23.10,Aluminium door-window fixing,Tower 4,23rd Floor,Finishing,Tower Finishing,Window,,107017500.0,2028-02-09,2028-02-24,,,2026-10-25,,0
1.1.1.2.2.3.1.23.11,Putty primer coat,Tower 4,23rd Floor,Finishing,Tower Finishing,Paint,,11286000.0,2027-10-28,2027-12-18,,,2026-10-25,,0
1.1.1.2.2.3.1.23.12,Door shutter fixing,Tower 4,23rd Floor,Finishing,Tower Finishing,Door,,59819600.0,2027-10-28,2027-12-20,,,2026-10-25,,0
1.1.1.2.2.3.1.23.13,Electrical wiring work,Tower 4,23rd Floor,MEP,Tower MEP,Electrical,,55353906.0,2028-02-19,2028-03-02,,,2026-12-17,,0
1.1.1.2.2.3.1.23.14,Painting 1st coat,Tower 4,23rd Floor,Finishing,Tower Finishing,Paint,,11286000.0,2028-03-05,2028-03-17,,,2026-12-29,,0
1.1.1.2.2.3.1.23.15,False ceiling,Tower 4,23rd Floor,Finishing,Tower Finishing,False Ceiling,,27020000.0,2028-03-17,2028-03-27,,,2027-01-10,,0
1.1.1.2.2.3.1.24,24th Floor,,,,,,,,2027-02-10,2028-04-08,,,2026-08-21,,
1.1.1.2.2.3.1.24.1,Block Work,Tower 4,24th Floor,Finishing,Tower Civil Finishes,Blockwork,,33349204.0,2027-02-10,2027-02-18,,,2026-08-21,,0
1.1.1.2.2.3.1.24.2,Door Frame Fixing,Tower 4,24th Floor,Finishing,Tower Finishing,Door,,0.0,2027-02-18,2027-02-27,,,2026-08-29,,0
1.1.1.2.2.3.1.24.3,Internal Plumbing Works,Tower 4,24th Floor,MEP,Tower MEP,Plumbing,,25772456.0,2027-02-18,2027-02-28,,,2026-08-29,,0
1.1.1.2.2.3.1.24.4,Waterproofing,Tower 4,24th Floor,Finishing,Tower Civil Finishes,Waterproofing,,29202420.0,2027-03-08,2027-03-20,,,2026-09-16,,0
1.1.1.2.2.3.1.24.5,Internal Plaster,Tower 4,24th Floor,Finishing,Tower Civil Finishes,Int Plaster,,51753000.0,2027-03-20,2027-03-29,,,2026-09-28,,0
1.1.1.2.2.3.1.24.6,IPS flooring work,Tower 4,24th Floor,Finishing,Tower Finishing,Flooring,,17359980.0,2027-03-29,2027-04-07,,,2026-10-07,,0
1.1.1.2.2.3.1.24.7,Toilet dado work,Tower 4,24th Floor,Finishing,Tower Finishing,Flooring,,46125420.0,2027-09-06,2027-09-14,,,2026-10-07,,0
1.1.1.2.2.3.1.24.8,Toilet flooring work,Tower 4,24th Floor,Finishing,Tower Finishing,Flooring,,9217230.0,2027-09-14,2027-09-21,,,2026-10-15,,0
1.1.1.2.2.3.1.24.9,Living dinning flooring,Tower 4,24th Floor,Finishing,Tower Finishing,Flooring,,137481030.0,2027-10-28,2027-12-27,,,2026-10-25,,0
1.1.1.2.2.3.1.24.10,Aluminium door-window fixing,Tower 4,24th Floor,Finishing,Tower Finishing,Window,,107017500.0,2028-02-24,2028-03-10,,,2026-12-24,,0
1.1.1.2.2.3.1.24.11,Putty primer coat,Tower 4,24th Floor,Finishing,Tower Finishing,Paint,,11286000.0,2027-12-27,2028-01-02,,,2026-12-24,,0
1.1.1.2.2.3.1.24.12,Door shutter fixing,Tower 4,24th Floor,Finishing,Tower Finishing,Door,,59819600.0,2027-12-27,2028-01-04,,,2026-12-24,,0
1.1.1.2.2.3.1.24.13,Electrical wiring work,Tower 4,24th Floor,MEP,Tower MEP,Electrical,,55353906.0,2028-03-02,2028-03-14,,,2027-01-01,,0
1.1.1.2.2.3.1.24.14,Painting 1st coat,Tower 4,24th Floor,Finishing,Tower Finishing,Paint,,11286000.0,2028-03-17,2028-03-29,,,2027-01-13,,0
1.1.1.2.2.3.1.24.15,False ceiling,Tower 4,24th Floor,Finishing,Tower Finishing,False Ceiling,,27020000.0,2028-03-29,2028-04-08,,,2027-01-25,,0
1.1.1.2.2.3.1.25,25th Floor,,,,,,,,2027-02-21,2028-04-20,,,2026-09-01,,
1.1.1.2.2.3.1.25.1,Block Work,Tower 4,25th Floor,Finishing,Tower Civil Finishes,Blockwork,,33349204.0,2027-02-21,2027-03-01,,,2026-09-01,,0
1.1.1.2.2.3.1.25.2,Door Frame Fixing,Tower 4,25th Floor,Finishing,Tower Finishing,Door,,0.0,2027-03-01,2027-03-10,,,2026-09-09,,0
1.1.1.2.2.3.1.25.3,Internal Plumbing Works,Tower 4,25th Floor,MEP,Tower MEP,Plumbing,,25772456.0,2027-03-01,2027-03-11,,,2026-09-09,,0
1.1.1.2.2.3.1.25.4,Waterproofing,Tower 4,25th Floor,Finishing,Tower Civil Finishes,Waterproofing,,29202420.0,2027-03-20,2027-04-01,,,2026-09-28,,0
1.1.1.2.2.3.1.25.5,Internal Plaster,Tower 4,25th Floor,Finishing,Tower Civil Finishes,Int Plaster,,51753000.0,2027-04-01,2027-04-10,,,2026-10-10,,0
1.1.1.2.2.3.1.25.6,IPS flooring work,Tower 4,25th Floor,Finishing,Tower Finishing,Flooring,,17359980.0,2027-04-10,2027-04-19,,,2026-10-19,,0
1.1.1.2.2.3.1.25.7,Toilet dado work,Tower 4,25th Floor,Finishing,Tower Finishing,Flooring,,46125420.0,2027-09-14,2027-09-22,,,2026-10-19,,0
1.1.1.2.2.3.1.25.8,Toilet flooring work,Tower 4,25th Floor,Finishing,Tower Finishing,Flooring,,9217230.0,2027-09-22,2027-09-29,,,2026-10-27,,0
1.1.1.2.2.3.1.25.9,Living dinning flooring,Tower 4,25th Floor,Finishing,Tower Finishing,Flooring,,137481030.0,2027-12-27,2028-01-11,,,2026-12-24,,0
1.1.1.2.2.3.1.25.10,Aluminium door-window fixing,Tower 4,25th Floor,Finishing,Tower Finishing,Window,,107017500.0,2028-03-10,2028-03-25,,,2027-01-08,,0
1.1.1.2.2.3.1.25.11,Putty primer coat,Tower 4,25th Floor,Finishing,Tower Finishing,Paint,,11286000.0,2028-01-11,2028-01-17,,,2027-01-08,,0
1.1.1.2.2.3.1.25.12,Door shutter fixing,Tower 4,25th Floor,Finishing,Tower Finishing,Door,,59819600.0,2028-01-11,2028-01-19,,,2027-01-08,,0
1.1.1.2.2.3.1.25.13,Electrical wiring work,Tower 4,25th Floor,MEP,Tower MEP,Electrical,,55353906.0,2028-03-14,2028-03-26,,,2027-01-16,,0
1.1.1.2.2.3.1.25.14,Painting 1st coat,Tower 4,25th Floor,Finishing,Tower Finishing,Paint,,11286000.0,2028-03-29,2028-04-10,,,2027-01-28,,0
1.1.1.2.2.3.1.25.15,False ceiling,Tower 4,25th Floor,Finishing,Tower Finishing,False Ceiling,,27020000.0,2028-04-10,2028-04-20,,,2027-02-09,,0
1.1.1.2.2.3.1.26,26th Floor,,,,,,,,2027-03-04,2028-05-02,,,2026-09-12,,
1.1.1.2.2.3.1.26.1,Block Work,Tower 4,26th Floor,Finishing,Tower Civil Finishes,Blockwork,,33349204.0,2027-03-04,2027-03-12,,,2026-09-12,,0
1.1.1.2.2.3.1.26.2,Door Frame Fixing,Tower 4,26th Floor,Finishing,Tower Finishing,Door,,0.0,2027-03-12,2027-03-21,,,2026-09-20,,0
1.1.1.2.2.3.1.26.3,Internal Plumbing Works,Tower 4,26th Floor,MEP,Tower MEP,Plumbing,,25772456.0,2027-03-12,2027-03-22,,,2026-09-20,,0
1.1.1.2.2.3.1.26.4,Waterproofing,Tower 4,26th Floor,Finishing,Tower Civil Finishes,Waterproofing,,29202420.0,2027-04-01,2027-04-13,,,2026-10-10,,0
1.1.1.2.2.3.1.26.5,Internal Plaster,Tower 4,26th Floor,Finishing,Tower Civil Finishes,Int Plaster,,51753000.0,2027-04-13,2027-04-22,,,2026-10-22,,0
1.1.1.2.2.3.1.26.6,IPS flooring work,Tower 4,26th Floor,Finishing,Tower Finishing,Flooring,,17359980.0,2027-04-22,2027-05-01,,,2026-10-31,,0
1.1.1.2.2.3.1.26.7,Toilet dado work,Tower 4,26th Floor,Finishing,Tower Finishing,Flooring,,46125420.0,2027-09-22,2027-09-30,,,2026-10-31,,0
1.1.1.2.2.3.1.26.8,Toilet flooring work,Tower 4,26th Floor,Finishing,Tower Finishing,Flooring,,9217230.0,2027-09-30,2027-10-07,,,2026-12-23,,0
1.1.1.2.2.3.1.26.9,Living dinning flooring,Tower 4,26th Floor,Finishing,Tower Finishing,Flooring,,137481030.0,2028-01-11,2028-01-26,,,2027-01-08,,0
1.1.1.2.2.3.1.26.10,Aluminium door-window fixing,Tower 4,26th Floor,Finishing,Tower Finishing,Window,,107017500.0,2028-03-25,2028-04-09,,,2027-01-23,,0
1.1.1.2.2.3.1.26.11,Putty primer coat,Tower 4,26th Floor,Finishing,Tower Finishing,Paint,,11286000.0,2028-01-26,2028-02-01,,,2027-01-23,,0
1.1.1.2.2.3.1.26.12,Door shutter fixing,Tower 4,26th Floor,Finishing,Tower Finishing,Door,,59819600.0,2028-01-26,2028-02-03,,,2027-01-23,,0
1.1.1.2.2.3.1.26.13,Electrical wiring work,Tower 4,26th Floor,MEP,Tower MEP,Electrical,,55353906.0,2028-03-26,2028-04-07,,,2027-01-31,,0
1.1.1.2.2.3.1.26.14,Painting 1st coat,Tower 4,26th Floor,Finishing,Tower Finishing,Paint,,11286000.0,2028-04-10,2028-04-22,,,2027-02-12,,0
1.1.1.2.2.3.1.26.15,False ceiling,Tower 4,26th Floor,Finishing,Tower Finishing,False Ceiling,,27020000.0,2028-04-22,2028-05-02,,,2027-02-24,,0
1.1.1.2.2.3.1.27,27th Floor,,,,,,,,2027-03-15,2028-05-14,,,2026-09-23,,
1.1.1.2.2.3.1.27.1,Block Work,Tower 4,27th Floor,Finishing,Tower Civil Finishes,Blockwork,,33349204.0,2027-03-15,2027-03-23,,,2026-09-23,,0
1.1.1.2.2.3.1.27.2,Door Frame Fixing,Tower 4,27th Floor,Finishing,Tower Finishing,Door,,0.0,2027-03-23,2027-04-01,,,2026-10-01,,0
1.1.1.2.2.3.1.27.3,Internal Plumbing Works,Tower 4,27th Floor,MEP,Tower MEP,Plumbing,,25772456.0,2027-03-23,2027-04-02,,,2026-10-01,,0
1.1.1.2.2.3.1.27.4,Waterproofing,Tower 4,27th Floor,Finishing,Tower Civil Finishes,Waterproofing,,29202420.0,2027-04-13,2027-04-25,,,2026-10-22,,0
1.1.1.2.2.3.1.27.5,Internal Plaster,Tower 4,27th Floor,Finishing,Tower Civil Finishes,Int Plaster,,51753000.0,2027-04-25,2027-05-04,,,2026-12-18,,0
1.1.1.2.2.3.1.27.6,IPS flooring work,Tower 4,27th Floor,Finishing,Tower Finishing,Flooring,,17359980.0,2027-05-04,2027-05-13,,,2026-12-27,,0
1.1.1.2.2.3.1.27.7,Toilet dado work,Tower 4,27th Floor,Finishing,Tower Finishing,Flooring,,46125420.0,2027-09-30,2027-10-08,,,2026-12-27,,0
1.1.1.2.2.3.1.27.8,Toilet flooring work,Tower 4,27th Floor,Finishing,Tower Finishing,Flooring,,9217230.0,2027-10-08,2027-10-15,,,2027-01-04,,0
1.1.1.2.2.3.1.27.9,Living dinning flooring,Tower 4,27th Floor,Finishing,Tower Finishing,Flooring,,137481030.0,2028-01-26,2028-02-10,,,2027-01-23,,0
1.1.1.2.2.3.1.27.10,Aluminium door-window fixing,Tower 4,27th Floor,Finishing,Tower Finishing,Window,,107017500.0,2028-04-09,2028-04-24,,,2027-02-07,,0
1.1.1.2.2.3.1.27.11,Putty primer coat,Tower 4,27th Floor,Finishing,Tower Finishing,Paint,,11286000.0,2028-02-10,2028-02-16,,,2027-02-07,,0
1.1.1.2.2.3.1.27.12,Door shutter fixing,Tower 4,27th Floor,Finishing,Tower Finishing,Door,,59819600.0,2028-02-10,2028-02-18,,,2027-02-07,,0
1.1.1.2.2.3.1.27.13,Electrical wiring work,Tower 4,27th Floor,MEP,Tower MEP,Electrical,,55353906.0,2028-04-07,2028-04-19,,,2027-02-15,,0
1.1.1.2.2.3.1.27.14,Painting 1st coat,Tower 4,27th Floor,Finishing,Tower Finishing,Paint,,11286000.0,2028-04-22,2028-05-04,,,2027-02-27,,0
1.1.1.2.2.3.1.27.15,False ceiling,Tower 4,27th Floor,Finishing,Tower Finishing,False Ceiling,,27020000.0,2028-05-04,2028-05-14,,,2027-03-11,,0
1.1.1.2.2.3.1.28,28th Floor,,,,,,,,2027-03-26,2028-05-26,,,2026-10-04,,
1.1.1.2.2.3.1.28.1,Block Work,Tower 4,28th Floor,Finishing,Tower Civil Finishes,Blockwork,,33349204.0,2027-03-26,2027-04-03,,,2026-10-04,,0
1.1.1.2.2.3.1.28.2,Door Frame Fixing,Tower 4,28th Floor,Finishing,Tower Finishing,Door,,0.0,2027-04-03,2027-04-12,,,2026-10-12,,0
1.1.1.2.2.3.1.28.3,Internal Plumbing Works,Tower 4,28th Floor,MEP,Tower MEP,Plumbing,,25772456.0,2027-04-03,2027-04-13,,,2026-10-12,,0
1.1.1.2.2.3.1.28.4,Waterproofing,Tower 4,28th Floor,Finishing,Tower Civil Finishes,Waterproofing,,29202420.0,2027-04-25,2027-05-07,,,2026-12-18,,0
1.1.1.2.2.3.1.28.5,Internal Plaster,Tower 4,28th Floor,Finishing,Tower Civil Finishes,Int Plaster,,51753000.0,2027-05-07,2027-05-16,,,2026-12-30,,0
1.1.1.2.2.3.1.28.6,IPS flooring work,Tower 4,28th Floor,Finishing,Tower Finishing,Flooring,,17359980.0,2027-05-16,2027-05-25,,,2027-01-08,,0
1.1.1.2.2.3.1.28.7,Toilet dado work,Tower 4,28th Floor,Finishing,Tower Finishing,Flooring,,46125420.0,2027-10-08,2027-10-16,,,2027-01-08,,0
1.1.1.2.2.3.1.28.8,Toilet flooring work,Tower 4,28th Floor,Finishing,Tower Finishing,Flooring,,9217230.0,2027-10-16,2027-10-23,,,2027-01-16,,0
1.1.1.2.2.3.1.28.9,Living dinning flooring,Tower 4,28th Floor,Finishing,Tower Finishing,Flooring,,137481030.0,2028-02-10,2028-02-25,,,2027-02-07,,0
1.1.1.2.2.3.1.28.10,Aluminium door-window fixing,Tower 4,28th Floor,Finishing,Tower Finishing,Window,,107017500.0,2028-04-24,2028-05-09,,,2027-02-22,,0
1.1.1.2.2.3.1.28.11,Putty primer coat,Tower 4,28th Floor,Finishing,Tower Finishing,Paint,,11286000.0,2028-02-25,2028-03-02,,,2027-02-22,,0
1.1.1.2.2.3.1.28.12,Door shutter fixing,Tower 4,28th Floor,Finishing,Tower Finishing,Door,,59819600.0,2028-02-25,2028-03-04,,,2027-02-22,,0
1.1.1.2.2.3.1.28.13,Electrical wiring work,Tower 4,28th Floor,MEP,Tower MEP,Electrical,,55353906.0,2028-04-19,2028-05-01,,,2027-03-02,,0
1.1.1.2.2.3.1.28.14,Painting 1st coat,Tower 4,28th Floor,Finishing,Tower Finishing,Paint,,11286000.0,2028-05-04,2028-05-16,,,2027-03-14,,0
1.1.1.2.2.3.1.28.15,False ceiling,Tower 4,28th Floor,Finishing,Tower Finishing,False Ceiling,,27020000.0,2028-05-16,2028-05-26,,,2027-03-26,,0
1.1.1.2.2.3.1.29,29th Floor,,,,,,,,2027-04-06,2028-06-07,,,2026-10-15,,
1.1.1.2.2.3.1.29.1,Block Work,Tower 4,29th Floor,Finishing,Tower Civil Finishes,Blockwork,,33349204.0,2027-04-06,2027-04-14,,,2026-10-15,,0
1.1.1.2.2.3.1.29.2,Door Frame Fixing,Tower 4,29th Floor,Finishing,Tower Finishing,Door,,0.0,2027-04-14,2027-04-23,,,2026-10-23,,0
1.1.1.2.2.3.1.29.3,Internal Plumbing Works,Tower 4,29th Floor,MEP,Tower MEP,Plumbing,,25772456.0,2027-04-14,2027-04-24,,,2026-10-23,,0
1.1.1.2.2.3.1.29.4,Waterproofing,Tower 4,29th Floor,Finishing,Tower Civil Finishes,Waterproofing,,29202420.0,2027-05-07,2027-05-19,,,2026-12-30,,0
1.1.1.2.2.3.1.29.5,Internal Plaster,Tower 4,29th Floor,Finishing,Tower Civil Finishes,Int Plaster,,51753000.0,2027-05-19,2027-05-28,,,2027-01-11,,0
1.1.1.2.2.3.1.29.6,IPS flooring work,Tower 4,29th Floor,Finishing,Tower Finishing,Flooring,,17359980.0,2027-05-28,2027-06-06,,,2027-01-20,,0
1.1.1.2.2.3.1.29.7,Toilet dado work,Tower 4,29th Floor,Finishing,Tower Finishing,Flooring,,46125420.0,2027-10-16,2027-10-24,,,2027-01-20,,0
1.1.1.2.2.3.1.29.8,Toilet flooring work,Tower 4,29th Floor,Finishing,Tower Finishing,Flooring,,9217230.0,2027-10-24,2027-10-31,,,2027-01-28,,0
1.1.1.2.2.3.1.29.9,Living dinning flooring,Tower 4,29th Floor,Finishing,Tower Finishing,Flooring,,137481030.0,2028-02-25,2028-03-11,,,2027-02-22,,0
1.1.1.2.2.3.1.29.10,Aluminium door-window fixing,Tower 4,29th Floor,Finishing,Tower Finishing,Window,,107017500.0,2028-05-09,2028-05-24,,,2027-03-09,,0
1.1.1.2.2.3.1.29.11,Putty primer coat,Tower 4,29th Floor,Finishing,Tower Finishing,Paint,,11286000.0,2028-03-11,2028-03-17,,,2027-03-09,,0
1.1.1.2.2.3.1.29.12,Door shutter fixing,Tower 4,29th Floor,Finishing,Tower Finishing,Door,,59819600.0,2028-03-11,2028-03-19,,,2027-03-09,,0
1.1.1.2.2.3.1.29.13,Electrical wiring work,Tower 4,29th Floor,MEP,Tower MEP,Electrical,,55353906.0,2028-05-01,2028-05-13,,,2027-03-17,,0
1.1.1.2.2.3.1.29.14,Painting 1st coat,Tower 4,29th Floor,Finishing,Tower Finishing,Paint,,11286000.0,2028-05-16,2028-05-28,,,2027-03-29,,0
1.1.1.2.2.3.1.29.15,False ceiling,Tower 4,29th Floor,Finishing,Tower Finishing,False Ceiling,,27020000.0,2028-05-28,2028-06-07,,,2027-04-10,,0
1.1.1.2.2.3.1.30,30th Floor,,,,,,,,2027-04-17,2028-06-22,,,2026-10-26,,
1.1.1.2.2.3.1.30.1,Block Work,Tower 4,30th Floor,Finishing,Tower Civil Finishes,Blockwork,,33349204.0,2027-04-17,2027-04-25,,,2026-10-26,,0
1.1.1.2.2.3.1.30.2,Door Frame Fixing,Tower 4,30th Floor,Finishing,Tower Finishing,Door,,0.0,2027-04-25,2027-05-04,,,2026-12-18,,0
1.1.1.2.2.3.1.30.3,Internal Plumbing Works,Tower 4,30th Floor,MEP,Tower MEP,Plumbing,,25772456.0,2027-04-25,2027-05-05,,,2026-12-18,,0
1.1.1.2.2.3.1.30.4,Waterproofing,Tower 4,30th Floor,Finishing,Tower Civil Finishes,Waterproofing,,29202420.0,2027-05-19,2027-05-31,,,2027-01-11,,0
1.1.1.2.2.3.1.30.5,Internal Plaster,Tower 4,30th Floor,Finishing,Tower Civil Finishes,Int Plaster,,51753000.0,2027-05-31,2027-06-09,,,2027-01-23,,0
1.1.1.2.2.3.1.30.6,IPS flooring work,Tower 4,30th Floor,Finishing,Tower Finishing,Flooring,,17359980.0,2027-06-09,2027-06-18,,,2027-02-01,,0
1.1.1.2.2.3.1.30.7,Toilet dado work,Tower 4,30th Floor,Finishing,Tower Finishing,Flooring,,46125420.0,2027-10-24,2027-12-16,,,2027-02-01,,0
1.1.1.2.2.3.1.30.8,Toilet flooring work,Tower 4,30th Floor,Finishing,Tower Finishing,Flooring,,9217230.0,2027-12-16,2027-12-23,,,2027-02-09,,0
1.1.1.2.2.3.1.30.9,Living dinning flooring,Tower 4,30th Floor,Finishing,Tower Finishing,Flooring,,137481030.0,2028-03-11,2028-03-26,,,2027-03-09,,0
1.1.1.2.2.3.1.30.10,Aluminium door-window fixing,Tower 4,30th Floor,Finishing,Tower Finishing,Window,,107017500.0,2028-05-24,2028-06-08,,,2027-03-24,,0
1.1.1.2.2.3.1.30.11,Putty primer coat,Tower 4,30th Floor,Finishing,Tower Finishing,Paint,,11286000.0,2028-03-26,2028-04-01,,,2027-03-24,,0
1.1.1.2.2.3.1.30.12,Door shutter fixing,Tower 4,30th Floor,Finishing,Tower Finishing,Door,,59819600.0,2028-03-26,2028-04-03,,,2027-03-24,,0
1.1.1.2.2.3.1.30.13,Electrical wiring work,Tower 4,30th Floor,MEP,Tower MEP,Electrical,,55353906.0,2028-05-13,2028-05-28,,,2027-04-01,,0
1.1.1.2.2.3.1.30.14,Painting 1st coat,Tower 4,30th Floor,Finishing,Tower Finishing,Paint,,11286000.0,2028-05-28,2028-06-12,,,2027-04-16,,0
1.1.1.2.2.3.1.30.15,False ceiling,Tower 4,30th Floor,Finishing,Tower Finishing,False Ceiling,,27020000.0,2028-06-12,2028-06-22,,,2027-05-01,,0
1.1.1.2.2.3.1.31,31st Floor,,,,,,,,2027-04-28,2028-07-07,,,2026-12-21,,
1.1.1.2.2.3.1.31.1,Block Work,Tower 4,31st Floor,Finishing,Tower Civil Finishes,Blockwork,,33349204.0,2027-04-28,2027-05-06,,,2026-12-21,,0
1.1.1.2.2.3.1.31.2,Door Frame Fixing,Tower 4,31st Floor,Finishing,Tower Finishing,Door,,0.0,2027-05-06,2027-05-15,,,2026-12-29,,0
1.1.1.2.2.3.1.31.3,Internal Plumbing Works,Tower 4,31st Floor,MEP,Tower MEP,Plumbing,,25772456.0,2027-05-06,2027-05-16,,,2026-12-29,,0
1.1.1.2.2.3.1.31.4,Waterproofing,Tower 4,31st Floor,Finishing,Tower Civil Finishes,Waterproofing,,29202420.0,2027-05-31,2027-06-12,,,2027-01-23,,0
1.1.1.2.2.3.1.31.5,Internal Plaster,Tower 4,31st Floor,Finishing,Tower Civil Finishes,Int Plaster,,51753000.0,2027-06-12,2027-06-21,,,2027-02-04,,0
1.1.1.2.2.3.1.31.6,IPS flooring work,Tower 4,31st Floor,Finishing,Tower Finishing,Flooring,,17359980.0,2027-06-21,2027-06-30,,,2027-02-13,,0
1.1.1.2.2.3.1.31.7,Toilet dado work,Tower 4,31st Floor,Finishing,Tower Finishing,Flooring,,46125420.0,2027-12-16,2027-12-24,,,2027-02-13,,0
1.1.1.2.2.3.1.31.8,Toilet flooring work,Tower 4,31st Floor,Finishing,Tower Finishing,Flooring,,9217230.0,2027-12-24,2027-12-31,,,2027-02-21,,0
1.1.1.2.2.3.1.31.9,Living dinning flooring,Tower 4,31st Floor,Finishing,Tower Finishing,Flooring,,137481030.0,2028-03-26,2028-04-10,,,2027-03-24,,0
1.1.1.2.2.3.1.31.10,Aluminium door-window fixing,Tower 4,31st Floor,Finishing,Tower Finishing,Window,,107017500.0,2028-06-08,2028-06-20,,,2027-04-08,,0
1.1.1.2.2.3.1.31.11,Putty primer coat,Tower 4,31st Floor,Finishing,Tower Finishing,Paint,,11286000.0,2028-04-10,2028-04-16,,,2027-04-08,,0
1.1.1.2.2.3.1.31.12,Door shutter fixing,Tower 4,31st Floor,Finishing,Tower Finishing,Door,,59819600.0,2028-04-10,2028-04-18,,,2027-04-08,,0
1.1.1.2.2.3.1.31.13,Electrical wiring work,Tower 4,31st Floor,MEP,Tower MEP,Electrical,,55353906.0,2028-05-28,2028-06-12,,,2027-04-16,,0
1.1.1.2.2.3.1.31.14,Painting 1st coat,Tower 4,31st Floor,Finishing,Tower Finishing,Paint,,11286000.0,2028-06-12,2028-06-27,,,2027-05-01,,0
1.1.1.2.2.3.1.31.15,False ceiling,Tower 4,31st Floor,Finishing,Tower Finishing,False Ceiling,,27020000.0,2028-06-27,2028-07-07,,,2027-05-16,,0
1.1.1.2.2.3.1.32,32nd Floor,,,,,,,,2027-05-06,2028-07-22,,,2026-12-29,,
1.1.1.2.2.3.1.32.1,Block Work,Tower 4,32nd Floor,Finishing,Tower Civil Finishes,Blockwork,,33349204.0,2027-05-06,2027-05-14,,,2026-12-29,,0
1.1.1.2.2.3.1.32.2,Door Frame Fixing,Tower 4,32nd Floor,Finishing,Tower Finishing,Door,,0.0,2027-05-15,2027-05-24,,,2027-01-07,,0
1.1.1.2.2.3.1.32.3,Internal Plumbing Works,Tower 4,32nd Floor,MEP,Tower MEP,Plumbing,,25772456.0,2027-05-16,2027-05-26,,,2027-01-08,,0
1.1.1.2.2.3.1.32.4,Waterproofing,Tower 4,32nd Floor,Finishing,Tower Civil Finishes,Waterproofing,,29202420.0,2027-06-12,2027-06-24,,,2027-02-04,,0
1.1.1.2.2.3.1.32.5,Internal Plaster,Tower 4,32nd Floor,Finishing,Tower Civil Finishes,Int Plaster,,51753000.0,2027-06-24,2027-07-03,,,2027-02-16,,0
1.1.1.2.2.3.1.32.6,IPS flooring work,Tower 4,32nd Floor,Finishing,Tower Finishing,Flooring,,17359980.0,2027-07-03,2027-07-12,,,2027-02-25,,0
1.1.1.2.2.3.1.32.7,Toilet dado work,Tower 4,32nd Floor,Finishing,Tower Finishing,Flooring,,46125420.0,2027-12-24,2028-01-01,,,2027-02-25,,0
1.1.1.2.2.3.1.32.8,Toilet flooring work,Tower 4,32nd Floor,Finishing,Tower Finishing,Flooring,,9217230.0,2028-01-01,2028-01-08,,,2027-03-05,,0
1.1.1.2.2.3.1.32.9,Living dinning flooring,Tower 4,32nd Floor,Finishing,Tower Finishing,Flooring,,137481030.0,2028-04-10,2028-04-25,,,2027-04-08,,0
1.1.1.2.2.3.1.32.10,Aluminium door-window fixing,Tower 4,32nd Floor,Finishing,Tower Finishing,Window,,107017500.0,2028-06-20,2028-07-02,,,2027-04-23,,0
1.1.1.2.2.3.1.32.11,Putty primer coat,Tower 4,32nd Floor,Finishing,Tower Finishing,Paint,,11286000.0,2028-04-25,2028-05-01,,,2027-04-23,,0
1.1.1.2.2.3.1.32.12,Door shutter fixing,Tower 4,32nd Floor,Finishing,Tower Finishing,Door,,59819600.0,2028-04-25,2028-05-03,,,2027-04-23,,0
1.1.1.2.2.3.1.32.13,Electrical wiring work,Tower 4,32nd Floor,MEP,Tower MEP,Electrical,,55353906.0,2028-06-12,2028-06-27,,,2027-05-01,,0
1.1.1.2.2.3.1.32.14,Painting 1st coat,Tower 4,32nd Floor,Finishing,Tower Finishing,Paint,,11286000.0,2028-06-27,2028-07-12,,,2027-05-16,,0
1.1.1.2.2.3.1.32.15,False ceiling,Tower 4,32nd Floor,Finishing,Tower Finishing,False Ceiling,,27020000.0,2028-07-12,2028-07-22,,,2027-05-31,,0
1.1.1.2.2.3.1.33,33rd Floor,,,,,,,,2027-05-14,2028-08-03,,,2027-01-06,,
1.1.1.2.2.3.1.33.1,Block Work,Tower 4,33rd Floor,Finishing,Tower Civil Finishes,Blockwork,,33349204.0,2027-05-14,2027-05-22,,,2027-01-06,,0
1.1.1.2.2.3.1.33.2,Door Frame Fixing,Tower 4,33rd Floor,Finishing,Tower Finishing,Door,,0.0,2027-05-24,2027-06-02,,,2027-01-16,,0
1.1.1.2.2.3.1.33.3,Internal Plumbing Works,Tower 4,33rd Floor,MEP,Tower MEP,Plumbing,,25772456.0,2027-05-26,2027-06-05,,,2027-01-18,,0
1.1.1.2.2.3.1.33.4,Waterproofing,Tower 4,33rd Floor,Finishing,Tower Civil Finishes,Waterproofing,,29202420.0,2027-06-24,2027-07-06,,,2027-02-16,,0
1.1.1.2.2.3.1.33.5,Internal Plaster,Tower 4,33rd Floor,Finishing,Tower Civil Finishes,Int Plaster,,51753000.0,2027-07-06,2027-07-15,,,2027-02-28,,0
1.1.1.2.2.3.1.33.6,IPS flooring work,Tower 4,33rd Floor,Finishing,Tower Finishing,Flooring,,17359980.0,2027-07-15,2027-07-24,,,2027-03-09,,0
1.1.1.2.2.3.1.33.7,Toilet dado work,Tower 4,33rd Floor,Finishing,Tower Finishing,Flooring,,46125420.0,2028-01-01,2028-01-09,,,2027-03-09,,0
1.1.1.2.2.3.1.33.8,Toilet flooring work,Tower 4,33rd Floor,Finishing,Tower Finishing,Flooring,,9217230.0,2028-01-09,2028-01-16,,,2027-03-17,,0
1.1.1.2.2.3.1.33.9,Living dinning flooring,Tower 4,33rd Floor,Finishing,Tower Finishing,Flooring,,137481030.0,2028-04-25,2028-05-07,,,2027-04-23,,0
1.1.1.2.2.3.1.33.10,Aluminium door-window fixing,Tower 4,33rd Floor,Finishing,Tower Finishing,Window,,107017500.0,2028-07-02,2028-07-17,,,2027-05-08,,0
1.1.1.2.2.3.1.33.11,Putty primer coat,Tower 4,33rd Floor,Finishing,Tower Finishing,Paint,,11286000.0,2028-05-07,2028-05-13,,,2027-05-08,,0
1.1.1.2.2.3.1.33.12,Door shutter fixing,Tower 4,33rd Floor,Finishing,Tower Finishing,Door,,59819600.0,2028-05-07,2028-05-15,,,2027-05-08,,0
1.1.1.2.2.3.1.33.13,Electrical wiring work,Tower 4,33rd Floor,MEP,Tower MEP,Electrical,,55353906.0,2028-06-27,2028-07-09,,,2027-05-16,,0
1.1.1.2.2.3.1.33.14,Painting 1st coat,Tower 4,33rd Floor,Finishing,Tower Finishing,Paint,,11286000.0,2028-07-12,2028-07-24,,,2027-05-31,,0
1.1.1.2.2.3.1.33.15,False ceiling,Tower 4,33rd Floor,Finishing,Tower Finishing,False Ceiling,,27020000.0,2028-07-24,2028-08-03,,,2027-06-12,,0
1.1.1.2.2.3.1.34,34th Floor,,,,,,,,2027-05-22,2028-08-15,,,2027-01-14,,
1.1.1.2.2.3.1.34.1,Block Work,Tower 4,34th Floor,Finishing,Tower Civil Finishes,Blockwork,,33349204.0,2027-05-22,2027-05-30,,,2027-01-14,,0
1.1.1.2.2.3.1.34.2,Door Frame Fixing,Tower 4,34th Floor,Finishing,Tower Finishing,Door,,0.0,2027-06-02,2027-06-11,,,2027-01-25,,0
1.1.1.2.2.3.1.34.3,Internal Plumbing Works,Tower 4,34th Floor,MEP,Tower MEP,Plumbing,,25772456.0,2027-06-05,2027-06-15,,,2027-01-28,,0
1.1.1.2.2.3.1.34.4,Waterproofing,Tower 4,34th Floor,Finishing,Tower Civil Finishes,Waterproofing,,29202420.0,2027-07-06,2027-07-18,,,2027-02-28,,0
1.1.1.2.2.3.1.34.5,Internal Plaster,Tower 4,34th Floor,Finishing,Tower Civil Finishes,Int Plaster,,51753000.0,2027-07-18,2027-07-27,,,2027-03-12,,0
1.1.1.2.2.3.1.34.6,IPS flooring work,Tower 4,34th Floor,Finishing,Tower Finishing,Flooring,,17359980.0,2027-07-27,2027-08-05,,,2027-03-21,,0
1.1.1.2.2.3.1.34.7,Toilet dado work,Tower 4,34th Floor,Finishing,Tower Finishing,Flooring,,46125420.0,2028-01-09,2028-01-17,,,2027-03-21,,0
1.1.1.2.2.3.1.34.8,Toilet flooring work,Tower 4,34th Floor,Finishing,Tower Finishing,Flooring,,9217230.0,2028-01-17,2028-01-24,,,2027-03-29,,0
1.1.1.2.2.3.1.34.9,Living dinning flooring,Tower 4,34th Floor,Finishing,Tower Finishing,Flooring,,137481030.0,2028-05-07,2028-05-19,,,2027-05-08,,0
1.1.1.2.2.3.1.34.10,Aluminium door-window fixing,Tower 4,34th Floor,Finishing,Tower Finishing,Window,,107017500.0,2028-07-17,2028-08-01,,,2027-05-23,,0
1.1.1.2.2.3.1.34.11,Putty primer coat,Tower 4,34th Floor,Finishing,Tower Finishing,Paint,,11286000.0,2028-05-19,2028-05-25,,,2027-05-23,,0
1.1.1.2.2.3.1.34.12,Door shutter fixing,Tower 4,34th Floor,Finishing,Tower Finishing,Door,,59819600.0,2028-05-19,2028-05-27,,,2027-05-23,,0
1.1.1.2.2.3.1.34.13,Electrical wiring work,Tower 4,34th Floor,MEP,Tower MEP,Electrical,,55353906.0,2028-07-09,2028-07-21,,,2027-05-31,,0
1.1.1.2.2.3.1.34.14,Painting 1st coat,Tower 4,34th Floor,Finishing,Tower Finishing,Paint,,11286000.0,2028-07-24,2028-08-05,,,2027-06-12,,0
1.1.1.2.2.3.1.34.15,False ceiling,Tower 4,34th Floor,Finishing,Tower Finishing,False Ceiling,,27020000.0,2028-08-05,2028-08-15,,,2027-06-24,,0
1.1.1.2.2.3.1.35,35th Floor,,,,,,,,2027-06-02,2028-08-27,,,2027-01-25,,
1.1.1.2.2.3.1.35.1,Block Work,Tower 4,35th Floor,Finishing,Tower Civil Finishes,Blockwork,,33349204.0,2027-06-02,2027-06-10,,,2027-01-25,,0
1.1.1.2.2.3.1.35.2,Door Frame Fixing,Tower 4,35th Floor,Finishing,Tower Finishing,Door,,0.0,2027-06-11,2027-06-20,,,2027-02-03,,0
1.1.1.2.2.3.1.35.3,Internal Plumbing Works,Tower 4,35th Floor,MEP,Tower MEP,Plumbing,,25772456.0,2027-06-15,2027-06-25,,,2027-02-07,,0
1.1.1.2.2.3.1.35.4,Waterproofing,Tower 4,35th Floor,Finishing,Tower Civil Finishes,Waterproofing,,29202420.0,2027-07-18,2027-07-30,,,2027-03-12,,0
1.1.1.2.2.3.1.35.5,Internal Plaster,Tower 4,35th Floor,Finishing,Tower Civil Finishes,Int Plaster,,51753000.0,2027-08-07,2027-08-16,,,2027-03-24,,0
1.1.1.2.2.3.1.35.6,IPS flooring work,Tower 4,35th Floor,Finishing,Tower Finishing,Flooring,,17359980.0,2027-08-16,2027-08-25,,,2027-04-02,,0
1.1.1.2.2.3.1.35.7,Toilet dado work,Tower 4,35th Floor,Finishing,Tower Finishing,Flooring,,46125420.0,2028-01-17,2028-01-25,,,2027-04-02,,0
1.1.1.2.2.3.1.35.8,Toilet flooring work,Tower 4,35th Floor,Finishing,Tower Finishing,Flooring,,9217230.0,2028-01-25,2028-02-01,,,2027-04-10,,0
1.1.1.2.2.3.1.35.9,Living dinning flooring,Tower 4,35th Floor,Finishing,Tower Finishing,Flooring,,137481030.0,2028-05-19,2028-05-31,,,2027-05-23,,0
1.1.1.2.2.3.1.35.10,Aluminium door-window fixing,Tower 4,35th Floor,Finishing,Tower Finishing,Window,,107017500.0,2028-08-01,2028-08-16,,,2027-06-07,,0
1.1.1.2.2.3.1.35.11,Putty primer coat,Tower 4,35th Floor,Finishing,Tower Finishing,Paint,,11286000.0,2028-05-31,2028-06-06,,,2027-06-07,,0
1.1.1.2.2.3.1.35.12,Door shutter fixing,Tower 4,35th Floor,Finishing,Tower Finishing,Door,,59819600.0,2028-05-31,2028-06-08,,,2027-06-07,,0
1.1.1.2.2.3.1.35.13,Electrical wiring work,Tower 4,35th Floor,MEP,Tower MEP,Electrical,,55353906.0,2028-07-21,2028-08-02,,,2027-06-15,,0
1.1.1.2.2.3.1.35.14,Painting 1st coat,Tower 4,35th Floor,Finishing,Tower Finishing,Paint,,11286000.0,2028-08-05,2028-08-17,,,2027-06-27,,0
1.1.1.2.2.3.1.35.15,False ceiling,Tower 4,35th Floor,Finishing,Tower Finishing,False Ceiling,,27020000.0,2028-08-17,2028-08-27,,,2027-07-09,,0
1.1.1.2.2.3.2,Terrace Finishing,,,,,,,,2027-04-18,2027-07-07,,,2026-10-05,,
1.1.1.2.2.3.2.1,Terrace waterproofing,Tower 4,Terrace,Finishing,Tower Civil Finishes,Waterproofing,,124410000.0,2027-04-18,2027-05-28,,,2026-10-05,,0
1.1.1.2.2.3.2.2,Terrace finishing,Tower 4,Terrace,Finishing,Common area finishes,CA-Flooring,,43387500.0,2027-05-28,2027-07-07,,,2026-12-29,,0
1.1.1.2.2.3.3,Common Area Finishing,,,,,,,,2027-05-28,2028-05-12,,,2026-12-29,,
1.1.1.2.2.3.3.1,Fire Door,Tower 4,,Finishing,Common area finishes,CA-Door,,379050000.0,2027-05-28,2027-07-27,,,2026-12-29,,0
1.1.1.2.2.3.3.2,Tile Cladding & Lift Lobby Granite Wall,Tower 4,,Finishing,Common area finishes,CA-Flooring,,1125090000.0,2027-07-17,2027-12-29,,,2027-02-17,,0
1.1.1.2.2.3.3.3,Staircase railing fixing,Tower 4,,Finishing,Common area finishes,CA-Railing,,238268800.0,2027-10-30,2028-05-12,,,2027-06-02,,0
1.1.1.2.2.3.3.4,Main staircase flooring,Tower 4,,Finishing,Common area finishes,CA-Flooring,,247950900.0,2027-09-30,2028-04-12,,,2027-05-03,,0
1.1.1.2.2.3.3.5,Fire staircase flooring ,Tower 4,,Finishing,Common area finishes,CA-Flooring,,119810900.0,2027-09-15,2028-03-28,,,2027-04-18,,0
1.1.1.2.2.3.3.6,Fire door work,Tower 4,,Finishing,Common area finishes,CA-Door,,0.0,2027-10-30,2028-02-12,,,2027-06-02,,0
1.1.1.2.2.3.3.7,Electrical wiring work,Tower 4,,MEP,Common area-MEP,CA-Electrical,,0.0,2027-06-17,2027-10-15,,,2027-01-18,,0
1.1.1.2.2.3.3.8,Lobby flooring,Tower 4,,Finishing,Common area finishes,CA-Flooring,,523604200.0,2027-06-21,2028-01-02,,,2027-01-21,,0
1.1.1.2.2.3.3.9,Ceiling & wall putty-primer,Tower 4,,Finishing,Common area finishes,CA-Paint,,31134000.0,2027-08-16,2028-01-18,,,2027-03-19,,0
1.1.1.2.2.3.3.10,Ceiling & wall painting,Tower 4,,Finishing,Common area finishes,CA-Paint,,31134000.0,2027-09-05,2028-01-28,,,2027-04-08,,0
1.1.1.2.2.3.3.11,Light fixture supply & installation,Tower 4,,MEP,Common area-MEP,CA-Electrical,,1258463400.0,2027-12-19,2028-02-02,,,2027-06-07,,0
1.1.1.2.2.3.4,Balcony Glass Railing,,,,,,,,2028-01-15,2028-03-25,,,2027-07-26,,
1.1.1.2.2.3.4.1,1st Floor,Tower 4,1st Floor,Finishing,Tower Civil Finishes,Railing,,78787200.0,2028-01-15,2028-01-17,,,2027-07-26,,0
1.1.1.2.2.3.4.2,2nd Floor,Tower 4,2nd Floor,Finishing,Tower Civil Finishes,Railing,,78787200.0,2028-01-17,2028-01-19,,,2027-07-28,,0
1.1.1.2.2.3.4.3,3rd Floor,Tower 4,3rd Floor,Finishing,Tower Civil Finishes,Railing,,78787200.0,2028-01-19,2028-01-21,,,2027-07-30,,0
1.1.1.2.2.3.4.4,4th Floor,Tower 4,4th Floor,Finishing,Tower Civil Finishes,Railing,,78787200.0,2028-01-21,2028-01-23,,,2027-08-01,,0
1.1.1.2.2.3.4.5,5th Floor ,Tower 4,5th Floor,Finishing,Tower Civil Finishes,Railing,,78787200.0,2028-01-23,2028-01-25,,,2027-08-03,,0
1.1.1.2.2.3.4.6,6th Floor ,Tower 4,6th Floor,Finishing,Tower Civil Finishes,Railing,,78787200.0,2028-01-25,2028-01-27,,,2027-08-05,,0
1.1.1.2.2.3.4.7,7th Floor ,Tower 4,7th Floor,Finishing,Tower Civil Finishes,Railing,,78787200.0,2028-01-27,2028-01-29,,,2027-08-07,,0
1.1.1.2.2.3.4.8,8th Floor ,Tower 4,8th Floor,Finishing,Tower Civil Finishes,Railing,,78787200.0,2028-01-29,2028-01-31,,,2027-08-09,,0
1.1.1.2.2.3.4.9,9th Floor ,Tower 4,9th Floor,Finishing,Tower Civil Finishes,Railing,,78787200.0,2028-01-31,2028-02-02,,,2027-08-11,,0
1.1.1.2.2.3.4.10,10th Floor,Tower 4,10th Floor,Finishing,Tower Civil Finishes,Railing,,78787200.0,2028-02-02,2028-02-04,,,2027-08-13,,0
1.1.1.2.2.3.4.11,11th Floor,Tower 4,11th Floor,Finishing,Tower Civil Finishes,Railing,,78787200.0,2028-02-04,2028-02-06,,,2027-08-15,,0
1.1.1.2.2.3.4.12,12th Floor,Tower 4,12th Floor,Finishing,Tower Civil Finishes,Railing,,78787200.0,2028-02-06,2028-02-08,,,2027-08-17,,0
1.1.1.2.2.3.4.13,13th Floor,Tower 4,13th Floor,Finishing,Tower Civil Finishes,Railing,,78787200.0,2028-02-08,2028-02-10,,,2027-08-19,,0
1.1.1.2.2.3.4.14,14th Floor,Tower 4,14th Floor,Finishing,Tower Civil Finishes,Railing,,78787200.0,2028-02-10,2028-02-12,,,2027-08-21,,0
1.1.1.2.2.3.4.15,15th Floor,Tower 4,15th Floor,Finishing,Tower Civil Finishes,Railing,,78787200.0,2028-02-12,2028-02-14,,,2027-08-23,,0
1.1.1.2.2.3.4.16,16th Floor,Tower 4,16th Floor,Finishing,Tower Civil Finishes,Railing,,78787200.0,2028-02-14,2028-02-16,,,2027-08-25,,0
1.1.1.2.2.3.4.17,17th Floor,Tower 4,17th Floor,Finishing,Tower Civil Finishes,Railing,,78787200.0,2028-02-16,2028-02-18,,,2027-08-27,,0
1.1.1.2.2.3.4.18,18th Floor,Tower 4,18th Floor,Finishing,Tower Civil Finishes,Railing,,78787200.0,2028-02-18,2028-02-20,,,2027-08-29,,0
1.1.1.2.2.3.4.19,19th Floor,Tower 4,19th Floor,Finishing,Tower Civil Finishes,Railing,,78787200.0,2028-02-20,2028-02-22,,,2027-08-31,,0
1.1.1.2.2.3.4.20,20th Floor,Tower 4,20th Floor,Finishing,Tower Civil Finishes,Railing,,78787200.0,2028-02-22,2028-02-24,,,2027-09-02,,0
1.1.1.2.2.3.4.21,21st Floor,Tower 4,21st Floor,Finishing,Tower Civil Finishes,Railing,,78787200.0,2028-02-24,2028-02-26,,,2027-09-04,,0
1.1.1.2.2.3.4.22,22nd Floor,Tower 4,22nd Floor,Finishing,Tower Civil Finishes,Railing,,78787200.0,2028-02-26,2028-02-28,,,2027-09-06,,0
1.1.1.2.2.3.4.23,23rd Floor,Tower 4,23rd Floor,Finishing,Tower Civil Finishes,Railing,,78787200.0,2028-02-28,2028-03-01,,,2027-09-08,,0
1.1.1.2.2.3.4.24,24th Floor,Tower 4,24th Floor,Finishing,Tower Civil Finishes,Railing,,78787200.0,2028-03-01,2028-03-03,,,2027-09-10,,0
1.1.1.2.2.3.4.25,25th Floor,Tower 4,25th Floor,Finishing,Tower Civil Finishes,Railing,,78787200.0,2028-03-03,2028-03-05,,,2027-09-12,,0
1.1.1.2.2.3.4.26,26th Floor,Tower 4,26th Floor,Finishing,Tower Civil Finishes,Railing,,78787200.0,2028-03-05,2028-03-07,,,2027-09-14,,0
1.1.1.2.2.3.4.27,27th Floor,Tower 4,27th Floor,Finishing,Tower Civil Finishes,Railing,,78787200.0,2028-03-07,2028-03-09,,,2027-09-16,,0
1.1.1.2.2.3.4.28,28th Floor,Tower 4,28th Floor,Finishing,Tower Civil Finishes,Railing,,78787200.0,2028-03-09,2028-03-11,,,2027-09-18,,0
1.1.1.2.2.3.4.29,29th Floor,Tower 4,29th Floor,Finishing,Tower Civil Finishes,Railing,,78787200.0,2028-03-11,2028-03-13,,,2027-09-20,,0
1.1.1.2.2.3.4.30,30th Floor,Tower 4,30th Floor,Finishing,Tower Civil Finishes,Railing,,78787200.0,2028-03-13,2028-03-15,,,2027-09-22,,0
1.1.1.2.2.3.4.31,31st Floor,Tower 4,31st Floor,Finishing,Tower Civil Finishes,Railing,,78787200.0,2028-03-15,2028-03-17,,,2027-09-24,,0
1.1.1.2.2.3.4.32,32nd Floor,Tower 4,32nd Floor,Finishing,Tower Civil Finishes,Railing,,78787200.0,2028-03-17,2028-03-19,,,2027-09-26,,0
1.1.1.2.2.3.4.33,33rd Floor,Tower 4,33rd Floor,Finishing,Tower Civil Finishes,Railing,,78787200.0,2028-03-19,2028-03-21,,,2027-09-28,,0
1.1.1.2.2.3.4.34,34th Floor ,Tower 4,34th Floor,Finishing,Tower Civil Finishes,Railing,,78787200.0,2028-03-21,2028-03-23,,,2027-09-30,,0
1.1.1.2.2.3.4.35,35th Floor,Tower 4,35th Floor,Finishing,Tower Civil Finishes,Railing,,78787200.0,2028-03-23,2028-03-25,,,2027-10-02,,0
1.1.1.2.3,MEP work,,,,,,,,2027-05-28,2028-08-05,,,2026-12-29,,
1.1.1.2.3.1,Electrical work,,,,,,,,2027-05-28,2028-03-08,,,2026-12-29,,
1.1.1.2.3.1.1,Cable Tray,Tower 4,,MEP,Tower MEP,Electrical,,184779200.0,2027-05-28,2027-08-26,,,2026-12-29,,0
1.1.1.2.3.1.2,"Cable, main & sub main",Tower 4,,MEP,Tower MEP,Electrical,,851043528.0,2027-07-12,2027-09-30,,,2027-02-12,,0
1.1.1.2.3.1.3,LT panel & DB,Tower 4,,MEP,Tower MEP,Electrical,,1015952723.0,2027-08-26,2028-02-07,,,2027-03-29,,0
1.1.1.2.3.1.4,Rising main,Tower 4,,MEP,Tower MEP,Plumbing,,575180842.2,2027-10-25,2028-03-08,,,2027-05-28,,0
1.1.1.2.3.1.5,EARTHING Works ,Tower 4,,MEP,Tower MEP,Electrical,,11480000.0,2027-09-10,2027-12-24,,,2027-04-13,,0
1.1.1.2.3.1.6,Advance lightening protection,Tower 4,,MEP,Tower MEP,Electrical,,157717341.7,2027-07-07,2027-09-05,,,2027-02-07,,0
1.1.1.2.3.1.7,Inverter,Tower 4,,MEP,Tower MEP,Electrical,,31579400.0,2027-12-24,2028-01-28,,,2027-06-12,,0
1.1.1.2.3.1.8,Energy meter,Tower 4,,MEP,Tower MEP,Electrical,,98000000.0,2027-09-30,2028-01-13,,,2027-05-03,,0
1.1.1.2.3.1.9,Exhast fan,Tower 4,,MEP,Tower MEP,Electrical,,94500000.0,2027-10-05,2028-01-18,,,2027-04-28,,0
1.1.1.2.3.1.10,FTTH,Tower 4,,MEP,Tower MEP,Electrical,,0.0,2027-10-30,2028-02-12,,,2027-06-02,,0
1.1.1.2.3.1.11,Security System - FA & PA,Tower 4,,MEP,Tower MEP,Electrical,,663171400.0,2027-12-19,2028-02-12,,,2027-06-07,,0
1.1.1.2.3.1.12,Solar water heater,Tower 4,,MEP,Tower MEP,Plumbing,,0.0,2027-07-07,2027-09-05,,,2027-02-07,,0
1.1.1.2.3.2,Plumbing wrok,,,,,,,,2027-05-28,2028-06-15,,,2026-12-29,,
1.1.1.2.3.2.1,Terrace looping,Tower 4,Terrace,MEP,Tower MEP,Plumbing,,0.0,2027-05-28,2027-07-12,,,2026-12-29,,0
1.1.1.2.3.2.2,Shaft Plumbing,Tower 4,,MEP,Tower MEP,Plumbing,,256190000.0,2027-07-12,2027-12-24,,,2027-02-12,,0
1.1.1.2.3.2.3,CP sanitary fixture supply,Tower 4,,MEP,Tower MEP,CP Sanitary,,3470988600.0,2028-04-01,2028-06-15,,,2027-06-16,,0
1.1.1.2.3.2.4,Cold & flushing water supply,Tower 4,,MEP,Tower MEP,Plumbing,,1581730600.0,2027-10-15,2028-02-27,,,2027-05-18,,0
1.1.1.2.3.2.5,Misc work,Tower 4,,Finishing,Miscellaneous,Misc,,382282500.0,2028-02-17,2028-03-18,,,2027-08-06,,0
1.1.1.2.3.3,Fire fighting work,,,,,,,,2027-05-28,2028-03-08,,,2026-12-29,,
1.1.1.2.3.3.1,Fire hydrant work,Tower 4,,MEP,Tower MEP,Plumbing,,264277000.0,2027-07-27,2027-09-25,,,2027-04-18,,0
1.1.1.2.3.3.2,Sprinkler & piping work,Tower 4,,MEP,Tower MEP,Plumbing,,0.0,2027-10-25,2028-03-08,,,2027-09-05,,0
1.1.1.2.3.3.3,Shaft Downtake works,Tower 4,,MEP,Tower MEP,Plumbing,,0.0,2027-05-28,2027-08-26,,,2026-12-29,,0
1.1.1.2.3.3.4,Connection to pump room,Tower 4,,MEP,Tower MEP,Plumbing,,761225400.0,2027-08-26,2027-09-25,,,2027-03-29,,0
1.1.1.2.3.4,Lift work,,,,,,,,2027-05-28,2027-12-29,,,2026-12-29,,
1.1.1.2.3.4.1,Lift Shaft Handover,Tower 4,,MEP,Common area-MEP,Lift,,2287000000.0,2027-05-28,2027-07-07,,,2026-12-29,,0
1.1.1.2.3.4.2,Lift installation work,Tower 4,,MEP,Common area-MEP,Lift,,0.0,2027-07-07,2027-08-21,,,2027-02-07,,0
1.1.1.2.3.4.3,Lift testing and commissioning,Tower 4,,MEP,Common area-MEP,Lift,,0.0,2027-08-21,2027-12-29,,,2027-03-24,,0
1.1.1.2.3.5,AC work,,,,,,,,2028-04-27,2028-08-05,,,2028-02-19,,
1.1.1.2.3.5.1,Split AC,Tower 4,,MEP,Tower MEP,Electrical,,5610095200.0,2028-04-27,2028-08-05,,,2028-02-19,,0
1.1.1.2.4,Tower Completion ,,,,,,,,2023-12-06,2028-03-23,,,2027-01-27,,
1.1.1.2.4.1,SURFACE PREPARATION,Tower 4,,Finishing,Tower Finishing,Paint,,0.0,2027-06-04,2027-08-23,,,2027-01-27,,0
1.1.1.2.4.2,External Painting,Tower 4,,Finishing,Tower Finishing,Ext Paint,,1259760000.0,2027-08-23,2028-01-15,,,2027-04-17,,0
1.1.1.2.4.3,Waterproofing,Tower 4,,Finishing,Tower Civil Finishes,Waterproofing,,390290813.0,2023-12-06,2028-03-23,2023-12-06,,2027-07-26,,91
1.1.1.2.4.4,Misc. work,Tower 4,,Finishing,Miscellaneous,Misc,,506000000.0,2028-01-15,2028-03-15,,,2027-07-26,,0
1.1.1.2.5,Basement lobby,,,,,,,,2028-01-02,2028-03-02,,,2027-06-20,,
1.1.1.2.5.1,Basement lobby,Tower 4,Basement,Finishing,Common area finishes,CA-Flooring,,10893705500.0,2028-01-02,2028-03-02,,,2027-06-20,,0
1.1.1.2.6,Post OC activities ,,,,,,,,2028-04-27,2028-11-30,,,2027-06-27,,
1.1.1.2.6.1,Balcony Flooring & Kitchen Counter,Tower 4,,Finishing,Tower Finishing,Flooring,,1002347900.0,2028-04-27,2028-10-24,,,2028-02-19,,0
1.1.1.2.6.2,Final Coat of Paint,Tower 4,,Finishing,Tower Finishing,Paint,,742377000.0,2028-06-15,2028-10-13,,,2028-02-19,,0
1.1.1.2.6.3,Wooden Flooring,Tower 4,,Finishing,Tower Finishing,Flooring,,698400000.0,2028-04-27,2028-10-24,,,2028-02-19,,0
1.1.1.2.6.4,Misc. Fixtures And Fittings,Tower 4,,Finishing,Miscellaneous,Misc,,198050500.0,2028-08-02,2028-11-30,,,2027-06-27,,0
1.1.1.2.6.5,Modular Kitchen,Tower 4,,Finishing,Miscellaneous,Misc,,2730000000.0,2028-04-27,2028-10-24,,,2028-02-19,,0
1.1.1.2.6.6,Final Coat Paint,Tower 4,,Finishing,Tower Finishing,Paint,,0.0,2028-08-27,2028-11-25,,,2028-03-05,,0
1.1.1.2.7,OC Application/Readiness ,Tower 4,,Finishing,Miscellaneous,Misc,,0.0,2028-03-26,2028-03-27,,,2028-01-18,,0
1.1.1.2.8,OC Receipt,Tower 4,,Finishing,Miscellaneous,Misc,,0.0,2028-05-26,2028-05-27,,,2028-03-19,,0
1.1.1.2.9,Offer To Possession,Tower 4,,Finishing,Miscellaneous,Misc,,0.0,2028-11-30,2028-12-30,,,2028-08-17,,0
1.1.1.3,Tower 3,,,,,,,,2023-07-26,2029-04-18,,,2024-05-14,,
1.1.1.3.1,Substructure,,,,,,,,2024-05-14,2026-05-05,,,2024-05-14,,
1.1.1.3.1.1,Soil Bed Preparation ,,,,,,,,2024-05-14,2026-02-24,,,2024-05-14,,
1.1.1.3.1.1.1,Test Piling ,Tower 3,,Civil Works- RCC,RCC,Reinforcement,,230000000.0,2024-05-14,2024-08-16,2024-05-14,2024-08-16,2024-05-14,,100
1.1.1.3.1.1.2,Excavation,Tower 3,,Civil Works- RCC,RCC,Reinforcement,,21647400.0,2024-07-21,2024-08-19,2024-07-21,2024-08-19,2024-07-21,,100
1.1.1.3.1.1.3,Main Piling Work ,Tower 3,,Civil Works- RCC,RCC,Reinforcement,,5749840800.0,2024-08-22,2025-03-02,2024-08-22,2025-03-02,2024-08-22,,100
1.1.1.3.1.1.4,Anti-termite,Tower 3,,Finishing,Tower Civil Finishes,Waterproofing,,1677000.0,2025-12-27,2025-12-31,,,2025-04-02,,0
1.1.1.3.1.1.5,PCC,Tower 3,,Civil Works- RCC,RCC,Concreting,,85608000.0,2025-03-02,2025-03-23,2025-03-02,2025-03-23,2025-03-02,,100
1.1.1.3.1.1.6,Backfilling,Tower 3,,Civil Works- RCC,RCC,Reinforcement,,144270000.0,2025-12-27,2026-02-24,,,2025-06-16,,0
1.1.1.3.1.2,RCC Structure,,,,,,,,2025-01-17,2025-09-26,,,2025-04-01,,
1.1.1.3.1.2.1,Raft Foundation ,,,,,,,,2025-01-17,2025-03-31,,,2025-04-01,,
1.1.1.3.1.2.1.1,Reinforcement,Tower 3,,Civil Works- RCC,RCC,Reinforcement,,2250862527.60887,2025-01-17,2025-03-31,2025-01-17,2025-03-31,2025-04-01,,100
1.1.1.3.1.2.1.2,Formwork,Tower 3,,Civil Works- RCC,RCC,Shuttering- Conventional,,38215300.0,2025-01-25,2025-03-31,2025-01-25,2025-03-31,2025-04-13,,100
1.1.1.3.1.2.1.3,Concreting,Tower 3,,Civil Works- RCC,RCC,Concreting,,2331827000.0,2025-01-30,2025-03-31,2025-01-30,2025-03-31,2025-04-25,,100
1.1.1.3.1.2.2,Basement 1 Slab,,,,,,,,2025-03-27,2025-07-18,,,2025-04-27,,
1.1.1.3.1.2.2.1,Reinforcement,Tower 3,Basement 1,Civil Works- RCC,RCC,Reinforcement,,372658875.0,2025-03-27,2025-07-18,2025-03-27,2025-07-18,2025-04-27,,100
1.1.1.3.1.2.2.2,Formwork,Tower 3,Basement 1,Civil Works- RCC,RCC,Shuttering- Conventional,,116933100.0,2025-03-28,2025-04-16,2025-03-28,2025-04-16,2025-04-28,,100
1.1.1.3.1.2.2.3,Concreting,Tower 3,Basement 1,Civil Works- RCC,RCC,Concreting,,215892600.0,2025-03-31,2025-04-19,2025-03-31,2025-04-19,2025-05-18,,100
1.1.1.3.1.2.3,Basement 2 Slab/GF,,,,,,,,2025-04-20,2025-08-18,,,2025-05-22,,
1.1.1.3.1.2.3.1,Reinforcement,Tower 3,Ground Floor,Civil Works- RCC,RCC,Reinforcement,,788742750.0,2025-04-20,2025-08-16,2025-04-20,2025-08-16,2025-05-22,,100
1.1.1.3.1.2.3.2,Formwork,Tower 3,Ground Floor,Civil Works- RCC,RCC,Shuttering- Conventional,,340888100.0,2025-04-21,2025-08-15,2025-04-21,2025-08-15,2025-05-23,,100
1.1.1.3.1.2.3.3,Concreting,Tower 3,Ground Floor,Civil Works- RCC,RCC,Concreting,,457019400.0,2025-05-11,2025-08-18,2025-05-11,2025-08-18,2025-06-12,,100
1.1.1.3.1.2.4,Podium /Ground Floor Slab,,,,,,,,2025-08-12,2025-09-26,,,2025-06-16,,
1.1.1.3.1.2.4.1,Reinforcement,Tower 3,Ground Floor,Civil Works- RCC,RCC,Reinforcement,,1164586125.0,2025-08-12,2025-09-24,2025-08-12,2025-09-24,2025-06-16,,100
1.1.1.3.1.2.4.2,Formwork,Tower 3,Ground Floor,Civil Works- RCC,RCC,Shuttering- Conventional,,480312000.0,2025-08-13,2025-09-25,2025-08-13,2025-09-25,2025-06-17,,100
1.1.1.3.1.2.4.3,Concreting,Tower 3,Ground Floor,Civil Works- RCC,RCC,Concreting,,674781200.0,2025-08-18,2025-09-26,2025-08-18,2025-09-26,2025-07-07,,100
1.1.1.3.1.3,Substructure Finishing,,,,,,,,2025-12-27,2026-05-05,,,2025-08-10,,
1.1.1.3.1.3.1,Masonary work,Tower 3,,Finishing,Tower Civil Finishes,Blockwork,,73553200.0,2025-12-27,2026-02-09,,,2025-08-10,,0
1.1.1.3.1.3.2,Plaster,Tower 3,,Finishing,Tower Civil Finishes,Int Plaster,,48564000.0,2026-02-10,2026-03-21,,,2025-09-24,,0
1.1.1.3.1.3.3,Structural steel,Tower 3,,Civil Works- RCC,RCC,Reinforcement,,0.0,2026-01-10,2026-03-10,,,2025-09-09,,0
1.1.1.3.1.3.4,White Wash ,Tower 3,,Finishing,Tower Finishing,Paint,,144750000.0,2026-03-22,2026-05-05,,,2025-12-18,,0
1.1.1.3.2,Superstructure,,,,,,,,2025-09-26,2029-04-18,,,2025-07-11,,
1.1.1.3.2.1,RCC structure,,,,,,,,2025-09-26,2027-05-15,,,2025-07-11,,
1.1.1.3.2.1.1,1st floor slab,,,,,,,,2025-09-26,2025-11-30,,,2025-07-11,,
1.1.1.3.2.1.1.1,Reinforcement,Tower 3,1st Floor,Civil Works- RCC,RCC,Reinforcement,,572395500.0,2025-09-26,2025-11-28,2025-09-26,2025-11-28,2025-07-11,,100
1.1.1.3.2.1.1.2,Wall conduiting,Tower 3,1st Floor,MEP,Tower MEP,Electrical,,22146055.0,2025-10-08,2025-11-29,2025-10-08,2025-11-29,2025-07-14,,100
1.1.1.3.2.1.1.3,Formwork,Tower 3,1st Floor,Civil Works- RCC,RCC,Shuttering- Conventional,,268030530.0,2025-10-03,2025-11-29,2025-10-03,2025-11-29,2025-07-14,,100
1.1.1.3.2.1.1.4,Concreting,Tower 3,1st Floor,Civil Works- RCC,RCC,Concreting,,462527264.0,2025-10-08,2025-11-30,2025-10-08,2025-11-30,2025-08-04,,100
1.1.1.3.2.1.2,2nd floor slab,,,,,,,,2025-10-29,2026-01-27,,,2025-08-05,,
1.1.1.3.2.1.2.1,Reinforcement,Tower 3,2nd Floor,Civil Works- RCC,RCC,Reinforcement,,572395500.0,2025-10-29,2026-01-24,2025-10-29,,2025-08-05,,40
1.1.1.3.2.1.2.2,Wall conduiting,Tower 3,2nd Floor,MEP,Tower MEP,Electrical,,22146055.0,2025-12-28,2025-12-31,,,2025-08-08,,0
1.1.1.3.2.1.2.3,Formwork,Tower 3,2nd Floor,Civil Works- RCC,RCC,Shuttering- Conventional,,268030530.0,2025-10-31,2026-01-25,2025-10-31,,2025-08-08,,45
1.1.1.3.2.1.2.4,Concreting,Tower 3,2nd Floor,Civil Works- RCC,RCC,Concreting,,462527264.0,2026-01-26,2026-01-27,,,2025-08-25,,0
1.1.1.3.2.1.3,3rd floor slab,,,,,,,,2026-01-28,2026-02-14,,,2025-08-26,,
1.1.1.3.2.1.3.1,Reinforcement,Tower 3,3rd Floor,Civil Works- RCC,RCC,Reinforcement,,572395500.0,2026-01-28,2026-02-08,,,2025-08-26,,0
1.1.1.3.2.1.3.2,Wall conduiting,Tower 3,3rd Floor,MEP,Tower MEP,Electrical,,22146055.0,2026-01-31,2026-02-01,,,2025-08-29,,0
1.1.1.3.2.1.3.3,Formwork,Tower 3,3rd Floor,Civil Works- RCC,RCC,Shuttering- Conventional,,268030530.0,2026-02-02,2026-02-13,,,2025-08-30,,0
1.1.1.3.2.1.3.4,Concreting,Tower 3,3rd Floor,Civil Works- RCC,RCC,Concreting,,462527264.0,2026-02-14,2026-02-14,,,2025-09-09,,0
1.1.1.3.2.1.4,4th floor slab,,,,,,,,2026-02-15,2026-03-01,,,2025-09-10,,
1.1.1.3.2.1.4.1,Reinforcement,Tower 3,4th Floor,Civil Works- RCC,RCC,Reinforcement,,572395500.0,2026-02-15,2026-02-25,,,2025-09-10,,0
1.1.1.3.2.1.4.2,Wall conduiting,Tower 3,4th Floor,MEP,Tower MEP,Electrical,,22146055.0,2026-02-16,2026-02-17,,,2025-09-11,,0
1.1.1.3.2.1.4.3,Formwork,Tower 3,4th Floor,Civil Works- RCC,RCC,Shuttering- Conventional,,268030530.0,2026-02-18,2026-02-28,,,2025-09-12,,0
1.1.1.3.2.1.4.4,Concreting,Tower 3,4th Floor,Civil Works- RCC,RCC,Concreting,,462527264.0,2026-03-01,2026-03-01,,,2025-09-18,,0
1.1.1.3.2.1.5,5th floor slab,,,,,,,,2026-03-02,2026-03-13,,,2025-09-19,,
1.1.1.3.2.1.5.1,Reinforcement,Tower 3,5th Floor,Civil Works- RCC,RCC,Reinforcement,,572395500.0,2026-03-02,2026-03-10,,,2025-09-19,,0
1.1.1.3.2.1.5.2,Wall conduiting,Tower 3,5th Floor,MEP,Tower MEP,Electrical,,22146055.0,2026-03-03,2026-03-04,,,2025-09-20,,0
1.1.1.3.2.1.5.3,Formwork,Tower 3,5th Floor,Civil Works- RCC,RCC,Shuttering- Conventional,,268030530.0,2026-03-04,2026-03-12,,,2025-09-21,,0
1.1.1.3.2.1.5.4,Concreting,Tower 3,5th Floor,Civil Works- RCC,RCC,Concreting,,462527264.0,2026-03-13,2026-03-13,,,2025-09-27,,0
1.1.1.3.2.1.6,6th floor slab,,,,,,,,2026-03-14,2026-03-23,,,2025-09-28,,
1.1.1.3.2.1.6.1,Reinforcement,Tower 3,6th Floor,Civil Works- RCC,RCC,Reinforcement,,572395500.0,2026-03-14,2026-03-20,,,2025-09-28,,0
1.1.1.3.2.1.6.2,Wall conduiting,Tower 3,6th Floor,MEP,Tower MEP,Electrical,,22146055.0,2026-03-15,2026-03-16,,,2025-09-29,,0
1.1.1.3.2.1.6.3,Formwork,Tower 3,6th Floor,Civil Works- RCC,RCC,Shuttering- Conventional,,268030530.0,2026-03-16,2026-03-22,,,2025-09-30,,0
1.1.1.3.2.1.6.4,Concreting,Tower 3,6th Floor,Civil Works- RCC,RCC,Concreting,,462527264.0,2026-03-23,2026-03-23,,,2025-10-06,,0
1.1.1.3.2.1.7,7th floor slab,,,,,,,,2026-03-24,2026-04-02,,,2025-10-07,,
1.1.1.3.2.1.7.1,Reinforcement,Tower 3,7th Floor,Civil Works- RCC,RCC,Reinforcement,,572395500.0,2026-03-24,2026-03-30,,,2025-10-07,,0
1.1.1.3.2.1.7.2,Wall conduiting,Tower 3,7th Floor,MEP,Tower MEP,Electrical,,22146055.0,2026-03-25,2026-03-26,,,2025-10-08,,0
1.1.1.3.2.1.7.3,Formwork,Tower 3,7th Floor,Civil Works- RCC,RCC,Shuttering- Conventional,,268030530.0,2026-03-26,2026-04-01,,,2025-10-09,,0
1.1.1.3.2.1.7.4,Concreting,Tower 3,7th Floor,Civil Works- RCC,RCC,Concreting,,462527264.0,2026-04-02,2026-04-02,,,2025-10-15,,0
1.1.1.3.2.1.8,8th floor slab,,,,,,,,2026-04-03,2026-04-13,,,2025-10-16,,
1.1.1.3.2.1.8.1,Reinforcement,Tower 3,8th Floor,Civil Works- RCC,RCC,Reinforcement,,572395500.0,2026-04-03,2026-04-09,,,2025-10-16,,0
1.1.1.3.2.1.8.2,Wall conduiting,Tower 3,8th Floor,MEP,Tower MEP,Electrical,,22146055.0,2026-04-04,2026-04-05,,,2025-10-17,,0
1.1.1.3.2.1.8.3,Formwork,Tower 3,8th Floor,Civil Works- RCC,RCC,Shuttering- Conventional,,268030530.0,2026-04-05,2026-04-12,,,2025-10-18,,0
1.1.1.3.2.1.8.4,Concreting,Tower 3,8th Floor,Civil Works- RCC,RCC,Concreting,,462527264.0,2026-04-13,2026-04-13,,,2025-10-27,,0
1.1.1.3.2.1.9,9th floor slab,,,,,,,,2026-04-14,2026-04-23,,,2025-10-28,,
1.1.1.3.2.1.9.1,Reinforcement,Tower 3,9th Floor,Civil Works- RCC,RCC,Reinforcement,,572395500.0,2026-04-14,2026-04-20,,,2025-10-28,,0
1.1.1.3.2.1.9.2,Wall conduiting,Tower 3,9th Floor,MEP,Tower MEP,Electrical,,22146055.0,2026-04-15,2026-04-16,,,2025-10-29,,0
1.1.1.3.2.1.9.3,Formwork,Tower 3,9th Floor,Civil Works- RCC,RCC,Shuttering- Conventional,,268030530.0,2026-04-16,2026-04-22,,,2025-10-30,,0
1.1.1.3.2.1.9.4,Concreting,Tower 3,9th Floor,Civil Works- RCC,RCC,Concreting,,462527264.0,2026-04-23,2026-04-23,,,2025-12-20,,0
1.1.1.3.2.1.10,10th floor slab,,,,,,,,2026-04-24,2026-05-03,,,2025-12-21,,
1.1.1.3.2.1.10.1,Reinforcement,Tower 3,10th Floor,Civil Works- RCC,RCC,Reinforcement,,572395500.0,2026-04-24,2026-04-30,,,2025-12-21,,0
1.1.1.3.2.1.10.2,Wall conduiting,Tower 3,10th Floor,MEP,Tower MEP,Electrical,,22146055.0,2026-04-25,2026-04-26,,,2025-12-22,,0
1.1.1.3.2.1.10.3,Formwork,Tower 3,10th Floor,Civil Works- RCC,RCC,Shuttering- Conventional,,268030530.0,2026-04-26,2026-05-02,,,2025-12-23,,0
1.1.1.3.2.1.10.4,Concreting,Tower 3,10th Floor,Civil Works- RCC,RCC,Concreting,,462527264.0,2026-05-03,2026-05-03,,,2025-12-29,,0
1.1.1.3.2.1.11,11th floor slab,,,,,,,,2026-05-04,2026-05-13,,,2025-12-30,,
1.1.1.3.2.1.11.1,Reinforcement,Tower 3,11th Floor,Civil Works- RCC,RCC,Reinforcement,,572395500.0,2026-05-04,2026-05-10,,,2025-12-30,,0
1.1.1.3.2.1.11.2,Wall conduiting,Tower 3,11th Floor,MEP,Tower MEP,Electrical,,22146055.0,2026-05-05,2026-05-06,,,2025-12-31,,0
1.1.1.3.2.1.11.3,Formwork,Tower 3,11th Floor,Civil Works- RCC,RCC,Shuttering- Conventional,,268030530.0,2026-05-06,2026-05-12,,,2026-01-01,,0
1.1.1.3.2.1.11.4,Concreting,Tower 3,11th Floor,Civil Works- RCC,RCC,Concreting,,462527264.0,2026-05-13,2026-05-13,,,2026-01-07,,0
1.1.1.3.2.1.12,12th floor slab,,,,,,,,2026-05-14,2026-05-23,,,2026-01-08,,
1.1.1.3.2.1.12.1,Reinforcement,Tower 3,12th Floor,Civil Works- RCC,RCC,Reinforcement,,572395500.0,2026-05-14,2026-05-20,,,2026-01-08,,0
1.1.1.3.2.1.12.2,Wall conduiting,Tower 3,12th Floor,MEP,Tower MEP,Electrical,,22146055.0,2026-05-15,2026-05-16,,,2026-01-09,,0
1.1.1.3.2.1.12.3,Formwork,Tower 3,12th Floor,Civil Works- RCC,RCC,Shuttering- Conventional,,268030530.0,2026-05-16,2026-05-22,,,2026-01-10,,0
1.1.1.3.2.1.12.4,Concreting,Tower 3,12th Floor,Civil Works- RCC,RCC,Concreting,,462527264.0,2026-05-23,2026-05-23,,,2026-01-16,,0
1.1.1.3.2.1.13,13th floor slab,,,,,,,,2026-05-24,2026-06-02,,,2026-01-17,,
1.1.1.3.2.1.13.1,Reinforcement,Tower 3,13th Floor,Civil Works- RCC,RCC,Reinforcement,,572395500.0,2026-05-24,2026-05-30,,,2026-01-17,,0
1.1.1.3.2.1.13.2,Wall conduiting,Tower 3,13th Floor,MEP,Tower MEP,Electrical,,22146055.0,2026-05-25,2026-05-26,,,2026-01-18,,0
1.1.1.3.2.1.13.3,Formwork,Tower 3,13th Floor,Civil Works- RCC,RCC,Shuttering- Conventional,,268030530.0,2026-05-26,2026-06-01,,,2026-01-19,,0
1.1.1.3.2.1.13.4,Concreting,Tower 3,13th Floor,Civil Works- RCC,RCC,Concreting,,462527264.0,2026-06-02,2026-06-02,,,2026-01-25,,0
1.1.1.3.2.1.14,14th floor slab,,,,,,,,2026-06-03,2026-06-12,,,2026-01-26,,
1.1.1.3.2.1.14.1,Reinforcement,Tower 3,14th Floor,Civil Works- RCC,RCC,Reinforcement,,572395500.0,2026-06-03,2026-06-09,,,2026-01-26,,0
1.1.1.3.2.1.14.2,Wall conduiting,Tower 3,14th Floor,MEP,Tower MEP,Electrical,,22146055.0,2026-06-04,2026-06-05,,,2026-01-27,,0
1.1.1.3.2.1.14.3,Formwork,Tower 3,14th Floor,Civil Works- RCC,RCC,Shuttering- Conventional,,268030530.0,2026-06-05,2026-06-11,,,2026-01-28,,0
1.1.1.3.2.1.14.4,Concreting,Tower 3,14th Floor,Civil Works- RCC,RCC,Concreting,,462527264.0,2026-06-12,2026-06-12,,,2026-02-03,,0
1.1.1.3.2.1.15,15th floor slab,,,,,,,,2026-06-13,2026-06-22,,,2026-02-04,,
1.1.1.3.2.1.15.1,Reinforcement,Tower 3,15th Floor,Civil Works- RCC,RCC,Reinforcement,,572395500.0,2026-06-13,2026-06-19,,,2026-02-04,,0
1.1.1.3.2.1.15.2,Wall conduiting,Tower 3,15th Floor,MEP,Tower MEP,Electrical,,22146055.0,2026-06-14,2026-06-15,,,2026-02-05,,0
1.1.1.3.2.1.15.3,Formwork,Tower 3,15th Floor,Civil Works- RCC,RCC,Shuttering- Conventional,,268030530.0,2026-06-15,2026-06-21,,,2026-02-06,,0
1.1.1.3.2.1.15.4,Concreting,Tower 3,15th Floor,Civil Works- RCC,RCC,Concreting,,462527264.0,2026-06-22,2026-06-22,,,2026-02-12,,0
1.1.1.3.2.1.16,16th floor slab,,,,,,,,2026-06-23,2026-07-03,,,2026-02-13,,
1.1.1.3.2.1.16.1,Reinforcement,Tower 3,16th Floor,Civil Works- RCC,RCC,Reinforcement,,572395500.0,2026-06-23,2026-06-30,,,2026-02-13,,0
1.1.1.3.2.1.16.2,Wall conduiting,Tower 3,16th Floor,MEP,Tower MEP,Electrical,,22146055.0,2026-06-24,2026-06-25,,,2026-02-14,,0
1.1.1.3.2.1.16.3,Formwork,Tower 3,16th Floor,Civil Works- RCC,RCC,Shuttering- Conventional,,268030530.0,2026-06-25,2026-07-02,,,2026-02-15,,0
1.1.1.3.2.1.16.4,Concreting,Tower 3,16th Floor,Civil Works- RCC,RCC,Concreting,,462527264.0,2026-07-03,2026-07-03,,,2026-02-24,,0
1.1.1.3.2.1.17,17th floor slab,,,,,,,,2026-07-04,2026-07-13,,,2026-02-25,,
1.1.1.3.2.1.17.1,Reinforcement,Tower 3,17th Floor,Civil Works- RCC,RCC,Reinforcement,,572395500.0,2026-07-04,2026-07-11,,,2026-02-25,,0
1.1.1.3.2.1.17.2,Wall conduiting,Tower 3,17th Floor,MEP,Tower MEP,Electrical,,22146055.0,2026-07-05,2026-07-06,,,2026-02-26,,0
1.1.1.3.2.1.17.3,Formwork,Tower 3,17th Floor,Civil Works- RCC,RCC,Shuttering- Conventional,,268030530.0,2026-07-06,2026-07-12,,,2026-02-27,,0
1.1.1.3.2.1.17.4,Concreting,Tower 3,17th Floor,Civil Works- RCC,RCC,Concreting,,462527264.0,2026-07-13,2026-07-13,,,2026-03-05,,0
1.1.1.3.2.1.18,18th floor slab,,,,,,,,2026-07-14,2026-07-23,,,2026-03-06,,
1.1.1.3.2.1.18.1,Reinforcement,Tower 3,18th Floor,Civil Works- RCC,RCC,Reinforcement,,572395500.0,2026-07-14,2026-07-21,,,2026-03-06,,0
1.1.1.3.2.1.18.2,Wall conduiting,Tower 3,18th Floor,MEP,Tower MEP,Electrical,,22146055.0,2026-07-15,2026-07-16,,,2026-03-07,,0
1.1.1.3.2.1.18.3,Formwork,Tower 3,18th Floor,Civil Works- RCC,RCC,Shuttering- Conventional,,268030530.0,2026-07-16,2026-07-22,,,2026-03-08,,0
1.1.1.3.2.1.18.4,Concreting,Tower 3,18th Floor,Civil Works- RCC,RCC,Concreting,,462527264.0,2026-07-23,2026-07-23,,,2026-03-14,,0
1.1.1.3.2.1.19,19th floor slab,,,,,,,,2026-07-24,2026-08-02,,,2026-03-15,,
1.1.1.3.2.1.19.1,Reinforcement,Tower 3,19th Floor,Civil Works- RCC,RCC,Reinforcement,,572395500.0,2026-07-24,2026-07-31,,,2026-03-15,,0
1.1.1.3.2.1.19.2,Wall conduiting,Tower 3,19th Floor,MEP,Tower MEP,Electrical,,22146055.0,2026-07-25,2026-07-26,,,2026-03-16,,0
1.1.1.3.2.1.19.3,Formwork,Tower 3,19th Floor,Civil Works- RCC,RCC,Shuttering- Conventional,,268030530.0,2026-07-25,2026-08-01,,,2026-03-16,,0
1.1.1.3.2.1.19.4,Concreting,Tower 3,19th Floor,Civil Works- RCC,RCC,Concreting,,462527264.0,2026-08-02,2026-08-02,,,2026-03-22,,0
1.1.1.3.2.1.20,20th floor slab,,,,,,,,2026-08-03,2026-08-12,,,2026-03-23,,
1.1.1.3.2.1.20.1,Reinforcement,Tower 3,20th Floor,Civil Works- RCC,RCC,Reinforcement,,572395500.0,2026-08-03,2026-08-10,,,2026-03-23,,0
1.1.1.3.2.1.20.2,Wall conduiting,Tower 3,20th Floor,MEP,Tower MEP,Electrical,,22146055.0,2026-08-04,2026-08-05,,,2026-03-24,,0
1.1.1.3.2.1.20.3,Formwork,Tower 3,20th Floor,Civil Works- RCC,RCC,Shuttering- Conventional,,268030530.0,2026-08-04,2026-08-11,,,2026-03-24,,0
1.1.1.3.2.1.20.4,Concreting,Tower 3,20th Floor,Civil Works- RCC,RCC,Concreting,,462527264.0,2026-08-12,2026-08-12,,,2026-03-30,,0
1.1.1.3.2.1.21,21st floor slab,,,,,,,,2026-08-13,2026-08-22,,,2026-03-31,,
1.1.1.3.2.1.21.1,Reinforcement,Tower 3,21st Floor,Civil Works- RCC,RCC,Reinforcement,,572395500.0,2026-08-13,2026-08-20,,,2026-03-31,,0
1.1.1.3.2.1.21.2,Wall conduiting,Tower 3,21st Floor,MEP,Tower MEP,Electrical,,22146055.0,2026-08-14,2026-08-15,,,2026-04-01,,0
1.1.1.3.2.1.21.3,Formwork,Tower 3,21st Floor,Civil Works- RCC,RCC,Shuttering- Conventional,,268030530.0,2026-08-15,2026-08-21,,,2026-04-02,,0
1.1.1.3.2.1.21.4,Concreting,Tower 3,21st Floor,Civil Works- RCC,RCC,Concreting,,462527264.0,2026-08-22,2026-08-22,,,2026-04-09,,0
1.1.1.3.2.1.22,22nd floor slab,,,,,,,,2026-08-23,2026-09-01,,,2026-04-10,,
1.1.1.3.2.1.22.1,Reinforcement,Tower 3,22nd Floor,Civil Works- RCC,RCC,Reinforcement,,572395500.0,2026-08-23,2026-08-30,,,2026-04-10,,0
1.1.1.3.2.1.22.2,Wall conduiting,Tower 3,22nd Floor,MEP,Tower MEP,Electrical,,22146055.0,2026-08-24,2026-08-25,,,2026-04-11,,0
1.1.1.3.2.1.22.3,Formwork,Tower 3,22nd Floor,Civil Works- RCC,RCC,Shuttering- Conventional,,268030530.0,2026-08-25,2026-08-31,,,2026-04-12,,0
1.1.1.3.2.1.22.4,Concreting,Tower 3,22nd Floor,Civil Works- RCC,RCC,Concreting,,462527264.0,2026-09-01,2026-09-01,,,2026-04-19,,0
1.1.1.3.2.1.23,23rd floor slab,,,,,,,,2026-09-02,2026-09-11,,,2026-04-20,,
1.1.1.3.2.1.23.1,Reinforcement,Tower 3,23rd Floor,Civil Works- RCC,RCC,Reinforcement,,572395500.0,2026-09-02,2026-09-09,,,2026-04-20,,0
1.1.1.3.2.1.23.2,Wall conduiting,Tower 3,23rd Floor,MEP,Tower MEP,Electrical,,22146055.0,2026-09-03,2026-09-04,,,2026-04-21,,0
1.1.1.3.2.1.23.3,Formwork,Tower 3,23rd Floor,Civil Works- RCC,RCC,Shuttering- Conventional,,268030530.0,2026-09-04,2026-09-10,,,2026-04-22,,0
1.1.1.3.2.1.23.4,Concreting,Tower 3,23rd Floor,Civil Works- RCC,RCC,Concreting,,462527264.0,2026-09-11,2026-09-11,,,2026-04-29,,0
1.1.1.3.2.1.24,24th floor slab,,,,,,,,2026-09-12,2026-09-25,,,2026-04-30,,
1.1.1.3.2.1.24.1,Reinforcement,Tower 3,24th Floor,Civil Works- RCC,RCC,Reinforcement,,572395500.0,2026-09-12,2026-09-22,,,2026-04-30,,0
1.1.1.3.2.1.24.2,Wall conduiting,Tower 3,24th Floor,MEP,Tower MEP,Electrical,,22146055.0,2026-09-13,2026-09-14,,,2026-05-01,,0
1.1.1.3.2.1.24.3,Formwork,Tower 3,24th Floor,Civil Works- RCC,RCC,Shuttering- Conventional,,268030530.0,2026-09-14,2026-09-24,,,2026-05-02,,0
1.1.1.3.2.1.24.4,Concreting,Tower 3,24th Floor,Civil Works- RCC,RCC,Concreting,,462527264.0,2026-09-25,2026-09-25,,,2026-05-12,,0
1.1.1.3.2.1.25,25th floor slab,,,,,,,,2026-09-26,2026-10-10,,,2026-05-13,,
1.1.1.3.2.1.25.1,Reinforcement,Tower 3,25th Floor,Civil Works- RCC,RCC,Reinforcement,,572395500.0,2026-09-26,2026-10-07,,,2026-05-13,,0
1.1.1.3.2.1.25.2,Wall conduiting,Tower 3,25th Floor,MEP,Tower MEP,Electrical,,22146055.0,2026-09-27,2026-09-28,,,2026-05-14,,0
1.1.1.3.2.1.25.3,Formwork,Tower 3,25th Floor,Civil Works- RCC,RCC,Shuttering- Conventional,,268030530.0,2026-09-28,2026-10-09,,,2026-05-15,,0
1.1.1.3.2.1.25.4,Concreting,Tower 3,25th Floor,Civil Works- RCC,RCC,Concreting,,462527264.0,2026-10-10,2026-10-10,,,2026-05-25,,0
1.1.1.3.2.1.26,26th floor slab,,,,,,,,2026-10-11,2026-10-20,,,2026-05-26,,
1.1.1.3.2.1.26.1,Reinforcement,Tower 3,26th Floor,Civil Works- RCC,RCC,Reinforcement,,572395500.0,2026-10-11,2026-10-18,,,2026-05-26,,0
1.1.1.3.2.1.26.2,Wall conduiting,Tower 3,26th Floor,MEP,Tower MEP,Electrical,,22146055.0,2026-10-12,2026-10-13,,,2026-05-27,,0
1.1.1.3.2.1.26.3,Formwork,Tower 3,26th Floor,Civil Works- RCC,RCC,Shuttering- Conventional,,268030530.0,2026-10-13,2026-10-19,,,2026-05-28,,0
1.1.1.3.2.1.26.4,Concreting,Tower 3,26th Floor,Civil Works- RCC,RCC,Concreting,,462527264.0,2026-10-20,2026-10-20,,,2026-06-04,,0
1.1.1.3.2.1.27,27th floor slab,,,,,,,,2026-10-21,2026-10-30,,,2026-06-05,,
1.1.1.3.2.1.27.1,Reinforcement,Tower 3,27th Floor,Civil Works- RCC,RCC,Reinforcement,,572395500.0,2026-10-21,2026-10-28,,,2026-06-05,,0
1.1.1.3.2.1.27.2,Wall conduiting,Tower 3,27th Floor,MEP,Tower MEP,Electrical,,22146055.0,2026-10-22,2026-10-23,,,2026-06-06,,0
1.1.1.3.2.1.27.3,Formwork,Tower 3,27th Floor,Civil Works- RCC,RCC,Shuttering- Conventional,,268030530.0,2026-10-23,2026-10-29,,,2026-06-07,,0
1.1.1.3.2.1.27.4,Concreting,Tower 3,27th Floor,Civil Works- RCC,RCC,Concreting,,462527264.0,2026-10-30,2026-10-30,,,2026-06-14,,0
1.1.1.3.2.1.28,28th floor slab,,,,,,,,2026-10-31,2026-12-24,,,2026-06-15,,
1.1.1.3.2.1.28.1,Reinforcement,Tower 3,28th Floor,Civil Works- RCC,RCC,Reinforcement,,572395500.0,2026-10-31,2026-12-22,,,2026-06-15,,0
1.1.1.3.2.1.28.2,Wall conduiting,Tower 3,28th Floor,MEP,Tower MEP,Electrical,,22146055.0,2026-12-16,2026-12-17,,,2026-06-16,,0
1.1.1.3.2.1.28.3,Formwork,Tower 3,28th Floor,Civil Works- RCC,RCC,Shuttering- Conventional,,268030530.0,2026-12-17,2026-12-23,,,2026-06-17,,0
1.1.1.3.2.1.28.4,Concreting,Tower 3,28th Floor,Civil Works- RCC,RCC,Concreting,,462527264.0,2026-12-24,2026-12-24,,,2026-06-24,,0
1.1.1.3.2.1.29,29th floor slab,,,,,,,,2026-12-25,2027-01-03,,,2026-06-25,,
1.1.1.3.2.1.29.1,Reinforcement,Tower 3,29th Floor,Civil Works- RCC,RCC,Reinforcement,,572395500.0,2026-12-25,2027-01-01,,,2026-06-25,,0
1.1.1.3.2.1.29.2,Wall conduiting,Tower 3,29th Floor,MEP,Tower MEP,Electrical,,22146055.0,2026-12-26,2026-12-27,,,2026-06-26,,0
1.1.1.3.2.1.29.3,Formwork,Tower 3,29th Floor,Civil Works- RCC,RCC,Shuttering- Conventional,,268030530.0,2026-12-27,2027-01-02,,,2026-06-27,,0
1.1.1.3.2.1.29.4,Concreting,Tower 3,29th Floor,Civil Works- RCC,RCC,Concreting,,462527264.0,2027-01-03,2027-01-03,,,2026-07-04,,0
1.1.1.3.2.1.30,30th floor slab,,,,,,,,2027-01-04,2027-01-13,,,2026-07-05,,
1.1.1.3.2.1.30.1,Reinforcement,Tower 3,30th Floor,Civil Works- RCC,RCC,Reinforcement,,572395500.0,2027-01-04,2027-01-11,,,2026-07-05,,0
1.1.1.3.2.1.30.2,Wall conduiting,Tower 3,30th Floor,MEP,Tower MEP,Electrical,,22146055.0,2027-01-05,2027-01-06,,,2026-07-06,,0
1.1.1.3.2.1.30.3,Formwork,Tower 3,30th Floor,Civil Works- RCC,RCC,Shuttering- Conventional,,268030530.0,2027-01-06,2027-01-12,,,2026-07-07,,0
1.1.1.3.2.1.30.4,Concreting,Tower 3,30th Floor,Civil Works- RCC,RCC,Concreting,,462527264.0,2027-01-13,2027-01-13,,,2026-07-14,,0
1.1.1.3.2.1.31,31st floor slab,,,,,,,,2027-01-14,2027-01-23,,,2026-07-15,,
1.1.1.3.2.1.31.1,Reinforcement,Tower 3,31st Floor,Civil Works- RCC,RCC,Reinforcement,,572395500.0,2027-01-14,2027-01-20,,,2026-07-15,,0
1.1.1.3.2.1.31.2,Wall conduiting,Tower 3,31st Floor,MEP,Tower MEP,Electrical,,22146055.0,2027-01-15,2027-01-16,,,2026-07-16,,0
1.1.1.3.2.1.31.3,Formwork,Tower 3,31st Floor,Civil Works- RCC,RCC,Shuttering- Conventional,,268030530.0,2027-01-16,2027-01-22,,,2026-07-17,,0
1.1.1.3.2.1.31.4,Concreting,Tower 3,31st Floor,Civil Works- RCC,RCC,Concreting,,462527264.0,2027-01-23,2027-01-23,,,2026-07-26,,0
1.1.1.3.2.1.32,32nd floor slab,,,,,,,,2027-01-24,2027-02-06,,,2026-07-27,,
1.1.1.3.2.1.32.1,Reinforcement,Tower 3,32nd Floor,Civil Works- RCC,RCC,Reinforcement,,572395500.0,2027-01-24,2027-02-02,,,2026-07-27,,0
1.1.1.3.2.1.32.2,Wall conduiting,Tower 3,32nd Floor,MEP,Tower MEP,Electrical,,22146055.0,2027-01-25,2027-01-26,,,2026-07-28,,0
1.1.1.3.2.1.32.3,Formwork,Tower 3,32nd Floor,Civil Works- RCC,RCC,Shuttering- Conventional,,268030530.0,2027-01-26,2027-02-05,,,2026-07-29,,0
1.1.1.3.2.1.32.4,Concreting,Tower 3,32nd Floor,Civil Works- RCC,RCC,Concreting,,462527264.0,2027-02-06,2027-02-06,,,2026-08-08,,0
1.1.1.3.2.1.33,33rd floor slab,,,,,,,,2027-02-07,2027-02-16,,,2026-08-09,,
1.1.1.3.2.1.33.1,Reinforcement,Tower 3,33rd Floor,Civil Works- RCC,RCC,Reinforcement,,572395500.0,2027-02-07,2027-02-13,,,2026-08-09,,0
1.1.1.3.2.1.33.2,Wall conduiting,Tower 3,33rd Floor,MEP,Tower MEP,Electrical,,22146055.0,2027-02-08,2027-02-09,,,2026-08-10,,0
1.1.1.3.2.1.33.3,Formwork,Tower 3,33rd Floor,Civil Works- RCC,RCC,Shuttering- Conventional,,268030530.0,2027-02-09,2027-02-15,,,2026-08-11,,0
1.1.1.3.2.1.33.4,Concreting,Tower 3,33rd Floor,Civil Works- RCC,RCC,Concreting,,462527264.0,2027-02-16,2027-02-16,,,2026-08-20,,0
1.1.1.3.2.1.34,34th floor slab,,,,,,,,2027-02-17,2027-03-03,,,2026-08-21,,
1.1.1.3.2.1.34.1,Reinforcement,Tower 3,34th Floor,Civil Works- RCC,RCC,Reinforcement,,572395500.0,2027-02-17,2027-02-28,,,2026-08-21,,0
1.1.1.3.2.1.34.2,Wall conduiting,Tower 3,34th Floor,MEP,Tower MEP,Electrical,,22146055.0,2027-02-18,2027-02-19,,,2026-08-22,,0
1.1.1.3.2.1.34.3,Formwork,Tower 3,34th Floor,Civil Works- RCC,RCC,Shuttering- Conventional,,268030530.0,2027-02-19,2027-03-02,,,2026-08-23,,0
1.1.1.3.2.1.34.4,Concreting,Tower 3,34th Floor,Civil Works- RCC,RCC,Concreting,,462527264.0,2027-03-03,2027-03-03,,,2026-09-02,,0
1.1.1.3.2.1.35,35th floor slab,,,,,,,,2027-03-04,2027-03-15,,,2026-09-03,,
1.1.1.3.2.1.35.1,Reinforcement,Tower 3,35th Floor,Civil Works- RCC,RCC,Reinforcement,,572395500.0,2027-03-04,2027-03-11,,,2026-09-03,,0
1.1.1.3.2.1.35.2,Wall conduiting,Tower 3,35th Floor,MEP,Tower MEP,Electrical,,22146055.0,2027-03-05,2027-03-06,,,2026-09-04,,0
1.1.1.3.2.1.35.3,Formwork,Tower 3,35th Floor,Civil Works- RCC,RCC,Shuttering- Conventional,,268030530.0,2027-03-07,2027-03-14,,,2026-09-06,,0
1.1.1.3.2.1.35.4,Concreting,Tower 3,35th Floor,Civil Works- RCC,RCC,Concreting,,462527264.0,2027-03-15,2027-03-15,,,2026-09-14,,0
1.1.1.3.2.1.36,Terrace floor slab,,,,,,,,2027-03-16,2027-04-05,,,2026-09-15,,
1.1.1.3.2.1.36.1,Reinforcement,Tower 3,Terrace,Civil Works- RCC,RCC,Reinforcement,,197485000.0,2027-03-16,2027-04-02,,,2026-09-15,,0
1.1.1.3.2.1.36.2,Wall conduiting,Tower 3,Terrace,MEP,Common area-MEP,CA-Electrical,,11073028.0,2027-03-17,2027-03-18,,,2026-09-16,,0
1.1.1.3.2.1.36.3,Formwork,Tower 3,Terrace,Civil Works- RCC,RCC,Shuttering- Conventional,,88117200.0,2027-03-18,2027-04-04,,,2026-09-17,,0
1.1.1.3.2.1.36.4,Concreting,Tower 3,Terrace,Civil Works- RCC,RCC,Concreting,,171581400.0,2027-04-05,2027-04-05,,,2026-09-29,,0
1.1.1.3.2.1.37,OHT & Mumty,,,,,,,,2027-04-06,2027-05-15,,,2026-09-30,,
1.1.1.3.2.1.37.1,Reinforcement,Tower 3,,Civil Works- RCC,RCC,Reinforcement,,638638500.0,2027-04-06,2027-05-08,,,2026-09-30,,0
1.1.1.3.2.1.37.2,Wall conduiting,Tower 3,,MEP,Common area-MEP,CA-Electrical,,5536514.0,2027-04-07,2027-04-11,,,2026-10-01,,0
1.1.1.3.2.1.37.3,Formwork,Tower 3,,Civil Works- RCC,RCC,Shuttering- Conventional,,246713400.0,2027-04-10,2027-05-12,,,2026-10-04,,0
1.1.1.3.2.1.37.4,Concreting,Tower 3,,Civil Works- RCC,RCC,Concreting,,554880200.0,2027-05-13,2027-05-15,,,2026-12-21,,0
1.1.1.3.2.2,Post Pour Activities ,,,,,,,,2026-03-02,2027-05-16,,,2025-09-19,,
1.1.1.3.2.2.1,1st Floor,Tower 3,1st Floor,Civil Works- RCC,RCC,Post Pour,,0.0,2026-03-02,2026-03-12,,,2025-09-19,,0
1.1.1.3.2.2.2,2nd Floor ,Tower 3,2nd Floor,Civil Works- RCC,RCC,Post Pour,,0.0,2026-03-14,2026-03-24,,,2025-09-30,,0
1.1.1.3.2.2.3,3rd Floor ,Tower 3,3rd Floor,Civil Works- RCC,RCC,Post Pour,,0.0,2026-03-25,2026-04-04,,,2025-10-11,,0
1.1.1.3.2.2.4,4th Floor ,Tower 3,4th Floor,Civil Works- RCC,RCC,Post Pour,,0.0,2026-04-05,2026-04-15,,,2025-10-22,,0
1.1.1.3.2.2.5,5th Floor,Tower 3,5th Floor,Civil Works- RCC,RCC,Post Pour,,0.0,2026-04-16,2026-04-26,,,2025-12-17,,0
1.1.1.3.2.2.6,6th Floor,Tower 3,6th Floor,Civil Works- RCC,RCC,Post Pour,,0.0,2026-04-27,2026-05-07,,,2025-12-28,,0
1.1.1.3.2.2.7,7th Floor,Tower 3,7th Floor,Civil Works- RCC,RCC,Post Pour,,0.0,2026-05-08,2026-05-18,,,2026-01-08,,0
1.1.1.3.2.2.8,8th Floor,Tower 3,8th Floor,Civil Works- RCC,RCC,Post Pour,,0.0,2026-05-19,2026-05-29,,,2026-01-19,,0
1.1.1.3.2.2.9,9th Floor,Tower 3,9th Floor,Civil Works- RCC,RCC,Post Pour,,0.0,2026-05-30,2026-06-09,,,2026-01-30,,0
1.1.1.3.2.2.10,10th Floor,Tower 3,10th Floor,Civil Works- RCC,RCC,Post Pour,,0.0,2026-06-10,2026-06-20,,,2026-02-10,,0
1.1.1.3.2.2.11,11th Floor,Tower 3,11th Floor,Civil Works- RCC,RCC,Post Pour,,0.0,2026-06-21,2026-07-01,,,2026-02-21,,0
1.1.1.3.2.2.12,12th Floor,Tower 3,12th Floor,Civil Works- RCC,RCC,Post Pour,,0.0,2026-07-02,2026-07-12,,,2026-03-04,,0
1.1.1.3.2.2.13,13th Floor,Tower 3,13th Floor,Civil Works- RCC,RCC,Post Pour,,0.0,2026-07-13,2026-07-23,,,2026-03-15,,0
1.1.1.3.2.2.14,14th Floor,Tower 3,14th Floor,Civil Works- RCC,RCC,Post Pour,,0.0,2026-07-24,2026-08-03,,,2026-03-26,,0
1.1.1.3.2.2.15,15th Floor,Tower 3,15th Floor,Civil Works- RCC,RCC,Post Pour,,0.0,2026-08-04,2026-08-14,,,2026-04-06,,0
1.1.1.3.2.2.16,16th Floor,Tower 3,16th Floor,Civil Works- RCC,RCC,Post Pour,,0.0,2026-08-15,2026-08-25,,,2026-04-17,,0
1.1.1.3.2.2.17,17th Floor,Tower 3,17th Floor,Civil Works- RCC,RCC,Post Pour,,0.0,2026-08-26,2026-09-05,,,2026-04-28,,0
1.1.1.3.2.2.18,18th Floor,Tower 3,18th Floor,Civil Works- RCC,RCC,Post Pour,,0.0,2026-09-06,2026-09-16,,,2026-05-09,,0
1.1.1.3.2.2.19,19th Floor,Tower 3,19th Floor,Civil Works- RCC,RCC,Post Pour,,0.0,2026-09-17,2026-09-27,,,2026-05-20,,0
1.1.1.3.2.2.20,20th Floor,Tower 3,20th Floor,Civil Works- RCC,RCC,Post Pour,,0.0,2026-09-28,2026-10-08,,,2026-05-31,,0
1.1.1.3.2.2.21,21st Floor,Tower 3,21st Floor,Civil Works- RCC,RCC,Post Pour,,0.0,2026-10-09,2026-10-19,,,2026-06-11,,0
1.1.1.3.2.2.22,22nd Floor,Tower 3,22nd Floor,Civil Works- RCC,RCC,Post Pour,,0.0,2026-10-20,2026-10-30,,,2026-06-22,,0
1.1.1.3.2.2.23,23rd Floor,Tower 3,23rd Floor,Civil Works- RCC,RCC,Post Pour,,0.0,2026-10-31,2026-12-25,,,2026-07-03,,0
1.1.1.3.2.2.24,24th Floor,Tower 3,24th Floor,Civil Works- RCC,RCC,Post Pour,,0.0,2026-12-26,2027-01-05,,,2026-07-14,,0
1.1.1.3.2.2.25,25th Floor,Tower 3,25th Floor,Civil Works- RCC,RCC,Post Pour,,0.0,2027-01-06,2027-01-16,,,2026-07-25,,0
1.1.1.3.2.2.26,26th Floor,Tower 3,26th Floor,Civil Works- RCC,RCC,Post Pour,,0.0,2027-01-17,2027-01-27,,,2026-08-05,,0
1.1.1.3.2.2.27,27th Floor,Tower 3,27th Floor,Civil Works- RCC,RCC,Post Pour,,0.0,2027-01-28,2027-02-07,,,2026-08-16,,0
1.1.1.3.2.2.28,28th Floor,Tower 3,28th Floor,Civil Works- RCC,RCC,Post Pour,,0.0,2027-02-08,2027-02-18,,,2026-08-27,,0
1.1.1.3.2.2.29,29th Floor,Tower 3,29th Floor,Civil Works- RCC,RCC,Post Pour,,0.0,2027-02-19,2027-03-01,,,2026-09-07,,0
1.1.1.3.2.2.30,30th Floor,Tower 3,30th Floor,Civil Works- RCC,RCC,Post Pour,,0.0,2027-03-02,2027-03-12,,,2026-09-18,,0
1.1.1.3.2.2.31,31st Floor,Tower 3,31st Floor,Civil Works- RCC,RCC,Post Pour,,0.0,2027-03-13,2027-03-23,,,2026-09-29,,0
1.1.1.3.2.2.32,32nd Flood,Tower 3,,Civil Works- RCC,RCC,Concreting,,0.0,2027-03-24,2027-04-03,,,2026-10-10,,0
1.1.1.3.2.2.33,33rd Floor,Tower 3,33rd Floor,Civil Works- RCC,RCC,Post Pour,,0.0,2027-04-04,2027-04-14,,,2026-10-21,,0
1.1.1.3.2.2.34,34th Floor,Tower 3,34th Floor,Civil Works- RCC,RCC,Post Pour,,0.0,2027-04-15,2027-04-22,,,2026-12-16,,0
1.1.1.3.2.2.35,35th Floor,Tower 3,35th Floor,Civil Works- RCC,RCC,Post Pour,,0.0,2027-04-23,2027-04-30,,,2026-12-24,,0
1.1.1.3.2.2.36,Terrace,Tower 3,Terrace,Civil Works- RCC,RCC,Post Pour,,0.0,2027-05-01,2027-05-08,,,2027-01-01,,0
1.1.1.3.2.2.37,Mumty & Machine Room ,Tower 3,,Finishing,Tower Civil Finishes,Blockwork,,0.0,2027-05-09,2027-05-16,,,2027-01-09,,0
1.1.1.3.2.3,Finishing work,,,,,,,,2026-03-13,2029-04-18,,,2025-09-30,,
1.1.1.3.2.3.1,Flat finishing,,,,,,,,2026-03-13,2029-04-18,,,2025-09-30,,
1.1.1.3.2.3.1.1,1st Floor,,,,,,,,2026-03-13,2028-03-01,,,2025-09-30,,
1.1.1.3.2.3.1.1.1,Block Work,Tower 3,1st Floor,Finishing,Tower Civil Finishes,Blockwork,,34182400.0,2026-03-13,2026-03-21,,,2025-09-30,,0
1.1.1.3.2.3.1.1.2,Door Frame Fixing,Tower 3,1st Floor,Finishing,Tower Finishing,Door,,0.0,2026-03-21,2026-03-28,,,2025-10-08,,0
1.1.1.3.2.3.1.1.3,Internal Plumbing Works,Tower 3,1st Floor,MEP,Tower MEP,Plumbing,,26934400.0,2026-03-21,2026-03-31,,,2025-10-08,,0
1.1.1.3.2.3.1.1.4,Waterproofing,Tower 3,1st Floor,Finishing,Tower Civil Finishes,Waterproofing,,31786720.0,2026-03-31,2026-04-12,,,2025-10-18,,0
1.1.1.3.2.3.1.1.5,Internal Plaster,Tower 3,1st Floor,Finishing,Tower Civil Finishes,Int Plaster,,55600000.0,2026-03-31,2026-04-04,,,2025-10-18,,0
1.1.1.3.2.3.1.1.6,IPS flooring work,Tower 3,1st Floor,Finishing,Tower Finishing,Flooring,,18618000.0,2026-04-12,2026-04-21,,,2025-10-30,,0
1.1.1.3.2.3.1.1.7,Toilet dado work,Tower 3,1st Floor,Finishing,Tower Finishing,Flooring,,53482000.0,2027-02-21,2027-03-01,,,2025-10-30,,0
1.1.1.3.2.3.1.1.8,Toilet flooring work,Tower 3,1st Floor,Finishing,Tower Finishing,Flooring,,9911000.0,2027-03-01,2027-03-08,,,2025-12-22,,0
1.1.1.3.2.3.1.1.9,Living dinning flooring,Tower 3,1st Floor,Finishing,Tower Finishing,Flooring,,142447000.0,2027-03-08,2027-03-12,,,2025-12-29,,0
1.1.1.3.2.3.1.1.10,Aluminium door-window fixing,Tower 3,1st Floor,Finishing,Tower Finishing,Window,,111900000.0,2028-02-20,2028-03-01,,,2026-01-02,,0
1.1.1.3.2.3.1.1.11,Putty primer coat,Tower 3,1st Floor,Finishing,Tower Finishing,Paint,,12006000.0,2027-03-12,2027-03-18,,,2026-01-02,,0
1.1.1.3.2.3.1.1.12,Door shutter fixing,Tower 3,1st Floor,Finishing,Tower Finishing,Door,,68616600.0,2027-03-12,2027-03-20,,,2026-01-02,,0
1.1.1.3.2.3.1.1.13,Electrical wiring work,Tower 3,1st Floor,MEP,Tower MEP,Electrical,,57071600.0,2027-03-30,2027-04-11,,,2026-01-10,,0
1.1.1.3.2.3.1.1.14,Painting 1st coat,Tower 3,1st Floor,Finishing,Tower Finishing,Paint,,12006000.0,2027-04-11,2027-04-23,,,2026-01-22,,0
1.1.1.3.2.3.1.1.15,False ceiling,Tower 3,1st Floor,Finishing,Tower Finishing,False Ceiling,,30660000.0,2027-04-23,2027-05-03,,,2026-02-03,,0
1.1.1.3.2.3.1.2,2nd Floor,,,,,,,,2026-03-21,2028-03-11,,,2025-10-08,,
1.1.1.3.2.3.1.2.1,Block Work,Tower 3,2nd Floor,Finishing,Tower Civil Finishes,Blockwork,,34182400.0,2026-03-21,2026-03-29,,,2025-10-08,,0
1.1.1.3.2.3.1.2.2,Door Frame Fixing,Tower 3,2nd Floor,Finishing,Tower Finishing,Door,,0.0,2026-03-29,2026-04-05,,,2025-10-16,,0
1.1.1.3.2.3.1.2.3,Internal Plumbing Works,Tower 3,2nd Floor,MEP,Tower MEP,Plumbing,,26934400.0,2026-03-31,2026-04-10,,,2025-10-18,,0
1.1.1.3.2.3.1.2.4,Waterproofing,Tower 3,2nd Floor,Finishing,Tower Civil Finishes,Waterproofing,,31786720.0,2026-04-12,2026-04-24,,,2025-10-30,,0
1.1.1.3.2.3.1.2.5,Internal Plaster,Tower 3,2nd Floor,Finishing,Tower Civil Finishes,Int Plaster,,55600000.0,2026-04-05,2026-04-09,,,2025-10-23,,0
1.1.1.3.2.3.1.2.6,IPS flooring work,Tower 3,2nd Floor,Finishing,Tower Finishing,Flooring,,18618000.0,2026-04-24,2026-05-03,,,2025-12-26,,0
1.1.1.3.2.3.1.2.7,Toilet dado work,Tower 3,2nd Floor,Finishing,Tower Finishing,Flooring,,53482000.0,2027-03-01,2027-03-09,,,2025-12-26,,0
1.1.1.3.2.3.1.2.8,Toilet flooring work,Tower 3,2nd Floor,Finishing,Tower Finishing,Flooring,,9911000.0,2027-03-09,2027-03-16,,,2026-01-03,,0
1.1.1.3.2.3.1.2.9,Living dinning flooring,Tower 3,2nd Floor,Finishing,Tower Finishing,Flooring,,142447000.0,2027-03-12,2027-03-16,,,2026-01-02,,0
1.1.1.3.2.3.1.2.10,Aluminium door-window fixing,Tower 3,2nd Floor,Finishing,Tower Finishing,Window,,111900000.0,2028-03-01,2028-03-11,,,2026-01-12,,0
1.1.1.3.2.3.1.2.11,Putty primer coat,Tower 3,2nd Floor,Finishing,Tower Finishing,Paint,,12006000.0,2027-03-18,2027-03-24,,,2026-01-08,,0
1.1.1.3.2.3.1.2.12,Door shutter fixing,Tower 3,2nd Floor,Finishing,Tower Finishing,Door,,68616600.0,2027-03-20,2027-03-28,,,2026-01-10,,0
1.1.1.3.2.3.1.2.13,Electrical wiring work,Tower 3,2nd Floor,MEP,Tower MEP,Electrical,,57071600.0,2027-04-11,2027-04-23,,,2026-01-22,,0
1.1.1.3.2.3.1.2.14,Painting 1st coat,Tower 3,2nd Floor,Finishing,Tower Finishing,Paint,,12006000.0,2027-04-23,2027-05-05,,,2026-02-03,,0
1.1.1.3.2.3.1.2.15,False ceiling,Tower 3,2nd Floor,Finishing,Tower Finishing,False Ceiling,,30660000.0,2027-05-05,2027-05-15,,,2026-02-15,,0
1.1.1.3.2.3.1.3,3rd Floor,,,,,,,,2026-03-29,2028-03-21,,,2025-10-16,,
1.1.1.3.2.3.1.3.1,Block Work,Tower 3,3rd Floor,Finishing,Tower Civil Finishes,Blockwork,,34182400.0,2026-03-29,2026-04-06,,,2025-10-16,,0
1.1.1.3.2.3.1.3.2,Door Frame Fixing,Tower 3,3rd Floor,Finishing,Tower Finishing,Door,,0.0,2026-04-06,2026-04-13,,,2025-10-24,,0
1.1.1.3.2.3.1.3.3,Internal Plumbing Works,Tower 3,3rd Floor,MEP,Tower MEP,Plumbing,,26934400.0,2026-04-10,2026-04-20,,,2025-10-28,,0
1.1.1.3.2.3.1.3.4,Waterproofing,Tower 3,3rd Floor,Finishing,Tower Civil Finishes,Waterproofing,,31786720.0,2026-04-24,2026-05-06,,,2025-12-26,,0
1.1.1.3.2.3.1.3.5,Internal Plaster,Tower 3,3rd Floor,Finishing,Tower Civil Finishes,Int Plaster,,55600000.0,2026-04-13,2026-04-17,,,2025-10-31,,0
1.1.1.3.2.3.1.3.6,IPS flooring work,Tower 3,3rd Floor,Finishing,Tower Finishing,Flooring,,18618000.0,2026-05-06,2026-05-15,,,2026-01-07,,0
1.1.1.3.2.3.1.3.7,Toilet dado work,Tower 3,3rd Floor,Finishing,Tower Finishing,Flooring,,53482000.0,2027-03-09,2027-03-17,,,2026-01-07,,0
1.1.1.3.2.3.1.3.8,Toilet flooring work,Tower 3,3rd Floor,Finishing,Tower Finishing,Flooring,,9911000.0,2027-03-17,2027-03-24,,,2026-01-15,,0
1.1.1.3.2.3.1.3.9,Living dinning flooring,Tower 3,3rd Floor,Finishing,Tower Finishing,Flooring,,142447000.0,2027-03-16,2027-03-20,,,2026-01-06,,0
1.1.1.3.2.3.1.3.10,Aluminium door-window fixing,Tower 3,3rd Floor,Finishing,Tower Finishing,Window,,111900000.0,2028-03-11,2028-03-21,,,2026-01-22,,0
1.1.1.3.2.3.1.3.11,Putty primer coat,Tower 3,3rd Floor,Finishing,Tower Finishing,Paint,,12006000.0,2027-03-24,2027-03-30,,,2026-01-14,,0
1.1.1.3.2.3.1.3.12,Door shutter fixing,Tower 3,3rd Floor,Finishing,Tower Finishing,Door,,68616600.0,2027-03-28,2027-04-05,,,2026-01-18,,0
1.1.1.3.2.3.1.3.13,Electrical wiring work,Tower 3,3rd Floor,MEP,Tower MEP,Electrical,,57071600.0,2027-04-23,2027-05-05,,,2026-02-03,,0
1.1.1.3.2.3.1.3.14,Painting 1st coat,Tower 3,3rd Floor,Finishing,Tower Finishing,Paint,,12006000.0,2027-05-05,2027-05-17,,,2026-02-15,,0
1.1.1.3.2.3.1.3.15,False ceiling,Tower 3,3rd Floor,Finishing,Tower Finishing,False Ceiling,,30660000.0,2027-05-17,2027-05-27,,,2026-02-27,,0
1.1.1.3.2.3.1.4,4th Floor,,,,,,,,2026-04-06,2028-03-31,,,2025-10-24,,
1.1.1.3.2.3.1.4.1,Block Work,Tower 3,4th Floor,Finishing,Tower Civil Finishes,Blockwork,,34182400.0,2026-04-06,2026-04-14,,,2025-10-24,,0
1.1.1.3.2.3.1.4.2,Door Frame Fixing,Tower 3,4th Floor,Finishing,Tower Finishing,Door,,0.0,2026-04-14,2026-04-21,,,2025-12-16,,0
1.1.1.3.2.3.1.4.3,Internal Plumbing Works,Tower 3,4th Floor,MEP,Tower MEP,Plumbing,,26934400.0,2026-04-20,2026-04-30,,,2025-12-22,,0
1.1.1.3.2.3.1.4.4,Waterproofing,Tower 3,4th Floor,Finishing,Tower Civil Finishes,Waterproofing,,31786720.0,2026-05-06,2026-05-18,,,2026-01-07,,0
1.1.1.3.2.3.1.4.5,Internal Plaster,Tower 3,4th Floor,Finishing,Tower Civil Finishes,Int Plaster,,55600000.0,2026-04-22,2026-04-26,,,2025-12-24,,0
1.1.1.3.2.3.1.4.6,IPS flooring work,Tower 3,4th Floor,Finishing,Tower Finishing,Flooring,,18618000.0,2026-05-18,2026-05-27,,,2026-01-19,,0
1.1.1.3.2.3.1.4.7,Toilet dado work,Tower 3,4th Floor,Finishing,Tower Finishing,Flooring,,53482000.0,2027-03-17,2027-03-25,,,2026-01-19,,0
1.1.1.3.2.3.1.4.8,Toilet flooring work,Tower 3,4th Floor,Finishing,Tower Finishing,Flooring,,9911000.0,2027-03-25,2027-04-01,,,2026-01-27,,0
1.1.1.3.2.3.1.4.9,Living dinning flooring,Tower 3,4th Floor,Finishing,Tower Finishing,Flooring,,142447000.0,2027-03-20,2027-03-24,,,2026-01-10,,0
1.1.1.3.2.3.1.4.10,Aluminium door-window fixing,Tower 3,4th Floor,Finishing,Tower Finishing,Window,,111900000.0,2028-03-21,2028-03-31,,,2026-02-01,,0
1.1.1.3.2.3.1.4.11,Putty primer coat,Tower 3,4th Floor,Finishing,Tower Finishing,Paint,,12006000.0,2027-03-30,2027-04-05,,,2026-01-20,,0
1.1.1.3.2.3.1.4.12,Door shutter fixing,Tower 3,4th Floor,Finishing,Tower Finishing,Door,,68616600.0,2027-04-05,2027-04-13,,,2026-01-26,,0
1.1.1.3.2.3.1.4.13,Electrical wiring work,Tower 3,4th Floor,MEP,Tower MEP,Electrical,,57071600.0,2027-05-05,2027-05-17,,,2026-02-15,,0
1.1.1.3.2.3.1.4.14,Painting 1st coat,Tower 3,4th Floor,Finishing,Tower Finishing,Paint,,12006000.0,2027-05-17,2027-05-29,,,2026-02-27,,0
1.1.1.3.2.3.1.4.15,False ceiling,Tower 3,4th Floor,Finishing,Tower Finishing,False Ceiling,,30660000.0,2027-05-29,2027-06-08,,,2026-03-11,,0
1.1.1.3.2.3.1.5,5th Floor,,,,,,,,2026-04-15,2028-04-11,,,2025-12-17,,
1.1.1.3.2.3.1.5.1,Block Work,Tower 3,5th Floor,Finishing,Tower Civil Finishes,Blockwork,,34182400.0,2026-04-15,2026-04-23,,,2025-12-17,,0
1.1.1.3.2.3.1.5.2,Door Frame Fixing,Tower 3,5th Floor,Finishing,Tower Finishing,Door,,0.0,2026-04-23,2026-04-30,,,2025-12-25,,0
1.1.1.3.2.3.1.5.3,Internal Plumbing Works,Tower 3,5th Floor,MEP,Tower MEP,Plumbing,,26934400.0,2026-04-30,2026-05-10,,,2026-01-01,,0
1.1.1.3.2.3.1.5.4,Waterproofing,Tower 3,5th Floor,Finishing,Tower Civil Finishes,Waterproofing,,31786720.0,2026-05-18,2026-05-30,,,2026-01-19,,0
1.1.1.3.2.3.1.5.5,Internal Plaster,Tower 3,5th Floor,Finishing,Tower Civil Finishes,Int Plaster,,55600000.0,2026-04-30,2026-05-04,,,2026-01-01,,0
1.1.1.3.2.3.1.5.6,IPS flooring work,Tower 3,5th Floor,Finishing,Tower Finishing,Flooring,,18618000.0,2026-05-30,2026-06-08,,,2026-01-31,,0
1.1.1.3.2.3.1.5.7,Toilet dado work,Tower 3,5th Floor,Finishing,Tower Finishing,Flooring,,53482000.0,2027-03-25,2027-04-02,,,2026-01-31,,0
1.1.1.3.2.3.1.5.8,Toilet flooring work,Tower 3,5th Floor,Finishing,Tower Finishing,Flooring,,9911000.0,2027-04-02,2027-04-09,,,2026-02-08,,0
1.1.1.3.2.3.1.5.9,Living dinning flooring,Tower 3,5th Floor,Finishing,Tower Finishing,Flooring,,142447000.0,2027-03-25,2027-03-29,,,2026-01-15,,0
1.1.1.3.2.3.1.5.10,Aluminium door-window fixing,Tower 3,5th Floor,Finishing,Tower Finishing,Window,,111900000.0,2028-04-01,2028-04-11,,,2026-02-12,,0
1.1.1.3.2.3.1.5.11,Putty primer coat,Tower 3,5th Floor,Finishing,Tower Finishing,Paint,,12006000.0,2027-04-05,2027-04-11,,,2026-01-26,,0
1.1.1.3.2.3.1.5.12,Door shutter fixing,Tower 3,5th Floor,Finishing,Tower Finishing,Door,,68616600.0,2027-04-13,2027-04-21,,,2026-02-03,,0
1.1.1.3.2.3.1.5.13,Electrical wiring work,Tower 3,5th Floor,MEP,Tower MEP,Electrical,,57071600.0,2027-05-17,2027-05-29,,,2026-02-27,,0
1.1.1.3.2.3.1.5.14,Painting 1st coat,Tower 3,5th Floor,Finishing,Tower Finishing,Paint,,12006000.0,2027-05-29,2027-06-13,,,2026-03-11,,0
1.1.1.3.2.3.1.5.15,False ceiling,Tower 3,5th Floor,Finishing,Tower Finishing,False Ceiling,,30660000.0,2027-06-13,2027-06-23,,,2026-03-26,,0
1.1.1.3.2.3.1.6,6th Floor,,,,,,,,2026-04-23,2028-04-21,,,2025-12-25,,
1.1.1.3.2.3.1.6.1,Block Work,Tower 3,6th Floor,Finishing,Tower Civil Finishes,Blockwork,,34182400.0,2026-04-23,2026-05-01,,,2025-12-25,,0
1.1.1.3.2.3.1.6.2,Door Frame Fixing,Tower 3,6th Floor,Finishing,Tower Finishing,Door,,0.0,2026-04-30,2026-05-07,,,2026-01-01,,0
1.1.1.3.2.3.1.6.3,Internal Plumbing Works,Tower 3,6th Floor,MEP,Tower MEP,Plumbing,,26934400.0,2026-05-10,2026-05-20,,,2026-01-11,,0
1.1.1.3.2.3.1.6.4,Waterproofing,Tower 3,6th Floor,Finishing,Tower Civil Finishes,Waterproofing,,31786720.0,2026-05-30,2026-06-11,,,2026-01-31,,0
1.1.1.3.2.3.1.6.5,Internal Plaster,Tower 3,6th Floor,Finishing,Tower Civil Finishes,Int Plaster,,55600000.0,2026-05-07,2026-05-11,,,2026-01-08,,0
1.1.1.3.2.3.1.6.6,IPS flooring work,Tower 3,6th Floor,Finishing,Tower Finishing,Flooring,,18618000.0,2026-06-11,2026-06-20,,,2026-02-12,,0
1.1.1.3.2.3.1.6.7,Toilet dado work,Tower 3,6th Floor,Finishing,Tower Finishing,Flooring,,53482000.0,2027-04-02,2027-04-10,,,2026-02-12,,0
1.1.1.3.2.3.1.6.8,Toilet flooring work,Tower 3,6th Floor,Finishing,Tower Finishing,Flooring,,9911000.0,2027-04-10,2027-04-17,,,2026-02-20,,0
1.1.1.3.2.3.1.6.9,Living dinning flooring,Tower 3,6th Floor,Finishing,Tower Finishing,Flooring,,142447000.0,2027-03-29,2027-04-02,,,2026-01-19,,0
1.1.1.3.2.3.1.6.10,Aluminium door-window fixing,Tower 3,6th Floor,Finishing,Tower Finishing,Window,,111900000.0,2028-04-11,2028-04-21,,,2026-02-22,,0
1.1.1.3.2.3.1.6.11,Putty primer coat,Tower 3,6th Floor,Finishing,Tower Finishing,Paint,,12006000.0,2027-04-11,2027-04-17,,,2026-02-01,,0
1.1.1.3.2.3.1.6.12,Door shutter fixing,Tower 3,6th Floor,Finishing,Tower Finishing,Door,,68616600.0,2027-04-21,2027-04-29,,,2026-02-11,,0
1.1.1.3.2.3.1.6.13,Electrical wiring work,Tower 3,6th Floor,MEP,Tower MEP,Electrical,,57071600.0,2027-05-29,2027-06-10,,,2026-03-11,,0
1.1.1.3.2.3.1.6.14,Painting 1st coat,Tower 3,6th Floor,Finishing,Tower Finishing,Paint,,12006000.0,2027-06-13,2027-06-25,,,2026-03-26,,0
1.1.1.3.2.3.1.6.15,False ceiling,Tower 3,6th Floor,Finishing,Tower Finishing,False Ceiling,,30660000.0,2027-06-25,2027-07-05,,,2026-04-07,,0
1.1.1.3.2.3.1.7,7th Floor,,,,,,,,2026-05-01,2028-05-01,,,2026-01-02,,
1.1.1.3.2.3.1.7.1,Block Work,Tower 3,7th Floor,Finishing,Tower Civil Finishes,Blockwork,,34182400.0,2026-05-01,2026-05-09,,,2026-01-02,,0
1.1.1.3.2.3.1.7.2,Door Frame Fixing,Tower 3,7th Floor,Finishing,Tower Finishing,Door,,0.0,2026-05-09,2026-05-16,,,2026-01-10,,0
1.1.1.3.2.3.1.7.3,Internal Plumbing Works,Tower 3,7th Floor,MEP,Tower MEP,Plumbing,,26934400.0,2026-05-20,2026-05-30,,,2026-01-21,,0
1.1.1.3.2.3.1.7.4,Waterproofing,Tower 3,7th Floor,Finishing,Tower Civil Finishes,Waterproofing,,31786720.0,2026-06-11,2026-06-23,,,2026-02-12,,0
1.1.1.3.2.3.1.7.5,Internal Plaster,Tower 3,7th Floor,Finishing,Tower Civil Finishes,Int Plaster,,55600000.0,2026-05-16,2026-05-20,,,2026-01-17,,0
1.1.1.3.2.3.1.7.6,IPS flooring work,Tower 3,7th Floor,Finishing,Tower Finishing,Flooring,,18618000.0,2026-06-20,2026-06-29,,,2026-02-21,,0
1.1.1.3.2.3.1.7.7,Toilet dado work,Tower 3,7th Floor,Finishing,Tower Finishing,Flooring,,53482000.0,2027-04-10,2027-04-18,,,2026-02-24,,0
1.1.1.3.2.3.1.7.8,Toilet flooring work,Tower 3,7th Floor,Finishing,Tower Finishing,Flooring,,9911000.0,2027-04-18,2027-04-25,,,2026-03-04,,0
1.1.1.3.2.3.1.7.9,Living dinning flooring,Tower 3,7th Floor,Finishing,Tower Finishing,Flooring,,142447000.0,2027-04-02,2027-04-06,,,2026-01-23,,0
1.1.1.3.2.3.1.7.10,Aluminium door-window fixing,Tower 3,7th Floor,Finishing,Tower Finishing,Window,,111900000.0,2028-04-21,2028-05-01,,,2026-03-04,,0
1.1.1.3.2.3.1.7.11,Putty primer coat,Tower 3,7th Floor,Finishing,Tower Finishing,Paint,,12006000.0,2027-04-17,2027-04-23,,,2026-02-07,,0
1.1.1.3.2.3.1.7.12,Door shutter fixing,Tower 3,7th Floor,Finishing,Tower Finishing,Door,,68616600.0,2027-04-29,2027-05-07,,,2026-02-19,,0
1.1.1.3.2.3.1.7.13,Electrical wiring work,Tower 3,7th Floor,MEP,Tower MEP,Electrical,,57071600.0,2027-06-10,2027-06-22,,,2026-03-23,,0
1.1.1.3.2.3.1.7.14,Painting 1st coat,Tower 3,7th Floor,Finishing,Tower Finishing,Paint,,12006000.0,2027-06-25,2027-07-07,,,2026-04-07,,0
1.1.1.3.2.3.1.7.15,False ceiling,Tower 3,7th Floor,Finishing,Tower Finishing,False Ceiling,,30660000.0,2027-07-07,2027-07-17,,,2026-04-19,,0
1.1.1.3.2.3.1.8,8th Floor,,,,,,,,2026-05-09,2028-05-11,,,2026-01-10,,
1.1.1.3.2.3.1.8.1,Block Work,Tower 3,8th Floor,Finishing,Tower Civil Finishes,Blockwork,,34182400.0,2026-05-09,2026-05-17,,,2026-01-10,,0
1.1.1.3.2.3.1.8.2,Door Frame Fixing,Tower 3,8th Floor,Finishing,Tower Finishing,Door,,0.0,2026-05-17,2026-05-24,,,2026-01-18,,0
1.1.1.3.2.3.1.8.3,Internal Plumbing Works,Tower 3,8th Floor,MEP,Tower MEP,Plumbing,,26934400.0,2026-05-30,2026-06-09,,,2026-01-31,,0
1.1.1.3.2.3.1.8.4,Waterproofing,Tower 3,8th Floor,Finishing,Tower Civil Finishes,Waterproofing,,31786720.0,2026-06-23,2026-07-05,,,2026-02-24,,0
1.1.1.3.2.3.1.8.5,Internal Plaster,Tower 3,8th Floor,Finishing,Tower Civil Finishes,Int Plaster,,55600000.0,2026-05-25,2026-05-28,,,2026-01-26,,0
1.1.1.3.2.3.1.8.6,IPS flooring work,Tower 3,8th Floor,Finishing,Tower Finishing,Flooring,,18618000.0,2026-07-05,2026-07-14,,,2026-03-08,,0
1.1.1.3.2.3.1.8.7,Toilet dado work,Tower 3,8th Floor,Finishing,Tower Finishing,Flooring,,53482000.0,2027-04-18,2027-04-26,,,2026-03-08,,0
1.1.1.3.2.3.1.8.8,Toilet flooring work,Tower 3,8th Floor,Finishing,Tower Finishing,Flooring,,9911000.0,2027-04-26,2027-05-03,,,2026-03-16,,0
1.1.1.3.2.3.1.8.9,Living dinning flooring,Tower 3,8th Floor,Finishing,Tower Finishing,Flooring,,142447000.0,2027-04-06,2027-04-10,,,2026-01-27,,0
1.1.1.3.2.3.1.8.10,Aluminium door-window fixing,Tower 3,8th Floor,Finishing,Tower Finishing,Window,,111900000.0,2028-05-01,2028-05-11,,,2026-03-14,,0
1.1.1.3.2.3.1.8.11,Putty primer coat,Tower 3,8th Floor,Finishing,Tower Finishing,Paint,,12006000.0,2027-04-23,2027-04-29,,,2026-02-13,,0
1.1.1.3.2.3.1.8.12,Door shutter fixing,Tower 3,8th Floor,Finishing,Tower Finishing,Door,,68616600.0,2027-05-07,2027-05-15,,,2026-02-27,,0
1.1.1.3.2.3.1.8.13,Electrical wiring work,Tower 3,8th Floor,MEP,Tower MEP,Electrical,,57071600.0,2027-06-22,2027-07-04,,,2026-04-04,,0
1.1.1.3.2.3.1.8.14,Painting 1st coat,Tower 3,8th Floor,Finishing,Tower Finishing,Paint,,12006000.0,2027-07-07,2027-07-19,,,2026-04-19,,0
1.1.1.3.2.3.1.8.15,False ceiling,Tower 3,8th Floor,Finishing,Tower Finishing,False Ceiling,,30660000.0,2027-07-19,2027-07-29,,,2026-05-01,,0
1.1.1.3.2.3.1.9,9th Floor,,,,,,,,2026-05-18,2028-05-21,,,2026-01-19,,
1.1.1.3.2.3.1.9.1,Block Work,Tower 3,9th Floor,Finishing,Tower Civil Finishes,Blockwork,,34182400.0,2026-05-18,2026-05-25,,,2026-01-19,,0
1.1.1.3.2.3.1.9.2,Door Frame Fixing,Tower 3,9th Floor,Finishing,Tower Finishing,Door,,0.0,2026-05-26,2026-06-01,,,2026-01-27,,0
1.1.1.3.2.3.1.9.3,Internal Plumbing Works,Tower 3,9th Floor,MEP,Tower MEP,Plumbing,,26934400.0,2026-06-09,2026-06-19,,,2026-02-10,,0
1.1.1.3.2.3.1.9.4,Waterproofing,Tower 3,9th Floor,Finishing,Tower Civil Finishes,Waterproofing,,31786720.0,2026-07-05,2026-07-17,,,2026-03-08,,0
1.1.1.3.2.3.1.9.5,Internal Plaster,Tower 3,9th Floor,Finishing,Tower Civil Finishes,Int Plaster,,55600000.0,2026-06-02,2026-06-06,,,2026-02-03,,0
1.1.1.3.2.3.1.9.6,IPS flooring work,Tower 3,9th Floor,Finishing,Tower Finishing,Flooring,,18618000.0,2026-07-17,2026-07-26,,,2026-03-20,,0
1.1.1.3.2.3.1.9.7,Toilet dado work,Tower 3,9th Floor,Finishing,Tower Finishing,Flooring,,53482000.0,2027-04-26,2027-05-04,,,2026-03-20,,0
1.1.1.3.2.3.1.9.8,Toilet flooring work,Tower 3,9th Floor,Finishing,Tower Finishing,Flooring,,9911000.0,2027-05-04,2027-05-11,,,2026-03-28,,0
1.1.1.3.2.3.1.9.9,Living dinning flooring,Tower 3,9th Floor,Finishing,Tower Finishing,Flooring,,142447000.0,2027-04-11,2027-04-14,,,2026-02-03,,0
1.1.1.3.2.3.1.9.10,Aluminium door-window fixing,Tower 3,9th Floor,Finishing,Tower Finishing,Window,,111900000.0,2028-05-11,2028-05-21,,,2026-03-29,,0
1.1.1.3.2.3.1.9.11,Putty primer coat,Tower 3,9th Floor,Finishing,Tower Finishing,Paint,,12006000.0,2027-04-29,2027-05-05,,,2026-02-19,,0
1.1.1.3.2.3.1.9.12,Door shutter fixing,Tower 3,9th Floor,Finishing,Tower Finishing,Door,,68616600.0,2027-05-15,2027-05-23,,,2026-03-07,,0
1.1.1.3.2.3.1.9.13,Electrical wiring work,Tower 3,9th Floor,MEP,Tower MEP,Electrical,,57071600.0,2027-07-04,2027-07-16,,,2026-04-16,,0
1.1.1.3.2.3.1.9.14,Painting 1st coat,Tower 3,9th Floor,Finishing,Tower Finishing,Paint,,12006000.0,2027-07-19,2027-07-31,,,2026-05-01,,0
1.1.1.3.2.3.1.9.15,False ceiling,Tower 3,9th Floor,Finishing,Tower Finishing,False Ceiling,,30660000.0,2027-07-31,2027-08-10,,,2026-05-13,,0
1.1.1.3.2.3.1.10,10th Floor,,,,,,,,2026-05-26,2028-05-31,,,2026-01-27,,
1.1.1.3.2.3.1.10.1,Block Work,Tower 3,10th Floor,Finishing,Tower Civil Finishes,Blockwork,,34182400.0,2026-05-26,2026-06-03,,,2026-01-27,,0
1.1.1.3.2.3.1.10.2,Door Frame Fixing,Tower 3,10th Floor,Finishing,Tower Finishing,Door,,0.0,2026-06-03,2026-06-10,,,2026-02-04,,0
1.1.1.3.2.3.1.10.3,Internal Plumbing Works,Tower 3,10th Floor,MEP,Tower MEP,Plumbing,,26934400.0,2026-06-19,2026-06-29,,,2026-02-20,,0
1.1.1.3.2.3.1.10.4,Waterproofing,Tower 3,10th Floor,Finishing,Tower Civil Finishes,Waterproofing,,31786720.0,2026-07-17,2026-07-29,,,2026-03-20,,0
1.1.1.3.2.3.1.10.5,Internal Plaster,Tower 3,10th Floor,Finishing,Tower Civil Finishes,Int Plaster,,55600000.0,2026-06-10,2026-06-14,,,2026-02-11,,0
1.1.1.3.2.3.1.10.6,IPS flooring work,Tower 3,10th Floor,Finishing,Tower Finishing,Flooring,,18618000.0,2026-07-29,2026-08-07,,,2026-04-01,,0
1.1.1.3.2.3.1.10.7,Toilet dado work,Tower 3,10th Floor,Finishing,Tower Finishing,Flooring,,53482000.0,2027-05-04,2027-05-12,,,2026-04-01,,0
1.1.1.3.2.3.1.10.8,Toilet flooring work,Tower 3,10th Floor,Finishing,Tower Finishing,Flooring,,9911000.0,2027-05-12,2027-05-19,,,2026-04-09,,0
1.1.1.3.2.3.1.10.9,Living dinning flooring,Tower 3,10th Floor,Finishing,Tower Finishing,Flooring,,142447000.0,2027-04-15,2027-04-19,,,2026-02-11,,0
1.1.1.3.2.3.1.10.10,Aluminium door-window fixing,Tower 3,10th Floor,Finishing,Tower Finishing,Window,,111900000.0,2028-05-22,2028-05-31,,,2026-04-08,,0
1.1.1.3.2.3.1.10.11,Putty primer coat,Tower 3,10th Floor,Finishing,Tower Finishing,Paint,,12006000.0,2027-05-05,2027-05-11,,,2026-02-25,,0
1.1.1.3.2.3.1.10.12,Door shutter fixing,Tower 3,10th Floor,Finishing,Tower Finishing,Door,,68616600.0,2027-05-23,2027-05-31,,,2026-03-15,,0
1.1.1.3.2.3.1.10.13,Electrical wiring work,Tower 3,10th Floor,MEP,Tower MEP,Electrical,,57071600.0,2027-07-16,2027-07-28,,,2026-04-28,,0
1.1.1.3.2.3.1.10.14,Painting 1st coat,Tower 3,10th Floor,Finishing,Tower Finishing,Paint,,12006000.0,2027-07-31,2027-08-12,,,2026-05-13,,0
1.1.1.3.2.3.1.10.15,False ceiling,Tower 3,10th Floor,Finishing,Tower Finishing,False Ceiling,,30660000.0,2027-08-12,2027-08-22,,,2026-05-25,,0
1.1.1.3.2.3.1.11,11th Floor,,,,,,,,2026-06-03,2028-06-11,,,2026-02-04,,
1.1.1.3.2.3.1.11.1,Block Work,Tower 3,11th Floor,Finishing,Tower Civil Finishes,Blockwork,,34182400.0,2026-06-03,2026-06-11,,,2026-02-04,,0
1.1.1.3.2.3.1.11.2,Door Frame Fixing,Tower 3,11th Floor,Finishing,Tower Finishing,Door,,0.0,2026-06-11,2026-06-18,,,2026-02-12,,0
1.1.1.3.2.3.1.11.3,Internal Plumbing Works,Tower 3,11th Floor,MEP,Tower MEP,Plumbing,,26934400.0,2026-06-29,2026-07-09,,,2026-03-02,,0
1.1.1.3.2.3.1.11.4,Waterproofing,Tower 3,11th Floor,Finishing,Tower Civil Finishes,Waterproofing,,31786720.0,2026-07-29,2026-08-10,,,2026-04-01,,0
1.1.1.3.2.3.1.11.5,Internal Plaster,Tower 3,11th Floor,Finishing,Tower Civil Finishes,Int Plaster,,55600000.0,2026-06-18,2026-06-22,,,2026-02-19,,0
1.1.1.3.2.3.1.11.6,IPS flooring work,Tower 3,11th Floor,Finishing,Tower Finishing,Flooring,,18618000.0,2026-08-10,2026-08-19,,,2026-04-13,,0
1.1.1.3.2.3.1.11.7,Toilet dado work,Tower 3,11th Floor,Finishing,Tower Finishing,Flooring,,53482000.0,2027-05-12,2027-05-20,,,2026-04-13,,0
1.1.1.3.2.3.1.11.8,Toilet flooring work,Tower 3,11th Floor,Finishing,Tower Finishing,Flooring,,9911000.0,2027-05-20,2027-05-27,,,2026-04-21,,0
1.1.1.3.2.3.1.11.9,Living dinning flooring,Tower 3,11th Floor,Finishing,Tower Finishing,Flooring,,142447000.0,2027-04-19,2027-04-23,,,2026-02-19,,0
1.1.1.3.2.3.1.11.10,Aluminium door-window fixing,Tower 3,11th Floor,Finishing,Tower Finishing,Window,,111900000.0,2028-06-01,2028-06-11,,,2026-04-18,,0
1.1.1.3.2.3.1.11.11,Putty primer coat,Tower 3,11th Floor,Finishing,Tower Finishing,Paint,,12006000.0,2027-05-11,2027-05-17,,,2026-03-03,,0
1.1.1.3.2.3.1.11.12,Door shutter fixing,Tower 3,11th Floor,Finishing,Tower Finishing,Door,,68616600.0,2027-05-31,2027-06-08,,,2026-03-23,,0
1.1.1.3.2.3.1.11.13,Electrical wiring work,Tower 3,11th Floor,MEP,Tower MEP,Electrical,,57071600.0,2027-07-28,2027-08-09,,,2026-05-10,,0
1.1.1.3.2.3.1.11.14,Painting 1st coat,Tower 3,11th Floor,Finishing,Tower Finishing,Paint,,12006000.0,2027-08-12,2027-08-24,,,2026-05-25,,0
1.1.1.3.2.3.1.11.15,False ceiling,Tower 3,11th Floor,Finishing,Tower Finishing,False Ceiling,,30660000.0,2027-08-24,2027-09-03,,,2026-06-06,,0
1.1.1.3.2.3.1.12,12th Floor,,,,,,,,2026-06-11,2028-06-21,,,2026-02-12,,
1.1.1.3.2.3.1.12.1,Block Work,Tower 3,12th Floor,Finishing,Tower Civil Finishes,Blockwork,,34182400.0,2026-06-11,2026-06-19,,,2026-02-12,,0
1.1.1.3.2.3.1.12.2,Door Frame Fixing,Tower 3,12th Floor,Finishing,Tower Finishing,Door,,0.0,2026-06-19,2026-06-26,,,2026-02-20,,0
1.1.1.3.2.3.1.12.3,Internal Plumbing Works,Tower 3,12th Floor,MEP,Tower MEP,Plumbing,,26934400.0,2026-07-09,2026-07-19,,,2026-03-12,,0
1.1.1.3.2.3.1.12.4,Waterproofing,Tower 3,12th Floor,Finishing,Tower Civil Finishes,Waterproofing,,31786720.0,2026-08-10,2026-08-22,,,2026-04-13,,0
1.1.1.3.2.3.1.12.5,Internal Plaster,Tower 3,12th Floor,Finishing,Tower Civil Finishes,Int Plaster,,55600000.0,2026-06-26,2026-06-30,,,2026-02-27,,0
1.1.1.3.2.3.1.12.6,IPS flooring work,Tower 3,12th Floor,Finishing,Tower Finishing,Flooring,,18618000.0,2026-08-22,2026-08-31,,,2026-04-25,,0
1.1.1.3.2.3.1.12.7,Toilet dado work,Tower 3,12th Floor,Finishing,Tower Finishing,Flooring,,53482000.0,2027-05-20,2027-05-28,,,2026-04-25,,0
1.1.1.3.2.3.1.12.8,Toilet flooring work,Tower 3,12th Floor,Finishing,Tower Finishing,Flooring,,9911000.0,2027-05-28,2027-06-04,,,2026-05-03,,0
1.1.1.3.2.3.1.12.9,Living dinning flooring,Tower 3,12th Floor,Finishing,Tower Finishing,Flooring,,142447000.0,2027-04-23,2027-04-27,,,2026-02-27,,0
1.1.1.3.2.3.1.12.10,Aluminium door-window fixing,Tower 3,12th Floor,Finishing,Tower Finishing,Window,,111900000.0,2028-06-11,2028-06-21,,,2026-05-04,,0
1.1.1.3.2.3.1.12.11,Putty primer coat,Tower 3,12th Floor,Finishing,Tower Finishing,Paint,,12006000.0,2027-05-17,2027-05-23,,,2026-03-09,,0
1.1.1.3.2.3.1.12.12,Door shutter fixing,Tower 3,12th Floor,Finishing,Tower Finishing,Door,,68616600.0,2027-06-08,2027-06-16,,,2026-03-31,,0
1.1.1.3.2.3.1.12.13,Electrical wiring work,Tower 3,12th Floor,MEP,Tower MEP,Electrical,,57071600.0,2027-08-09,2027-08-21,,,2026-05-22,,0
1.1.1.3.2.3.1.12.14,Painting 1st coat,Tower 3,12th Floor,Finishing,Tower Finishing,Paint,,12006000.0,2027-08-24,2027-09-05,,,2026-06-06,,0
1.1.1.3.2.3.1.12.15,False ceiling,Tower 3,12th Floor,Finishing,Tower Finishing,False Ceiling,,30660000.0,2027-09-05,2027-09-15,,,2026-06-18,,0
1.1.1.3.2.3.1.13,13th Floor,,,,,,,,2026-06-19,2028-07-01,,,2026-02-20,,
1.1.1.3.2.3.1.13.1,Block Work,Tower 3,13th Floor,Finishing,Tower Civil Finishes,Blockwork,,34182400.0,2026-06-19,2026-06-27,,,2026-02-20,,0
1.1.1.3.2.3.1.13.2,Door Frame Fixing,Tower 3,13th Floor,Finishing,Tower Finishing,Door,,0.0,2026-06-27,2026-07-04,,,2026-02-28,,0
1.1.1.3.2.3.1.13.3,Internal Plumbing Works,Tower 3,13th Floor,MEP,Tower MEP,Plumbing,,26934400.0,2026-07-19,2026-07-29,,,2026-03-22,,0
1.1.1.3.2.3.1.13.4,Waterproofing,Tower 3,13th Floor,Finishing,Tower Civil Finishes,Waterproofing,,31786720.0,2026-08-22,2026-09-03,,,2026-04-25,,0
1.1.1.3.2.3.1.13.5,Internal Plaster,Tower 3,13th Floor,Finishing,Tower Civil Finishes,Int Plaster,,55600000.0,2026-07-05,2026-07-09,,,2026-03-08,,0
1.1.1.3.2.3.1.13.6,IPS flooring work,Tower 3,13th Floor,Finishing,Tower Finishing,Flooring,,18618000.0,2026-09-03,2026-09-12,,,2026-05-07,,0
1.1.1.3.2.3.1.13.7,Toilet dado work,Tower 3,13th Floor,Finishing,Tower Finishing,Flooring,,53482000.0,2027-05-28,2027-06-05,,,2026-05-07,,0
1.1.1.3.2.3.1.13.8,Toilet flooring work,Tower 3,13th Floor,Finishing,Tower Finishing,Flooring,,9911000.0,2027-06-05,2027-06-12,,,2026-05-15,,0
1.1.1.3.2.3.1.13.9,Living dinning flooring,Tower 3,13th Floor,Finishing,Tower Finishing,Flooring,,142447000.0,2027-06-12,2027-06-21,,,2026-05-22,,0
1.1.1.3.2.3.1.13.10,Aluminium door-window fixing,Tower 3,13th Floor,Finishing,Tower Finishing,Window,,111900000.0,2028-06-21,2028-07-01,,,2026-05-31,,0
1.1.1.3.2.3.1.13.11,Putty primer coat,Tower 3,13th Floor,Finishing,Tower Finishing,Paint,,12006000.0,2027-06-21,2027-06-27,,,2026-05-31,,0
1.1.1.3.2.3.1.13.12,Door shutter fixing,Tower 3,13th Floor,Finishing,Tower Finishing,Door,,68616600.0,2027-06-21,2027-06-29,,,2026-05-31,,0
1.1.1.3.2.3.1.13.13,Electrical wiring work,Tower 3,13th Floor,MEP,Tower MEP,Electrical,,57071600.0,2027-08-21,2027-09-02,,,2026-06-08,,0
1.1.1.3.2.3.1.13.14,Painting 1st coat,Tower 3,13th Floor,Finishing,Tower Finishing,Paint,,12006000.0,2027-09-05,2027-09-17,,,2026-06-20,,0
1.1.1.3.2.3.1.13.15,False ceiling,Tower 3,13th Floor,Finishing,Tower Finishing,False Ceiling,,30660000.0,2027-09-17,2027-09-27,,,2026-07-02,,0
1.1.1.3.2.3.1.14,14th Floor,,,,,,,,2026-06-28,2028-07-11,,,2026-03-01,,
1.1.1.3.2.3.1.14.1,Block Work,Tower 3,14th Floor,Finishing,Tower Civil Finishes,Blockwork,,34182400.0,2026-06-28,2026-07-06,,,2026-03-01,,0
1.1.1.3.2.3.1.14.2,Door Frame Fixing,Tower 3,14th Floor,Finishing,Tower Finishing,Door,,0.0,2026-07-06,2026-07-13,,,2026-03-09,,0
1.1.1.3.2.3.1.14.3,Internal Plumbing Works,Tower 3,14th Floor,MEP,Tower MEP,Plumbing,,26934400.0,2026-07-29,2026-08-08,,,2026-04-01,,0
1.1.1.3.2.3.1.14.4,Waterproofing,Tower 3,14th Floor,Finishing,Tower Civil Finishes,Waterproofing,,31786720.0,2026-09-03,2026-09-15,,,2026-05-07,,0
1.1.1.3.2.3.1.14.5,Internal Plaster,Tower 3,14th Floor,Finishing,Tower Civil Finishes,Int Plaster,,55600000.0,2026-07-13,2026-07-17,,,2026-03-16,,0
1.1.1.3.2.3.1.14.6,IPS flooring work,Tower 3,14th Floor,Finishing,Tower Finishing,Flooring,,18618000.0,2026-09-15,2026-09-24,,,2026-05-19,,0
1.1.1.3.2.3.1.14.7,Toilet dado work,Tower 3,14th Floor,Finishing,Tower Finishing,Flooring,,53482000.0,2027-06-05,2027-06-13,,,2026-05-19,,0
1.1.1.3.2.3.1.14.8,Toilet flooring work,Tower 3,14th Floor,Finishing,Tower Finishing,Flooring,,9911000.0,2027-06-13,2027-06-20,,,2026-05-27,,0
1.1.1.3.2.3.1.14.9,Living dinning flooring,Tower 3,14th Floor,Finishing,Tower Finishing,Flooring,,142447000.0,2027-06-21,2027-06-30,,,2026-06-03,,0
1.1.1.3.2.3.1.14.10,Aluminium door-window fixing,Tower 3,14th Floor,Finishing,Tower Finishing,Window,,111900000.0,2028-07-01,2028-07-11,,,2026-06-12,,0
1.1.1.3.2.3.1.14.11,Putty primer coat,Tower 3,14th Floor,Finishing,Tower Finishing,Paint,,12006000.0,2027-06-30,2027-07-06,,,2026-06-12,,0
1.1.1.3.2.3.1.14.12,Door shutter fixing,Tower 3,14th Floor,Finishing,Tower Finishing,Door,,68616600.0,2027-06-30,2027-07-08,,,2026-06-12,,0
1.1.1.3.2.3.1.14.13,Electrical wiring work,Tower 3,14th Floor,MEP,Tower MEP,Electrical,,57071600.0,2027-09-02,2027-09-14,,,2026-06-20,,0
1.1.1.3.2.3.1.14.14,Painting 1st coat,Tower 3,14th Floor,Finishing,Tower Finishing,Paint,,12006000.0,2027-09-17,2027-09-29,,,2026-07-02,,0
1.1.1.3.2.3.1.14.15,False ceiling,Tower 3,14th Floor,Finishing,Tower Finishing,False Ceiling,,30660000.0,2027-09-29,2027-10-09,,,2026-07-14,,0
1.1.1.3.2.3.1.15,15th Floor,,,,,,,,2026-07-06,2028-07-21,,,2026-03-09,,
1.1.1.3.2.3.1.15.1,Block Work,Tower 3,15th Floor,Finishing,Tower Civil Finishes,Blockwork,,34182400.0,2026-07-06,2026-07-14,,,2026-03-09,,0
1.1.1.3.2.3.1.15.2,Door Frame Fixing,Tower 3,15th Floor,Finishing,Tower Finishing,Door,,0.0,2026-07-14,2026-07-21,,,2026-03-17,,0
1.1.1.3.2.3.1.15.3,Internal Plumbing Works,Tower 3,15th Floor,MEP,Tower MEP,Plumbing,,26934400.0,2026-08-08,2026-08-18,,,2026-04-11,,0
1.1.1.3.2.3.1.15.4,Waterproofing,Tower 3,15th Floor,Finishing,Tower Civil Finishes,Waterproofing,,31786720.0,2026-09-15,2026-09-27,,,2026-05-19,,0
1.1.1.3.2.3.1.15.5,Internal Plaster,Tower 3,15th Floor,Finishing,Tower Civil Finishes,Int Plaster,,55600000.0,2026-07-21,2026-07-25,,,2026-03-24,,0
1.1.1.3.2.3.1.15.6,IPS flooring work,Tower 3,15th Floor,Finishing,Tower Finishing,Flooring,,18618000.0,2026-09-27,2026-10-06,,,2026-05-31,,0
1.1.1.3.2.3.1.15.7,Toilet dado work,Tower 3,15th Floor,Finishing,Tower Finishing,Flooring,,53482000.0,2027-06-13,2027-06-21,,,2026-05-31,,0
1.1.1.3.2.3.1.15.8,Toilet flooring work,Tower 3,15th Floor,Finishing,Tower Finishing,Flooring,,9911000.0,2027-06-21,2027-06-28,,,2026-06-08,,0
1.1.1.3.2.3.1.15.9,Living dinning flooring,Tower 3,15th Floor,Finishing,Tower Finishing,Flooring,,142447000.0,2027-06-30,2027-07-09,,,2026-06-15,,0
1.1.1.3.2.3.1.15.10,Aluminium door-window fixing,Tower 3,15th Floor,Finishing,Tower Finishing,Window,,111900000.0,2028-07-11,2028-07-21,,,2026-06-24,,0
1.1.1.3.2.3.1.15.11,Putty primer coat,Tower 3,15th Floor,Finishing,Tower Finishing,Paint,,12006000.0,2027-07-09,2027-07-15,,,2026-06-24,,0
1.1.1.3.2.3.1.15.12,Door shutter fixing,Tower 3,15th Floor,Finishing,Tower Finishing,Door,,68616600.0,2027-07-09,2027-07-17,,,2026-06-24,,0
1.1.1.3.2.3.1.15.13,Electrical wiring work,Tower 3,15th Floor,MEP,Tower MEP,Electrical,,57071600.0,2027-09-14,2027-09-26,,,2026-07-02,,0
1.1.1.3.2.3.1.15.14,Painting 1st coat,Tower 3,15th Floor,Finishing,Tower Finishing,Paint,,12006000.0,2027-09-29,2027-10-11,,,2026-07-14,,0
1.1.1.3.2.3.1.15.15,False ceiling,Tower 3,15th Floor,Finishing,Tower Finishing,False Ceiling,,30660000.0,2027-10-11,2027-10-21,,,2026-07-26,,0
1.1.1.3.2.3.1.16,16th Floor,,,,,,,,2026-07-14,2028-07-31,,,2026-03-17,,
1.1.1.3.2.3.1.16.1,Block Work,Tower 3,16th Floor,Finishing,Tower Civil Finishes,Blockwork,,34182400.0,2026-07-14,2026-07-22,,,2026-03-17,,0
1.1.1.3.2.3.1.16.2,Door Frame Fixing,Tower 3,16th Floor,Finishing,Tower Finishing,Door,,0.0,2026-07-22,2026-07-31,,,2026-03-25,,0
1.1.1.3.2.3.1.16.3,Internal Plumbing Works,Tower 3,16th Floor,MEP,Tower MEP,Plumbing,,26934400.0,2026-08-18,2026-08-28,,,2026-04-21,,0
1.1.1.3.2.3.1.16.4,Waterproofing,Tower 3,16th Floor,Finishing,Tower Civil Finishes,Waterproofing,,31786720.0,2026-09-27,2026-10-09,,,2026-05-31,,0
1.1.1.3.2.3.1.16.5,Internal Plaster,Tower 3,16th Floor,Finishing,Tower Civil Finishes,Int Plaster,,55600000.0,2026-10-09,2026-10-18,,,2026-06-12,,0
1.1.1.3.2.3.1.16.6,IPS flooring work,Tower 3,16th Floor,Finishing,Tower Finishing,Flooring,,18618000.0,2026-10-09,2026-10-18,,,2026-06-12,,0
1.1.1.3.2.3.1.16.7,Toilet dado work,Tower 3,16th Floor,Finishing,Tower Finishing,Flooring,,53482000.0,2027-06-21,2027-06-29,,,2026-06-21,,0
1.1.1.3.2.3.1.16.8,Toilet flooring work,Tower 3,16th Floor,Finishing,Tower Finishing,Flooring,,9911000.0,2027-06-29,2027-07-06,,,2026-06-29,,0
1.1.1.3.2.3.1.16.9,Living dinning flooring,Tower 3,16th Floor,Finishing,Tower Finishing,Flooring,,142447000.0,2027-07-09,2027-07-18,,,2026-07-06,,0
1.1.1.3.2.3.1.16.10,Aluminium door-window fixing,Tower 3,16th Floor,Finishing,Tower Finishing,Window,,111900000.0,2028-07-21,2028-07-31,,,2026-07-15,,0
1.1.1.3.2.3.1.16.11,Putty primer coat,Tower 3,16th Floor,Finishing,Tower Finishing,Paint,,12006000.0,2027-07-18,2027-07-24,,,2026-07-15,,0
1.1.1.3.2.3.1.16.12,Door shutter fixing,Tower 3,16th Floor,Finishing,Tower Finishing,Door,,68616600.0,2027-07-18,2027-07-26,,,2026-07-15,,0
1.1.1.3.2.3.1.16.13,Electrical wiring work,Tower 3,16th Floor,MEP,Tower MEP,Electrical,,57071600.0,2027-09-26,2027-10-08,,,2026-07-23,,0
1.1.1.3.2.3.1.16.14,Painting 1st coat,Tower 3,16th Floor,Finishing,Tower Finishing,Paint,,12006000.0,2027-10-11,2027-10-23,,,2026-08-04,,0
1.1.1.3.2.3.1.16.15,False ceiling,Tower 3,16th Floor,Finishing,Tower Finishing,False Ceiling,,30660000.0,2027-10-23,2027-12-17,,,2026-08-16,,0
1.1.1.3.2.3.1.17,17th Floor,,,,,,,,2026-09-28,2028-08-12,,,2026-05-31,,
1.1.1.3.2.3.1.17.1,Block Work,Tower 3,17th Floor,Finishing,Tower Civil Finishes,Blockwork,,34182400.0,2026-09-28,2026-10-05,,,2026-05-31,,0
1.1.1.3.2.3.1.17.2,Door Frame Fixing,Tower 3,17th Floor,Finishing,Tower Finishing,Door,,0.0,2026-10-06,2026-10-14,,,2026-06-08,,0
1.1.1.3.2.3.1.17.3,Internal Plumbing Works,Tower 3,17th Floor,MEP,Tower MEP,Plumbing,,26934400.0,2026-10-06,2026-10-15,,,2026-06-08,,0
1.1.1.3.2.3.1.17.4,Waterproofing,Tower 3,17th Floor,Finishing,Tower Civil Finishes,Waterproofing,,31786720.0,2026-10-16,2026-10-27,,,2026-06-18,,0
1.1.1.3.2.3.1.17.5,Internal Plaster,Tower 3,17th Floor,Finishing,Tower Civil Finishes,Int Plaster,,55600000.0,2026-10-28,2026-12-20,,,2026-06-30,,0
1.1.1.3.2.3.1.17.6,IPS flooring work,Tower 3,17th Floor,Finishing,Tower Finishing,Flooring,,18618000.0,2026-10-28,2026-12-20,,,2026-06-30,,0
1.1.1.3.2.3.1.17.7,Toilet dado work,Tower 3,17th Floor,Finishing,Tower Finishing,Flooring,,53482000.0,2027-06-29,2027-07-07,,,2026-07-09,,0
1.1.1.3.2.3.1.17.8,Toilet flooring work,Tower 3,17th Floor,Finishing,Tower Finishing,Flooring,,9911000.0,2027-07-07,2027-07-14,,,2026-07-17,,0
1.1.1.3.2.3.1.17.9,Living dinning flooring,Tower 3,17th Floor,Finishing,Tower Finishing,Flooring,,142447000.0,2027-07-18,2027-07-30,,,2026-07-24,,0
1.1.1.3.2.3.1.17.10,Aluminium door-window fixing,Tower 3,17th Floor,Finishing,Tower Finishing,Window,,111900000.0,2028-07-31,2028-08-12,,,2026-08-05,,0
1.1.1.3.2.3.1.17.11,Putty primer coat,Tower 3,17th Floor,Finishing,Tower Finishing,Paint,,12006000.0,2027-07-30,2027-08-05,,,2026-08-05,,0
1.1.1.3.2.3.1.17.12,Door shutter fixing,Tower 3,17th Floor,Finishing,Tower Finishing,Door,,68616600.0,2027-07-30,2027-08-07,,,2026-08-05,,0
1.1.1.3.2.3.1.17.13,Electrical wiring work,Tower 3,17th Floor,MEP,Tower MEP,Electrical,,57071600.0,2027-10-08,2027-10-20,,,2026-08-13,,0
1.1.1.3.2.3.1.17.14,Painting 1st coat,Tower 3,17th Floor,Finishing,Tower Finishing,Paint,,12006000.0,2027-10-23,2027-12-19,,,2026-08-25,,0
1.1.1.3.2.3.1.17.15,False ceiling,Tower 3,17th Floor,Finishing,Tower Finishing,False Ceiling,,30660000.0,2027-12-19,2027-12-29,,,2026-09-06,,0
1.1.1.3.2.3.1.18,18th Floor,,,,,,,,2026-10-09,2028-08-24,,,2026-06-11,,
1.1.1.3.2.3.1.18.1,Block Work,Tower 3,18th Floor,Finishing,Tower Civil Finishes,Blockwork,,34182400.0,2026-10-09,2026-10-16,,,2026-06-11,,0
1.1.1.3.2.3.1.18.2,Door Frame Fixing,Tower 3,18th Floor,Finishing,Tower Finishing,Door,,0.0,2026-10-17,2026-10-25,,,2026-06-19,,0
1.1.1.3.2.3.1.18.3,Internal Plumbing Works,Tower 3,18th Floor,MEP,Tower MEP,Plumbing,,26934400.0,2026-10-17,2026-10-26,,,2026-06-19,,0
1.1.1.3.2.3.1.18.4,Waterproofing,Tower 3,18th Floor,Finishing,Tower Civil Finishes,Waterproofing,,31786720.0,2026-10-28,2026-12-23,,,2026-06-30,,0
1.1.1.3.2.3.1.18.5,Internal Plaster,Tower 3,18th Floor,Finishing,Tower Civil Finishes,Int Plaster,,55600000.0,2026-12-24,2027-01-01,,,2026-07-12,,0
1.1.1.3.2.3.1.18.6,IPS flooring work,Tower 3,18th Floor,Finishing,Tower Finishing,Flooring,,18618000.0,2026-12-24,2027-01-01,,,2026-07-12,,0
1.1.1.3.2.3.1.18.7,Toilet dado work,Tower 3,18th Floor,Finishing,Tower Finishing,Flooring,,53482000.0,2027-07-07,2027-07-15,,,2026-07-21,,0
1.1.1.3.2.3.1.18.8,Toilet flooring work,Tower 3,18th Floor,Finishing,Tower Finishing,Flooring,,9911000.0,2027-07-15,2027-07-22,,,2026-07-29,,0
1.1.1.3.2.3.1.18.9,Living dinning flooring,Tower 3,18th Floor,Finishing,Tower Finishing,Flooring,,142447000.0,2027-07-30,2027-08-11,,,2026-08-05,,0
1.1.1.3.2.3.1.18.10,Aluminium door-window fixing,Tower 3,18th Floor,Finishing,Tower Finishing,Window,,111900000.0,2028-08-12,2028-08-24,,,2026-08-17,,0
1.1.1.3.2.3.1.18.11,Putty primer coat,Tower 3,18th Floor,Finishing,Tower Finishing,Paint,,12006000.0,2027-08-11,2027-08-17,,,2026-08-17,,0
1.1.1.3.2.3.1.18.12,Door shutter fixing,Tower 3,18th Floor,Finishing,Tower Finishing,Door,,68616600.0,2027-08-11,2027-08-19,,,2026-08-17,,0
1.1.1.3.2.3.1.18.13,Electrical wiring work,Tower 3,18th Floor,MEP,Tower MEP,Electrical,,57071600.0,2027-10-20,2027-12-16,,,2026-08-25,,0
1.1.1.3.2.3.1.18.14,Painting 1st coat,Tower 3,18th Floor,Finishing,Tower Finishing,Paint,,12006000.0,2027-12-19,2027-12-31,,,2026-09-06,,0
1.1.1.3.2.3.1.18.15,False ceiling,Tower 3,18th Floor,Finishing,Tower Finishing,False Ceiling,,30660000.0,2027-12-31,2028-01-10,,,2026-09-18,,0
1.1.1.3.2.3.1.19,19th Floor,,,,,,,,2026-10-20,2028-09-05,,,2026-06-22,,
1.1.1.3.2.3.1.19.1,Block Work,Tower 3,19th Floor,Finishing,Tower Civil Finishes,Blockwork,,34182400.0,2026-10-20,2026-10-27,,,2026-06-22,,0
1.1.1.3.2.3.1.19.2,Door Frame Fixing,Tower 3,19th Floor,Finishing,Tower Finishing,Door,,0.0,2026-10-28,2026-12-20,,,2026-06-30,,0
1.1.1.3.2.3.1.19.3,Internal Plumbing Works,Tower 3,19th Floor,MEP,Tower MEP,Plumbing,,26934400.0,2026-10-28,2026-12-21,,,2026-06-30,,0
1.1.1.3.2.3.1.19.4,Waterproofing,Tower 3,19th Floor,Finishing,Tower Civil Finishes,Waterproofing,,31786720.0,2026-12-24,2027-01-04,,,2026-07-12,,0
1.1.1.3.2.3.1.19.5,Internal Plaster,Tower 3,19th Floor,Finishing,Tower Civil Finishes,Int Plaster,,55600000.0,2027-01-05,2027-01-13,,,2026-07-24,,0
1.1.1.3.2.3.1.19.6,IPS flooring work,Tower 3,19th Floor,Finishing,Tower Finishing,Flooring,,18618000.0,2027-01-14,2027-01-22,,,2026-08-02,,0
1.1.1.3.2.3.1.19.7,Toilet dado work,Tower 3,19th Floor,Finishing,Tower Finishing,Flooring,,53482000.0,2027-07-15,2027-07-23,,,2026-08-02,,0
1.1.1.3.2.3.1.19.8,Toilet flooring work,Tower 3,19th Floor,Finishing,Tower Finishing,Flooring,,9911000.0,2027-07-23,2027-07-30,,,2026-08-10,,0
1.1.1.3.2.3.1.19.9,Living dinning flooring,Tower 3,19th Floor,Finishing,Tower Finishing,Flooring,,142447000.0,2027-08-11,2027-08-23,,,2026-08-17,,0
1.1.1.3.2.3.1.19.10,Aluminium door-window fixing,Tower 3,19th Floor,Finishing,Tower Finishing,Window,,111900000.0,2028-08-24,2028-09-05,,,2026-08-29,,0
1.1.1.3.2.3.1.19.11,Putty primer coat,Tower 3,19th Floor,Finishing,Tower Finishing,Paint,,12006000.0,2027-08-23,2027-08-29,,,2026-08-29,,0
1.1.1.3.2.3.1.19.12,Door shutter fixing,Tower 3,19th Floor,Finishing,Tower Finishing,Door,,68616600.0,2027-08-23,2027-08-31,,,2026-08-29,,0
1.1.1.3.2.3.1.19.13,Electrical wiring work,Tower 3,19th Floor,MEP,Tower MEP,Electrical,,57071600.0,2027-12-16,2027-12-28,,,2026-09-06,,0
1.1.1.3.2.3.1.19.14,Painting 1st coat,Tower 3,19th Floor,Finishing,Tower Finishing,Paint,,12006000.0,2027-12-31,2028-01-12,,,2026-09-18,,0
1.1.1.3.2.3.1.19.15,False ceiling,Tower 3,19th Floor,Finishing,Tower Finishing,False Ceiling,,30660000.0,2028-01-12,2028-01-22,,,2026-09-30,,0
1.1.1.3.2.3.1.20,20th Floor,,,,,,,,2026-10-31,2028-09-17,,,2026-07-03,,
1.1.1.3.2.3.1.20.1,Block Work,Tower 3,20th Floor,Finishing,Tower Civil Finishes,Blockwork,,34182400.0,2026-10-31,2026-12-22,,,2026-07-03,,0
1.1.1.3.2.3.1.20.2,Door Frame Fixing,Tower 3,20th Floor,Finishing,Tower Finishing,Door,,0.0,2026-12-23,2026-12-31,,,2026-07-11,,0
1.1.1.3.2.3.1.20.3,Internal Plumbing Works,Tower 3,20th Floor,MEP,Tower MEP,Plumbing,,26934400.0,2026-12-23,2027-01-01,,,2026-07-11,,0
1.1.1.3.2.3.1.20.4,Waterproofing,Tower 3,20th Floor,Finishing,Tower Civil Finishes,Waterproofing,,31786720.0,2027-01-05,2027-01-16,,,2026-07-24,,0
1.1.1.3.2.3.1.20.5,Internal Plaster,Tower 3,20th Floor,Finishing,Tower Civil Finishes,Int Plaster,,55600000.0,2027-01-17,2027-01-25,,,2026-08-05,,0
1.1.1.3.2.3.1.20.6,IPS flooring work,Tower 3,20th Floor,Finishing,Tower Finishing,Flooring,,18618000.0,2027-01-26,2027-02-03,,,2026-08-14,,0
1.1.1.3.2.3.1.20.7,Toilet dado work,Tower 3,20th Floor,Finishing,Tower Finishing,Flooring,,53482000.0,2027-07-23,2027-07-31,,,2026-08-14,,0
1.1.1.3.2.3.1.20.8,Toilet flooring work,Tower 3,20th Floor,Finishing,Tower Finishing,Flooring,,9911000.0,2027-07-31,2027-08-07,,,2026-08-22,,0
1.1.1.3.2.3.1.20.9,Living dinning flooring,Tower 3,20th Floor,Finishing,Tower Finishing,Flooring,,142447000.0,2027-08-23,2027-09-04,,,2026-08-29,,0
1.1.1.3.2.3.1.20.10,Aluminium door-window fixing,Tower 3,20th Floor,Finishing,Tower Finishing,Window,,111900000.0,2028-09-05,2028-09-17,,,2026-09-10,,0
1.1.1.3.2.3.1.20.11,Putty primer coat,Tower 3,20th Floor,Finishing,Tower Finishing,Paint,,12006000.0,2027-09-04,2027-09-10,,,2026-09-10,,0
1.1.1.3.2.3.1.20.12,Door shutter fixing,Tower 3,20th Floor,Finishing,Tower Finishing,Door,,68616600.0,2027-09-04,2027-09-12,,,2026-09-10,,0
1.1.1.3.2.3.1.20.13,Electrical wiring work,Tower 3,20th Floor,MEP,Tower MEP,Electrical,,57071600.0,2027-12-28,2028-01-09,,,2026-09-18,,0
1.1.1.3.2.3.1.20.14,Painting 1st coat,Tower 3,20th Floor,Finishing,Tower Finishing,Paint,,12006000.0,2028-01-12,2028-01-24,,,2026-09-30,,0
1.1.1.3.2.3.1.20.15,False ceiling,Tower 3,20th Floor,Finishing,Tower Finishing,False Ceiling,,30660000.0,2028-01-24,2028-02-03,,,2026-10-12,,0
1.1.1.3.2.3.1.21,21st Floor,,,,,,,,2026-12-26,2028-09-29,,,2026-07-14,,
1.1.1.3.2.3.1.21.1,Block Work,Tower 3,21st Floor,Finishing,Tower Civil Finishes,Blockwork,,34182400.0,2026-12-26,2027-01-02,,,2026-07-14,,0
1.1.1.3.2.3.1.21.2,Door Frame Fixing,Tower 3,21st Floor,Finishing,Tower Finishing,Door,,0.0,2027-01-03,2027-01-11,,,2026-07-22,,0
1.1.1.3.2.3.1.21.3,Internal Plumbing Works,Tower 3,21st Floor,MEP,Tower MEP,Plumbing,,26934400.0,2027-01-03,2027-01-12,,,2026-07-22,,0
1.1.1.3.2.3.1.21.4,Waterproofing,Tower 3,21st Floor,Finishing,Tower Civil Finishes,Waterproofing,,31786720.0,2027-01-17,2027-01-28,,,2026-08-05,,0
1.1.1.3.2.3.1.21.5,Internal Plaster,Tower 3,21st Floor,Finishing,Tower Civil Finishes,Int Plaster,,55600000.0,2027-01-29,2027-02-06,,,2026-08-17,,0
1.1.1.3.2.3.1.21.6,IPS flooring work,Tower 3,21st Floor,Finishing,Tower Finishing,Flooring,,18618000.0,2027-02-07,2027-02-15,,,2026-08-26,,0
1.1.1.3.2.3.1.21.7,Toilet dado work,Tower 3,21st Floor,Finishing,Tower Finishing,Flooring,,53482000.0,2027-07-31,2027-08-08,,,2026-08-26,,0
1.1.1.3.2.3.1.21.8,Toilet flooring work,Tower 3,21st Floor,Finishing,Tower Finishing,Flooring,,9911000.0,2027-08-08,2027-08-15,,,2026-09-03,,0
1.1.1.3.2.3.1.21.9,Living dinning flooring,Tower 3,21st Floor,Finishing,Tower Finishing,Flooring,,142447000.0,2027-09-04,2027-09-16,,,2026-09-10,,0
1.1.1.3.2.3.1.21.10,Aluminium door-window fixing,Tower 3,21st Floor,Finishing,Tower Finishing,Window,,111900000.0,2028-09-17,2028-09-29,,,2026-09-22,,0
1.1.1.3.2.3.1.21.11,Putty primer coat,Tower 3,21st Floor,Finishing,Tower Finishing,Paint,,12006000.0,2027-09-16,2027-09-22,,,2026-09-22,,0
1.1.1.3.2.3.1.21.12,Door shutter fixing,Tower 3,21st Floor,Finishing,Tower Finishing,Door,,68616600.0,2027-09-16,2027-09-24,,,2026-09-22,,0
1.1.1.3.2.3.1.21.13,Electrical wiring work,Tower 3,21st Floor,MEP,Tower MEP,Electrical,,57071600.0,2028-01-09,2028-01-21,,,2026-09-30,,0
1.1.1.3.2.3.1.21.14,Painting 1st coat,Tower 3,21st Floor,Finishing,Tower Finishing,Paint,,12006000.0,2028-01-24,2028-02-05,,,2026-10-12,,0
1.1.1.3.2.3.1.21.15,False ceiling,Tower 3,21st Floor,Finishing,Tower Finishing,False Ceiling,,30660000.0,2028-02-05,2028-02-15,,,2026-10-24,,0
1.1.1.3.2.3.1.22,22nd Floor,,,,,,,,2027-01-06,2028-10-11,,,2026-07-25,,
1.1.1.3.2.3.1.22.1,Block Work,Tower 3,22nd Floor,Finishing,Tower Civil Finishes,Blockwork,,34182400.0,2027-01-06,2027-01-13,,,2026-07-25,,0
1.1.1.3.2.3.1.22.2,Door Frame Fixing,Tower 3,22nd Floor,Finishing,Tower Finishing,Door,,0.0,2027-01-14,2027-01-22,,,2026-08-02,,0
1.1.1.3.2.3.1.22.3,Internal Plumbing Works,Tower 3,22nd Floor,MEP,Tower MEP,Plumbing,,26934400.0,2027-01-14,2027-01-23,,,2026-08-02,,0
1.1.1.3.2.3.1.22.4,Waterproofing,Tower 3,22nd Floor,Finishing,Tower Civil Finishes,Waterproofing,,31786720.0,2027-01-29,2027-02-09,,,2026-08-17,,0
1.1.1.3.2.3.1.22.5,Internal Plaster,Tower 3,22nd Floor,Finishing,Tower Civil Finishes,Int Plaster,,55600000.0,2027-02-10,2027-02-18,,,2026-08-29,,0
1.1.1.3.2.3.1.22.6,IPS flooring work,Tower 3,22nd Floor,Finishing,Tower Finishing,Flooring,,18618000.0,2027-02-19,2027-02-27,,,2026-09-07,,0
1.1.1.3.2.3.1.22.7,Toilet dado work,Tower 3,22nd Floor,Finishing,Tower Finishing,Flooring,,53482000.0,2027-08-08,2027-08-16,,,2026-09-07,,0
1.1.1.3.2.3.1.22.8,Toilet flooring work,Tower 3,22nd Floor,Finishing,Tower Finishing,Flooring,,9911000.0,2027-08-16,2027-08-23,,,2026-09-15,,0
1.1.1.3.2.3.1.22.9,Living dinning flooring,Tower 3,22nd Floor,Finishing,Tower Finishing,Flooring,,142447000.0,2027-09-16,2027-09-28,,,2026-09-22,,0
1.1.1.3.2.3.1.22.10,Aluminium door-window fixing,Tower 3,22nd Floor,Finishing,Tower Finishing,Window,,111900000.0,2028-09-29,2028-10-11,,,2026-10-04,,0
1.1.1.3.2.3.1.22.11,Putty primer coat,Tower 3,22nd Floor,Finishing,Tower Finishing,Paint,,12006000.0,2027-09-28,2027-10-04,,,2026-10-04,,0
1.1.1.3.2.3.1.22.12,Door shutter fixing,Tower 3,22nd Floor,Finishing,Tower Finishing,Door,,68616600.0,2027-09-28,2027-10-06,,,2026-10-04,,0
1.1.1.3.2.3.1.22.13,Electrical wiring work,Tower 3,22nd Floor,MEP,Tower MEP,Electrical,,57071600.0,2028-01-21,2028-02-02,,,2026-10-12,,0
1.1.1.3.2.3.1.22.14,Painting 1st coat,Tower 3,22nd Floor,Finishing,Tower Finishing,Paint,,12006000.0,2028-02-05,2028-02-17,,,2026-10-24,,0
1.1.1.3.2.3.1.22.15,False ceiling,Tower 3,22nd Floor,Finishing,Tower Finishing,False Ceiling,,30660000.0,2028-02-17,2028-02-27,,,2026-12-20,,0
1.1.1.3.2.3.1.23,23rd Floor,,,,,,,,2027-01-17,2028-10-26,,,2026-08-05,,
1.1.1.3.2.3.1.23.1,Block Work,Tower 3,23rd Floor,Finishing,Tower Civil Finishes,Blockwork,,34182400.0,2027-01-17,2027-01-24,,,2026-08-05,,0
1.1.1.3.2.3.1.23.2,Door Frame Fixing,Tower 3,23rd Floor,Finishing,Tower Finishing,Door,,0.0,2027-01-25,2027-02-02,,,2026-08-13,,0
1.1.1.3.2.3.1.23.3,Internal Plumbing Works,Tower 3,23rd Floor,MEP,Tower MEP,Plumbing,,26934400.0,2027-01-25,2027-02-03,,,2026-08-13,,0
1.1.1.3.2.3.1.23.4,Waterproofing,Tower 3,23rd Floor,Finishing,Tower Civil Finishes,Waterproofing,,31786720.0,2027-02-10,2027-02-21,,,2026-08-29,,0
1.1.1.3.2.3.1.23.5,Internal Plaster,Tower 3,23rd Floor,Finishing,Tower Civil Finishes,Int Plaster,,55600000.0,2027-02-22,2027-03-02,,,2026-09-10,,0
1.1.1.3.2.3.1.23.6,IPS flooring work,Tower 3,23rd Floor,Finishing,Tower Finishing,Flooring,,18618000.0,2027-03-03,2027-03-11,,,2026-09-19,,0
1.1.1.3.2.3.1.23.7,Toilet dado work,Tower 3,23rd Floor,Finishing,Tower Finishing,Flooring,,53482000.0,2027-08-16,2027-08-24,,,2026-09-19,,0
1.1.1.3.2.3.1.23.8,Toilet flooring work,Tower 3,23rd Floor,Finishing,Tower Finishing,Flooring,,9911000.0,2027-08-24,2027-08-31,,,2026-09-27,,0
1.1.1.3.2.3.1.23.9,Living dinning flooring,Tower 3,23rd Floor,Finishing,Tower Finishing,Flooring,,142447000.0,2027-09-28,2027-10-13,,,2026-10-04,,0
1.1.1.3.2.3.1.23.10,Aluminium door-window fixing,Tower 3,23rd Floor,Finishing,Tower Finishing,Window,,111900000.0,2028-10-11,2028-10-26,,,2026-10-19,,0
1.1.1.3.2.3.1.23.11,Putty primer coat,Tower 3,23rd Floor,Finishing,Tower Finishing,Paint,,12006000.0,2027-10-13,2027-10-19,,,2026-10-19,,0
1.1.1.3.2.3.1.23.12,Door shutter fixing,Tower 3,23rd Floor,Finishing,Tower Finishing,Door,,68616600.0,2027-10-13,2027-10-21,,,2026-10-19,,0
1.1.1.3.2.3.1.23.13,Electrical wiring work,Tower 3,23rd Floor,MEP,Tower MEP,Electrical,,57071600.0,2028-02-02,2028-02-14,,,2026-10-27,,0
1.1.1.3.2.3.1.23.14,Painting 1st coat,Tower 3,23rd Floor,Finishing,Tower Finishing,Paint,,12006000.0,2028-02-17,2028-02-29,,,2026-12-23,,0
1.1.1.3.2.3.1.23.15,False ceiling,Tower 3,23rd Floor,Finishing,Tower Finishing,False Ceiling,,30660000.0,2028-02-29,2028-03-10,,,2027-01-04,,0
1.1.1.3.2.3.1.24,24th Floor,,,,,,,,2027-01-28,2028-11-10,,,2026-08-16,,
1.1.1.3.2.3.1.24.1,Block Work,Tower 3,24th Floor,Finishing,Tower Civil Finishes,Blockwork,,34182400.0,2027-01-28,2027-02-04,,,2026-08-16,,0
1.1.1.3.2.3.1.24.2,Door Frame Fixing,Tower 3,24th Floor,Finishing,Tower Finishing,Door,,0.0,2027-02-05,2027-02-13,,,2026-08-24,,0
1.1.1.3.2.3.1.24.3,Internal Plumbing Works,Tower 3,24th Floor,MEP,Tower MEP,Plumbing,,26934400.0,2027-02-05,2027-02-14,,,2026-08-24,,0
1.1.1.3.2.3.1.24.4,Waterproofing,Tower 3,24th Floor,Finishing,Tower Civil Finishes,Waterproofing,,31786720.0,2027-02-22,2027-03-05,,,2026-09-10,,0
1.1.1.3.2.3.1.24.5,Internal Plaster,Tower 3,24th Floor,Finishing,Tower Civil Finishes,Int Plaster,,55600000.0,2027-03-06,2027-03-14,,,2026-09-22,,0
1.1.1.3.2.3.1.24.6,IPS flooring work,Tower 3,24th Floor,Finishing,Tower Finishing,Flooring,,18618000.0,2027-03-15,2027-03-23,,,2026-10-01,,0
1.1.1.3.2.3.1.24.7,Toilet dado work,Tower 3,24th Floor,Finishing,Tower Finishing,Flooring,,53482000.0,2027-08-24,2027-09-01,,,2026-10-01,,0
1.1.1.3.2.3.1.24.8,Toilet flooring work,Tower 3,24th Floor,Finishing,Tower Finishing,Flooring,,9911000.0,2027-09-01,2027-09-08,,,2026-10-09,,0
1.1.1.3.2.3.1.24.9,Living dinning flooring,Tower 3,24th Floor,Finishing,Tower Finishing,Flooring,,142447000.0,2027-10-13,2027-10-28,,,2026-10-19,,0
1.1.1.3.2.3.1.24.10,Aluminium door-window fixing,Tower 3,24th Floor,Finishing,Tower Finishing,Window,,111900000.0,2028-10-26,2028-11-10,,,2026-12-18,,0
1.1.1.3.2.3.1.24.11,Putty primer coat,Tower 3,24th Floor,Finishing,Tower Finishing,Paint,,12006000.0,2027-10-28,2027-12-18,,,2026-12-18,,0
1.1.1.3.2.3.1.24.12,Door shutter fixing,Tower 3,24th Floor,Finishing,Tower Finishing,Door,,68616600.0,2027-10-28,2027-12-20,,,2026-12-18,,0
1.1.1.3.2.3.1.24.13,Electrical wiring work,Tower 3,24th Floor,MEP,Tower MEP,Electrical,,57071600.0,2028-02-14,2028-02-26,,,2026-12-26,,0
1.1.1.3.2.3.1.24.14,Painting 1st coat,Tower 3,24th Floor,Finishing,Tower Finishing,Paint,,12006000.0,2028-02-29,2028-03-12,,,2027-01-07,,0
1.1.1.3.2.3.1.24.15,False ceiling,Tower 3,24th Floor,Finishing,Tower Finishing,False Ceiling,,30660000.0,2028-03-12,2028-03-22,,,2027-01-19,,0
1.1.1.3.2.3.1.25,25th Floor,,,,,,,,2027-02-08,2028-11-25,,,2026-08-27,,
1.1.1.3.2.3.1.25.1,Block Work,Tower 3,25th Floor,Finishing,Tower Civil Finishes,Blockwork,,34182400.0,2027-02-08,2027-02-15,,,2026-08-27,,0
1.1.1.3.2.3.1.25.2,Door Frame Fixing,Tower 3,25th Floor,Finishing,Tower Finishing,Door,,0.0,2027-02-16,2027-02-24,,,2026-09-04,,0
1.1.1.3.2.3.1.25.3,Internal Plumbing Works,Tower 3,25th Floor,MEP,Tower MEP,Plumbing,,26934400.0,2027-02-16,2027-02-25,,,2026-09-04,,0
1.1.1.3.2.3.1.25.4,Waterproofing,Tower 3,25th Floor,Finishing,Tower Civil Finishes,Waterproofing,,31786720.0,2027-03-06,2027-03-17,,,2026-09-22,,0
1.1.1.3.2.3.1.25.5,Internal Plaster,Tower 3,25th Floor,Finishing,Tower Civil Finishes,Int Plaster,,55600000.0,2027-03-18,2027-03-26,,,2026-10-04,,0
1.1.1.3.2.3.1.25.6,IPS flooring work,Tower 3,25th Floor,Finishing,Tower Finishing,Flooring,,18618000.0,2027-03-27,2027-04-04,,,2026-10-13,,0
1.1.1.3.2.3.1.25.7,Toilet dado work,Tower 3,25th Floor,Finishing,Tower Finishing,Flooring,,53482000.0,2027-09-01,2027-09-09,,,2026-10-13,,0
1.1.1.3.2.3.1.25.8,Toilet flooring work,Tower 3,25th Floor,Finishing,Tower Finishing,Flooring,,9911000.0,2027-09-09,2027-09-16,,,2026-10-21,,0
1.1.1.3.2.3.1.25.9,Living dinning flooring,Tower 3,25th Floor,Finishing,Tower Finishing,Flooring,,142447000.0,2027-10-28,2027-12-27,,,2026-12-18,,0
1.1.1.3.2.3.1.25.10,Aluminium door-window fixing,Tower 3,25th Floor,Finishing,Tower Finishing,Window,,111900000.0,2028-11-10,2028-11-25,,,2027-01-02,,0
1.1.1.3.2.3.1.25.11,Putty primer coat,Tower 3,25th Floor,Finishing,Tower Finishing,Paint,,12006000.0,2027-12-27,2028-01-02,,,2027-01-02,,0
1.1.1.3.2.3.1.25.12,Door shutter fixing,Tower 3,25th Floor,Finishing,Tower Finishing,Door,,68616600.0,2027-12-27,2028-01-04,,,2027-01-02,,0
1.1.1.3.2.3.1.25.13,Electrical wiring work,Tower 3,25th Floor,MEP,Tower MEP,Electrical,,57071600.0,2028-02-26,2028-03-09,,,2027-01-10,,0
1.1.1.3.2.3.1.25.14,Painting 1st coat,Tower 3,25th Floor,Finishing,Tower Finishing,Paint,,12006000.0,2028-03-12,2028-03-24,,,2027-01-22,,0
1.1.1.3.2.3.1.25.15,False ceiling,Tower 3,25th Floor,Finishing,Tower Finishing,False Ceiling,,30660000.0,2028-03-24,2028-04-03,,,2027-02-03,,0
1.1.1.3.2.3.1.26,26th Floor,,,,,,,,2027-02-19,2028-12-10,,,2026-09-07,,
1.1.1.3.2.3.1.26.1,Block Work,Tower 3,26th Floor,Finishing,Tower Civil Finishes,Blockwork,,34182400.0,2027-02-19,2027-02-26,,,2026-09-07,,0
1.1.1.3.2.3.1.26.2,Door Frame Fixing,Tower 3,26th Floor,Finishing,Tower Finishing,Door,,0.0,2027-02-27,2027-03-07,,,2026-09-15,,0
1.1.1.3.2.3.1.26.3,Internal Plumbing Works,Tower 3,26th Floor,MEP,Tower MEP,Plumbing,,26934400.0,2027-02-27,2027-03-08,,,2026-09-15,,0
1.1.1.3.2.3.1.26.4,Waterproofing,Tower 3,26th Floor,Finishing,Tower Civil Finishes,Waterproofing,,31786720.0,2027-03-18,2027-03-29,,,2026-10-04,,0
1.1.1.3.2.3.1.26.5,Internal Plaster,Tower 3,26th Floor,Finishing,Tower Civil Finishes,Int Plaster,,55600000.0,2027-03-30,2027-04-07,,,2026-10-16,,0
1.1.1.3.2.3.1.26.6,IPS flooring work,Tower 3,26th Floor,Finishing,Tower Finishing,Flooring,,18618000.0,2027-04-08,2027-04-16,,,2026-10-25,,0
1.1.1.3.2.3.1.26.7,Toilet dado work,Tower 3,26th Floor,Finishing,Tower Finishing,Flooring,,53482000.0,2027-09-09,2027-09-17,,,2026-10-25,,0
1.1.1.3.2.3.1.26.8,Toilet flooring work,Tower 3,26th Floor,Finishing,Tower Finishing,Flooring,,9911000.0,2027-09-17,2027-09-24,,,2026-12-17,,0
1.1.1.3.2.3.1.26.9,Living dinning flooring,Tower 3,26th Floor,Finishing,Tower Finishing,Flooring,,142447000.0,2027-12-27,2028-01-11,,,2027-01-02,,0
1.1.1.3.2.3.1.26.10,Aluminium door-window fixing,Tower 3,26th Floor,Finishing,Tower Finishing,Window,,111900000.0,2028-11-25,2028-12-10,,,2027-01-17,,0
1.1.1.3.2.3.1.26.11,Putty primer coat,Tower 3,26th Floor,Finishing,Tower Finishing,Paint,,12006000.0,2028-01-11,2028-01-17,,,2027-01-17,,0
1.1.1.3.2.3.1.26.12,Door shutter fixing,Tower 3,26th Floor,Finishing,Tower Finishing,Door,,68616600.0,2028-01-11,2028-01-19,,,2027-01-17,,0
1.1.1.3.2.3.1.26.13,Electrical wiring work,Tower 3,26th Floor,MEP,Tower MEP,Electrical,,57071600.0,2028-03-09,2028-03-21,,,2027-01-25,,0
1.1.1.3.2.3.1.26.14,Painting 1st coat,Tower 3,26th Floor,Finishing,Tower Finishing,Paint,,12006000.0,2028-03-24,2028-04-05,,,2027-02-06,,0
1.1.1.3.2.3.1.26.15,False ceiling,Tower 3,26th Floor,Finishing,Tower Finishing,False Ceiling,,30660000.0,2028-04-05,2028-04-15,,,2027-02-18,,0
1.1.1.3.2.3.1.27,27th Floor,,,,,,,,2027-03-02,2028-12-25,,,2026-09-18,,
1.1.1.3.2.3.1.27.1,Block Work,Tower 3,27th Floor,Finishing,Tower Civil Finishes,Blockwork,,34182400.0,2027-03-02,2027-03-09,,,2026-09-18,,0
1.1.1.3.2.3.1.27.2,Door Frame Fixing,Tower 3,27th Floor,Finishing,Tower Finishing,Door,,0.0,2027-03-10,2027-03-18,,,2026-09-26,,0
1.1.1.3.2.3.1.27.3,Internal Plumbing Works,Tower 3,27th Floor,MEP,Tower MEP,Plumbing,,26934400.0,2027-03-10,2027-03-19,,,2026-09-26,,0
1.1.1.3.2.3.1.27.4,Waterproofing,Tower 3,27th Floor,Finishing,Tower Civil Finishes,Waterproofing,,31786720.0,2027-03-30,2027-04-10,,,2026-10-16,,0
1.1.1.3.2.3.1.27.5,Internal Plaster,Tower 3,27th Floor,Finishing,Tower Civil Finishes,Int Plaster,,55600000.0,2027-04-11,2027-04-19,,,2026-10-28,,0
1.1.1.3.2.3.1.27.6,IPS flooring work,Tower 3,27th Floor,Finishing,Tower Finishing,Flooring,,18618000.0,2027-04-20,2027-04-28,,,2026-12-21,,0
1.1.1.3.2.3.1.27.7,Toilet dado work,Tower 3,27th Floor,Finishing,Tower Finishing,Flooring,,53482000.0,2027-09-17,2027-09-25,,,2026-12-21,,0
1.1.1.3.2.3.1.27.8,Toilet flooring work,Tower 3,27th Floor,Finishing,Tower Finishing,Flooring,,9911000.0,2027-09-25,2027-10-02,,,2026-12-29,,0
1.1.1.3.2.3.1.27.9,Living dinning flooring,Tower 3,27th Floor,Finishing,Tower Finishing,Flooring,,142447000.0,2028-01-11,2028-01-26,,,2027-01-17,,0
1.1.1.3.2.3.1.27.10,Aluminium door-window fixing,Tower 3,27th Floor,Finishing,Tower Finishing,Window,,111900000.0,2028-12-10,2028-12-25,,,2027-02-01,,0
1.1.1.3.2.3.1.27.11,Putty primer coat,Tower 3,27th Floor,Finishing,Tower Finishing,Paint,,12006000.0,2028-01-26,2028-02-01,,,2027-02-01,,0
1.1.1.3.2.3.1.27.12,Door shutter fixing,Tower 3,27th Floor,Finishing,Tower Finishing,Door,,68616600.0,2028-01-26,2028-02-03,,,2027-02-01,,0
1.1.1.3.2.3.1.27.13,Electrical wiring work,Tower 3,27th Floor,MEP,Tower MEP,Electrical,,57071600.0,2028-03-21,2028-04-02,,,2027-02-09,,0
1.1.1.3.2.3.1.27.14,Painting 1st coat,Tower 3,27th Floor,Finishing,Tower Finishing,Paint,,12006000.0,2028-04-05,2028-04-17,,,2027-02-21,,0
1.1.1.3.2.3.1.27.15,False ceiling,Tower 3,27th Floor,Finishing,Tower Finishing,False Ceiling,,30660000.0,2028-04-17,2028-04-27,,,2027-03-05,,0
1.1.1.3.2.3.1.28,28th Floor,,,,,,,,2027-03-13,2029-01-09,,,2026-09-29,,
1.1.1.3.2.3.1.28.1,Block Work,Tower 3,28th Floor,Finishing,Tower Civil Finishes,Blockwork,,34182400.0,2027-03-13,2027-03-20,,,2026-09-29,,0
1.1.1.3.2.3.1.28.2,Door Frame Fixing,Tower 3,28th Floor,Finishing,Tower Finishing,Door,,0.0,2027-03-21,2027-03-29,,,2026-10-07,,0
1.1.1.3.2.3.1.28.3,Internal Plumbing Works,Tower 3,28th Floor,MEP,Tower MEP,Plumbing,,26934400.0,2027-03-21,2027-03-30,,,2026-10-07,,0
1.1.1.3.2.3.1.28.4,Waterproofing,Tower 3,28th Floor,Finishing,Tower Civil Finishes,Waterproofing,,31786720.0,2027-04-11,2027-04-22,,,2026-10-28,,0
1.1.1.3.2.3.1.28.5,Internal Plaster,Tower 3,28th Floor,Finishing,Tower Civil Finishes,Int Plaster,,55600000.0,2027-04-23,2027-05-01,,,2026-12-24,,0
1.1.1.3.2.3.1.28.6,IPS flooring work,Tower 3,28th Floor,Finishing,Tower Finishing,Flooring,,18618000.0,2027-05-02,2027-05-10,,,2027-01-02,,0
1.1.1.3.2.3.1.28.7,Toilet dado work,Tower 3,28th Floor,Finishing,Tower Finishing,Flooring,,53482000.0,2027-09-25,2027-10-03,,,2027-01-02,,0
1.1.1.3.2.3.1.28.8,Toilet flooring work,Tower 3,28th Floor,Finishing,Tower Finishing,Flooring,,9911000.0,2027-10-03,2027-10-10,,,2027-01-10,,0
1.1.1.3.2.3.1.28.9,Living dinning flooring,Tower 3,28th Floor,Finishing,Tower Finishing,Flooring,,142447000.0,2028-01-26,2028-02-10,,,2027-02-01,,0
1.1.1.3.2.3.1.28.10,Aluminium door-window fixing,Tower 3,28th Floor,Finishing,Tower Finishing,Window,,111900000.0,2028-12-25,2029-01-09,,,2027-02-16,,0
1.1.1.3.2.3.1.28.11,Putty primer coat,Tower 3,28th Floor,Finishing,Tower Finishing,Paint,,12006000.0,2028-02-10,2028-02-16,,,2027-02-16,,0
1.1.1.3.2.3.1.28.12,Door shutter fixing,Tower 3,28th Floor,Finishing,Tower Finishing,Door,,68616600.0,2028-02-10,2028-02-18,,,2027-02-16,,0
1.1.1.3.2.3.1.28.13,Electrical wiring work,Tower 3,28th Floor,MEP,Tower MEP,Electrical,,57071600.0,2028-04-02,2028-04-14,,,2027-02-24,,0
1.1.1.3.2.3.1.28.14,Painting 1st coat,Tower 3,28th Floor,Finishing,Tower Finishing,Paint,,12006000.0,2028-04-17,2028-04-29,,,2027-03-08,,0
1.1.1.3.2.3.1.28.15,False ceiling,Tower 3,28th Floor,Finishing,Tower Finishing,False Ceiling,,30660000.0,2028-04-29,2028-05-09,,,2027-03-20,,0
1.1.1.3.2.3.1.29,29th Floor,,,,,,,,2027-03-24,2029-01-24,,,2026-10-10,,
1.1.1.3.2.3.1.29.1,Block Work,Tower 3,29th Floor,Finishing,Tower Civil Finishes,Blockwork,,34182400.0,2027-03-24,2027-03-31,,,2026-10-10,,0
1.1.1.3.2.3.1.29.2,Door Frame Fixing,Tower 3,29th Floor,Finishing,Tower Finishing,Door,,0.0,2027-04-01,2027-04-09,,,2026-10-18,,0
1.1.1.3.2.3.1.29.3,Internal Plumbing Works,Tower 3,29th Floor,MEP,Tower MEP,Plumbing,,26934400.0,2027-04-01,2027-04-10,,,2026-10-18,,0
1.1.1.3.2.3.1.29.4,Waterproofing,Tower 3,29th Floor,Finishing,Tower Civil Finishes,Waterproofing,,31786720.0,2027-04-23,2027-05-04,,,2026-12-24,,0
1.1.1.3.2.3.1.29.5,Internal Plaster,Tower 3,29th Floor,Finishing,Tower Civil Finishes,Int Plaster,,55600000.0,2027-05-05,2027-05-13,,,2027-01-05,,0
1.1.1.3.2.3.1.29.6,IPS flooring work,Tower 3,29th Floor,Finishing,Tower Finishing,Flooring,,18618000.0,2027-05-14,2027-05-22,,,2027-01-14,,0
1.1.1.3.2.3.1.29.7,Toilet dado work,Tower 3,29th Floor,Finishing,Tower Finishing,Flooring,,53482000.0,2027-10-03,2027-10-11,,,2027-01-14,,0
1.1.1.3.2.3.1.29.8,Toilet flooring work,Tower 3,29th Floor,Finishing,Tower Finishing,Flooring,,9911000.0,2027-10-11,2027-10-18,,,2027-01-22,,0
1.1.1.3.2.3.1.29.9,Living dinning flooring,Tower 3,29th Floor,Finishing,Tower Finishing,Flooring,,142447000.0,2028-02-10,2028-02-25,,,2027-02-16,,0
1.1.1.3.2.3.1.29.10,Aluminium door-window fixing,Tower 3,29th Floor,Finishing,Tower Finishing,Window,,111900000.0,2029-01-09,2029-01-24,,,2027-03-03,,0
1.1.1.3.2.3.1.29.11,Putty primer coat,Tower 3,29th Floor,Finishing,Tower Finishing,Paint,,12006000.0,2028-02-25,2028-03-02,,,2027-03-03,,0
1.1.1.3.2.3.1.29.12,Door shutter fixing,Tower 3,29th Floor,Finishing,Tower Finishing,Door,,68616600.0,2028-02-25,2028-03-04,,,2027-03-03,,0
1.1.1.3.2.3.1.29.13,Electrical wiring work,Tower 3,29th Floor,MEP,Tower MEP,Electrical,,57071600.0,2028-04-14,2028-04-26,,,2027-03-11,,0
1.1.1.3.2.3.1.29.14,Painting 1st coat,Tower 3,29th Floor,Finishing,Tower Finishing,Paint,,12006000.0,2028-04-29,2028-05-11,,,2027-03-23,,0
1.1.1.3.2.3.1.29.15,False ceiling,Tower 3,29th Floor,Finishing,Tower Finishing,False Ceiling,,30660000.0,2028-05-11,2028-05-21,,,2027-04-04,,0
1.1.1.3.2.3.1.30,30th Floor,,,,,,,,2027-04-04,2029-02-08,,,2026-10-21,,
1.1.1.3.2.3.1.30.1,Block Work,Tower 3,30th Floor,Finishing,Tower Civil Finishes,Blockwork,,34182400.0,2027-04-04,2027-04-11,,,2026-10-21,,0
1.1.1.3.2.3.1.30.2,Door Frame Fixing,Tower 3,30th Floor,Finishing,Tower Finishing,Door,,0.0,2027-04-12,2027-04-20,,,2026-10-29,,0
1.1.1.3.2.3.1.30.3,Internal Plumbing Works,Tower 3,30th Floor,MEP,Tower MEP,Plumbing,,26934400.0,2027-04-12,2027-04-21,,,2026-10-29,,0
1.1.1.3.2.3.1.30.4,Waterproofing,Tower 3,30th Floor,Finishing,Tower Civil Finishes,Waterproofing,,31786720.0,2027-05-05,2027-05-16,,,2027-01-05,,0
1.1.1.3.2.3.1.30.5,Internal Plaster,Tower 3,30th Floor,Finishing,Tower Civil Finishes,Int Plaster,,55600000.0,2027-05-17,2027-05-25,,,2027-01-17,,0
1.1.1.3.2.3.1.30.6,IPS flooring work,Tower 3,30th Floor,Finishing,Tower Finishing,Flooring,,18618000.0,2027-05-26,2027-06-03,,,2027-01-26,,0
1.1.1.3.2.3.1.30.7,Toilet dado work,Tower 3,30th Floor,Finishing,Tower Finishing,Flooring,,53482000.0,2027-10-11,2027-10-19,,,2027-01-26,,0
1.1.1.3.2.3.1.30.8,Toilet flooring work,Tower 3,30th Floor,Finishing,Tower Finishing,Flooring,,9911000.0,2027-10-19,2027-10-26,,,2027-02-03,,0
1.1.1.3.2.3.1.30.9,Living dinning flooring,Tower 3,30th Floor,Finishing,Tower Finishing,Flooring,,142447000.0,2028-02-25,2028-03-11,,,2027-03-03,,0
1.1.1.3.2.3.1.30.10,Aluminium door-window fixing,Tower 3,30th Floor,Finishing,Tower Finishing,Window,,111900000.0,2029-01-24,2029-02-08,,,2027-03-18,,0
1.1.1.3.2.3.1.30.11,Putty primer coat,Tower 3,30th Floor,Finishing,Tower Finishing,Paint,,12006000.0,2028-03-11,2028-03-17,,,2027-03-18,,0
1.1.1.3.2.3.1.30.12,Door shutter fixing,Tower 3,30th Floor,Finishing,Tower Finishing,Door,,68616600.0,2028-03-11,2028-03-19,,,2027-03-18,,0
1.1.1.3.2.3.1.30.13,Electrical wiring work,Tower 3,30th Floor,MEP,Tower MEP,Electrical,,57071600.0,2028-04-26,2028-05-11,,,2027-03-26,,0
1.1.1.3.2.3.1.30.14,Painting 1st coat,Tower 3,30th Floor,Finishing,Tower Finishing,Paint,,12006000.0,2028-05-11,2028-05-26,,,2027-04-10,,0
1.1.1.3.2.3.1.30.15,False ceiling,Tower 3,30th Floor,Finishing,Tower Finishing,False Ceiling,,30660000.0,2028-05-26,2028-06-05,,,2027-04-25,,0
1.1.1.3.2.3.1.31,31st Floor,,,,,,,,2027-04-15,2029-02-20,,,2026-12-16,,
1.1.1.3.2.3.1.31.1,Block Work,Tower 3,31st Floor,Finishing,Tower Civil Finishes,Blockwork,,34182400.0,2027-04-15,2027-04-22,,,2026-12-16,,0
1.1.1.3.2.3.1.31.2,Door Frame Fixing,Tower 3,31st Floor,Finishing,Tower Finishing,Door,,0.0,2027-04-23,2027-05-01,,,2026-12-24,,0
1.1.1.3.2.3.1.31.3,Internal Plumbing Works,Tower 3,31st Floor,MEP,Tower MEP,Plumbing,,26934400.0,2027-04-23,2027-05-02,,,2026-12-24,,0
1.1.1.3.2.3.1.31.4,Waterproofing,Tower 3,31st Floor,Finishing,Tower Civil Finishes,Waterproofing,,31786720.0,2027-05-17,2027-05-26,,,2027-01-17,,0
1.1.1.3.2.3.1.31.5,Internal Plaster,Tower 3,31st Floor,Finishing,Tower Civil Finishes,Int Plaster,,55600000.0,2027-05-27,2027-06-04,,,2027-01-27,,0
1.1.1.3.2.3.1.31.6,IPS flooring work,Tower 3,31st Floor,Finishing,Tower Finishing,Flooring,,18618000.0,2027-06-05,2027-06-13,,,2027-02-05,,0
1.1.1.3.2.3.1.31.7,Toilet dado work,Tower 3,31st Floor,Finishing,Tower Finishing,Flooring,,53482000.0,2027-10-19,2027-10-27,,,2027-02-05,,0
1.1.1.3.2.3.1.31.8,Toilet flooring work,Tower 3,31st Floor,Finishing,Tower Finishing,Flooring,,9911000.0,2027-10-27,2027-12-18,,,2027-02-13,,0
1.1.1.3.2.3.1.31.9,Living dinning flooring,Tower 3,31st Floor,Finishing,Tower Finishing,Flooring,,142447000.0,2028-03-11,2028-03-26,,,2027-03-18,,0
1.1.1.3.2.3.1.31.10,Aluminium door-window fixing,Tower 3,31st Floor,Finishing,Tower Finishing,Window,,111900000.0,2029-02-08,2029-02-20,,,2027-04-02,,0
1.1.1.3.2.3.1.31.11,Putty primer coat,Tower 3,31st Floor,Finishing,Tower Finishing,Paint,,12006000.0,2028-03-26,2028-04-01,,,2027-04-02,,0
1.1.1.3.2.3.1.31.12,Door shutter fixing,Tower 3,31st Floor,Finishing,Tower Finishing,Door,,68616600.0,2028-03-26,2028-04-03,,,2027-04-02,,0
1.1.1.3.2.3.1.31.13,Electrical wiring work,Tower 3,31st Floor,MEP,Tower MEP,Electrical,,57071600.0,2028-05-11,2028-05-26,,,2027-04-10,,0
1.1.1.3.2.3.1.31.14,Painting 1st coat,Tower 3,31st Floor,Finishing,Tower Finishing,Paint,,12006000.0,2028-05-26,2028-06-10,,,2027-04-25,,0
1.1.1.3.2.3.1.31.15,False ceiling,Tower 3,31st Floor,Finishing,Tower Finishing,False Ceiling,,30660000.0,2028-06-10,2028-06-20,,,2027-05-10,,0
1.1.1.3.2.3.1.32,32nd Floor,,,,,,,,2027-04-23,2029-03-04,,,2026-12-24,,
1.1.1.3.2.3.1.32.1,Block Work,Tower 3,32nd Floor,Finishing,Tower Civil Finishes,Blockwork,,34182400.0,2027-04-23,2027-04-30,,,2026-12-24,,0
1.1.1.3.2.3.1.32.2,Door Frame Fixing,Tower 3,32nd Floor,Finishing,Tower Finishing,Door,,0.0,2027-05-02,2027-05-10,,,2027-01-02,,0
1.1.1.3.2.3.1.32.3,Internal Plumbing Works,Tower 3,32nd Floor,MEP,Tower MEP,Plumbing,,26934400.0,2027-05-03,2027-05-12,,,2027-01-03,,0
1.1.1.3.2.3.1.32.4,Waterproofing,Tower 3,32nd Floor,Finishing,Tower Civil Finishes,Waterproofing,,31786720.0,2027-05-13,2027-05-24,,,2027-01-13,,0
1.1.1.3.2.3.1.32.5,Internal Plaster,Tower 3,32nd Floor,Finishing,Tower Civil Finishes,Int Plaster,,55600000.0,2027-06-05,2027-06-13,,,2027-02-05,,0
1.1.1.3.2.3.1.32.6,IPS flooring work,Tower 3,32nd Floor,Finishing,Tower Finishing,Flooring,,18618000.0,2027-06-14,2027-06-22,,,2027-02-14,,0
1.1.1.3.2.3.1.32.7,Toilet dado work,Tower 3,32nd Floor,Finishing,Tower Finishing,Flooring,,53482000.0,2027-10-27,2027-12-19,,,2027-02-14,,0
1.1.1.3.2.3.1.32.8,Toilet flooring work,Tower 3,32nd Floor,Finishing,Tower Finishing,Flooring,,9911000.0,2027-12-19,2027-12-26,,,2027-02-22,,0
1.1.1.3.2.3.1.32.9,Living dinning flooring,Tower 3,32nd Floor,Finishing,Tower Finishing,Flooring,,142447000.0,2028-03-26,2028-04-10,,,2027-04-02,,0
1.1.1.3.2.3.1.32.10,Aluminium door-window fixing,Tower 3,32nd Floor,Finishing,Tower Finishing,Window,,111900000.0,2029-02-20,2029-03-04,,,2027-04-17,,0
1.1.1.3.2.3.1.32.11,Putty primer coat,Tower 3,32nd Floor,Finishing,Tower Finishing,Paint,,12006000.0,2028-04-10,2028-04-16,,,2027-04-17,,0
1.1.1.3.2.3.1.32.12,Door shutter fixing,Tower 3,32nd Floor,Finishing,Tower Finishing,Door,,68616600.0,2028-04-10,2028-04-18,,,2027-04-17,,0
1.1.1.3.2.3.1.32.13,Electrical wiring work,Tower 3,32nd Floor,MEP,Tower MEP,Electrical,,57071600.0,2028-05-26,2028-06-10,,,2027-04-25,,0
1.1.1.3.2.3.1.32.14,Painting 1st coat,Tower 3,32nd Floor,Finishing,Tower Finishing,Paint,,12006000.0,2028-06-10,2028-06-25,,,2027-05-10,,0
1.1.1.3.2.3.1.32.15,False ceiling,Tower 3,32nd Floor,Finishing,Tower Finishing,False Ceiling,,30660000.0,2028-06-25,2028-07-05,,,2027-05-25,,0
1.1.1.3.2.3.1.33,33rd Floor,,,,,,,,2027-05-01,2029-03-19,,,2027-01-01,,
1.1.1.3.2.3.1.33.1,Block Work,Tower 3,33rd Floor,Finishing,Tower Civil Finishes,Blockwork,,34182400.0,2027-05-01,2027-05-08,,,2027-01-01,,0
1.1.1.3.2.3.1.33.2,Door Frame Fixing,Tower 3,33rd Floor,Finishing,Tower Finishing,Door,,0.0,2027-05-11,2027-05-19,,,2027-01-11,,0
1.1.1.3.2.3.1.33.3,Internal Plumbing Works,Tower 3,33rd Floor,MEP,Tower MEP,Plumbing,,26934400.0,2027-05-13,2027-05-22,,,2027-01-13,,0
1.1.1.3.2.3.1.33.4,Waterproofing,Tower 3,33rd Floor,Finishing,Tower Civil Finishes,Waterproofing,,31786720.0,2027-05-25,2027-06-03,,,2027-01-25,,0
1.1.1.3.2.3.1.33.5,Internal Plaster,Tower 3,33rd Floor,Finishing,Tower Civil Finishes,Int Plaster,,55600000.0,2027-06-14,2027-06-21,,,2027-02-14,,0
1.1.1.3.2.3.1.33.6,IPS flooring work,Tower 3,33rd Floor,Finishing,Tower Finishing,Flooring,,18618000.0,2027-06-23,2027-07-01,,,2027-02-23,,0
1.1.1.3.2.3.1.33.7,Toilet dado work,Tower 3,33rd Floor,Finishing,Tower Finishing,Flooring,,53482000.0,2027-12-19,2027-12-27,,,2027-02-22,,0
1.1.1.3.2.3.1.33.8,Toilet flooring work,Tower 3,33rd Floor,Finishing,Tower Finishing,Flooring,,9911000.0,2027-12-27,2028-01-03,,,2027-03-02,,0
1.1.1.3.2.3.1.33.9,Living dinning flooring,Tower 3,33rd Floor,Finishing,Tower Finishing,Flooring,,142447000.0,2028-04-10,2028-04-22,,,2027-04-17,,0
1.1.1.3.2.3.1.33.10,Aluminium door-window fixing,Tower 3,33rd Floor,Finishing,Tower Finishing,Window,,111900000.0,2029-03-04,2029-03-19,,,2027-05-02,,0
1.1.1.3.2.3.1.33.11,Putty primer coat,Tower 3,33rd Floor,Finishing,Tower Finishing,Paint,,12006000.0,2028-04-22,2028-04-28,,,2027-05-02,,0
1.1.1.3.2.3.1.33.12,Door shutter fixing,Tower 3,33rd Floor,Finishing,Tower Finishing,Door,,68616600.0,2028-04-22,2028-04-30,,,2027-05-02,,0
1.1.1.3.2.3.1.33.13,Electrical wiring work,Tower 3,33rd Floor,MEP,Tower MEP,Electrical,,57071600.0,2028-06-10,2028-06-22,,,2027-05-10,,0
1.1.1.3.2.3.1.33.14,Painting 1st coat,Tower 3,33rd Floor,Finishing,Tower Finishing,Paint,,12006000.0,2028-06-25,2028-07-07,,,2027-05-25,,0
1.1.1.3.2.3.1.33.15,False ceiling,Tower 3,33rd Floor,Finishing,Tower Finishing,False Ceiling,,30660000.0,2028-07-07,2028-07-17,,,2027-06-06,,0
1.1.1.3.2.3.1.34,34th Floor,,,,,,,,2027-05-09,2029-04-03,,,2027-01-09,,
1.1.1.3.2.3.1.34.1,Block Work,Tower 3,34th Floor,Finishing,Tower Civil Finishes,Blockwork,,34182400.0,2027-05-09,2027-05-16,,,2027-01-09,,0
1.1.1.3.2.3.1.34.2,Door Frame Fixing,Tower 3,34th Floor,Finishing,Tower Finishing,Door,,0.0,2027-05-20,2027-05-28,,,2027-01-20,,0
1.1.1.3.2.3.1.34.3,Internal Plumbing Works,Tower 3,34th Floor,MEP,Tower MEP,Plumbing,,26934400.0,2027-05-23,2027-06-01,,,2027-01-23,,0
1.1.1.3.2.3.1.34.4,Waterproofing,Tower 3,34th Floor,Finishing,Tower Civil Finishes,Waterproofing,,31786720.0,2027-06-04,2027-06-13,,,2027-02-04,,0
1.1.1.3.2.3.1.34.5,Internal Plaster,Tower 3,34th Floor,Finishing,Tower Civil Finishes,Int Plaster,,55600000.0,2027-06-22,2027-06-29,,,2027-02-22,,0
1.1.1.3.2.3.1.34.6,IPS flooring work,Tower 3,34th Floor,Finishing,Tower Finishing,Flooring,,18618000.0,2027-07-02,2027-07-10,,,2027-03-04,,0
1.1.1.3.2.3.1.34.7,Toilet dado work,Tower 3,34th Floor,Finishing,Tower Finishing,Flooring,,53482000.0,2027-12-27,2028-01-04,,,2027-03-02,,0
1.1.1.3.2.3.1.34.8,Toilet flooring work,Tower 3,34th Floor,Finishing,Tower Finishing,Flooring,,9911000.0,2028-01-04,2028-01-11,,,2027-03-10,,0
1.1.1.3.2.3.1.34.9,Living dinning flooring,Tower 3,34th Floor,Finishing,Tower Finishing,Flooring,,142447000.0,2028-04-22,2028-05-04,,,2027-05-02,,0
1.1.1.3.2.3.1.34.10,Aluminium door-window fixing,Tower 3,34th Floor,Finishing,Tower Finishing,Window,,111900000.0,2029-03-19,2029-04-03,,,2027-05-17,,0
1.1.1.3.2.3.1.34.11,Putty primer coat,Tower 3,34th Floor,Finishing,Tower Finishing,Paint,,12006000.0,2028-05-04,2028-05-10,,,2027-05-17,,0
1.1.1.3.2.3.1.34.12,Door shutter fixing,Tower 3,34th Floor,Finishing,Tower Finishing,Door,,68616600.0,2028-05-04,2028-05-12,,,2027-05-17,,0
1.1.1.3.2.3.1.34.13,Electrical wiring work,Tower 3,34th Floor,MEP,Tower MEP,Electrical,,57071600.0,2028-06-22,2028-07-04,,,2027-05-25,,0
1.1.1.3.2.3.1.34.14,Painting 1st coat,Tower 3,34th Floor,Finishing,Tower Finishing,Paint,,12006000.0,2028-07-07,2028-07-19,,,2027-06-06,,0
1.1.1.3.2.3.1.34.15,False ceiling,Tower 3,34th Floor,Finishing,Tower Finishing,False Ceiling,,30660000.0,2028-07-19,2028-07-29,,,2027-06-18,,0
1.1.1.3.2.3.1.35,35th Floor,,,,,,,,2027-05-17,2029-04-18,,,2027-01-17,,
1.1.1.3.2.3.1.35.1,Block Work,Tower 3,35th Floor,Finishing,Tower Civil Finishes,Blockwork,,34182400.0,2027-05-17,2027-05-24,,,2027-01-17,,0
1.1.1.3.2.3.1.35.2,Door Frame Fixing,Tower 3,35th Floor,Finishing,Tower Finishing,Door,,0.0,2027-05-29,2027-06-06,,,2027-01-29,,0
1.1.1.3.2.3.1.35.3,Internal Plumbing Works,Tower 3,35th Floor,MEP,Tower MEP,Plumbing,,26934400.0,2027-06-02,2027-06-10,,,2027-02-02,,0
1.1.1.3.2.3.1.35.4,Waterproofing,Tower 3,35th Floor,Finishing,Tower Civil Finishes,Waterproofing,,31786720.0,2027-06-14,2027-06-23,,,2027-02-14,,0
1.1.1.3.2.3.1.35.5,Internal Plaster,Tower 3,35th Floor,Finishing,Tower Civil Finishes,Int Plaster,,55600000.0,2027-07-27,2027-08-03,,,2027-02-24,,0
1.1.1.3.2.3.1.35.6,IPS flooring work,Tower 3,35th Floor,Finishing,Tower Finishing,Flooring,,18618000.0,2027-08-04,2027-08-12,,,2027-03-13,,0
1.1.1.3.2.3.1.35.7,Toilet dado work,Tower 3,35th Floor,Finishing,Tower Finishing,Flooring,,53482000.0,2028-01-04,2028-01-12,,,2027-03-10,,0
1.1.1.3.2.3.1.35.8,Toilet flooring work,Tower 3,35th Floor,Finishing,Tower Finishing,Flooring,,9911000.0,2028-01-12,2028-01-19,,,2027-03-18,,0
1.1.1.3.2.3.1.35.9,Living dinning flooring,Tower 3,35th Floor,Finishing,Tower Finishing,Flooring,,142447000.0,2028-05-04,2028-05-19,,,2027-05-17,,0
1.1.1.3.2.3.1.35.10,Aluminium door-window fixing,Tower 3,35th Floor,Finishing,Tower Finishing,Window,,111900000.0,2029-04-03,2029-04-18,,,2027-06-01,,0
1.1.1.3.2.3.1.35.11,Putty primer coat,Tower 3,35th Floor,Finishing,Tower Finishing,Paint,,12006000.0,2028-05-19,2028-05-25,,,2027-06-01,,0
1.1.1.3.2.3.1.35.12,Door shutter fixing,Tower 3,35th Floor,Finishing,Tower Finishing,Door,,68616600.0,2028-05-19,2028-05-27,,,2027-06-01,,0
1.1.1.3.2.3.1.35.13,Electrical wiring work,Tower 3,35th Floor,MEP,Tower MEP,Electrical,,57071600.0,2028-07-04,2028-07-16,,,2027-06-09,,0
1.1.1.3.2.3.1.35.14,Painting 1st coat,Tower 3,35th Floor,Finishing,Tower Finishing,Paint,,12006000.0,2028-07-19,2028-07-31,,,2027-06-21,,0
1.1.1.3.2.3.1.35.15,False ceiling,Tower 3,35th Floor,Finishing,Tower Finishing,False Ceiling,,30660000.0,2028-07-31,2028-08-10,,,2027-07-03,,0
1.1.1.3.2.3.2,Terrace Finishing,,,,,,,,2027-04-06,2027-06-24,,,2026-09-30,,
1.1.1.3.2.3.2.1,Terrace waterproofing,Tower 3,Terrace,Finishing,Tower Civil Finishes,Waterproofing,,132327000.0,2027-04-06,2027-05-15,,,2026-09-30,,0
1.1.1.3.2.3.2.2,Terrace finishing,Tower 3,Terrace,Finishing,Common area finishes,CA-Flooring,,43387500.0,2027-05-16,2027-06-24,,,2026-12-24,,0
1.1.1.3.2.3.3,Common Area Finishing,,,,,,,,2027-05-16,2028-04-19,,,2026-12-24,,
1.1.1.3.2.3.3.1,Block Work ,Tower 3,,Finishing,Common area finishes,CA-Blockwork,,0.0,2027-05-16,2027-06-24,,,2026-12-24,,0
1.1.1.3.2.3.3.2,Internal Plaster ,Tower 3,,Finishing,Common area finishes,CA-Int Plaster,,1125090000.0,2027-06-25,2027-10-22,,,2027-02-02,,0
1.1.1.3.2.3.3.3,Staircase railing fixing,Tower 3,,Finishing,Common area finishes,CA-Railing,,238268800.0,2027-10-08,2028-04-19,,,2027-05-18,,0
1.1.1.3.2.3.3.4,Main staircase flooring,Tower 3,,Finishing,Common area finishes,CA-Flooring,,247950900.0,2027-09-08,2028-03-20,,,2027-04-18,,0
1.1.1.3.2.3.3.5,Fire staircase flooring ,Tower 3,,Finishing,Common area finishes,CA-Flooring,,119810900.0,2027-08-24,2028-03-05,,,2027-04-03,,0
1.1.1.3.2.3.3.6,Fire door work,Tower 3,,Finishing,Common area finishes,CA-Door,,379050000.0,2027-10-08,2028-01-20,,,2027-05-18,,0
1.1.1.3.2.3.3.7,Electrical wiring work,Tower 3,,MEP,Common area-MEP,CA-Electrical,,0.0,2027-06-05,2027-10-02,,,2027-01-13,,0
1.1.1.3.2.3.3.8,Lobby flooring,Tower 3,,Finishing,Common area finishes,CA-Flooring,,513791250.0,2027-06-08,2027-12-20,,,2027-01-16,,0
1.1.1.3.2.3.3.9,Ceiling & wall putty-primer,Tower 3,,Finishing,Common area finishes,CA-Paint,,31134000.0,2027-07-25,2027-12-26,,,2027-03-04,,0
1.1.1.3.2.3.3.10,Ceiling & wall painting,Tower 3,,Finishing,Common area finishes,CA-Paint,,31134000.0,2027-08-14,2028-01-05,,,2027-03-24,,0
1.1.1.3.2.3.3.11,Light fixture supply & installation,Tower 3,,MEP,Common area-MEP,CA-Electrical,,1251257382.0,2027-10-13,2028-01-10,,,2027-05-23,,0
1.1.1.3.2.3.4,Balcony Glass Railing,,,,,,,,2027-12-30,2028-03-08,,,2027-07-18,,
1.1.1.3.2.3.4.1,1st Floor,Tower 3,1st Floor,Finishing,Tower Civil Finishes,Railing,,100657440.0,2027-12-30,2027-12-31,,,2027-07-18,,0
1.1.1.3.2.3.4.2,2nd Floor,Tower 3,2nd Floor,Finishing,Tower Civil Finishes,Railing,,100657440.0,2028-01-01,2028-01-02,,,2027-07-20,,0
1.1.1.3.2.3.4.3,3rd Floor,Tower 3,3rd Floor,Finishing,Tower Civil Finishes,Railing,,100657440.0,2028-01-03,2028-01-04,,,2027-07-22,,0
1.1.1.3.2.3.4.4,4th Floor,Tower 3,4th Floor,Finishing,Tower Civil Finishes,Railing,,100657440.0,2028-01-05,2028-01-06,,,2027-07-24,,0
1.1.1.3.2.3.4.5,5th Floor ,Tower 3,5th Floor,Finishing,Tower Civil Finishes,Railing,,100657440.0,2028-01-07,2028-01-08,,,2027-07-26,,0
1.1.1.3.2.3.4.6,6th Floor ,Tower 3,6th Floor,Finishing,Tower Civil Finishes,Railing,,100657440.0,2028-01-09,2028-01-10,,,2027-07-28,,0
1.1.1.3.2.3.4.7,7th Floor ,Tower 3,7th Floor,Finishing,Tower Civil Finishes,Railing,,100657440.0,2028-01-11,2028-01-12,,,2027-07-30,,0
1.1.1.3.2.3.4.8,8th Floor ,Tower 3,8th Floor,Finishing,Tower Civil Finishes,Railing,,100657440.0,2028-01-13,2028-01-14,,,2027-08-01,,0
1.1.1.3.2.3.4.9,9th Floor ,Tower 3,9th Floor,Finishing,Tower Civil Finishes,Railing,,100657440.0,2028-01-15,2028-01-16,,,2027-08-03,,0
1.1.1.3.2.3.4.10,10th Floor,Tower 3,10th Floor,Finishing,Tower Civil Finishes,Railing,,100657440.0,2028-01-17,2028-01-18,,,2027-08-05,,0
1.1.1.3.2.3.4.11,11th Floor,Tower 3,11th Floor,Finishing,Tower Civil Finishes,Railing,,100657440.0,2028-01-19,2028-01-20,,,2027-08-07,,0
1.1.1.3.2.3.4.12,12th Floor,Tower 3,12th Floor,Finishing,Tower Civil Finishes,Railing,,100657440.0,2028-01-21,2028-01-22,,,2027-08-09,,0
1.1.1.3.2.3.4.13,13th Floor,Tower 3,13th Floor,Finishing,Tower Civil Finishes,Railing,,100657440.0,2028-01-23,2028-01-24,,,2027-08-11,,0
1.1.1.3.2.3.4.14,14th Floor,Tower 3,14th Floor,Finishing,Tower Civil Finishes,Railing,,100657440.0,2028-01-25,2028-01-26,,,2027-08-13,,0
1.1.1.3.2.3.4.15,15th Floor,Tower 3,15th Floor,Finishing,Tower Civil Finishes,Railing,,100657440.0,2028-01-27,2028-01-28,,,2027-08-15,,0
1.1.1.3.2.3.4.16,16th Floor,Tower 3,16th Floor,Finishing,Tower Civil Finishes,Railing,,100657440.0,2028-01-29,2028-01-30,,,2027-08-17,,0
1.1.1.3.2.3.4.17,17th Floor,Tower 3,17th Floor,Finishing,Tower Civil Finishes,Railing,,100657440.0,2028-01-31,2028-02-01,,,2027-08-19,,0
1.1.1.3.2.3.4.18,18th Floor,Tower 3,18th Floor,Finishing,Tower Civil Finishes,Railing,,100657440.0,2028-02-02,2028-02-03,,,2027-08-21,,0
1.1.1.3.2.3.4.19,19th Floor,Tower 3,19th Floor,Finishing,Tower Civil Finishes,Railing,,100657440.0,2028-02-04,2028-02-05,,,2027-08-23,,0
1.1.1.3.2.3.4.20,20th Floor,Tower 3,20th Floor,Finishing,Tower Civil Finishes,Railing,,100657440.0,2028-02-06,2028-02-07,,,2027-08-25,,0
1.1.1.3.2.3.4.21,21st Floor,Tower 3,21st Floor,Finishing,Tower Civil Finishes,Railing,,100657440.0,2028-02-08,2028-02-09,,,2027-08-27,,0
1.1.1.3.2.3.4.22,22nd Floor,Tower 3,22nd Floor,Finishing,Tower Civil Finishes,Railing,,100657440.0,2028-02-10,2028-02-11,,,2027-08-29,,0
1.1.1.3.2.3.4.23,23rd Floor,Tower 3,23rd Floor,Finishing,Tower Civil Finishes,Railing,,100657440.0,2028-02-12,2028-02-13,,,2027-08-31,,0
1.1.1.3.2.3.4.24,24th Floor,Tower 3,24th Floor,Finishing,Tower Civil Finishes,Railing,,100657440.0,2028-02-14,2028-02-15,,,2027-09-02,,0
1.1.1.3.2.3.4.25,25th Floor,Tower 3,25th Floor,Finishing,Tower Civil Finishes,Railing,,100657440.0,2028-02-16,2028-02-17,,,2027-09-04,,0
1.1.1.3.2.3.4.26,26th Floor,Tower 3,26th Floor,Finishing,Tower Civil Finishes,Railing,,100657440.0,2028-02-18,2028-02-19,,,2027-09-06,,0
1.1.1.3.2.3.4.27,27th Floor,Tower 3,27th Floor,Finishing,Tower Civil Finishes,Railing,,100657440.0,2028-02-20,2028-02-21,,,2027-09-08,,0
1.1.1.3.2.3.4.28,28th Floor,Tower 3,28th Floor,Finishing,Tower Civil Finishes,Railing,,100657440.0,2028-02-22,2028-02-23,,,2027-09-10,,0
1.1.1.3.2.3.4.29,29th Floor,Tower 3,29th Floor,Finishing,Tower Civil Finishes,Railing,,100657440.0,2028-02-24,2028-02-25,,,2027-09-12,,0
1.1.1.3.2.3.4.30,30th Floor,Tower 3,30th Floor,Finishing,Tower Civil Finishes,Railing,,100657440.0,2028-02-26,2028-02-27,,,2027-09-14,,0
1.1.1.3.2.3.4.31,31st Floor,Tower 3,31st Floor,Finishing,Tower Civil Finishes,Railing,,100657440.0,2028-02-28,2028-02-29,,,2027-09-16,,0
1.1.1.3.2.3.4.32,32nd Floor,Tower 3,32nd Floor,Finishing,Tower Civil Finishes,Railing,,100657440.0,2028-03-01,2028-03-02,,,2027-09-18,,0
1.1.1.3.2.3.4.33,33rd Floor,Tower 3,33rd Floor,Finishing,Tower Civil Finishes,Railing,,100657440.0,2028-03-03,2028-03-04,,,2027-09-20,,0
1.1.1.3.2.3.4.34,34th Floor ,Tower 3,34th Floor,Finishing,Tower Civil Finishes,Railing,,100657440.0,2028-03-05,2028-03-06,,,2027-09-22,,0
1.1.1.3.2.3.4.35,35th Floor,Tower 3,35th Floor,Finishing,Tower Civil Finishes,Railing,,100657440.0,2028-03-07,2028-03-08,,,2027-09-24,,0
1.1.1.3.3,MEP work,,,,,,,,2027-05-16,2028-08-08,,,2026-12-24,,
1.1.1.3.3.1,Electrical work,,,,,,,,2027-05-16,2028-02-24,,,2026-12-24,,
1.1.1.3.3.1.1,Cable Tray,Tower 3,,MEP,Tower MEP,Electrical,,184779200.0,2027-05-16,2027-08-13,,,2026-12-24,,0
1.1.1.3.3.1.2,"Cable, main & sub main",Tower 3,,MEP,Tower MEP,Electrical,,851043528.0,2027-06-30,2027-09-17,,,2027-02-07,,0
1.1.1.3.3.1.3,LT panel & DB,Tower 3,,MEP,Tower MEP,Electrical,,1015952723.0,2027-08-14,2028-01-25,,,2027-03-24,,0
1.1.1.3.3.1.4,Rising main,Tower 3,,MEP,Tower MEP,Plumbing,,575180842.0,2027-10-13,2028-02-24,,,2027-05-23,,0
1.1.1.3.3.1.5,EARTHING Works ,Tower 3,,MEP,Tower MEP,Electrical,,11480000.0,2027-08-29,2027-10-27,,,2027-04-08,,0
1.1.1.3.3.1.6,Advance lightening protection,Tower 3,,MEP,Tower MEP,Electrical,,157717300.0,2027-06-25,2027-08-23,,,2027-02-02,,0
1.1.1.3.3.1.7,Inverter,Tower 3,,MEP,Tower MEP,Electrical,,31579400.0,2027-10-28,2028-01-15,,,2027-06-07,,0
1.1.1.3.3.1.8,Energy meter,Tower 3,,MEP,Tower MEP,Electrical,,98000000.0,2027-09-18,2027-12-31,,,2027-04-28,,0
1.1.1.3.3.1.9,Exhast fan,Tower 3,,MEP,Tower MEP,Electrical,,99750000.0,2027-10-18,2028-01-30,,,2027-04-22,,0
1.1.1.3.3.1.10,FTTH,Tower 3,,MEP,Tower MEP,Electrical,,161000000.0,2027-10-18,2028-01-30,,,2027-05-28,,0
1.1.1.3.3.1.11,Security System - FA & PA,Tower 3,,MEP,Tower MEP,Electrical,,513160400.0,2027-10-23,2028-01-30,,,2027-06-02,,0
1.1.1.3.3.1.12,Solar water heater,Tower 3,,MEP,Tower MEP,Plumbing,,0.0,2027-06-25,2027-08-23,,,2027-02-02,,0
1.1.1.3.3.2,Plumbing wrok,,,,,,,,2027-05-16,2028-06-02,,,2026-12-24,,
1.1.1.3.3.2.1,Terrace looping,Tower 3,Terrace,MEP,Tower MEP,Plumbing,,0.0,2027-05-16,2027-06-29,,,2026-12-24,,0
1.1.1.3.3.2.2,Shaft Plumbing,Tower 3,,MEP,Tower MEP,Plumbing,,0.0,2027-06-30,2027-10-27,,,2027-02-07,,0
1.1.1.3.3.2.3,CP sanitary fixture supply,Tower 3,,MEP,Tower MEP,CP Sanitary,,4061312700.0,2028-03-19,2028-06-02,,,2027-05-24,,0
1.1.1.3.3.2.4,Cold & flushing water supply,Tower 3,,MEP,Tower MEP,Plumbing,,1638537700.0,2027-09-23,2028-02-04,,,2027-05-03,,0
1.1.1.3.3.2.5,Misc work,Tower 3,,Finishing,Miscellaneous,Misc,,400622500.0,2028-01-26,2028-02-24,,,2027-07-22,,0
1.1.1.3.3.3,Fire fighting work,,,,,,,,2027-05-16,2028-01-15,,,2026-12-24,,
1.1.1.3.3.3.1,Fire hydrant work,Tower 3,,MEP,Tower MEP,Plumbing,,264277090.0,2027-07-05,2027-09-02,,,2027-04-03,,0
1.1.1.3.3.3.2,Sprinkler & piping work,Tower 3,,MEP,Tower MEP,Plumbing,,771448900.0,2027-10-03,2028-01-15,,,2027-08-01,,0
1.1.1.3.3.3.3,Shaft Downtake works,Tower 3,,MEP,Tower MEP,Plumbing,,0.0,2027-05-16,2027-08-13,,,2026-12-24,,0
1.1.1.3.3.3.4,Connection to pump room,Tower 3,,MEP,Tower MEP,Plumbing,,0.0,2027-08-14,2027-09-12,,,2027-03-24,,0
1.1.1.3.3.4,Lift work,,,,,,,,2027-05-16,2027-12-16,,,2026-12-24,,
1.1.1.3.3.4.1,Lift Shaft Handover,Tower 3,,MEP,Common area-MEP,Lift,,0.0,2027-05-16,2027-06-24,,,2026-12-24,,0
1.1.1.3.3.4.2,Lift installation work,Tower 3,,MEP,Common area-MEP,Lift,,2287000000.0,2027-06-25,2027-08-08,,,2027-02-02,,0
1.1.1.3.3.4.3,Lift testing and commissioning,Tower 3,,MEP,Common area-MEP,Lift,,0.0,2027-08-09,2027-12-16,,,2027-03-19,,0
1.1.1.3.3.5,AC work,,,,,,,,2028-04-30,2028-08-08,,,2028-01-15,,
1.1.1.3.3.5.1,Split AC,Tower 3,,MEP,Tower MEP,Electrical,,5955514983.0,2028-04-30,2028-08-08,,,2028-01-15,,0
1.1.1.3.4,Tower Completion ,,,,,,,,2027-05-19,2028-03-28,,,2027-01-19,,
1.1.1.3.4.1,SURFACE PREPARATION,Tower 3,,Finishing,Tower Finishing,Paint,,0.0,2027-05-19,2027-08-06,,,2027-01-19,,0
1.1.1.3.4.2,External Painting,Tower 3,,Finishing,Tower Finishing,Ext Paint,,0.0,2027-08-07,2027-12-29,,,2027-04-09,,0
1.1.1.3.4.3,Final coat of painting,Tower 3,,Finishing,Tower Finishing,Paint,,754947000.0,2027-12-30,2028-03-28,,,2027-07-18,,0
1.1.1.3.4.4,Misc. work,Tower 3,,Finishing,Miscellaneous,Misc,,506000000.0,2027-12-30,2028-02-27,,,2027-07-18,,0
1.1.1.3.5,Basement lobby,,,,,,,,2027-12-20,2028-02-18,,,2027-06-15,,
1.1.1.3.5.1,Basement lobby,Tower 3,Basement,Finishing,Common area finishes,CA-Flooring,,11225304900.0,2027-12-20,2028-02-18,,,2027-06-15,,0
1.1.1.3.6,Post OC activities ,,,,,,,,2023-07-26,2028-11-13,,,2027-06-21,,
1.1.1.3.6.1,Balcony Tile Flooring,Tower 3,,Finishing,Tower Finishing,Flooring,,1296059100.0,2028-04-30,2028-10-27,,,2028-01-15,,0
1.1.1.3.6.2,Waterproofing,Tower 3,,Finishing,Tower Civil Finishes,Waterproofing,,387128923.63,2023-07-26,2028-08-31,2023-07-26,,2028-01-15,,90
1.1.1.3.6.3,Wooden Flooring,Tower 3,,Finishing,Tower Finishing,Flooring,,747600000.0,2028-04-30,2028-10-27,,,2028-01-15,,0
1.1.1.3.6.4,Electrical Fixtures And Fittings,Tower 3,,MEP,Tower MEP,Electrical,,431382420.0,2028-07-16,2028-11-13,,,2027-06-21,,0
1.1.1.3.6.5,Modular Kitchen ,Tower 3,,Finishing,Miscellaneous,Misc,,2730000000.0,2028-04-30,2028-10-27,,,2028-01-15,,0
1.1.1.3.6.6,External Paint,Tower 3,,Finishing,Tower Finishing,Ext Paint,,1283560000.0,2028-05-15,2028-08-13,,,2028-01-30,,0
1.1.1.3.7,OC Application/Readiness ,Tower 3,,Finishing,Miscellaneous,Misc,,100.0,2028-03-29,2028-03-30,,,2027-10-30,,0
1.1.1.3.8,OC Receipt,Tower 3,,Finishing,Miscellaneous,Misc,,100.0,2028-05-29,2028-05-30,,,2028-02-13,,0
1.1.1.3.9,Offer To Possession,Tower 3,,Finishing,Miscellaneous,Misc,,100.0,2028-11-13,2028-12-13,,,2028-07-13,,0
1.1.1.4,Tower 2,,,,,,,,2023-12-05,2029-04-03,,,2024-05-14,,
1.1.1.4.1,Substructure,,,,,,,,2024-05-14,2026-05-05,,,2024-05-14,,
1.1.1.4.1.1,Soil Bed Preparation ,,,,,,,,2024-05-14,2026-02-24,,,2024-05-14,,
1.1.1.4.1.1.1,Test Piling ,Tower 2,,Civil Works- RCC,RCC,Reinforcement,,230000000.0,2024-05-14,2024-08-14,2024-05-14,2024-08-14,2024-05-14,,100
1.1.1.4.1.1.2,Excavation,Tower 2,,Civil Works- RCC,RCC,Reinforcement,,21978400.0,2024-06-26,2024-07-25,2024-06-26,2024-07-25,2024-06-26,,100
1.1.1.4.1.1.3,Main Piling Work ,Tower 2,,Civil Works- RCC,RCC,Reinforcement,,5295906000.0,2024-09-04,2025-03-25,2024-09-04,2025-03-25,2024-09-04,,100
1.1.1.4.1.1.4,Anti-termite,Tower 2,,Finishing,Tower Civil Finishes,Waterproofing,,1548000.0,2025-12-27,2025-12-31,,,2025-04-02,,0
1.1.1.4.1.1.5,PCC,Tower 2,,Civil Works- RCC,RCC,Concreting,,89175000.0,2025-02-09,2025-03-31,2025-02-09,2025-03-31,2025-04-04,,100
1.1.1.4.1.1.6,Backfilling,Tower 2,,Civil Works- RCC,RCC,Reinforcement,,144270000.0,2025-12-27,2026-02-24,,,2025-06-24,,0
1.1.1.4.1.2,RCC Structure,,,,,,,,2025-03-24,2025-10-12,,,2025-04-09,,
1.1.1.4.1.2.1,Raft Foundation ,,,,,,,,2025-03-24,2025-06-08,,,2025-04-09,,
1.1.1.4.1.2.1.1,Reinforcement,Tower 2,,Civil Works- RCC,RCC,Reinforcement,,2402850000.0,2025-03-24,2025-06-03,2025-03-24,2025-06-03,2025-04-09,,100
1.1.1.4.1.2.1.2,Formwork,Tower 2,,Civil Works- RCC,RCC,Shuttering- Conventional,,36309300.0,2025-05-28,2025-06-05,2025-05-28,2025-06-05,2025-04-21,,100
1.1.1.4.1.2.1.3,Concreting,Tower 2,,Civil Works- RCC,RCC,Concreting,,2487905200.0,2025-06-06,2025-06-08,2025-06-06,2025-06-08,2025-05-03,,100
1.1.1.4.1.2.2,Basement 1 Slab,,,,,,,,2025-04-20,2025-06-25,,,2025-05-05,,
1.1.1.4.1.2.2.1,Reinforcement,Tower 2,Basement 1,Civil Works- RCC,RCC,Reinforcement,,387133875.0,2025-06-06,2025-06-25,2025-06-06,2025-06-25,2025-05-05,,100
1.1.1.4.1.2.2.2,Formwork,Tower 2,Basement 1,Civil Works- RCC,RCC,Shuttering- Conventional,,118553200.0,2025-04-20,2025-05-09,2025-04-20,2025-05-09,2025-05-06,,100
1.1.1.4.1.2.2.3,Concreting,Tower 2,Basement 1,Civil Works- RCC,RCC,Concreting,,224304000.0,2025-05-10,2025-05-13,2025-05-10,2025-05-13,2025-05-26,,100
1.1.1.4.1.2.3,Basement 2 Slab/GF,,,,,,,,2025-05-14,2025-09-08,,,2025-05-30,,
1.1.1.4.1.2.3.1,Reinforcement,Tower 2,Ground Floor,Civil Works- RCC,RCC,Reinforcement,,762904875.0,2025-05-14,2025-09-06,2025-05-14,2025-09-06,2025-05-30,,100
1.1.1.4.1.2.3.2,Formwork,Tower 2,Ground Floor,Civil Works- RCC,RCC,Shuttering- Conventional,,333931200.0,2025-05-15,2025-09-07,2025-05-15,2025-09-07,2025-05-31,,100
1.1.1.4.1.2.3.3,Concreting,Tower 2,Ground Floor,Civil Works- RCC,RCC,Concreting,,442065800.0,2025-06-04,2025-09-08,2025-06-04,2025-09-08,2025-06-20,,100
1.1.1.4.1.2.4,Podium /Ground Floor Slab,,,,,,,,2025-06-09,2025-10-12,,,2025-06-24,,
1.1.1.4.1.2.4.1,Reinforcement,Tower 2,Ground Floor,Civil Works- RCC,RCC,Reinforcement,,1140340500.0,2025-09-01,2025-10-10,2025-09-01,2025-10-10,2025-06-24,,100
1.1.1.4.1.2.4.2,Formwork,Tower 2,Ground Floor,Civil Works- RCC,RCC,Shuttering- Conventional,,474308100.0,2025-06-09,2025-10-11,2025-06-09,2025-10-11,2025-06-25,,100
1.1.1.4.1.2.4.3,Concreting,Tower 2,Ground Floor,Civil Works- RCC,RCC,Concreting,,660762200.0,2025-06-29,2025-10-12,2025-06-29,2025-10-12,2025-07-15,,100
1.1.1.4.1.3,Substructure Finishing,,,,,,,,2025-12-27,2026-05-05,,,2025-08-18,,
1.1.1.4.1.3.1,Masonary work,Tower 2,,Finishing,Tower Civil Finishes,Blockwork,,66838800.0,2025-12-27,2026-02-09,,,2025-08-18,,0
1.1.1.4.1.3.2,Plaster,Tower 2,,Finishing,Tower Civil Finishes,Int Plaster,,44892000.0,2026-02-10,2026-03-21,,,2025-10-02,,0
1.1.1.4.1.3.3,Structural steel,Tower 2,,Civil Works- RCC,RCC,Reinforcement,,0.0,2026-01-26,2026-03-26,,,2025-09-17,,0
1.1.1.4.1.3.4,White Wash ,Tower 2,,Finishing,Tower Finishing,Paint,,149685000.0,2026-03-22,2026-05-05,,,2025-12-26,,0
1.1.1.4.2,Superstructure,,,,,,,,2025-10-07,2028-08-26,,,2025-07-19,,
1.1.1.4.2.1,RCC structure,,,,,,,,2025-10-07,2027-05-29,,,2025-07-19,,
1.1.1.4.2.1.1,1st floor slab,,,,,,,,2025-10-07,2026-01-26,,,2025-07-19,,
1.1.1.4.2.1.1.1,Reinforcement,Tower 2,1st Floor,Civil Works- RCC,RCC,Reinforcement,,572084500.0,2025-10-07,2026-01-21,2025-10-07,,2025-07-19,,48
1.1.1.4.2.1.1.2,Wall conduiting,Tower 2,1st Floor,MEP,Tower MEP,Electrical,,21339314.0,2025-10-14,2026-01-23,2025-10-14,,2025-07-22,,6
1.1.1.4.2.1.1.3,Formwork,Tower 2,1st Floor,Civil Works- RCC,RCC,Shuttering- Conventional,,283244400.0,2025-10-14,2026-01-25,2025-10-14,,2025-07-22,,36
1.1.1.4.2.1.1.4,Concreting,Tower 2,1st Floor,Civil Works- RCC,RCC,Concreting,,462567400.0,2025-10-15,2026-01-26,2025-10-15,,2025-08-12,,10
1.1.1.4.2.1.2,2nd floor slab,,,,,,,,2025-11-08,2026-02-25,,,2025-08-13,,
1.1.1.4.2.1.2.1,Reinforcement,Tower 2,2nd Floor,Civil Works- RCC,RCC,Reinforcement,,572084500.0,2025-11-08,2026-02-20,2025-11-08,,2025-08-13,,30
1.1.1.4.2.1.2.2,Wall conduiting,Tower 2,2nd Floor,MEP,Tower MEP,Electrical,,21339314.0,2026-01-27,2026-01-30,,,2025-08-15,,0
1.1.1.4.2.1.2.3,Formwork,Tower 2,2nd Floor,Civil Works- RCC,RCC,Shuttering- Conventional,,283244400.0,2026-01-28,2026-02-24,,,2025-08-16,,0
1.1.1.4.2.1.2.4,Concreting,Tower 2,2nd Floor,Civil Works- RCC,RCC,Concreting,,462567400.0,2026-02-24,2026-02-25,,,2025-09-02,,0
1.1.1.4.2.1.3,3rd floor slab,,,,,,,,2026-02-25,2026-03-07,,,2025-09-03,,
1.1.1.4.2.1.3.1,Reinforcement,Tower 2,3rd Floor,Civil Works- RCC,RCC,Reinforcement,,572084500.0,2026-02-25,2026-03-04,,,2025-09-03,,0
1.1.1.4.2.1.3.2,Wall conduiting,Tower 2,3rd Floor,MEP,Tower MEP,Electrical,,21339314.0,2026-02-28,2026-03-02,,,2025-09-06,,0
1.1.1.4.2.1.3.3,Formwork,Tower 2,3rd Floor,Civil Works- RCC,RCC,Shuttering- Conventional,,283244400.0,2026-02-27,2026-03-06,,,2025-09-07,,0
1.1.1.4.2.1.3.4,Concreting,Tower 2,3rd Floor,Civil Works- RCC,RCC,Concreting,,462567400.0,2026-03-06,2026-03-07,,,2025-09-17,,0
1.1.1.4.2.1.4,4th floor slab,,,,,,,,2026-03-07,2026-03-17,,,2025-09-18,,
1.1.1.4.2.1.4.1,Reinforcement,Tower 2,4th Floor,Civil Works- RCC,RCC,Reinforcement,,572084500.0,2026-03-07,2026-03-14,,,2025-09-18,,0
1.1.1.4.2.1.4.2,Wall conduiting,Tower 2,4th Floor,MEP,Tower MEP,Electrical,,21339314.0,2026-03-08,2026-03-10,,,2025-09-19,,0
1.1.1.4.2.1.4.3,Formwork,Tower 2,4th Floor,Civil Works- RCC,RCC,Shuttering- Conventional,,283244400.0,2026-03-09,2026-03-16,,,2025-09-20,,0
1.1.1.4.2.1.4.4,Concreting,Tower 2,4th Floor,Civil Works- RCC,RCC,Concreting,,462567400.0,2026-03-16,2026-03-17,,,2025-09-26,,0
1.1.1.4.2.1.5,5th floor slab,,,,,,,,2026-03-17,2026-03-27,,,2025-09-27,,
1.1.1.4.2.1.5.1,Reinforcement,Tower 2,5th Floor,Civil Works- RCC,RCC,Reinforcement,,572084500.0,2026-03-17,2026-03-24,,,2025-09-27,,0
1.1.1.4.2.1.5.2,Wall conduiting,Tower 2,5th Floor,MEP,Tower MEP,Electrical,,21339314.0,2026-03-18,2026-03-20,,,2025-09-28,,0
1.1.1.4.2.1.5.3,Formwork,Tower 2,5th Floor,Civil Works- RCC,RCC,Shuttering- Conventional,,283244400.0,2026-03-19,2026-03-26,,,2025-09-29,,0
1.1.1.4.2.1.5.4,Concreting,Tower 2,5th Floor,Civil Works- RCC,RCC,Concreting,,462567400.0,2026-03-26,2026-03-27,,,2025-10-05,,0
1.1.1.4.2.1.6,6th floor slab,,,,,,,,2026-03-27,2026-04-06,,,2025-10-06,,
1.1.1.4.2.1.6.1,Reinforcement,Tower 2,6th Floor,Civil Works- RCC,RCC,Reinforcement,,572084500.0,2026-03-27,2026-04-03,,,2025-10-06,,0
1.1.1.4.2.1.6.2,Wall conduiting,Tower 2,6th Floor,MEP,Tower MEP,Electrical,,21339314.0,2026-03-28,2026-03-30,,,2025-10-07,,0
1.1.1.4.2.1.6.3,Formwork,Tower 2,6th Floor,Civil Works- RCC,RCC,Shuttering- Conventional,,283244400.0,2026-03-29,2026-04-05,,,2025-10-08,,0
1.1.1.4.2.1.6.4,Concreting,Tower 2,6th Floor,Civil Works- RCC,RCC,Concreting,,462567400.0,2026-04-05,2026-04-06,,,2025-10-14,,0
1.1.1.4.2.1.7,7th floor slab,,,,,,,,2026-04-06,2026-04-16,,,2025-10-15,,
1.1.1.4.2.1.7.1,Reinforcement,Tower 2,7th Floor,Civil Works- RCC,RCC,Reinforcement,,572084500.0,2026-04-06,2026-04-13,,,2025-10-15,,0
1.1.1.4.2.1.7.2,Wall conduiting,Tower 2,7th Floor,MEP,Tower MEP,Electrical,,21339314.0,2026-04-07,2026-04-09,,,2025-10-16,,0
1.1.1.4.2.1.7.3,Formwork,Tower 2,7th Floor,Civil Works- RCC,RCC,Shuttering- Conventional,,283244400.0,2026-04-08,2026-04-15,,,2025-10-17,,0
1.1.1.4.2.1.7.4,Concreting,Tower 2,7th Floor,Civil Works- RCC,RCC,Concreting,,462567400.0,2026-04-15,2026-04-16,,,2025-10-23,,0
1.1.1.4.2.1.8,8th floor slab,,,,,,,,2026-04-16,2026-04-27,,,2025-10-24,,
1.1.1.4.2.1.8.1,Reinforcement,Tower 2,8th Floor,Civil Works- RCC,RCC,Reinforcement,,572084500.0,2026-04-16,2026-04-23,,,2025-10-24,,0
1.1.1.4.2.1.8.2,Wall conduiting,Tower 2,8th Floor,MEP,Tower MEP,Electrical,,21339314.0,2026-04-17,2026-04-19,,,2025-10-25,,0
1.1.1.4.2.1.8.3,Formwork,Tower 2,8th Floor,Civil Works- RCC,RCC,Shuttering- Conventional,,283244400.0,2026-04-18,2026-04-26,,,2025-10-26,,0
1.1.1.4.2.1.8.4,Concreting,Tower 2,8th Floor,Civil Works- RCC,RCC,Concreting,,462567400.0,2026-04-26,2026-04-27,,,2025-12-19,,0
1.1.1.4.2.1.9,9th floor slab,,,,,,,,2026-04-27,2026-05-07,,,2025-12-20,,
1.1.1.4.2.1.9.1,Reinforcement,Tower 2,9th Floor,Civil Works- RCC,RCC,Reinforcement,,572084500.0,2026-04-27,2026-05-04,,,2025-12-20,,0
1.1.1.4.2.1.9.2,Wall conduiting,Tower 2,9th Floor,MEP,Tower MEP,Electrical,,21339314.0,2026-04-28,2026-04-30,,,2025-12-21,,0
1.1.1.4.2.1.9.3,Formwork,Tower 2,9th Floor,Civil Works- RCC,RCC,Shuttering- Conventional,,283244400.0,2026-04-29,2026-05-06,,,2025-12-22,,0
1.1.1.4.2.1.9.4,Concreting,Tower 2,9th Floor,Civil Works- RCC,RCC,Concreting,,462567400.0,2026-05-06,2026-05-07,,,2025-12-28,,0
1.1.1.4.2.1.10,10th floor slab,,,,,,,,2026-05-07,2026-05-17,,,2025-12-29,,
1.1.1.4.2.1.10.1,Reinforcement,Tower 2,10th Floor,Civil Works- RCC,RCC,Reinforcement,,572084500.0,2026-05-07,2026-05-14,,,2025-12-29,,0
1.1.1.4.2.1.10.2,Wall conduiting,Tower 2,10th Floor,MEP,Tower MEP,Electrical,,21339314.0,2026-05-08,2026-05-10,,,2025-12-30,,0
1.1.1.4.2.1.10.3,Formwork,Tower 2,10th Floor,Civil Works- RCC,RCC,Shuttering- Conventional,,283244400.0,2026-05-09,2026-05-16,,,2025-12-31,,0
1.1.1.4.2.1.10.4,Concreting,Tower 2,10th Floor,Civil Works- RCC,RCC,Concreting,,462567400.0,2026-05-16,2026-05-17,,,2026-01-06,,0
1.1.1.4.2.1.11,11th floor slab,,,,,,,,2026-05-17,2026-05-27,,,2026-01-07,,
1.1.1.4.2.1.11.1,Reinforcement,Tower 2,11th Floor,Civil Works- RCC,RCC,Reinforcement,,572084500.0,2026-05-17,2026-05-24,,,2026-01-07,,0
1.1.1.4.2.1.11.2,Wall conduiting,Tower 2,11th Floor,MEP,Tower MEP,Electrical,,21339314.0,2026-05-18,2026-05-20,,,2026-01-08,,0
1.1.1.4.2.1.11.3,Formwork,Tower 2,11th Floor,Civil Works- RCC,RCC,Shuttering- Conventional,,283244400.0,2026-05-19,2026-05-26,,,2026-01-09,,0
1.1.1.4.2.1.11.4,Concreting,Tower 2,11th Floor,Civil Works- RCC,RCC,Concreting,,462567400.0,2026-05-26,2026-05-27,,,2026-01-15,,0
1.1.1.4.2.1.12,12th floor slab,,,,,,,,2026-05-27,2026-06-06,,,2026-01-16,,
1.1.1.4.2.1.12.1,Reinforcement,Tower 2,12th Floor,Civil Works- RCC,RCC,Reinforcement,,572084500.0,2026-05-27,2026-06-03,,,2026-01-16,,0
1.1.1.4.2.1.12.2,Wall conduiting,Tower 2,12th Floor,MEP,Tower MEP,Electrical,,21339314.0,2026-05-28,2026-05-30,,,2026-01-17,,0
1.1.1.4.2.1.12.3,Formwork,Tower 2,12th Floor,Civil Works- RCC,RCC,Shuttering- Conventional,,283244400.0,2026-05-29,2026-06-05,,,2026-01-18,,0
1.1.1.4.2.1.12.4,Concreting,Tower 2,12th Floor,Civil Works- RCC,RCC,Concreting,,462567400.0,2026-06-05,2026-06-06,,,2026-01-24,,0
1.1.1.4.2.1.13,13th floor slab,,,,,,,,2026-06-06,2026-06-16,,,2026-01-25,,
1.1.1.4.2.1.13.1,Reinforcement,Tower 2,13th Floor,Civil Works- RCC,RCC,Reinforcement,,572084500.0,2026-06-06,2026-06-13,,,2026-01-25,,0
1.1.1.4.2.1.13.2,Wall conduiting,Tower 2,13th Floor,MEP,Tower MEP,Electrical,,21339314.0,2026-06-07,2026-06-09,,,2026-01-26,,0
1.1.1.4.2.1.13.3,Formwork,Tower 2,13th Floor,Civil Works- RCC,RCC,Shuttering- Conventional,,283244400.0,2026-06-08,2026-06-15,,,2026-01-27,,0
1.1.1.4.2.1.13.4,Concreting,Tower 2,13th Floor,Civil Works- RCC,RCC,Concreting,,462567400.0,2026-06-15,2026-06-16,,,2026-02-02,,0
1.1.1.4.2.1.14,14th floor slab,,,,,,,,2026-06-16,2026-06-26,,,2026-02-03,,
1.1.1.4.2.1.14.1,Reinforcement,Tower 2,14th Floor,Civil Works- RCC,RCC,Reinforcement,,572084500.0,2026-06-16,2026-06-23,,,2026-02-03,,0
1.1.1.4.2.1.14.2,Wall conduiting,Tower 2,14th Floor,MEP,Tower MEP,Electrical,,21339314.0,2026-06-17,2026-06-19,,,2026-02-04,,0
1.1.1.4.2.1.14.3,Formwork,Tower 2,14th Floor,Civil Works- RCC,RCC,Shuttering- Conventional,,283244400.0,2026-06-18,2026-06-25,,,2026-02-05,,0
1.1.1.4.2.1.14.4,Concreting,Tower 2,14th Floor,Civil Works- RCC,RCC,Concreting,,462567400.0,2026-06-25,2026-06-26,,,2026-02-11,,0
1.1.1.4.2.1.15,15th floor slab,,,,,,,,2026-06-26,2026-07-06,,,2026-02-12,,
1.1.1.4.2.1.15.1,Reinforcement,Tower 2,15th Floor,Civil Works- RCC,RCC,Reinforcement,,572084500.0,2026-06-26,2026-07-03,,,2026-02-12,,0
1.1.1.4.2.1.15.2,Wall conduiting,Tower 2,15th Floor,MEP,Tower MEP,Electrical,,21339314.0,2026-06-27,2026-06-29,,,2026-02-13,,0
1.1.1.4.2.1.15.3,Formwork,Tower 2,15th Floor,Civil Works- RCC,RCC,Shuttering- Conventional,,283244400.0,2026-06-28,2026-07-05,,,2026-02-14,,0
1.1.1.4.2.1.15.4,Concreting,Tower 2,15th Floor,Civil Works- RCC,RCC,Concreting,,462567400.0,2026-07-05,2026-07-06,,,2026-02-20,,0
1.1.1.4.2.1.16,16th floor slab,,,,,,,,2026-07-06,2026-07-17,,,2026-02-21,,
1.1.1.4.2.1.16.1,Reinforcement,Tower 2,16th Floor,Civil Works- RCC,RCC,Reinforcement,,572084500.0,2026-07-06,2026-07-14,,,2026-02-21,,0
1.1.1.4.2.1.16.2,Wall conduiting,Tower 2,16th Floor,MEP,Tower MEP,Electrical,,21339314.0,2026-07-07,2026-07-09,,,2026-02-22,,0
1.1.1.4.2.1.16.3,Formwork,Tower 2,16th Floor,Civil Works- RCC,RCC,Shuttering- Conventional,,283244400.0,2026-07-08,2026-07-16,,,2026-02-23,,0
1.1.1.4.2.1.16.4,Concreting,Tower 2,16th Floor,Civil Works- RCC,RCC,Concreting,,462567400.0,2026-07-16,2026-07-17,,,2026-03-04,,0
1.1.1.4.2.1.17,17th floor slab,,,,,,,,2026-07-17,2026-07-27,,,2026-03-05,,
1.1.1.4.2.1.17.1,Reinforcement,Tower 2,17th Floor,Civil Works- RCC,RCC,Reinforcement,,572084500.0,2026-07-17,2026-07-25,,,2026-03-05,,0
1.1.1.4.2.1.17.2,Wall conduiting,Tower 2,17th Floor,MEP,Tower MEP,Electrical,,21339314.0,2026-07-18,2026-07-20,,,2026-03-06,,0
1.1.1.4.2.1.17.3,Formwork,Tower 2,17th Floor,Civil Works- RCC,RCC,Shuttering- Conventional,,283244400.0,2026-07-19,2026-07-26,,,2026-03-07,,0
1.1.1.4.2.1.17.4,Concreting,Tower 2,17th Floor,Civil Works- RCC,RCC,Concreting,,462567400.0,2026-07-26,2026-07-27,,,2026-03-13,,0
1.1.1.4.2.1.18,18th floor slab,,,,,,,,2026-07-27,2026-08-06,,,2026-03-14,,
1.1.1.4.2.1.18.1,Reinforcement,Tower 2,18th Floor,Civil Works- RCC,RCC,Reinforcement,,572084500.0,2026-07-27,2026-08-04,,,2026-03-14,,0
1.1.1.4.2.1.18.2,Wall conduiting,Tower 2,18th Floor,MEP,Tower MEP,Electrical,,21339314.0,2026-07-28,2026-07-30,,,2026-03-15,,0
1.1.1.4.2.1.18.3,Formwork,Tower 2,18th Floor,Civil Works- RCC,RCC,Shuttering- Conventional,,283244400.0,2026-07-29,2026-08-05,,,2026-03-16,,0
1.1.1.4.2.1.18.4,Concreting,Tower 2,18th Floor,Civil Works- RCC,RCC,Concreting,,462567400.0,2026-08-05,2026-08-06,,,2026-03-22,,0
1.1.1.4.2.1.19,19th floor slab,,,,,,,,2026-08-06,2026-08-16,,,2026-03-23,,
1.1.1.4.2.1.19.1,Reinforcement,Tower 2,19th Floor,Civil Works- RCC,RCC,Reinforcement,,572084500.0,2026-08-06,2026-08-14,,,2026-03-23,,0
1.1.1.4.2.1.19.2,Wall conduiting,Tower 2,19th Floor,MEP,Tower MEP,Electrical,,21339314.0,2026-08-07,2026-08-09,,,2026-03-24,,0
1.1.1.4.2.1.19.3,Formwork,Tower 2,19th Floor,Civil Works- RCC,RCC,Shuttering- Conventional,,283244400.0,2026-08-07,2026-08-15,,,2026-03-24,,0
1.1.1.4.2.1.19.4,Concreting,Tower 2,19th Floor,Civil Works- RCC,RCC,Concreting,,462567400.0,2026-08-15,2026-08-16,,,2026-03-30,,0
1.1.1.4.2.1.20,20th floor slab,,,,,,,,2026-08-16,2026-08-26,,,2026-03-31,,
1.1.1.4.2.1.20.1,Reinforcement,Tower 2,20th Floor,Civil Works- RCC,RCC,Reinforcement,,572084500.0,2026-08-16,2026-08-24,,,2026-03-31,,0
1.1.1.4.2.1.20.2,Wall conduiting,Tower 2,20th Floor,MEP,Tower MEP,Electrical,,21339314.0,2026-08-17,2026-08-19,,,2026-04-01,,0
1.1.1.4.2.1.20.3,Formwork,Tower 2,20th Floor,Civil Works- RCC,RCC,Shuttering- Conventional,,283244400.0,2026-08-17,2026-08-25,,,2026-04-01,,0
1.1.1.4.2.1.20.4,Concreting,Tower 2,20th Floor,Civil Works- RCC,RCC,Concreting,,462567400.0,2026-08-25,2026-08-26,,,2026-04-07,,0
1.1.1.4.2.1.21,21st floor slab,,,,,,,,2026-08-26,2026-09-05,,,2026-04-08,,
1.1.1.4.2.1.21.1,Reinforcement,Tower 2,21st Floor,Civil Works- RCC,RCC,Reinforcement,,572084500.0,2026-08-26,2026-09-03,,,2026-04-08,,0
1.1.1.4.2.1.21.2,Wall conduiting,Tower 2,21st Floor,MEP,Tower MEP,Electrical,,21339314.0,2026-08-27,2026-08-29,,,2026-04-09,,0
1.1.1.4.2.1.21.3,Formwork,Tower 2,21st Floor,Civil Works- RCC,RCC,Shuttering- Conventional,,283244400.0,2026-08-28,2026-09-04,,,2026-04-10,,0
1.1.1.4.2.1.21.4,Concreting,Tower 2,21st Floor,Civil Works- RCC,RCC,Concreting,,462567400.0,2026-09-04,2026-09-05,,,2026-04-17,,0
1.1.1.4.2.1.22,22nd floor slab,,,,,,,,2026-09-05,2026-09-15,,,2026-04-18,,
1.1.1.4.2.1.22.1,Reinforcement,Tower 2,22nd Floor,Civil Works- RCC,RCC,Reinforcement,,572084500.0,2026-09-05,2026-09-13,,,2026-04-18,,0
1.1.1.4.2.1.22.2,Wall conduiting,Tower 2,22nd Floor,MEP,Tower MEP,Electrical,,21339314.0,2026-09-06,2026-09-08,,,2026-04-19,,0
1.1.1.4.2.1.22.3,Formwork,Tower 2,22nd Floor,Civil Works- RCC,RCC,Shuttering- Conventional,,283244400.0,2026-09-07,2026-09-14,,,2026-04-20,,0
1.1.1.4.2.1.22.4,Concreting,Tower 2,22nd Floor,Civil Works- RCC,RCC,Concreting,,462567400.0,2026-09-14,2026-09-15,,,2026-04-27,,0
1.1.1.4.2.1.23,23rd floor slab,,,,,,,,2026-09-15,2026-09-25,,,2026-04-28,,
1.1.1.4.2.1.23.1,Reinforcement,Tower 2,23rd Floor,Civil Works- RCC,RCC,Reinforcement,,572084500.0,2026-09-15,2026-09-23,,,2026-04-28,,0
1.1.1.4.2.1.23.2,Wall conduiting,Tower 2,23rd Floor,MEP,Tower MEP,Electrical,,21339314.0,2026-09-16,2026-09-18,,,2026-04-29,,0
1.1.1.4.2.1.23.3,Formwork,Tower 2,23rd Floor,Civil Works- RCC,RCC,Shuttering- Conventional,,283244400.0,2026-09-17,2026-09-24,,,2026-04-30,,0
1.1.1.4.2.1.23.4,Concreting,Tower 2,23rd Floor,Civil Works- RCC,RCC,Concreting,,462567400.0,2026-09-24,2026-09-25,,,2026-05-07,,0
1.1.1.4.2.1.24,24th floor slab,,,,,,,,2026-09-25,2026-10-09,,,2026-05-08,,
1.1.1.4.2.1.24.1,Reinforcement,Tower 2,24th Floor,Civil Works- RCC,RCC,Reinforcement,,572084500.0,2026-09-25,2026-10-06,,,2026-05-08,,0
1.1.1.4.2.1.24.2,Wall conduiting,Tower 2,24th Floor,MEP,Tower MEP,Electrical,,21339314.0,2026-09-26,2026-09-28,,,2026-05-09,,0
1.1.1.4.2.1.24.3,Formwork,Tower 2,24th Floor,Civil Works- RCC,RCC,Shuttering- Conventional,,283244400.0,2026-09-27,2026-10-08,,,2026-05-10,,0
1.1.1.4.2.1.24.4,Concreting,Tower 2,24th Floor,Civil Works- RCC,RCC,Concreting,,462567400.0,2026-10-08,2026-10-09,,,2026-05-20,,0
1.1.1.4.2.1.25,25th floor slab,,,,,,,,2026-10-09,2026-10-24,,,2026-05-21,,
1.1.1.4.2.1.25.1,Reinforcement,Tower 2,25th Floor,Civil Works- RCC,RCC,Reinforcement,,572084500.0,2026-10-09,2026-10-21,,,2026-05-21,,0
1.1.1.4.2.1.25.2,Wall conduiting,Tower 2,25th Floor,MEP,Tower MEP,Electrical,,21339314.0,2026-10-10,2026-10-12,,,2026-05-22,,0
1.1.1.4.2.1.25.3,Formwork,Tower 2,25th Floor,Civil Works- RCC,RCC,Shuttering- Conventional,,283244400.0,2026-10-11,2026-10-23,,,2026-05-23,,0
1.1.1.4.2.1.25.4,Concreting,Tower 2,25th Floor,Civil Works- RCC,RCC,Concreting,,462567400.0,2026-10-23,2026-10-24,,,2026-06-02,,0
1.1.1.4.2.1.26,26th floor slab,,,,,,,,2026-10-24,2026-12-18,,,2026-06-03,,
1.1.1.4.2.1.26.1,Reinforcement,Tower 2,26th Floor,Civil Works- RCC,RCC,Reinforcement,,572084500.0,2026-10-24,2026-12-16,,,2026-06-03,,0
1.1.1.4.2.1.26.2,Wall conduiting,Tower 2,26th Floor,MEP,Tower MEP,Electrical,,21339314.0,2026-10-25,2026-10-27,,,2026-06-04,,0
1.1.1.4.2.1.26.3,Formwork,Tower 2,26th Floor,Civil Works- RCC,RCC,Shuttering- Conventional,,283244400.0,2026-10-26,2026-12-17,,,2026-06-05,,0
1.1.1.4.2.1.26.4,Concreting,Tower 2,26th Floor,Civil Works- RCC,RCC,Concreting,,462567400.0,2026-12-17,2026-12-18,,,2026-06-12,,0
1.1.1.4.2.1.27,27th floor slab,,,,,,,,2026-12-18,2026-12-28,,,2026-06-13,,
1.1.1.4.2.1.27.1,Reinforcement,Tower 2,27th Floor,Civil Works- RCC,RCC,Reinforcement,,572084500.0,2026-12-18,2026-12-26,,,2026-06-13,,0
1.1.1.4.2.1.27.2,Wall conduiting,Tower 2,27th Floor,MEP,Tower MEP,Electrical,,21339314.0,2026-12-19,2026-12-21,,,2026-06-14,,0
1.1.1.4.2.1.27.3,Formwork,Tower 2,27th Floor,Civil Works- RCC,RCC,Shuttering- Conventional,,283244400.0,2026-12-20,2026-12-27,,,2026-06-15,,0
1.1.1.4.2.1.27.4,Concreting,Tower 2,27th Floor,Civil Works- RCC,RCC,Concreting,,462567400.0,2026-12-27,2026-12-28,,,2026-06-22,,0
1.1.1.4.2.1.28,28th floor slab,,,,,,,,2026-12-28,2027-01-07,,,2026-06-23,,
1.1.1.4.2.1.28.1,Reinforcement,Tower 2,28th Floor,Civil Works- RCC,RCC,Reinforcement,,572084500.0,2026-12-28,2027-01-05,,,2026-06-23,,0
1.1.1.4.2.1.28.2,Wall conduiting,Tower 2,28th Floor,MEP,Tower MEP,Electrical,,21339314.0,2026-12-29,2026-12-31,,,2026-06-24,,0
1.1.1.4.2.1.28.3,Formwork,Tower 2,28th Floor,Civil Works- RCC,RCC,Shuttering- Conventional,,283244400.0,2026-12-30,2027-01-06,,,2026-06-25,,0
1.1.1.4.2.1.28.4,Concreting,Tower 2,28th Floor,Civil Works- RCC,RCC,Concreting,,462567400.0,2027-01-06,2027-01-07,,,2026-07-02,,0
1.1.1.4.2.1.29,29th floor slab,,,,,,,,2027-01-07,2027-01-17,,,2026-07-03,,
1.1.1.4.2.1.29.1,Reinforcement,Tower 2,29th Floor,Civil Works- RCC,RCC,Reinforcement,,572084500.0,2027-01-07,2027-01-15,,,2026-07-03,,0
1.1.1.4.2.1.29.2,Wall conduiting,Tower 2,29th Floor,MEP,Tower MEP,Electrical,,21339314.0,2027-01-08,2027-01-10,,,2026-07-04,,0
1.1.1.4.2.1.29.3,Formwork,Tower 2,29th Floor,Civil Works- RCC,RCC,Shuttering- Conventional,,283244400.0,2027-01-09,2027-01-16,,,2026-07-05,,0
1.1.1.4.2.1.29.4,Concreting,Tower 2,29th Floor,Civil Works- RCC,RCC,Concreting,,462567400.0,2027-01-16,2027-01-17,,,2026-07-12,,0
1.1.1.4.2.1.30,30th floor slab,,,,,,,,2027-01-17,2027-01-27,,,2026-07-13,,
1.1.1.4.2.1.30.1,Reinforcement,Tower 2,30th Floor,Civil Works- RCC,RCC,Reinforcement,,572084500.0,2027-01-17,2027-01-25,,,2026-07-13,,0
1.1.1.4.2.1.30.2,Wall conduiting,Tower 2,30th Floor,MEP,Tower MEP,Electrical,,21339314.0,2027-01-18,2027-01-20,,,2026-07-14,,0
1.1.1.4.2.1.30.3,Formwork,Tower 2,30th Floor,Civil Works- RCC,RCC,Shuttering- Conventional,,283244400.0,2027-01-19,2027-01-26,,,2026-07-15,,0
1.1.1.4.2.1.30.4,Concreting,Tower 2,30th Floor,Civil Works- RCC,RCC,Concreting,,462567400.0,2027-01-26,2027-01-27,,,2026-07-22,,0
1.1.1.4.2.1.31,31st floor slab,,,,,,,,2027-01-27,2027-02-06,,,2026-07-23,,
1.1.1.4.2.1.31.1,Reinforcement,Tower 2,31st Floor,Civil Works- RCC,RCC,Reinforcement,,572084500.0,2027-01-27,2027-02-03,,,2026-07-23,,0
1.1.1.4.2.1.31.2,Wall conduiting,Tower 2,31st Floor,MEP,Tower MEP,Electrical,,21339314.0,2027-01-28,2027-01-30,,,2026-07-24,,0
1.1.1.4.2.1.31.3,Formwork,Tower 2,31st Floor,Civil Works- RCC,RCC,Shuttering- Conventional,,283244400.0,2027-01-29,2027-02-05,,,2026-07-25,,0
1.1.1.4.2.1.31.4,Concreting,Tower 2,31st Floor,Civil Works- RCC,RCC,Concreting,,462567400.0,2027-02-05,2027-02-06,,,2026-08-03,,0
1.1.1.4.2.1.32,32nd floor slab,,,,,,,,2027-02-06,2027-02-20,,,2026-08-04,,
1.1.1.4.2.1.32.1,Reinforcement,Tower 2,32nd Floor,Civil Works- RCC,RCC,Reinforcement,,572084500.0,2027-02-06,2027-02-16,,,2026-08-04,,0
1.1.1.4.2.1.32.2,Wall conduiting,Tower 2,32nd Floor,MEP,Tower MEP,Electrical,,21339314.0,2027-02-07,2027-02-09,,,2026-08-05,,0
1.1.1.4.2.1.32.3,Formwork,Tower 2,32nd Floor,Civil Works- RCC,RCC,Shuttering- Conventional,,283244400.0,2027-02-08,2027-02-19,,,2026-08-06,,0
1.1.1.4.2.1.32.4,Concreting,Tower 2,32nd Floor,Civil Works- RCC,RCC,Concreting,,462567400.0,2027-02-19,2027-02-20,,,2026-08-16,,0
1.1.1.4.2.1.33,33rd floor slab,,,,,,,,2027-02-20,2027-03-02,,,2026-08-17,,
1.1.1.4.2.1.33.1,Reinforcement,Tower 2,33rd Floor,Civil Works- RCC,RCC,Reinforcement,,572084500.0,2027-02-20,2027-02-27,,,2026-08-17,,0
1.1.1.4.2.1.33.2,Wall conduiting,Tower 2,33rd Floor,MEP,Tower MEP,Electrical,,21339314.0,2027-02-21,2027-02-23,,,2026-08-18,,0
1.1.1.4.2.1.33.3,Formwork,Tower 2,33rd Floor,Civil Works- RCC,RCC,Shuttering- Conventional,,283244400.0,2027-02-22,2027-03-01,,,2026-08-19,,0
1.1.1.4.2.1.33.4,Concreting,Tower 2,33rd Floor,Civil Works- RCC,RCC,Concreting,,462567400.0,2027-03-01,2027-03-02,,,2026-08-28,,0
1.1.1.4.2.1.34,34th floor slab,,,,,,,,2027-03-02,2027-03-17,,,2026-08-29,,
1.1.1.4.2.1.34.1,Reinforcement,Tower 2,34th Floor,Civil Works- RCC,RCC,Reinforcement,,572084500.0,2027-03-02,2027-03-14,,,2026-08-29,,0
1.1.1.4.2.1.34.2,Wall conduiting,Tower 2,34th Floor,MEP,Tower MEP,Electrical,,21339314.0,2027-03-03,2027-03-05,,,2026-08-30,,0
1.1.1.4.2.1.34.3,Formwork,Tower 2,34th Floor,Civil Works- RCC,RCC,Shuttering- Conventional,,283244400.0,2027-03-04,2027-03-16,,,2026-08-31,,0
1.1.1.4.2.1.34.4,Concreting,Tower 2,34th Floor,Civil Works- RCC,RCC,Concreting,,462567400.0,2027-03-16,2027-03-17,,,2026-09-10,,0
1.1.1.4.2.1.35,35th floor slab,,,,,,,,2027-03-17,2027-03-29,,,2026-09-11,,
1.1.1.4.2.1.35.1,Reinforcement,Tower 2,35th Floor,Civil Works- RCC,RCC,Reinforcement,,572084500.0,2027-03-17,2027-03-25,,,2026-09-11,,0
1.1.1.4.2.1.35.2,Wall conduiting,Tower 2,35th Floor,MEP,Tower MEP,Electrical,,21339314.0,2027-03-18,2027-03-20,,,2026-09-12,,0
1.1.1.4.2.1.35.3,Formwork,Tower 2,35th Floor,Civil Works- RCC,RCC,Shuttering- Conventional,,283244400.0,2027-03-20,2027-03-28,,,2026-09-14,,0
1.1.1.4.2.1.35.4,Concreting,Tower 2,35th Floor,Civil Works- RCC,RCC,Concreting,,462567400.0,2027-03-28,2027-03-29,,,2026-09-22,,0
1.1.1.4.2.1.36,Terrace floor slab,,,,,,,,2027-03-29,2027-04-19,,,2026-09-23,,
1.1.1.4.2.1.36.1,Reinforcement,Tower 2,Terrace,Civil Works- RCC,RCC,Reinforcement,,195206925.0,2027-03-29,2027-04-16,,,2026-09-23,,0
1.1.1.4.2.1.36.2,Wall conduiting,Tower 2,Terrace,MEP,Common area-MEP,CA-Electrical,,10669700.0,2027-03-30,2027-04-01,,,2026-09-24,,0
1.1.1.4.2.1.36.3,Formwork,Tower 2,Terrace,Civil Works- RCC,RCC,Shuttering- Conventional,,96678000.0,2027-03-31,2027-04-18,,,2026-09-25,,0
1.1.1.4.2.1.36.4,Concreting,Tower 2,Terrace,Civil Works- RCC,RCC,Concreting,,169574600.0,2027-04-18,2027-04-19,,,2026-10-07,,0
1.1.1.4.2.1.37,OHT & Mumty,,,,,,,,2027-04-19,2027-05-29,,,2026-10-08,,
1.1.1.4.2.1.37.1,Reinforcement,Tower 2,,Civil Works- RCC,RCC,Reinforcement,,556612250.0,2027-04-19,2027-05-20,,,2026-10-08,,0
1.1.1.4.2.1.37.2,Wall conduiting,Tower 2,,MEP,Common area-MEP,CA-Electrical,,5334900.0,2027-04-20,2027-04-25,,,2026-10-09,,0
1.1.1.4.2.1.37.3,Formwork,Tower 2,,Civil Works- RCC,RCC,Shuttering- Conventional,,211437000.0,2027-04-25,2027-05-26,,,2026-10-14,,0
1.1.1.4.2.1.37.4,Concreting,Tower 2,,Civil Works- RCC,RCC,Concreting,,483638800.0,2027-05-26,2027-05-29,,,2026-12-31,,0
1.1.1.4.2.2,Post Pour Activities ,,,,,,,,2026-03-17,2027-05-27,,,2025-09-27,,
1.1.1.4.2.2.1,1st Floor,Tower 2,1st Floor,Civil Works- RCC,RCC,Post Pour,,0.0,2026-03-17,2026-03-28,,,2025-09-27,,0
1.1.1.4.2.2.2,2nd Floor ,Tower 2,2nd Floor,Civil Works- RCC,RCC,Post Pour,,0.0,2026-03-28,2026-04-08,,,2025-10-08,,0
1.1.1.4.2.2.3,3rd Floor ,Tower 2,3rd Floor,Civil Works- RCC,RCC,Post Pour,,0.0,2026-04-08,2026-04-19,,,2025-10-19,,0
1.1.1.4.2.2.4,4th Floor ,Tower 2,4th Floor,Civil Works- RCC,RCC,Post Pour,,0.0,2026-04-19,2026-04-30,,,2025-10-30,,0
1.1.1.4.2.2.5,5th Floor,Tower 2,5th Floor,Civil Works- RCC,RCC,Post Pour,,0.0,2026-04-30,2026-05-11,,,2025-12-25,,0
1.1.1.4.2.2.6,6th Floor,Tower 2,6th Floor,Civil Works- RCC,RCC,Post Pour,,0.0,2026-05-11,2026-05-22,,,2026-01-05,,0
1.1.1.4.2.2.7,7th Floor,Tower 2,7th Floor,Civil Works- RCC,RCC,Post Pour,,0.0,2026-05-22,2026-06-02,,,2026-01-16,,0
1.1.1.4.2.2.8,8th Floor,Tower 2,8th Floor,Civil Works- RCC,RCC,Post Pour,,0.0,2026-06-02,2026-06-13,,,2026-01-27,,0
1.1.1.4.2.2.9,9th Floor,Tower 2,9th Floor,Civil Works- RCC,RCC,Post Pour,,0.0,2026-06-13,2026-06-24,,,2026-02-07,,0
1.1.1.4.2.2.10,10th Floor,Tower 2,10th Floor,Civil Works- RCC,RCC,Post Pour,,0.0,2026-06-24,2026-07-04,,,2026-02-18,,0
1.1.1.4.2.2.11,11th Floor,Tower 2,11th Floor,Civil Works- RCC,RCC,Post Pour,,0.0,2026-07-04,2026-07-14,,,2026-02-28,,0
1.1.1.4.2.2.12,12th Floor,Tower 2,12th Floor,Civil Works- RCC,RCC,Post Pour,,0.0,2026-07-14,2026-07-24,,,2026-03-10,,0
1.1.1.4.2.2.13,13th Floor,Tower 2,13th Floor,Civil Works- RCC,RCC,Post Pour,,0.0,2026-07-24,2026-08-03,,,2026-03-20,,0
1.1.1.4.2.2.14,14th Floor,Tower 2,14th Floor,Civil Works- RCC,RCC,Post Pour,,0.0,2026-08-03,2026-08-14,,,2026-03-30,,0
1.1.1.4.2.2.15,15th Floor,Tower 2,15th Floor,Civil Works- RCC,RCC,Post Pour,,0.0,2026-08-14,2026-08-25,,,2026-04-10,,0
1.1.1.4.2.2.16,16th Floor,Tower 2,16th Floor,Civil Works- RCC,RCC,Post Pour,,0.0,2026-08-25,2026-09-05,,,2026-04-21,,0
1.1.1.4.2.2.17,17th Floor,Tower 2,17th Floor,Civil Works- RCC,RCC,Post Pour,,0.0,2026-09-05,2026-09-16,,,2026-05-02,,0
1.1.1.4.2.2.18,18th Floor,Tower 2,18th Floor,Civil Works- RCC,RCC,Post Pour,,0.0,2026-09-16,2026-09-27,,,2026-05-13,,0
1.1.1.4.2.2.19,19th Floor,Tower 2,19th Floor,Civil Works- RCC,RCC,Post Pour,,0.0,2026-09-27,2026-10-08,,,2026-05-24,,0
1.1.1.4.2.2.20,20th Floor,Tower 2,20th Floor,Civil Works- RCC,RCC,Post Pour,,0.0,2026-10-08,2026-10-19,,,2026-06-04,,0
1.1.1.4.2.2.21,21st Floor,Tower 2,21st Floor,Civil Works- RCC,RCC,Post Pour,,0.0,2026-10-19,2026-10-30,,,2026-06-15,,0
1.1.1.4.2.2.22,22nd Floor,Tower 2,22nd Floor,Civil Works- RCC,RCC,Post Pour,,0.0,2026-10-30,2026-12-25,,,2026-06-26,,0
1.1.1.4.2.2.23,23rd Floor,Tower 2,23rd Floor,Civil Works- RCC,RCC,Post Pour,,0.0,2026-12-25,2027-01-05,,,2026-07-07,,0
1.1.1.4.2.2.24,24th Floor,Tower 2,24th Floor,Civil Works- RCC,RCC,Post Pour,,0.0,2027-01-05,2027-01-16,,,2026-07-18,,0
1.1.1.4.2.2.25,25th Floor,Tower 2,25th Floor,Civil Works- RCC,RCC,Post Pour,,0.0,2027-01-16,2027-01-27,,,2026-07-29,,0
1.1.1.4.2.2.26,26th Floor,Tower 2,26th Floor,Civil Works- RCC,RCC,Post Pour,,0.0,2027-01-27,2027-02-07,,,2026-08-09,,0
1.1.1.4.2.2.27,27th Floor,Tower 2,27th Floor,Civil Works- RCC,RCC,Post Pour,,0.0,2027-02-07,2027-02-18,,,2026-08-20,,0
1.1.1.4.2.2.28,28th Floor,Tower 2,28th Floor,Civil Works- RCC,RCC,Post Pour,,0.0,2027-02-18,2027-03-01,,,2026-08-31,,0
1.1.1.4.2.2.29,29th Floor,Tower 2,29th Floor,Civil Works- RCC,RCC,Post Pour,,0.0,2027-03-01,2027-03-12,,,2026-09-11,,0
1.1.1.4.2.2.30,30th Floor,Tower 2,30th Floor,Civil Works- RCC,RCC,Post Pour,,0.0,2027-03-12,2027-03-23,,,2026-09-22,,0
1.1.1.4.2.2.31,31st Floor,Tower 2,31st Floor,Civil Works- RCC,RCC,Post Pour,,0.0,2027-03-23,2027-04-03,,,2026-10-03,,0
1.1.1.4.2.2.32,32nd Flood,Tower 2,,Civil Works- RCC,RCC,Concreting,,0.0,2027-04-03,2027-04-14,,,2026-10-14,,0
1.1.1.4.2.2.33,33rd Floor,Tower 2,33rd Floor,Civil Works- RCC,RCC,Post Pour,,0.0,2027-04-14,2027-04-25,,,2026-10-25,,0
1.1.1.4.2.2.34,34th Floor,Tower 2,34th Floor,Civil Works- RCC,RCC,Post Pour,,0.0,2027-04-25,2027-05-03,,,2026-12-20,,0
1.1.1.4.2.2.35,35th Floor,Tower 2,35th Floor,Civil Works- RCC,RCC,Post Pour,,0.0,2027-05-03,2027-05-11,,,2026-12-28,,0
1.1.1.4.2.2.36,Terrace,Tower 2,Terrace,Civil Works- RCC,RCC,Post Pour,,0.0,2027-05-11,2027-05-19,,,2027-01-05,,0
1.1.1.4.2.2.37,Mumty & Machine Room ,Tower 2,,Finishing,Tower Civil Finishes,Blockwork,,0.0,2027-05-19,2027-05-27,,,2027-01-13,,0
1.1.1.4.2.3,Finishing work,,,,,,,,2026-03-29,2028-08-26,,,2025-10-08,,
1.1.1.4.2.3.1,Flat finishing,,,,,,,,2026-03-29,2028-08-26,,,2025-10-08,,
1.1.1.4.2.3.1.1,1st Floor,,,,,,,,2026-03-29,2027-05-19,,,2025-10-08,,
1.1.1.4.2.3.1.1.1,Block Work,Tower 2,1st Floor,Finishing,Tower Civil Finishes,Blockwork,,33741386.0,2026-03-29,2026-04-06,,,2025-10-08,,0
1.1.1.4.2.3.1.1.2,Door Frame Fixing,Tower 2,1st Floor,Finishing,Tower Finishing,Door,,0.0,2026-04-06,2026-04-11,,,2025-10-16,,0
1.1.1.4.2.3.1.1.3,Internal Plumbing Works,Tower 2,1st Floor,MEP,Tower MEP,Plumbing,,26929500.0,2026-04-06,2026-04-16,,,2025-10-16,,0
1.1.1.4.2.3.1.1.4,Waterproofing,Tower 2,1st Floor,Finishing,Tower Civil Finishes,Waterproofing,,31272150.0,2026-04-16,2026-04-28,,,2025-10-26,,0
1.1.1.4.2.3.1.1.5,Internal Plaster,Tower 2,1st Floor,Finishing,Tower Civil Finishes,Int Plaster,,56646000.0,2026-04-11,2026-04-20,,,2025-10-21,,0
1.1.1.4.2.3.1.1.6,IPS flooring work,Tower 2,1st Floor,Finishing,Tower Finishing,Flooring,,19122600.0,2026-04-28,2026-05-07,,,2025-12-22,,0
1.1.1.4.2.3.1.1.7,Toilet dado work,Tower 2,1st Floor,Finishing,Tower Finishing,Flooring,,56945240.0,2027-03-09,2027-03-17,,,2025-12-22,,0
1.1.1.4.2.3.1.1.8,Toilet flooring work,Tower 2,1st Floor,Finishing,Tower Finishing,Flooring,,11119020.0,2027-03-17,2027-03-24,,,2025-12-30,,0
1.1.1.4.2.3.1.1.9,Living dinning flooring,Tower 2,1st Floor,Finishing,Tower Finishing,Flooring,,153346950.0,2027-03-24,2027-03-28,,,2026-01-06,,0
1.1.1.4.2.3.1.1.10,Aluminium door-window fixing,Tower 2,1st Floor,Finishing,Tower Finishing,Window,,112800000.0,2027-03-28,2027-04-05,,,2026-01-10,,0
1.1.1.4.2.3.1.1.11,Putty primer coat,Tower 2,1st Floor,Finishing,Tower Finishing,Paint,,12606000.0,2027-03-28,2027-04-06,,,2026-01-10,,0
1.1.1.4.2.3.1.1.12,Door shutter fixing,Tower 2,1st Floor,Finishing,Tower Finishing,Door,,77202200.0,2027-03-28,2027-04-05,,,2026-01-10,,0
1.1.1.4.2.3.1.1.13,Electrical wiring work,Tower 2,1st Floor,MEP,Tower MEP,Electrical,,56943068.0,2027-04-15,2027-04-27,,,2026-01-18,,0
1.1.1.4.2.3.1.1.14,Painting 1st coat,Tower 2,1st Floor,Finishing,Tower Finishing,Paint,,12606000.0,2027-04-27,2027-05-09,,,2026-01-30,,0
1.1.1.4.2.3.1.1.15,False ceiling,Tower 2,1st Floor,Finishing,Tower Finishing,False Ceiling,,29946000.0,2027-05-09,2027-05-19,,,2026-02-11,,0
1.1.1.4.2.3.1.2,2nd Floor,,,,,,,,2026-04-06,2027-05-31,,,2025-10-16,,
1.1.1.4.2.3.1.2.1,Block Work,Tower 2,2nd Floor,Finishing,Tower Civil Finishes,Blockwork,,33741386.0,2026-04-06,2026-04-14,,,2025-10-16,,0
1.1.1.4.2.3.1.2.2,Door Frame Fixing,Tower 2,2nd Floor,Finishing,Tower Finishing,Door,,0.0,2026-04-14,2026-04-19,,,2025-10-24,,0
1.1.1.4.2.3.1.2.3,Internal Plumbing Works,Tower 2,2nd Floor,MEP,Tower MEP,Plumbing,,26929500.0,2026-04-16,2026-04-26,,,2025-10-26,,0
1.1.1.4.2.3.1.2.4,Waterproofing,Tower 2,2nd Floor,Finishing,Tower Civil Finishes,Waterproofing,,31272150.0,2026-04-28,2026-05-10,,,2025-12-22,,0
1.1.1.4.2.3.1.2.5,Internal Plaster,Tower 2,2nd Floor,Finishing,Tower Civil Finishes,Int Plaster,,56646000.0,2026-04-20,2026-04-29,,,2025-10-31,,0
1.1.1.4.2.3.1.2.6,IPS flooring work,Tower 2,2nd Floor,Finishing,Tower Finishing,Flooring,,19122600.0,2026-05-10,2026-05-19,,,2026-01-03,,0
1.1.1.4.2.3.1.2.7,Toilet dado work,Tower 2,2nd Floor,Finishing,Tower Finishing,Flooring,,56945240.0,2027-03-17,2027-03-25,,,2026-01-03,,0
1.1.1.4.2.3.1.2.8,Toilet flooring work,Tower 2,2nd Floor,Finishing,Tower Finishing,Flooring,,11119020.0,2027-03-25,2027-04-01,,,2026-01-11,,0
1.1.1.4.2.3.1.2.9,Living dinning flooring,Tower 2,2nd Floor,Finishing,Tower Finishing,Flooring,,153346950.0,2027-04-01,2027-04-05,,,2026-01-18,,0
1.1.1.4.2.3.1.2.10,Aluminium door-window fixing,Tower 2,2nd Floor,Finishing,Tower Finishing,Window,,112800000.0,2027-04-05,2027-04-13,,,2026-01-23,,0
1.1.1.4.2.3.1.2.11,Putty primer coat,Tower 2,2nd Floor,Finishing,Tower Finishing,Paint,,12606000.0,2027-04-06,2027-04-12,,,2026-01-22,,0
1.1.1.4.2.3.1.2.12,Door shutter fixing,Tower 2,2nd Floor,Finishing,Tower Finishing,Door,,77202200.0,2027-04-05,2027-04-13,,,2026-01-22,,0
1.1.1.4.2.3.1.2.13,Electrical wiring work,Tower 2,2nd Floor,MEP,Tower MEP,Electrical,,56943068.0,2027-04-27,2027-05-09,,,2026-01-30,,0
1.1.1.4.2.3.1.2.14,Painting 1st coat,Tower 2,2nd Floor,Finishing,Tower Finishing,Paint,,12606000.0,2027-05-09,2027-05-21,,,2026-02-11,,0
1.1.1.4.2.3.1.2.15,False ceiling,Tower 2,2nd Floor,Finishing,Tower Finishing,False Ceiling,,29946000.0,2027-05-21,2027-05-31,,,2026-02-23,,0
1.1.1.4.2.3.1.3,3rd Floor,,,,,,,,2026-04-14,2027-06-12,,,2025-10-25,,
1.1.1.4.2.3.1.3.1,Block Work,Tower 2,3rd Floor,Finishing,Tower Civil Finishes,Blockwork,,33741386.0,2026-04-14,2026-04-22,,,2025-10-25,,0
1.1.1.4.2.3.1.3.2,Door Frame Fixing,Tower 2,3rd Floor,Finishing,Tower Finishing,Door,,0.0,2026-04-22,2026-04-27,,,2025-12-17,,0
1.1.1.4.2.3.1.3.3,Internal Plumbing Works,Tower 2,3rd Floor,MEP,Tower MEP,Plumbing,,26929500.0,2026-04-26,2026-05-06,,,2025-12-20,,0
1.1.1.4.2.3.1.3.4,Waterproofing,Tower 2,3rd Floor,Finishing,Tower Civil Finishes,Waterproofing,,31272150.0,2026-05-10,2026-05-22,,,2026-01-03,,0
1.1.1.4.2.3.1.3.5,Internal Plaster,Tower 2,3rd Floor,Finishing,Tower Civil Finishes,Int Plaster,,56646000.0,2026-04-29,2026-05-08,,,2025-12-24,,0
1.1.1.4.2.3.1.3.6,IPS flooring work,Tower 2,3rd Floor,Finishing,Tower Finishing,Flooring,,19122600.0,2026-05-22,2026-05-31,,,2026-01-15,,0
1.1.1.4.2.3.1.3.7,Toilet dado work,Tower 2,3rd Floor,Finishing,Tower Finishing,Flooring,,56945240.0,2027-03-25,2027-04-02,,,2026-01-15,,0
1.1.1.4.2.3.1.3.8,Toilet flooring work,Tower 2,3rd Floor,Finishing,Tower Finishing,Flooring,,11119020.0,2027-04-02,2027-04-09,,,2026-01-23,,0
1.1.1.4.2.3.1.3.9,Living dinning flooring,Tower 2,3rd Floor,Finishing,Tower Finishing,Flooring,,153346950.0,2027-04-09,2027-04-13,,,2026-01-30,,0
1.1.1.4.2.3.1.3.10,Aluminium door-window fixing,Tower 2,3rd Floor,Finishing,Tower Finishing,Window,,112800000.0,2027-04-13,2027-04-21,,,2026-02-04,,0
1.1.1.4.2.3.1.3.11,Putty primer coat,Tower 2,3rd Floor,Finishing,Tower Finishing,Paint,,12606000.0,2027-04-13,2027-04-19,,,2026-02-03,,0
1.1.1.4.2.3.1.3.12,Door shutter fixing,Tower 2,3rd Floor,Finishing,Tower Finishing,Door,,77202200.0,2027-04-13,2027-04-21,,,2026-02-03,,0
1.1.1.4.2.3.1.3.13,Electrical wiring work,Tower 2,3rd Floor,MEP,Tower MEP,Electrical,,56943068.0,2027-05-09,2027-05-21,,,2026-02-11,,0
1.1.1.4.2.3.1.3.14,Painting 1st coat,Tower 2,3rd Floor,Finishing,Tower Finishing,Paint,,12606000.0,2027-05-21,2027-06-02,,,2026-02-23,,0
1.1.1.4.2.3.1.3.15,False ceiling,Tower 2,3rd Floor,Finishing,Tower Finishing,False Ceiling,,29946000.0,2027-06-02,2027-06-12,,,2026-03-07,,0
1.1.1.4.2.3.1.4,4th Floor,,,,,,,,2026-04-22,2027-06-24,,,2025-12-17,,
1.1.1.4.2.3.1.4.1,Block Work,Tower 2,4th Floor,Finishing,Tower Civil Finishes,Blockwork,,33741386.0,2026-04-22,2026-04-30,,,2025-12-17,,0
1.1.1.4.2.3.1.4.2,Door Frame Fixing,Tower 2,4th Floor,Finishing,Tower Finishing,Door,,0.0,2026-04-30,2026-05-05,,,2025-12-25,,0
1.1.1.4.2.3.1.4.3,Internal Plumbing Works,Tower 2,4th Floor,MEP,Tower MEP,Plumbing,,26929500.0,2026-05-06,2026-05-16,,,2025-12-30,,0
1.1.1.4.2.3.1.4.4,Waterproofing,Tower 2,4th Floor,Finishing,Tower Civil Finishes,Waterproofing,,31272150.0,2026-05-22,2026-06-03,,,2026-01-15,,0
1.1.1.4.2.3.1.4.5,Internal Plaster,Tower 2,4th Floor,Finishing,Tower Civil Finishes,Int Plaster,,56646000.0,2026-05-09,2026-05-18,,,2026-01-02,,0
1.1.1.4.2.3.1.4.6,IPS flooring work,Tower 2,4th Floor,Finishing,Tower Finishing,Flooring,,19122600.0,2026-06-03,2026-06-12,,,2026-01-27,,0
1.1.1.4.2.3.1.4.7,Toilet dado work,Tower 2,4th Floor,Finishing,Tower Finishing,Flooring,,56945240.0,2027-04-02,2027-04-10,,,2026-01-27,,0
1.1.1.4.2.3.1.4.8,Toilet flooring work,Tower 2,4th Floor,Finishing,Tower Finishing,Flooring,,11119020.0,2027-04-10,2027-04-17,,,2026-02-04,,0
1.1.1.4.2.3.1.4.9,Living dinning flooring,Tower 2,4th Floor,Finishing,Tower Finishing,Flooring,,153346950.0,2027-04-17,2027-04-21,,,2026-02-11,,0
1.1.1.4.2.3.1.4.10,Aluminium door-window fixing,Tower 2,4th Floor,Finishing,Tower Finishing,Window,,112800000.0,2027-04-22,2027-04-30,,,2026-02-16,,0
1.1.1.4.2.3.1.4.11,Putty primer coat,Tower 2,4th Floor,Finishing,Tower Finishing,Paint,,12606000.0,2027-04-21,2027-04-27,,,2026-02-15,,0
1.1.1.4.2.3.1.4.12,Door shutter fixing,Tower 2,4th Floor,Finishing,Tower Finishing,Door,,77202200.0,2027-04-21,2027-04-29,,,2026-02-15,,0
1.1.1.4.2.3.1.4.13,Electrical wiring work,Tower 2,4th Floor,MEP,Tower MEP,Electrical,,56943068.0,2027-05-21,2027-06-02,,,2026-02-23,,0
1.1.1.4.2.3.1.4.14,Painting 1st coat,Tower 2,4th Floor,Finishing,Tower Finishing,Paint,,12606000.0,2027-06-02,2027-06-14,,,2026-03-07,,0
1.1.1.4.2.3.1.4.15,False ceiling,Tower 2,4th Floor,Finishing,Tower Finishing,False Ceiling,,29946000.0,2027-06-14,2027-06-24,,,2026-03-19,,0
1.1.1.4.2.3.1.5,5th Floor,,,,,,,,2026-05-01,2027-07-09,,,2025-12-25,,
1.1.1.4.2.3.1.5.1,Block Work,Tower 2,5th Floor,Finishing,Tower Civil Finishes,Blockwork,,33741386.0,2026-05-01,2026-05-09,,,2025-12-25,,0
1.1.1.4.2.3.1.5.2,Door Frame Fixing,Tower 2,5th Floor,Finishing,Tower Finishing,Door,,0.0,2026-05-09,2026-05-14,,,2026-01-02,,0
1.1.1.4.2.3.1.5.3,Internal Plumbing Works,Tower 2,5th Floor,MEP,Tower MEP,Plumbing,,26929500.0,2026-05-16,2026-05-26,,,2026-01-09,,0
1.1.1.4.2.3.1.5.4,Waterproofing,Tower 2,5th Floor,Finishing,Tower Civil Finishes,Waterproofing,,31272150.0,2026-06-03,2026-06-15,,,2026-01-27,,0
1.1.1.4.2.3.1.5.5,Internal Plaster,Tower 2,5th Floor,Finishing,Tower Civil Finishes,Int Plaster,,56646000.0,2026-05-18,2026-05-27,,,2026-01-11,,0
1.1.1.4.2.3.1.5.6,IPS flooring work,Tower 2,5th Floor,Finishing,Tower Finishing,Flooring,,19122600.0,2026-06-15,2026-06-24,,,2026-02-08,,0
1.1.1.4.2.3.1.5.7,Toilet dado work,Tower 2,5th Floor,Finishing,Tower Finishing,Flooring,,56945240.0,2027-04-10,2027-04-18,,,2026-02-08,,0
1.1.1.4.2.3.1.5.8,Toilet flooring work,Tower 2,5th Floor,Finishing,Tower Finishing,Flooring,,11119020.0,2027-04-18,2027-04-25,,,2026-02-16,,0
1.1.1.4.2.3.1.5.9,Living dinning flooring,Tower 2,5th Floor,Finishing,Tower Finishing,Flooring,,153346950.0,2027-04-25,2027-04-29,,,2026-02-23,,0
1.1.1.4.2.3.1.5.10,Aluminium door-window fixing,Tower 2,5th Floor,Finishing,Tower Finishing,Window,,112800000.0,2027-04-30,2027-05-08,,,2026-02-28,,0
1.1.1.4.2.3.1.5.11,Putty primer coat,Tower 2,5th Floor,Finishing,Tower Finishing,Paint,,12606000.0,2027-04-29,2027-05-05,,,2026-02-27,,0
1.1.1.4.2.3.1.5.12,Door shutter fixing,Tower 2,5th Floor,Finishing,Tower Finishing,Door,,77202200.0,2027-04-29,2027-05-07,,,2026-02-27,,0
1.1.1.4.2.3.1.5.13,Electrical wiring work,Tower 2,5th Floor,MEP,Tower MEP,Electrical,,56943068.0,2027-06-02,2027-06-14,,,2026-03-07,,0
1.1.1.4.2.3.1.5.14,Painting 1st coat,Tower 2,5th Floor,Finishing,Tower Finishing,Paint,,12606000.0,2027-06-14,2027-06-29,,,2026-03-19,,0
1.1.1.4.2.3.1.5.15,False ceiling,Tower 2,5th Floor,Finishing,Tower Finishing,False Ceiling,,29946000.0,2027-06-29,2027-07-09,,,2026-04-03,,0
1.1.1.4.2.3.1.6,6th Floor,,,,,,,,2026-05-09,2027-07-21,,,2026-01-02,,
1.1.1.4.2.3.1.6.1,Block Work,Tower 2,6th Floor,Finishing,Tower Civil Finishes,Blockwork,,33741386.0,2026-05-09,2026-05-17,,,2026-01-02,,0
1.1.1.4.2.3.1.6.2,Door Frame Fixing,Tower 2,6th Floor,Finishing,Tower Finishing,Door,,0.0,2026-05-14,2026-05-19,,,2026-01-07,,0
1.1.1.4.2.3.1.6.3,Internal Plumbing Works,Tower 2,6th Floor,MEP,Tower MEP,Plumbing,,26929500.0,2026-05-26,2026-06-05,,,2026-01-19,,0
1.1.1.4.2.3.1.6.4,Waterproofing,Tower 2,6th Floor,Finishing,Tower Civil Finishes,Waterproofing,,31272150.0,2026-06-15,2026-06-27,,,2026-02-08,,0
1.1.1.4.2.3.1.6.5,Internal Plaster,Tower 2,6th Floor,Finishing,Tower Civil Finishes,Int Plaster,,56646000.0,2026-05-27,2026-06-05,,,2026-01-20,,0
1.1.1.4.2.3.1.6.6,IPS flooring work,Tower 2,6th Floor,Finishing,Tower Finishing,Flooring,,19122600.0,2026-06-27,2026-07-06,,,2026-02-20,,0
1.1.1.4.2.3.1.6.7,Toilet dado work,Tower 2,6th Floor,Finishing,Tower Finishing,Flooring,,56945240.0,2027-04-18,2027-04-26,,,2026-02-20,,0
1.1.1.4.2.3.1.6.8,Toilet flooring work,Tower 2,6th Floor,Finishing,Tower Finishing,Flooring,,11119020.0,2027-04-26,2027-05-03,,,2026-02-28,,0
1.1.1.4.2.3.1.6.9,Living dinning flooring,Tower 2,6th Floor,Finishing,Tower Finishing,Flooring,,153346950.0,2027-05-03,2027-05-07,,,2026-03-07,,0
1.1.1.4.2.3.1.6.10,Aluminium door-window fixing,Tower 2,6th Floor,Finishing,Tower Finishing,Window,,112800000.0,2027-05-08,2027-05-16,,,2026-03-12,,0
1.1.1.4.2.3.1.6.11,Putty primer coat,Tower 2,6th Floor,Finishing,Tower Finishing,Paint,,12606000.0,2027-05-07,2027-05-13,,,2026-03-11,,0
1.1.1.4.2.3.1.6.12,Door shutter fixing,Tower 2,6th Floor,Finishing,Tower Finishing,Door,,77202200.0,2027-05-07,2027-05-15,,,2026-03-11,,0
1.1.1.4.2.3.1.6.13,Electrical wiring work,Tower 2,6th Floor,MEP,Tower MEP,Electrical,,56943068.0,2027-06-14,2027-06-26,,,2026-03-19,,0
1.1.1.4.2.3.1.6.14,Painting 1st coat,Tower 2,6th Floor,Finishing,Tower Finishing,Paint,,12606000.0,2027-06-29,2027-07-11,,,2026-04-03,,0
1.1.1.4.2.3.1.6.15,False ceiling,Tower 2,6th Floor,Finishing,Tower Finishing,False Ceiling,,29946000.0,2027-07-11,2027-07-21,,,2026-04-15,,0
1.1.1.4.2.3.1.7,7th Floor,,,,,,,,2026-05-17,2027-08-02,,,2026-01-10,,
1.1.1.4.2.3.1.7.1,Block Work,Tower 2,7th Floor,Finishing,Tower Civil Finishes,Blockwork,,33741386.0,2026-05-17,2026-05-25,,,2026-01-10,,0
1.1.1.4.2.3.1.7.2,Door Frame Fixing,Tower 2,7th Floor,Finishing,Tower Finishing,Door,,0.0,2026-05-25,2026-05-30,,,2026-01-18,,0
1.1.1.4.2.3.1.7.3,Internal Plumbing Works,Tower 2,7th Floor,MEP,Tower MEP,Plumbing,,26929500.0,2026-06-05,2026-06-15,,,2026-01-29,,0
1.1.1.4.2.3.1.7.4,Waterproofing,Tower 2,7th Floor,Finishing,Tower Civil Finishes,Waterproofing,,31272150.0,2026-06-27,2026-07-09,,,2026-02-20,,0
1.1.1.4.2.3.1.7.5,Internal Plaster,Tower 2,7th Floor,Finishing,Tower Civil Finishes,Int Plaster,,56646000.0,2026-06-05,2026-06-14,,,2026-01-30,,0
1.1.1.4.2.3.1.7.6,IPS flooring work,Tower 2,7th Floor,Finishing,Tower Finishing,Flooring,,19122600.0,2026-07-09,2026-07-18,,,2026-03-04,,0
1.1.1.4.2.3.1.7.7,Toilet dado work,Tower 2,7th Floor,Finishing,Tower Finishing,Flooring,,56945240.0,2027-04-26,2027-05-04,,,2026-03-04,,0
1.1.1.4.2.3.1.7.8,Toilet flooring work,Tower 2,7th Floor,Finishing,Tower Finishing,Flooring,,11119020.0,2027-05-04,2027-05-11,,,2026-03-12,,0
1.1.1.4.2.3.1.7.9,Living dinning flooring,Tower 2,7th Floor,Finishing,Tower Finishing,Flooring,,153346950.0,2027-05-07,2027-05-10,,,2026-03-12,,0
1.1.1.4.2.3.1.7.10,Aluminium door-window fixing,Tower 2,7th Floor,Finishing,Tower Finishing,Window,,112800000.0,2027-05-16,2027-05-24,,,2026-03-20,,0
1.1.1.4.2.3.1.7.11,Putty primer coat,Tower 2,7th Floor,Finishing,Tower Finishing,Paint,,12606000.0,2027-05-13,2027-05-19,,,2026-03-17,,0
1.1.1.4.2.3.1.7.12,Door shutter fixing,Tower 2,7th Floor,Finishing,Tower Finishing,Door,,77202200.0,2027-05-15,2027-05-23,,,2026-03-19,,0
1.1.1.4.2.3.1.7.13,Electrical wiring work,Tower 2,7th Floor,MEP,Tower MEP,Electrical,,56943068.0,2027-06-26,2027-07-08,,,2026-03-31,,0
1.1.1.4.2.3.1.7.14,Painting 1st coat,Tower 2,7th Floor,Finishing,Tower Finishing,Paint,,12606000.0,2027-07-11,2027-07-23,,,2026-04-15,,0
1.1.1.4.2.3.1.7.15,False ceiling,Tower 2,7th Floor,Finishing,Tower Finishing,False Ceiling,,29946000.0,2027-07-23,2027-08-02,,,2026-04-27,,0
1.1.1.4.2.3.1.8,8th Floor,,,,,,,,2026-05-25,2027-08-14,,,2026-01-19,,
1.1.1.4.2.3.1.8.1,Block Work,Tower 2,8th Floor,Finishing,Tower Civil Finishes,Blockwork,,33741386.0,2026-05-25,2026-06-02,,,2026-01-19,,0
1.1.1.4.2.3.1.8.2,Door Frame Fixing,Tower 2,8th Floor,Finishing,Tower Finishing,Door,,0.0,2026-06-02,2026-06-07,,,2026-01-27,,0
1.1.1.4.2.3.1.8.3,Internal Plumbing Works,Tower 2,8th Floor,MEP,Tower MEP,Plumbing,,26929500.0,2026-06-15,2026-06-25,,,2026-02-08,,0
1.1.1.4.2.3.1.8.4,Waterproofing,Tower 2,8th Floor,Finishing,Tower Civil Finishes,Waterproofing,,31272150.0,2026-07-09,2026-07-21,,,2026-03-04,,0
1.1.1.4.2.3.1.8.5,Internal Plaster,Tower 2,8th Floor,Finishing,Tower Civil Finishes,Int Plaster,,56646000.0,2026-06-14,2026-06-23,,,2026-02-08,,0
1.1.1.4.2.3.1.8.6,IPS flooring work,Tower 2,8th Floor,Finishing,Tower Finishing,Flooring,,19122600.0,2026-07-21,2026-07-30,,,2026-03-16,,0
1.1.1.4.2.3.1.8.7,Toilet dado work,Tower 2,8th Floor,Finishing,Tower Finishing,Flooring,,56945240.0,2027-05-04,2027-05-12,,,2026-03-16,,0
1.1.1.4.2.3.1.8.8,Toilet flooring work,Tower 2,8th Floor,Finishing,Tower Finishing,Flooring,,11119020.0,2027-05-12,2027-05-19,,,2026-03-24,,0
1.1.1.4.2.3.1.8.9,Living dinning flooring,Tower 2,8th Floor,Finishing,Tower Finishing,Flooring,,153346950.0,2027-05-10,2027-05-13,,,2026-03-15,,0
1.1.1.4.2.3.1.8.10,Aluminium door-window fixing,Tower 2,8th Floor,Finishing,Tower Finishing,Window,,112800000.0,2027-05-24,2027-06-05,,,2026-03-28,,0
1.1.1.4.2.3.1.8.11,Putty primer coat,Tower 2,8th Floor,Finishing,Tower Finishing,Paint,,12606000.0,2027-05-19,2027-05-25,,,2026-03-23,,0
1.1.1.4.2.3.1.8.12,Door shutter fixing,Tower 2,8th Floor,Finishing,Tower Finishing,Door,,77202200.0,2027-05-23,2027-05-31,,,2026-03-27,,0
1.1.1.4.2.3.1.8.13,Electrical wiring work,Tower 2,8th Floor,MEP,Tower MEP,Electrical,,56943068.0,2027-07-08,2027-07-20,,,2026-04-12,,0
1.1.1.4.2.3.1.8.14,Painting 1st coat,Tower 2,8th Floor,Finishing,Tower Finishing,Paint,,12606000.0,2027-07-23,2027-08-04,,,2026-04-27,,0
1.1.1.4.2.3.1.8.15,False ceiling,Tower 2,8th Floor,Finishing,Tower Finishing,False Ceiling,,29946000.0,2027-08-04,2027-08-14,,,2026-05-09,,0
1.1.1.4.2.3.1.9,9th Floor,,,,,,,,2026-06-02,2027-08-26,,,2026-01-27,,
1.1.1.4.2.3.1.9.1,Block Work,Tower 2,9th Floor,Finishing,Tower Civil Finishes,Blockwork,,33741386.0,2026-06-02,2026-06-10,,,2026-01-27,,0
1.1.1.4.2.3.1.9.2,Door Frame Fixing,Tower 2,9th Floor,Finishing,Tower Finishing,Door,,0.0,2026-06-10,2026-06-15,,,2026-02-04,,0
1.1.1.4.2.3.1.9.3,Internal Plumbing Works,Tower 2,9th Floor,MEP,Tower MEP,Plumbing,,26929500.0,2026-06-25,2026-07-05,,,2026-02-18,,0
1.1.1.4.2.3.1.9.4,Waterproofing,Tower 2,9th Floor,Finishing,Tower Civil Finishes,Waterproofing,,31272150.0,2026-07-21,2026-08-02,,,2026-03-16,,0
1.1.1.4.2.3.1.9.5,Internal Plaster,Tower 2,9th Floor,Finishing,Tower Civil Finishes,Int Plaster,,56646000.0,2026-06-24,2026-07-03,,,2026-02-17,,0
1.1.1.4.2.3.1.9.6,IPS flooring work,Tower 2,9th Floor,Finishing,Tower Finishing,Flooring,,19122600.0,2026-08-02,2026-08-11,,,2026-03-28,,0
1.1.1.4.2.3.1.9.7,Toilet dado work,Tower 2,9th Floor,Finishing,Tower Finishing,Flooring,,56945240.0,2027-05-12,2027-05-20,,,2026-03-28,,0
1.1.1.4.2.3.1.9.8,Toilet flooring work,Tower 2,9th Floor,Finishing,Tower Finishing,Flooring,,11119020.0,2027-05-20,2027-05-27,,,2026-04-05,,0
1.1.1.4.2.3.1.9.9,Living dinning flooring,Tower 2,9th Floor,Finishing,Tower Finishing,Flooring,,153346950.0,2027-05-14,2027-05-17,,,2026-03-18,,0
1.1.1.4.2.3.1.9.10,Aluminium door-window fixing,Tower 2,9th Floor,Finishing,Tower Finishing,Window,,112800000.0,2027-06-06,2027-06-18,,,2026-04-09,,0
1.1.1.4.2.3.1.9.11,Putty primer coat,Tower 2,9th Floor,Finishing,Tower Finishing,Paint,,12606000.0,2027-05-25,2027-05-31,,,2026-03-29,,0
1.1.1.4.2.3.1.9.12,Door shutter fixing,Tower 2,9th Floor,Finishing,Tower Finishing,Door,,77202200.0,2027-05-31,2027-06-08,,,2026-04-04,,0
1.1.1.4.2.3.1.9.13,Electrical wiring work,Tower 2,9th Floor,MEP,Tower MEP,Electrical,,56943068.0,2027-07-20,2027-08-01,,,2026-04-24,,0
1.1.1.4.2.3.1.9.14,Painting 1st coat,Tower 2,9th Floor,Finishing,Tower Finishing,Paint,,12606000.0,2027-08-04,2027-08-16,,,2026-05-09,,0
1.1.1.4.2.3.1.9.15,False ceiling,Tower 2,9th Floor,Finishing,Tower Finishing,False Ceiling,,29946000.0,2027-08-16,2027-08-26,,,2026-05-21,,0
1.1.1.4.2.3.1.10,10th Floor,,,,,,,,2026-06-11,2027-09-07,,,2026-02-04,,
1.1.1.4.2.3.1.10.1,Block Work,Tower 2,10th Floor,Finishing,Tower Civil Finishes,Blockwork,,33741386.0,2026-06-11,2026-06-19,,,2026-02-04,,0
1.1.1.4.2.3.1.10.2,Door Frame Fixing,Tower 2,10th Floor,Finishing,Tower Finishing,Door,,0.0,2026-06-19,2026-06-24,,,2026-02-12,,0
1.1.1.4.2.3.1.10.3,Internal Plumbing Works,Tower 2,10th Floor,MEP,Tower MEP,Plumbing,,26929500.0,2026-07-05,2026-07-15,,,2026-02-28,,0
1.1.1.4.2.3.1.10.4,Waterproofing,Tower 2,10th Floor,Finishing,Tower Civil Finishes,Waterproofing,,31272150.0,2026-08-02,2026-08-14,,,2026-03-28,,0
1.1.1.4.2.3.1.10.5,Internal Plaster,Tower 2,10th Floor,Finishing,Tower Civil Finishes,Int Plaster,,56646000.0,2026-07-03,2026-07-12,,,2026-02-26,,0
1.1.1.4.2.3.1.10.6,IPS flooring work,Tower 2,10th Floor,Finishing,Tower Finishing,Flooring,,19122600.0,2026-08-14,2026-08-23,,,2026-04-09,,0
1.1.1.4.2.3.1.10.7,Toilet dado work,Tower 2,10th Floor,Finishing,Tower Finishing,Flooring,,56945240.0,2027-05-20,2027-05-28,,,2026-04-09,,0
1.1.1.4.2.3.1.10.8,Toilet flooring work,Tower 2,10th Floor,Finishing,Tower Finishing,Flooring,,11119020.0,2027-05-28,2027-06-04,,,2026-04-17,,0
1.1.1.4.2.3.1.10.9,Living dinning flooring,Tower 2,10th Floor,Finishing,Tower Finishing,Flooring,,153346950.0,2027-05-17,2027-05-20,,,2026-03-21,,0
1.1.1.4.2.3.1.10.10,Aluminium door-window fixing,Tower 2,10th Floor,Finishing,Tower Finishing,Window,,112800000.0,2027-06-18,2027-06-30,,,2026-04-21,,0
1.1.1.4.2.3.1.10.11,Putty primer coat,Tower 2,10th Floor,Finishing,Tower Finishing,Paint,,12606000.0,2027-05-31,2027-06-06,,,2026-04-04,,0
1.1.1.4.2.3.1.10.12,Door shutter fixing,Tower 2,10th Floor,Finishing,Tower Finishing,Door,,77202200.0,2027-06-08,2027-06-16,,,2026-04-12,,0
1.1.1.4.2.3.1.10.13,Electrical wiring work,Tower 2,10th Floor,MEP,Tower MEP,Electrical,,56943068.0,2027-08-01,2027-08-13,,,2026-05-06,,0
1.1.1.4.2.3.1.10.14,Painting 1st coat,Tower 2,10th Floor,Finishing,Tower Finishing,Paint,,12606000.0,2027-08-16,2027-08-28,,,2026-05-21,,0
1.1.1.4.2.3.1.10.15,False ceiling,Tower 2,10th Floor,Finishing,Tower Finishing,False Ceiling,,29946000.0,2027-08-28,2027-09-07,,,2026-06-02,,0
1.1.1.4.2.3.1.11,11th Floor,,,,,,,,2026-06-19,2027-09-19,,,2026-02-12,,
1.1.1.4.2.3.1.11.1,Block Work,Tower 2,11th Floor,Finishing,Tower Civil Finishes,Blockwork,,33741386.0,2026-06-19,2026-06-27,,,2026-02-12,,0
1.1.1.4.2.3.1.11.2,Door Frame Fixing,Tower 2,11th Floor,Finishing,Tower Finishing,Door,,0.0,2026-06-27,2026-07-02,,,2026-02-20,,0
1.1.1.4.2.3.1.11.3,Internal Plumbing Works,Tower 2,11th Floor,MEP,Tower MEP,Plumbing,,26929500.0,2026-07-15,2026-07-25,,,2026-03-10,,0
1.1.1.4.2.3.1.11.4,Waterproofing,Tower 2,11th Floor,Finishing,Tower Civil Finishes,Waterproofing,,31272150.0,2026-08-14,2026-08-26,,,2026-04-09,,0
1.1.1.4.2.3.1.11.5,Internal Plaster,Tower 2,11th Floor,Finishing,Tower Civil Finishes,Int Plaster,,56646000.0,2026-07-12,2026-07-21,,,2026-03-08,,0
1.1.1.4.2.3.1.11.6,IPS flooring work,Tower 2,11th Floor,Finishing,Tower Finishing,Flooring,,19122600.0,2026-08-26,2026-09-04,,,2026-04-21,,0
1.1.1.4.2.3.1.11.7,Toilet dado work,Tower 2,11th Floor,Finishing,Tower Finishing,Flooring,,56945240.0,2027-05-28,2027-06-05,,,2026-04-21,,0
1.1.1.4.2.3.1.11.8,Toilet flooring work,Tower 2,11th Floor,Finishing,Tower Finishing,Flooring,,11119020.0,2027-06-05,2027-06-12,,,2026-04-29,,0
1.1.1.4.2.3.1.11.9,Living dinning flooring,Tower 2,11th Floor,Finishing,Tower Finishing,Flooring,,153346950.0,2027-05-20,2027-05-24,,,2026-03-24,,0
1.1.1.4.2.3.1.11.10,Aluminium door-window fixing,Tower 2,11th Floor,Finishing,Tower Finishing,Window,,112800000.0,2027-06-30,2027-07-12,,,2026-05-04,,0
1.1.1.4.2.3.1.11.11,Putty primer coat,Tower 2,11th Floor,Finishing,Tower Finishing,Paint,,12606000.0,2027-06-06,2027-06-12,,,2026-04-10,,0
1.1.1.4.2.3.1.11.12,Door shutter fixing,Tower 2,11th Floor,Finishing,Tower Finishing,Door,,77202200.0,2027-06-16,2027-06-24,,,2026-04-20,,0
1.1.1.4.2.3.1.11.13,Electrical wiring work,Tower 2,11th Floor,MEP,Tower MEP,Electrical,,56943068.0,2027-08-13,2027-08-25,,,2026-05-18,,0
1.1.1.4.2.3.1.11.14,Painting 1st coat,Tower 2,11th Floor,Finishing,Tower Finishing,Paint,,12606000.0,2027-08-28,2027-09-09,,,2026-06-02,,0
1.1.1.4.2.3.1.11.15,False ceiling,Tower 2,11th Floor,Finishing,Tower Finishing,False Ceiling,,29946000.0,2027-09-09,2027-09-19,,,2026-06-14,,0
1.1.1.4.2.3.1.12,12th Floor,,,,,,,,2026-06-27,2027-10-01,,,2026-02-21,,
1.1.1.4.2.3.1.12.1,Block Work,Tower 2,12th Floor,Finishing,Tower Civil Finishes,Blockwork,,33741386.0,2026-06-27,2026-07-05,,,2026-02-21,,0
1.1.1.4.2.3.1.12.2,Door Frame Fixing,Tower 2,12th Floor,Finishing,Tower Finishing,Door,,0.0,2026-07-05,2026-07-10,,,2026-03-01,,0
1.1.1.4.2.3.1.12.3,Internal Plumbing Works,Tower 2,12th Floor,MEP,Tower MEP,Plumbing,,26929500.0,2026-07-25,2026-08-04,,,2026-03-20,,0
1.1.1.4.2.3.1.12.4,Waterproofing,Tower 2,12th Floor,Finishing,Tower Civil Finishes,Waterproofing,,31272150.0,2026-08-26,2026-09-07,,,2026-04-21,,0
1.1.1.4.2.3.1.12.5,Internal Plaster,Tower 2,12th Floor,Finishing,Tower Civil Finishes,Int Plaster,,56646000.0,2026-07-21,2026-07-28,,,2026-03-17,,0
1.1.1.4.2.3.1.12.6,IPS flooring work,Tower 2,12th Floor,Finishing,Tower Finishing,Flooring,,19122600.0,2026-09-07,2026-09-16,,,2026-05-03,,0
1.1.1.4.2.3.1.12.7,Toilet dado work,Tower 2,12th Floor,Finishing,Tower Finishing,Flooring,,56945240.0,2027-06-05,2027-06-13,,,2026-05-03,,0
1.1.1.4.2.3.1.12.8,Toilet flooring work,Tower 2,12th Floor,Finishing,Tower Finishing,Flooring,,11119020.0,2027-06-13,2027-06-20,,,2026-05-11,,0
1.1.1.4.2.3.1.12.9,Living dinning flooring,Tower 2,12th Floor,Finishing,Tower Finishing,Flooring,,153346950.0,2027-05-24,2027-06-05,,,2026-03-29,,0
1.1.1.4.2.3.1.12.10,Aluminium door-window fixing,Tower 2,12th Floor,Finishing,Tower Finishing,Window,,112800000.0,2027-07-12,2027-07-24,,,2026-05-16,,0
1.1.1.4.2.3.1.12.11,Putty primer coat,Tower 2,12th Floor,Finishing,Tower Finishing,Paint,,12606000.0,2027-06-12,2027-06-18,,,2026-04-16,,0
1.1.1.4.2.3.1.12.12,Door shutter fixing,Tower 2,12th Floor,Finishing,Tower Finishing,Door,,77202200.0,2027-06-24,2027-07-02,,,2026-04-28,,0
1.1.1.4.2.3.1.12.13,Electrical wiring work,Tower 2,12th Floor,MEP,Tower MEP,Electrical,,56943068.0,2027-08-25,2027-09-06,,,2026-05-30,,0
1.1.1.4.2.3.1.12.14,Painting 1st coat,Tower 2,12th Floor,Finishing,Tower Finishing,Paint,,12606000.0,2027-09-09,2027-09-21,,,2026-06-14,,0
1.1.1.4.2.3.1.12.15,False ceiling,Tower 2,12th Floor,Finishing,Tower Finishing,False Ceiling,,29946000.0,2027-09-21,2027-10-01,,,2026-06-26,,0
1.1.1.4.2.3.1.13,13th Floor,,,,,,,,2026-07-05,2027-10-13,,,2026-03-01,,
1.1.1.4.2.3.1.13.1,Block Work,Tower 2,13th Floor,Finishing,Tower Civil Finishes,Blockwork,,33741386.0,2026-07-05,2026-07-13,,,2026-03-01,,0
1.1.1.4.2.3.1.13.2,Door Frame Fixing,Tower 2,13th Floor,Finishing,Tower Finishing,Door,,0.0,2026-07-13,2026-07-22,,,2026-03-09,,0
1.1.1.4.2.3.1.13.3,Internal Plumbing Works,Tower 2,13th Floor,MEP,Tower MEP,Plumbing,,26929500.0,2026-08-04,2026-08-14,,,2026-03-30,,0
1.1.1.4.2.3.1.13.4,Waterproofing,Tower 2,13th Floor,Finishing,Tower Civil Finishes,Waterproofing,,31272150.0,2026-09-07,2026-09-19,,,2026-05-03,,0
1.1.1.4.2.3.1.13.5,Internal Plaster,Tower 2,13th Floor,Finishing,Tower Civil Finishes,Int Plaster,,56646000.0,2026-07-29,2026-08-03,,,2026-03-24,,0
1.1.1.4.2.3.1.13.6,IPS flooring work,Tower 2,13th Floor,Finishing,Tower Finishing,Flooring,,19122600.0,2026-09-19,2026-09-28,,,2026-05-15,,0
1.1.1.4.2.3.1.13.7,Toilet dado work,Tower 2,13th Floor,Finishing,Tower Finishing,Flooring,,56945240.0,2027-06-13,2027-06-21,,,2026-05-15,,0
1.1.1.4.2.3.1.13.8,Toilet flooring work,Tower 2,13th Floor,Finishing,Tower Finishing,Flooring,,11119020.0,2027-06-21,2027-06-28,,,2026-05-23,,0
1.1.1.4.2.3.1.13.9,Living dinning flooring,Tower 2,13th Floor,Finishing,Tower Finishing,Flooring,,153346950.0,2027-06-28,2027-07-13,,,2026-05-30,,0
1.1.1.4.2.3.1.13.10,Aluminium door-window fixing,Tower 2,13th Floor,Finishing,Tower Finishing,Window,,112800000.0,2027-07-24,2027-08-08,,,2026-06-14,,0
1.1.1.4.2.3.1.13.11,Putty primer coat,Tower 2,13th Floor,Finishing,Tower Finishing,Paint,,12606000.0,2027-07-13,2027-07-19,,,2026-06-14,,0
1.1.1.4.2.3.1.13.12,Door shutter fixing,Tower 2,13th Floor,Finishing,Tower Finishing,Door,,77202200.0,2027-07-13,2027-07-21,,,2026-06-14,,0
1.1.1.4.2.3.1.13.13,Electrical wiring work,Tower 2,13th Floor,MEP,Tower MEP,Electrical,,56943068.0,2027-09-06,2027-09-18,,,2026-06-22,,0
1.1.1.4.2.3.1.13.14,Painting 1st coat,Tower 2,13th Floor,Finishing,Tower Finishing,Paint,,12606000.0,2027-09-21,2027-10-03,,,2026-07-04,,0
1.1.1.4.2.3.1.13.15,False ceiling,Tower 2,13th Floor,Finishing,Tower Finishing,False Ceiling,,29946000.0,2027-10-03,2027-10-13,,,2026-07-16,,0
1.1.1.4.2.3.1.14,14th Floor,,,,,,,,2026-07-14,2027-10-25,,,2026-03-09,,
1.1.1.4.2.3.1.14.1,Block Work,Tower 2,14th Floor,Finishing,Tower Civil Finishes,Blockwork,,33741386.0,2026-07-14,2026-07-22,,,2026-03-09,,0
1.1.1.4.2.3.1.14.2,Door Frame Fixing,Tower 2,14th Floor,Finishing,Tower Finishing,Door,,0.0,2026-07-22,2026-07-31,,,2026-03-18,,0
1.1.1.4.2.3.1.14.3,Internal Plumbing Works,Tower 2,14th Floor,MEP,Tower MEP,Plumbing,,26929500.0,2026-08-14,2026-08-24,,,2026-04-09,,0
1.1.1.4.2.3.1.14.4,Waterproofing,Tower 2,14th Floor,Finishing,Tower Civil Finishes,Waterproofing,,31272150.0,2026-09-19,2026-10-01,,,2026-05-15,,0
1.1.1.4.2.3.1.14.5,Internal Plaster,Tower 2,14th Floor,Finishing,Tower Civil Finishes,Int Plaster,,56646000.0,2026-08-03,2026-08-08,,,2026-03-29,,0
1.1.1.4.2.3.1.14.6,IPS flooring work,Tower 2,14th Floor,Finishing,Tower Finishing,Flooring,,19122600.0,2026-10-01,2026-10-10,,,2026-05-27,,0
1.1.1.4.2.3.1.14.7,Toilet dado work,Tower 2,14th Floor,Finishing,Tower Finishing,Flooring,,56945240.0,2027-06-21,2027-06-29,,,2026-05-27,,0
1.1.1.4.2.3.1.14.8,Toilet flooring work,Tower 2,14th Floor,Finishing,Tower Finishing,Flooring,,11119020.0,2027-06-29,2027-07-06,,,2026-06-04,,0
1.1.1.4.2.3.1.14.9,Living dinning flooring,Tower 2,14th Floor,Finishing,Tower Finishing,Flooring,,153346950.0,2027-07-13,2027-07-28,,,2026-06-14,,0
1.1.1.4.2.3.1.14.10,Aluminium door-window fixing,Tower 2,14th Floor,Finishing,Tower Finishing,Window,,112800000.0,2027-08-08,2027-08-23,,,2026-06-29,,0
1.1.1.4.2.3.1.14.11,Putty primer coat,Tower 2,14th Floor,Finishing,Tower Finishing,Paint,,12606000.0,2027-07-28,2027-08-03,,,2026-06-29,,0
1.1.1.4.2.3.1.14.12,Door shutter fixing,Tower 2,14th Floor,Finishing,Tower Finishing,Door,,77202200.0,2027-07-28,2027-08-05,,,2026-06-29,,0
1.1.1.4.2.3.1.14.13,Electrical wiring work,Tower 2,14th Floor,MEP,Tower MEP,Electrical,,56943068.0,2027-09-18,2027-09-30,,,2026-07-07,,0
1.1.1.4.2.3.1.14.14,Painting 1st coat,Tower 2,14th Floor,Finishing,Tower Finishing,Paint,,12606000.0,2027-10-03,2027-10-15,,,2026-07-19,,0
1.1.1.4.2.3.1.14.15,False ceiling,Tower 2,14th Floor,Finishing,Tower Finishing,False Ceiling,,29946000.0,2027-10-15,2027-10-25,,,2026-07-31,,0
1.1.1.4.2.3.1.15,15th Floor,,,,,,,,2026-07-22,2027-12-21,,,2026-03-17,,
1.1.1.4.2.3.1.15.1,Block Work,Tower 2,15th Floor,Finishing,Tower Civil Finishes,Blockwork,,33741386.0,2026-07-22,2026-07-30,,,2026-03-17,,0
1.1.1.4.2.3.1.15.2,Door Frame Fixing,Tower 2,15th Floor,Finishing,Tower Finishing,Door,,0.0,2026-07-31,2026-08-09,,,2026-03-27,,0
1.1.1.4.2.3.1.15.3,Internal Plumbing Works,Tower 2,15th Floor,MEP,Tower MEP,Plumbing,,26929500.0,2026-08-24,2026-09-03,,,2026-04-19,,0
1.1.1.4.2.3.1.15.4,Waterproofing,Tower 2,15th Floor,Finishing,Tower Civil Finishes,Waterproofing,,31272150.0,2026-10-01,2026-10-13,,,2026-05-27,,0
1.1.1.4.2.3.1.15.5,Internal Plaster,Tower 2,15th Floor,Finishing,Tower Civil Finishes,Int Plaster,,56646000.0,2026-10-13,2026-10-22,,,2026-06-08,,0
1.1.1.4.2.3.1.15.6,IPS flooring work,Tower 2,15th Floor,Finishing,Tower Finishing,Flooring,,19122600.0,2026-10-13,2026-10-22,,,2026-06-08,,0
1.1.1.4.2.3.1.15.7,Toilet dado work,Tower 2,15th Floor,Finishing,Tower Finishing,Flooring,,56945240.0,2027-06-29,2027-07-07,,,2026-06-17,,0
1.1.1.4.2.3.1.15.8,Toilet flooring work,Tower 2,15th Floor,Finishing,Tower Finishing,Flooring,,11119020.0,2027-07-07,2027-07-14,,,2026-06-25,,0
1.1.1.4.2.3.1.15.9,Living dinning flooring,Tower 2,15th Floor,Finishing,Tower Finishing,Flooring,,153346950.0,2027-07-28,2027-08-09,,,2026-07-02,,0
1.1.1.4.2.3.1.15.10,Aluminium door-window fixing,Tower 2,15th Floor,Finishing,Tower Finishing,Window,,112800000.0,2027-08-23,2027-09-04,,,2026-07-14,,0
1.1.1.4.2.3.1.15.11,Putty primer coat,Tower 2,15th Floor,Finishing,Tower Finishing,Paint,,12606000.0,2027-08-09,2027-08-15,,,2026-07-14,,0
1.1.1.4.2.3.1.15.12,Door shutter fixing,Tower 2,15th Floor,Finishing,Tower Finishing,Door,,77202200.0,2027-08-09,2027-08-17,,,2026-07-14,,0
1.1.1.4.2.3.1.15.13,Electrical wiring work,Tower 2,15th Floor,MEP,Tower MEP,Electrical,,56943068.0,2027-09-30,2027-10-12,,,2026-07-22,,0
1.1.1.4.2.3.1.15.14,Painting 1st coat,Tower 2,15th Floor,Finishing,Tower Finishing,Paint,,12606000.0,2027-10-15,2027-10-27,,,2026-08-03,,0
1.1.1.4.2.3.1.15.15,False ceiling,Tower 2,15th Floor,Finishing,Tower Finishing,False Ceiling,,29946000.0,2027-10-27,2027-12-21,,,2026-08-15,,0
1.1.1.4.2.3.1.16,16th Floor,,,,,,,,2026-09-27,2028-01-02,,,2026-05-24,,
1.1.1.4.2.3.1.16.1,Block Work,Tower 2,16th Floor,Finishing,Tower Civil Finishes,Blockwork,,33741386.0,2026-09-27,2026-10-05,,,2026-05-24,,0
1.1.1.4.2.3.1.16.2,Door Frame Fixing,Tower 2,16th Floor,Finishing,Tower Finishing,Door,,0.0,2026-10-05,2026-10-14,,,2026-06-01,,0
1.1.1.4.2.3.1.16.3,Internal Plumbing Works,Tower 2,16th Floor,MEP,Tower MEP,Plumbing,,26929500.0,2026-10-05,2026-10-15,,,2026-06-01,,0
1.1.1.4.2.3.1.16.4,Waterproofing,Tower 2,16th Floor,Finishing,Tower Civil Finishes,Waterproofing,,31272150.0,2026-10-15,2026-10-27,,,2026-06-11,,0
1.1.1.4.2.3.1.16.5,Internal Plaster,Tower 2,16th Floor,Finishing,Tower Civil Finishes,Int Plaster,,56646000.0,2026-10-27,2026-12-20,,,2026-06-23,,0
1.1.1.4.2.3.1.16.6,IPS flooring work,Tower 2,16th Floor,Finishing,Tower Finishing,Flooring,,19122600.0,2026-10-27,2026-12-20,,,2026-06-23,,0
1.1.1.4.2.3.1.16.7,Toilet dado work,Tower 2,16th Floor,Finishing,Tower Finishing,Flooring,,56945240.0,2027-07-07,2027-07-15,,,2026-07-02,,0
1.1.1.4.2.3.1.16.8,Toilet flooring work,Tower 2,16th Floor,Finishing,Tower Finishing,Flooring,,11119020.0,2027-07-15,2027-07-22,,,2026-07-10,,0
1.1.1.4.2.3.1.16.9,Living dinning flooring,Tower 2,16th Floor,Finishing,Tower Finishing,Flooring,,153346950.0,2027-08-09,2027-08-21,,,2026-07-17,,0
1.1.1.4.2.3.1.16.10,Aluminium door-window fixing,Tower 2,16th Floor,Finishing,Tower Finishing,Window,,112800000.0,2027-09-04,2027-09-16,,,2026-07-29,,0
1.1.1.4.2.3.1.16.11,Putty primer coat,Tower 2,16th Floor,Finishing,Tower Finishing,Paint,,12606000.0,2027-08-21,2027-08-27,,,2026-07-29,,0
1.1.1.4.2.3.1.16.12,Door shutter fixing,Tower 2,16th Floor,Finishing,Tower Finishing,Door,,77202200.0,2027-08-21,2027-08-29,,,2026-07-29,,0
1.1.1.4.2.3.1.16.13,Electrical wiring work,Tower 2,16th Floor,MEP,Tower MEP,Electrical,,56943068.0,2027-10-12,2027-10-24,,,2026-08-06,,0
1.1.1.4.2.3.1.16.14,Painting 1st coat,Tower 2,16th Floor,Finishing,Tower Finishing,Paint,,12606000.0,2027-10-27,2027-12-23,,,2026-08-18,,0
1.1.1.4.2.3.1.16.15,False ceiling,Tower 2,16th Floor,Finishing,Tower Finishing,False Ceiling,,29946000.0,2027-12-23,2028-01-02,,,2026-08-30,,0
1.1.1.4.2.3.1.17,17th Floor,,,,,,,,2026-10-08,2028-01-14,,,2026-06-04,,
1.1.1.4.2.3.1.17.1,Block Work,Tower 2,17th Floor,Finishing,Tower Civil Finishes,Blockwork,,33741386.0,2026-10-08,2026-10-16,,,2026-06-04,,0
1.1.1.4.2.3.1.17.2,Door Frame Fixing,Tower 2,17th Floor,Finishing,Tower Finishing,Door,,0.0,2026-10-16,2026-10-25,,,2026-06-12,,0
1.1.1.4.2.3.1.17.3,Internal Plumbing Works,Tower 2,17th Floor,MEP,Tower MEP,Plumbing,,26929500.0,2026-10-16,2026-10-26,,,2026-06-12,,0
1.1.1.4.2.3.1.17.4,Waterproofing,Tower 2,17th Floor,Finishing,Tower Civil Finishes,Waterproofing,,31272150.0,2026-10-27,2026-12-23,,,2026-06-23,,0
1.1.1.4.2.3.1.17.5,Internal Plaster,Tower 2,17th Floor,Finishing,Tower Civil Finishes,Int Plaster,,56646000.0,2026-12-23,2027-01-01,,,2026-07-05,,0
1.1.1.4.2.3.1.17.6,IPS flooring work,Tower 2,17th Floor,Finishing,Tower Finishing,Flooring,,19122600.0,2026-12-23,2027-01-01,,,2026-07-05,,0
1.1.1.4.2.3.1.17.7,Toilet dado work,Tower 2,17th Floor,Finishing,Tower Finishing,Flooring,,56945240.0,2027-07-15,2027-07-23,,,2026-07-14,,0
1.1.1.4.2.3.1.17.8,Toilet flooring work,Tower 2,17th Floor,Finishing,Tower Finishing,Flooring,,11119020.0,2027-07-23,2027-07-30,,,2026-07-22,,0
1.1.1.4.2.3.1.17.9,Living dinning flooring,Tower 2,17th Floor,Finishing,Tower Finishing,Flooring,,153346950.0,2027-08-21,2027-09-02,,,2026-07-29,,0
1.1.1.4.2.3.1.17.10,Aluminium door-window fixing,Tower 2,17th Floor,Finishing,Tower Finishing,Window,,112800000.0,2027-09-16,2027-09-28,,,2026-08-10,,0
1.1.1.4.2.3.1.17.11,Putty primer coat,Tower 2,17th Floor,Finishing,Tower Finishing,Paint,,12606000.0,2027-09-02,2027-09-08,,,2026-08-10,,0
1.1.1.4.2.3.1.17.12,Door shutter fixing,Tower 2,17th Floor,Finishing,Tower Finishing,Door,,77202200.0,2027-09-02,2027-09-10,,,2026-08-10,,0
1.1.1.4.2.3.1.17.13,Electrical wiring work,Tower 2,17th Floor,MEP,Tower MEP,Electrical,,56943068.0,2027-10-24,2027-12-20,,,2026-08-18,,0
1.1.1.4.2.3.1.17.14,Painting 1st coat,Tower 2,17th Floor,Finishing,Tower Finishing,Paint,,12606000.0,2027-12-23,2028-01-04,,,2026-08-30,,0
1.1.1.4.2.3.1.17.15,False ceiling,Tower 2,17th Floor,Finishing,Tower Finishing,False Ceiling,,29946000.0,2028-01-04,2028-01-14,,,2026-09-11,,0
1.1.1.4.2.3.1.18,18th Floor,,,,,,,,2026-10-19,2028-01-26,,,2026-06-15,,
1.1.1.4.2.3.1.18.1,Block Work,Tower 2,18th Floor,Finishing,Tower Civil Finishes,Blockwork,,33741386.0,2026-10-19,2026-10-27,,,2026-06-15,,0
1.1.1.4.2.3.1.18.2,Door Frame Fixing,Tower 2,18th Floor,Finishing,Tower Finishing,Door,,0.0,2026-10-27,2026-12-20,,,2026-06-23,,0
1.1.1.4.2.3.1.18.3,Internal Plumbing Works,Tower 2,18th Floor,MEP,Tower MEP,Plumbing,,26929500.0,2026-10-27,2026-12-21,,,2026-06-23,,0
1.1.1.4.2.3.1.18.4,Waterproofing,Tower 2,18th Floor,Finishing,Tower Civil Finishes,Waterproofing,,31272150.0,2026-12-23,2027-01-04,,,2026-07-05,,0
1.1.1.4.2.3.1.18.5,Internal Plaster,Tower 2,18th Floor,Finishing,Tower Civil Finishes,Int Plaster,,56646000.0,2027-01-04,2027-01-13,,,2026-07-17,,0
1.1.1.4.2.3.1.18.6,IPS flooring work,Tower 2,18th Floor,Finishing,Tower Finishing,Flooring,,19122600.0,2027-01-04,2027-01-13,,,2026-07-17,,0
1.1.1.4.2.3.1.18.7,Toilet dado work,Tower 2,18th Floor,Finishing,Tower Finishing,Flooring,,56945240.0,2027-07-23,2027-07-31,,,2026-07-26,,0
1.1.1.4.2.3.1.18.8,Toilet flooring work,Tower 2,18th Floor,Finishing,Tower Finishing,Flooring,,11119020.0,2027-07-31,2027-08-07,,,2026-08-03,,0
1.1.1.4.2.3.1.18.9,Living dinning flooring,Tower 2,18th Floor,Finishing,Tower Finishing,Flooring,,153346950.0,2027-09-02,2027-09-14,,,2026-08-10,,0
1.1.1.4.2.3.1.18.10,Aluminium door-window fixing,Tower 2,18th Floor,Finishing,Tower Finishing,Window,,112800000.0,2027-09-28,2027-10-10,,,2026-08-22,,0
1.1.1.4.2.3.1.18.11,Putty primer coat,Tower 2,18th Floor,Finishing,Tower Finishing,Paint,,12606000.0,2027-09-14,2027-09-20,,,2026-08-22,,0
1.1.1.4.2.3.1.18.12,Door shutter fixing,Tower 2,18th Floor,Finishing,Tower Finishing,Door,,77202200.0,2027-09-14,2027-09-22,,,2026-08-22,,0
1.1.1.4.2.3.1.18.13,Electrical wiring work,Tower 2,18th Floor,MEP,Tower MEP,Electrical,,56943068.0,2027-12-20,2028-01-01,,,2026-08-30,,0
1.1.1.4.2.3.1.18.14,Painting 1st coat,Tower 2,18th Floor,Finishing,Tower Finishing,Paint,,12606000.0,2028-01-04,2028-01-16,,,2026-09-11,,0
1.1.1.4.2.3.1.18.15,False ceiling,Tower 2,18th Floor,Finishing,Tower Finishing,False Ceiling,,29946000.0,2028-01-16,2028-01-26,,,2026-09-23,,0
1.1.1.4.2.3.1.19,19th Floor,,,,,,,,2026-10-30,2028-02-07,,,2026-06-26,,
1.1.1.4.2.3.1.19.1,Block Work,Tower 2,19th Floor,Finishing,Tower Civil Finishes,Blockwork,,33741386.0,2026-10-30,2026-12-22,,,2026-06-26,,0
1.1.1.4.2.3.1.19.2,Door Frame Fixing,Tower 2,19th Floor,Finishing,Tower Finishing,Door,,0.0,2026-12-22,2026-12-31,,,2026-07-04,,0
1.1.1.4.2.3.1.19.3,Internal Plumbing Works,Tower 2,19th Floor,MEP,Tower MEP,Plumbing,,26929500.0,2026-12-22,2027-01-01,,,2026-07-04,,0
1.1.1.4.2.3.1.19.4,Waterproofing,Tower 2,19th Floor,Finishing,Tower Civil Finishes,Waterproofing,,31272150.0,2027-01-04,2027-01-16,,,2026-07-17,,0
1.1.1.4.2.3.1.19.5,Internal Plaster,Tower 2,19th Floor,Finishing,Tower Civil Finishes,Int Plaster,,56646000.0,2027-01-16,2027-01-25,,,2026-07-29,,0
1.1.1.4.2.3.1.19.6,IPS flooring work,Tower 2,19th Floor,Finishing,Tower Finishing,Flooring,,19122600.0,2027-01-25,2027-02-03,,,2026-08-07,,0
1.1.1.4.2.3.1.19.7,Toilet dado work,Tower 2,19th Floor,Finishing,Tower Finishing,Flooring,,56945240.0,2027-07-31,2027-08-08,,,2026-08-07,,0
1.1.1.4.2.3.1.19.8,Toilet flooring work,Tower 2,19th Floor,Finishing,Tower Finishing,Flooring,,11119020.0,2027-08-08,2027-08-15,,,2026-08-15,,0
1.1.1.4.2.3.1.19.9,Living dinning flooring,Tower 2,19th Floor,Finishing,Tower Finishing,Flooring,,153346950.0,2027-09-14,2027-09-26,,,2026-08-22,,0
1.1.1.4.2.3.1.19.10,Aluminium door-window fixing,Tower 2,19th Floor,Finishing,Tower Finishing,Window,,112800000.0,2027-10-10,2027-10-22,,,2026-09-03,,0
1.1.1.4.2.3.1.19.11,Putty primer coat,Tower 2,19th Floor,Finishing,Tower Finishing,Paint,,12606000.0,2027-09-26,2027-10-02,,,2026-09-03,,0
1.1.1.4.2.3.1.19.12,Door shutter fixing,Tower 2,19th Floor,Finishing,Tower Finishing,Door,,77202200.0,2027-09-26,2027-10-04,,,2026-09-03,,0
1.1.1.4.2.3.1.19.13,Electrical wiring work,Tower 2,19th Floor,MEP,Tower MEP,Electrical,,56943068.0,2028-01-01,2028-01-13,,,2026-09-11,,0
1.1.1.4.2.3.1.19.14,Painting 1st coat,Tower 2,19th Floor,Finishing,Tower Finishing,Paint,,12606000.0,2028-01-16,2028-01-28,,,2026-09-23,,0
1.1.1.4.2.3.1.19.15,False ceiling,Tower 2,19th Floor,Finishing,Tower Finishing,False Ceiling,,29946000.0,2028-01-28,2028-02-07,,,2026-10-05,,0
1.1.1.4.2.3.1.20,20th Floor,,,,,,,,2026-12-25,2028-02-19,,,2026-07-07,,
1.1.1.4.2.3.1.20.1,Block Work,Tower 2,20th Floor,Finishing,Tower Civil Finishes,Blockwork,,33741386.0,2026-12-25,2027-01-02,,,2026-07-07,,0
1.1.1.4.2.3.1.20.2,Door Frame Fixing,Tower 2,20th Floor,Finishing,Tower Finishing,Door,,0.0,2027-01-02,2027-01-11,,,2026-07-15,,0
1.1.1.4.2.3.1.20.3,Internal Plumbing Works,Tower 2,20th Floor,MEP,Tower MEP,Plumbing,,26929500.0,2027-01-02,2027-01-12,,,2026-07-15,,0
1.1.1.4.2.3.1.20.4,Waterproofing,Tower 2,20th Floor,Finishing,Tower Civil Finishes,Waterproofing,,31272150.0,2027-01-16,2027-01-28,,,2026-07-29,,0
1.1.1.4.2.3.1.20.5,Internal Plaster,Tower 2,20th Floor,Finishing,Tower Civil Finishes,Int Plaster,,56646000.0,2027-01-28,2027-02-06,,,2026-08-10,,0
1.1.1.4.2.3.1.20.6,IPS flooring work,Tower 2,20th Floor,Finishing,Tower Finishing,Flooring,,19122600.0,2027-02-06,2027-02-15,,,2026-08-19,,0
1.1.1.4.2.3.1.20.7,Toilet dado work,Tower 2,20th Floor,Finishing,Tower Finishing,Flooring,,56945240.0,2027-08-08,2027-08-16,,,2026-08-19,,0
1.1.1.4.2.3.1.20.8,Toilet flooring work,Tower 2,20th Floor,Finishing,Tower Finishing,Flooring,,11119020.0,2027-08-16,2027-08-23,,,2026-08-27,,0
1.1.1.4.2.3.1.20.9,Living dinning flooring,Tower 2,20th Floor,Finishing,Tower Finishing,Flooring,,153346950.0,2027-09-26,2027-10-08,,,2026-09-03,,0
1.1.1.4.2.3.1.20.10,Aluminium door-window fixing,Tower 2,20th Floor,Finishing,Tower Finishing,Window,,112800000.0,2027-10-22,2027-12-18,,,2026-09-15,,0
1.1.1.4.2.3.1.20.11,Putty primer coat,Tower 2,20th Floor,Finishing,Tower Finishing,Paint,,12606000.0,2027-10-08,2027-10-14,,,2026-09-15,,0
1.1.1.4.2.3.1.20.12,Door shutter fixing,Tower 2,20th Floor,Finishing,Tower Finishing,Door,,77202200.0,2027-10-08,2027-10-16,,,2026-09-15,,0
1.1.1.4.2.3.1.20.13,Electrical wiring work,Tower 2,20th Floor,MEP,Tower MEP,Electrical,,56943068.0,2028-01-13,2028-01-25,,,2026-09-23,,0
1.1.1.4.2.3.1.20.14,Painting 1st coat,Tower 2,20th Floor,Finishing,Tower Finishing,Paint,,12606000.0,2028-01-28,2028-02-09,,,2026-10-05,,0
1.1.1.4.2.3.1.20.15,False ceiling,Tower 2,20th Floor,Finishing,Tower Finishing,False Ceiling,,29946000.0,2028-02-09,2028-02-19,,,2026-10-17,,0
1.1.1.4.2.3.1.21,21st Floor,,,,,,,,2027-01-05,2028-03-02,,,2026-07-18,,
1.1.1.4.2.3.1.21.1,Block Work,Tower 2,21st Floor,Finishing,Tower Civil Finishes,Blockwork,,33741386.0,2027-01-05,2027-01-13,,,2026-07-18,,0
1.1.1.4.2.3.1.21.2,Door Frame Fixing,Tower 2,21st Floor,Finishing,Tower Finishing,Door,,0.0,2027-01-13,2027-01-22,,,2026-07-26,,0
1.1.1.4.2.3.1.21.3,Internal Plumbing Works,Tower 2,21st Floor,MEP,Tower MEP,Plumbing,,26929500.0,2027-01-13,2027-01-23,,,2026-07-26,,0
1.1.1.4.2.3.1.21.4,Waterproofing,Tower 2,21st Floor,Finishing,Tower Civil Finishes,Waterproofing,,31272150.0,2027-01-28,2027-02-09,,,2026-08-10,,0
1.1.1.4.2.3.1.21.5,Internal Plaster,Tower 2,21st Floor,Finishing,Tower Civil Finishes,Int Plaster,,56646000.0,2027-02-09,2027-02-18,,,2026-08-22,,0
1.1.1.4.2.3.1.21.6,IPS flooring work,Tower 2,21st Floor,Finishing,Tower Finishing,Flooring,,19122600.0,2027-02-18,2027-02-27,,,2026-08-31,,0
1.1.1.4.2.3.1.21.7,Toilet dado work,Tower 2,21st Floor,Finishing,Tower Finishing,Flooring,,56945240.0,2027-08-16,2027-08-24,,,2026-08-31,,0
1.1.1.4.2.3.1.21.8,Toilet flooring work,Tower 2,21st Floor,Finishing,Tower Finishing,Flooring,,11119020.0,2027-08-24,2027-08-31,,,2026-09-08,,0
1.1.1.4.2.3.1.21.9,Living dinning flooring,Tower 2,21st Floor,Finishing,Tower Finishing,Flooring,,153346950.0,2027-10-08,2027-10-20,,,2026-09-15,,0
1.1.1.4.2.3.1.21.10,Aluminium door-window fixing,Tower 2,21st Floor,Finishing,Tower Finishing,Window,,112800000.0,2027-12-18,2027-12-30,,,2026-09-27,,0
1.1.1.4.2.3.1.21.11,Putty primer coat,Tower 2,21st Floor,Finishing,Tower Finishing,Paint,,12606000.0,2027-10-20,2027-10-26,,,2026-09-27,,0
1.1.1.4.2.3.1.21.12,Door shutter fixing,Tower 2,21st Floor,Finishing,Tower Finishing,Door,,77202200.0,2027-10-20,2027-10-28,,,2026-09-27,,0
1.1.1.4.2.3.1.21.13,Electrical wiring work,Tower 2,21st Floor,MEP,Tower MEP,Electrical,,56943068.0,2028-01-25,2028-02-06,,,2026-10-05,,0
1.1.1.4.2.3.1.21.14,Painting 1st coat,Tower 2,21st Floor,Finishing,Tower Finishing,Paint,,12606000.0,2028-02-09,2028-02-21,,,2026-10-17,,0
1.1.1.4.2.3.1.21.15,False ceiling,Tower 2,21st Floor,Finishing,Tower Finishing,False Ceiling,,29946000.0,2028-02-21,2028-03-02,,,2026-10-29,,0
1.1.1.4.2.3.1.22,22nd Floor,,,,,,,,2027-01-16,2028-03-14,,,2026-07-29,,
1.1.1.4.2.3.1.22.1,Block Work,Tower 2,22nd Floor,Finishing,Tower Civil Finishes,Blockwork,,33741386.0,2027-01-16,2027-01-24,,,2026-07-29,,0
1.1.1.4.2.3.1.22.2,Door Frame Fixing,Tower 2,22nd Floor,Finishing,Tower Finishing,Door,,0.0,2027-01-24,2027-02-02,,,2026-08-06,,0
1.1.1.4.2.3.1.22.3,Internal Plumbing Works,Tower 2,22nd Floor,MEP,Tower MEP,Plumbing,,26929500.0,2027-01-24,2027-02-03,,,2026-08-06,,0
1.1.1.4.2.3.1.22.4,Waterproofing,Tower 2,22nd Floor,Finishing,Tower Civil Finishes,Waterproofing,,31272150.0,2027-02-09,2027-02-21,,,2026-08-22,,0
1.1.1.4.2.3.1.22.5,Internal Plaster,Tower 2,22nd Floor,Finishing,Tower Civil Finishes,Int Plaster,,56646000.0,2027-02-21,2027-03-02,,,2026-09-03,,0
1.1.1.4.2.3.1.22.6,IPS flooring work,Tower 2,22nd Floor,Finishing,Tower Finishing,Flooring,,19122600.0,2027-03-02,2027-03-11,,,2026-09-12,,0
1.1.1.4.2.3.1.22.7,Toilet dado work,Tower 2,22nd Floor,Finishing,Tower Finishing,Flooring,,56945240.0,2027-08-24,2027-09-01,,,2026-09-12,,0
1.1.1.4.2.3.1.22.8,Toilet flooring work,Tower 2,22nd Floor,Finishing,Tower Finishing,Flooring,,11119020.0,2027-09-01,2027-09-08,,,2026-09-20,,0
1.1.1.4.2.3.1.22.9,Living dinning flooring,Tower 2,22nd Floor,Finishing,Tower Finishing,Flooring,,153346950.0,2027-10-20,2027-12-16,,,2026-09-27,,0
1.1.1.4.2.3.1.22.10,Aluminium door-window fixing,Tower 2,22nd Floor,Finishing,Tower Finishing,Window,,112800000.0,2027-12-30,2028-01-11,,,2026-10-09,,0
1.1.1.4.2.3.1.22.11,Putty primer coat,Tower 2,22nd Floor,Finishing,Tower Finishing,Paint,,12606000.0,2027-12-16,2027-12-22,,,2026-10-09,,0
1.1.1.4.2.3.1.22.12,Door shutter fixing,Tower 2,22nd Floor,Finishing,Tower Finishing,Door,,77202200.0,2027-12-16,2027-12-24,,,2026-10-09,,0
1.1.1.4.2.3.1.22.13,Electrical wiring work,Tower 2,22nd Floor,MEP,Tower MEP,Electrical,,56943068.0,2028-02-06,2028-02-18,,,2026-10-17,,0
1.1.1.4.2.3.1.22.14,Painting 1st coat,Tower 2,22nd Floor,Finishing,Tower Finishing,Paint,,12606000.0,2028-02-21,2028-03-04,,,2026-10-29,,0
1.1.1.4.2.3.1.22.15,False ceiling,Tower 2,22nd Floor,Finishing,Tower Finishing,False Ceiling,,29946000.0,2028-03-04,2028-03-14,,,2026-12-25,,0
1.1.1.4.2.3.1.23,23rd Floor,,,,,,,,2027-01-27,2028-03-26,,,2026-08-09,,
1.1.1.4.2.3.1.23.1,Block Work,Tower 2,23rd Floor,Finishing,Tower Civil Finishes,Blockwork,,33741386.0,2027-01-27,2027-02-04,,,2026-08-09,,0
1.1.1.4.2.3.1.23.2,Door Frame Fixing,Tower 2,23rd Floor,Finishing,Tower Finishing,Door,,0.0,2027-02-04,2027-02-13,,,2026-08-17,,0
1.1.1.4.2.3.1.23.3,Internal Plumbing Works,Tower 2,23rd Floor,MEP,Tower MEP,Plumbing,,26929500.0,2027-02-04,2027-02-14,,,2026-08-17,,0
1.1.1.4.2.3.1.23.4,Waterproofing,Tower 2,23rd Floor,Finishing,Tower Civil Finishes,Waterproofing,,31272150.0,2027-02-21,2027-03-05,,,2026-09-03,,0
1.1.1.4.2.3.1.23.5,Internal Plaster,Tower 2,23rd Floor,Finishing,Tower Civil Finishes,Int Plaster,,56646000.0,2027-03-05,2027-03-14,,,2026-09-15,,0
1.1.1.4.2.3.1.23.6,IPS flooring work,Tower 2,23rd Floor,Finishing,Tower Finishing,Flooring,,19122600.0,2027-03-14,2027-03-23,,,2026-09-24,,0
1.1.1.4.2.3.1.23.7,Toilet dado work,Tower 2,23rd Floor,Finishing,Tower Finishing,Flooring,,56945240.0,2027-09-01,2027-09-09,,,2026-09-24,,0
1.1.1.4.2.3.1.23.8,Toilet flooring work,Tower 2,23rd Floor,Finishing,Tower Finishing,Flooring,,11119020.0,2027-09-09,2027-09-16,,,2026-10-02,,0
1.1.1.4.2.3.1.23.9,Living dinning flooring,Tower 2,23rd Floor,Finishing,Tower Finishing,Flooring,,153346950.0,2027-12-16,2027-12-31,,,2026-10-09,,0
1.1.1.4.2.3.1.23.10,Aluminium door-window fixing,Tower 2,23rd Floor,Finishing,Tower Finishing,Window,,112800000.0,2028-01-11,2028-01-26,,,2026-10-24,,0
1.1.1.4.2.3.1.23.11,Putty primer coat,Tower 2,23rd Floor,Finishing,Tower Finishing,Paint,,12606000.0,2027-12-31,2028-01-06,,,2026-10-24,,0
1.1.1.4.2.3.1.23.12,Door shutter fixing,Tower 2,23rd Floor,Finishing,Tower Finishing,Door,,77202200.0,2027-12-31,2028-01-08,,,2026-10-24,,0
1.1.1.4.2.3.1.23.13,Electrical wiring work,Tower 2,23rd Floor,MEP,Tower MEP,Electrical,,56943068.0,2028-02-18,2028-03-01,,,2026-12-16,,0
1.1.1.4.2.3.1.23.14,Painting 1st coat,Tower 2,23rd Floor,Finishing,Tower Finishing,Paint,,12606000.0,2028-03-04,2028-03-16,,,2026-12-28,,0
1.1.1.4.2.3.1.23.15,False ceiling,Tower 2,23rd Floor,Finishing,Tower Finishing,False Ceiling,,29946000.0,2028-03-16,2028-03-26,,,2027-01-09,,0
1.1.1.4.2.3.1.24,24th Floor,,,,,,,,2027-02-07,2028-04-07,,,2026-08-20,,
1.1.1.4.2.3.1.24.1,Block Work,Tower 2,24th Floor,Finishing,Tower Civil Finishes,Blockwork,,33741386.0,2027-02-07,2027-02-15,,,2026-08-20,,0
1.1.1.4.2.3.1.24.2,Door Frame Fixing,Tower 2,24th Floor,Finishing,Tower Finishing,Door,,0.0,2027-02-15,2027-02-24,,,2026-08-28,,0
1.1.1.4.2.3.1.24.3,Internal Plumbing Works,Tower 2,24th Floor,MEP,Tower MEP,Plumbing,,26929500.0,2027-02-15,2027-02-25,,,2026-08-28,,0
1.1.1.4.2.3.1.24.4,Waterproofing,Tower 2,24th Floor,Finishing,Tower Civil Finishes,Waterproofing,,31272150.0,2027-03-05,2027-03-17,,,2026-09-15,,0
1.1.1.4.2.3.1.24.5,Internal Plaster,Tower 2,24th Floor,Finishing,Tower Civil Finishes,Int Plaster,,56646000.0,2027-03-17,2027-03-26,,,2026-09-27,,0
1.1.1.4.2.3.1.24.6,IPS flooring work,Tower 2,24th Floor,Finishing,Tower Finishing,Flooring,,19122600.0,2027-03-26,2027-04-04,,,2026-10-06,,0
1.1.1.4.2.3.1.24.7,Toilet dado work,Tower 2,24th Floor,Finishing,Tower Finishing,Flooring,,56945240.0,2027-09-09,2027-09-17,,,2026-10-06,,0
1.1.1.4.2.3.1.24.8,Toilet flooring work,Tower 2,24th Floor,Finishing,Tower Finishing,Flooring,,11119020.0,2027-09-17,2027-09-24,,,2026-10-14,,0
1.1.1.4.2.3.1.24.9,Living dinning flooring,Tower 2,24th Floor,Finishing,Tower Finishing,Flooring,,153346950.0,2027-12-31,2028-01-15,,,2026-10-24,,0
1.1.1.4.2.3.1.24.10,Aluminium door-window fixing,Tower 2,24th Floor,Finishing,Tower Finishing,Window,,112800000.0,2028-01-26,2028-02-10,,,2026-12-23,,0
1.1.1.4.2.3.1.24.11,Putty primer coat,Tower 2,24th Floor,Finishing,Tower Finishing,Paint,,12606000.0,2028-01-15,2028-01-21,,,2026-12-23,,0
1.1.1.4.2.3.1.24.12,Door shutter fixing,Tower 2,24th Floor,Finishing,Tower Finishing,Door,,77202200.0,2028-01-15,2028-01-23,,,2026-12-23,,0
1.1.1.4.2.3.1.24.13,Electrical wiring work,Tower 2,24th Floor,MEP,Tower MEP,Electrical,,56943068.0,2028-03-01,2028-03-13,,,2026-12-31,,0
1.1.1.4.2.3.1.24.14,Painting 1st coat,Tower 2,24th Floor,Finishing,Tower Finishing,Paint,,12606000.0,2028-03-16,2028-03-28,,,2027-01-12,,0
1.1.1.4.2.3.1.24.15,False ceiling,Tower 2,24th Floor,Finishing,Tower Finishing,False Ceiling,,29946000.0,2028-03-28,2028-04-07,,,2027-01-24,,0
1.1.1.4.2.3.1.25,25th Floor,,,,,,,,2027-02-18,2028-04-19,,,2026-08-31,,
1.1.1.4.2.3.1.25.1,Block Work,Tower 2,25th Floor,Finishing,Tower Civil Finishes,Blockwork,,33741386.0,2027-02-18,2027-02-26,,,2026-08-31,,0
1.1.1.4.2.3.1.25.2,Door Frame Fixing,Tower 2,25th Floor,Finishing,Tower Finishing,Door,,0.0,2027-02-26,2027-03-07,,,2026-09-08,,0
1.1.1.4.2.3.1.25.3,Internal Plumbing Works,Tower 2,25th Floor,MEP,Tower MEP,Plumbing,,26929500.0,2027-02-26,2027-03-08,,,2026-09-08,,0
1.1.1.4.2.3.1.25.4,Waterproofing,Tower 2,25th Floor,Finishing,Tower Civil Finishes,Waterproofing,,31272150.0,2027-03-17,2027-03-29,,,2026-09-27,,0
1.1.1.4.2.3.1.25.5,Internal Plaster,Tower 2,25th Floor,Finishing,Tower Civil Finishes,Int Plaster,,56646000.0,2027-03-29,2027-04-07,,,2026-10-09,,0
1.1.1.4.2.3.1.25.6,IPS flooring work,Tower 2,25th Floor,Finishing,Tower Finishing,Flooring,,19122600.0,2027-04-07,2027-04-16,,,2026-10-18,,0
1.1.1.4.2.3.1.25.7,Toilet dado work,Tower 2,25th Floor,Finishing,Tower Finishing,Flooring,,56945240.0,2027-09-17,2027-09-25,,,2026-10-18,,0
1.1.1.4.2.3.1.25.8,Toilet flooring work,Tower 2,25th Floor,Finishing,Tower Finishing,Flooring,,11119020.0,2027-09-25,2027-10-02,,,2026-10-26,,0
1.1.1.4.2.3.1.25.9,Living dinning flooring,Tower 2,25th Floor,Finishing,Tower Finishing,Flooring,,153346950.0,2028-01-15,2028-01-30,,,2026-12-23,,0
1.1.1.4.2.3.1.25.10,Aluminium door-window fixing,Tower 2,25th Floor,Finishing,Tower Finishing,Window,,112800000.0,2028-02-10,2028-02-25,,,2027-01-07,,0
1.1.1.4.2.3.1.25.11,Putty primer coat,Tower 2,25th Floor,Finishing,Tower Finishing,Paint,,12606000.0,2028-01-30,2028-02-05,,,2027-01-07,,0
1.1.1.4.2.3.1.25.12,Door shutter fixing,Tower 2,25th Floor,Finishing,Tower Finishing,Door,,77202200.0,2028-01-30,2028-02-07,,,2027-01-07,,0
1.1.1.4.2.3.1.25.13,Electrical wiring work,Tower 2,25th Floor,MEP,Tower MEP,Electrical,,56943068.0,2028-03-13,2028-03-25,,,2027-01-15,,0
1.1.1.4.2.3.1.25.14,Painting 1st coat,Tower 2,25th Floor,Finishing,Tower Finishing,Paint,,12606000.0,2028-03-28,2028-04-09,,,2027-01-27,,0
1.1.1.4.2.3.1.25.15,False ceiling,Tower 2,25th Floor,Finishing,Tower Finishing,False Ceiling,,29946000.0,2028-04-09,2028-04-19,,,2027-02-08,,0
1.1.1.4.2.3.1.26,26th Floor,,,,,,,,2027-03-01,2028-05-01,,,2026-09-11,,
1.1.1.4.2.3.1.26.1,Block Work,Tower 2,26th Floor,Finishing,Tower Civil Finishes,Blockwork,,33741386.0,2027-03-01,2027-03-09,,,2026-09-11,,0
1.1.1.4.2.3.1.26.2,Door Frame Fixing,Tower 2,26th Floor,Finishing,Tower Finishing,Door,,0.0,2027-03-09,2027-03-18,,,2026-09-19,,0
1.1.1.4.2.3.1.26.3,Internal Plumbing Works,Tower 2,26th Floor,MEP,Tower MEP,Plumbing,,26929500.0,2027-03-09,2027-03-19,,,2026-09-19,,0
1.1.1.4.2.3.1.26.4,Waterproofing,Tower 2,26th Floor,Finishing,Tower Civil Finishes,Waterproofing,,31272150.0,2027-03-29,2027-04-10,,,2026-10-09,,0
1.1.1.4.2.3.1.26.5,Internal Plaster,Tower 2,26th Floor,Finishing,Tower Civil Finishes,Int Plaster,,56646000.0,2027-04-10,2027-04-19,,,2026-10-21,,0
1.1.1.4.2.3.1.26.6,IPS flooring work,Tower 2,26th Floor,Finishing,Tower Finishing,Flooring,,19122600.0,2027-04-19,2027-04-28,,,2026-10-30,,0
1.1.1.4.2.3.1.26.7,Toilet dado work,Tower 2,26th Floor,Finishing,Tower Finishing,Flooring,,56945240.0,2027-09-25,2027-10-03,,,2026-10-30,,0
1.1.1.4.2.3.1.26.8,Toilet flooring work,Tower 2,26th Floor,Finishing,Tower Finishing,Flooring,,11119020.0,2027-10-03,2027-10-10,,,2026-12-22,,0
1.1.1.4.2.3.1.26.9,Living dinning flooring,Tower 2,26th Floor,Finishing,Tower Finishing,Flooring,,153346950.0,2028-01-30,2028-02-14,,,2027-01-07,,0
1.1.1.4.2.3.1.26.10,Aluminium door-window fixing,Tower 2,26th Floor,Finishing,Tower Finishing,Window,,112800000.0,2028-02-25,2028-03-11,,,2027-01-22,,0
1.1.1.4.2.3.1.26.11,Putty primer coat,Tower 2,26th Floor,Finishing,Tower Finishing,Paint,,12606000.0,2028-02-14,2028-02-20,,,2027-01-22,,0
1.1.1.4.2.3.1.26.12,Door shutter fixing,Tower 2,26th Floor,Finishing,Tower Finishing,Door,,77202200.0,2028-02-14,2028-02-22,,,2027-01-22,,0
1.1.1.4.2.3.1.26.13,Electrical wiring work,Tower 2,26th Floor,MEP,Tower MEP,Electrical,,56943068.0,2028-03-25,2028-04-06,,,2027-01-30,,0
1.1.1.4.2.3.1.26.14,Painting 1st coat,Tower 2,26th Floor,Finishing,Tower Finishing,Paint,,12606000.0,2028-04-09,2028-04-21,,,2027-02-11,,0
1.1.1.4.2.3.1.26.15,False ceiling,Tower 2,26th Floor,Finishing,Tower Finishing,False Ceiling,,29946000.0,2028-04-21,2028-05-01,,,2027-02-23,,0
1.1.1.4.2.3.1.27,27th Floor,,,,,,,,2027-03-12,2028-05-13,,,2026-09-22,,
1.1.1.4.2.3.1.27.1,Block Work,Tower 2,27th Floor,Finishing,Tower Civil Finishes,Blockwork,,33741386.0,2027-03-12,2027-03-20,,,2026-09-22,,0
1.1.1.4.2.3.1.27.2,Door Frame Fixing,Tower 2,27th Floor,Finishing,Tower Finishing,Door,,0.0,2027-03-20,2027-03-29,,,2026-09-30,,0
1.1.1.4.2.3.1.27.3,Internal Plumbing Works,Tower 2,27th Floor,MEP,Tower MEP,Plumbing,,26929500.0,2027-03-20,2027-03-30,,,2026-09-30,,0
1.1.1.4.2.3.1.27.4,Waterproofing,Tower 2,27th Floor,Finishing,Tower Civil Finishes,Waterproofing,,31272150.0,2027-04-10,2027-04-22,,,2026-10-21,,0
1.1.1.4.2.3.1.27.5,Internal Plaster,Tower 2,27th Floor,Finishing,Tower Civil Finishes,Int Plaster,,56646000.0,2027-04-22,2027-05-01,,,2026-12-17,,0
1.1.1.4.2.3.1.27.6,IPS flooring work,Tower 2,27th Floor,Finishing,Tower Finishing,Flooring,,19122600.0,2027-05-01,2027-05-10,,,2026-12-26,,0
1.1.1.4.2.3.1.27.7,Toilet dado work,Tower 2,27th Floor,Finishing,Tower Finishing,Flooring,,56945240.0,2027-10-03,2027-10-11,,,2026-12-26,,0
1.1.1.4.2.3.1.27.8,Toilet flooring work,Tower 2,27th Floor,Finishing,Tower Finishing,Flooring,,11119020.0,2027-10-11,2027-10-18,,,2027-01-03,,0
1.1.1.4.2.3.1.27.9,Living dinning flooring,Tower 2,27th Floor,Finishing,Tower Finishing,Flooring,,153346950.0,2028-02-14,2028-02-29,,,2027-01-22,,0
1.1.1.4.2.3.1.27.10,Aluminium door-window fixing,Tower 2,27th Floor,Finishing,Tower Finishing,Window,,112800000.0,2028-03-11,2028-03-26,,,2027-02-06,,0
1.1.1.4.2.3.1.27.11,Putty primer coat,Tower 2,27th Floor,Finishing,Tower Finishing,Paint,,12606000.0,2028-02-29,2028-03-06,,,2027-02-06,,0
1.1.1.4.2.3.1.27.12,Door shutter fixing,Tower 2,27th Floor,Finishing,Tower Finishing,Door,,77202200.0,2028-02-29,2028-03-08,,,2027-02-06,,0
1.1.1.4.2.3.1.27.13,Electrical wiring work,Tower 2,27th Floor,MEP,Tower MEP,Electrical,,56943068.0,2028-04-06,2028-04-18,,,2027-02-14,,0
1.1.1.4.2.3.1.27.14,Painting 1st coat,Tower 2,27th Floor,Finishing,Tower Finishing,Paint,,12606000.0,2028-04-21,2028-05-03,,,2027-02-26,,0
1.1.1.4.2.3.1.27.15,False ceiling,Tower 2,27th Floor,Finishing,Tower Finishing,False Ceiling,,29946000.0,2028-05-03,2028-05-13,,,2027-03-10,,0
1.1.1.4.2.3.1.28,28th Floor,,,,,,,,2027-03-23,2028-05-25,,,2026-10-03,,
1.1.1.4.2.3.1.28.1,Block Work,Tower 2,28th Floor,Finishing,Tower Civil Finishes,Blockwork,,33741386.0,2027-03-23,2027-03-31,,,2026-10-03,,0
1.1.1.4.2.3.1.28.2,Door Frame Fixing,Tower 2,28th Floor,Finishing,Tower Finishing,Door,,0.0,2027-03-31,2027-04-09,,,2026-10-11,,0
1.1.1.4.2.3.1.28.3,Internal Plumbing Works,Tower 2,28th Floor,MEP,Tower MEP,Plumbing,,26929500.0,2027-03-31,2027-04-10,,,2026-10-11,,0
1.1.1.4.2.3.1.28.4,Waterproofing,Tower 2,28th Floor,Finishing,Tower Civil Finishes,Waterproofing,,31266495.0,2027-04-22,2027-05-04,,,2026-12-17,,0
1.1.1.4.2.3.1.28.5,Internal Plaster,Tower 2,28th Floor,Finishing,Tower Civil Finishes,Int Plaster,,56646000.0,2027-05-04,2027-05-13,,,2026-12-29,,0
1.1.1.4.2.3.1.28.6,IPS flooring work,Tower 2,28th Floor,Finishing,Tower Finishing,Flooring,,19122600.0,2027-05-13,2027-05-22,,,2027-01-07,,0
1.1.1.4.2.3.1.28.7,Toilet dado work,Tower 2,28th Floor,Finishing,Tower Finishing,Flooring,,56945240.0,2027-10-11,2027-10-19,,,2027-01-07,,0
1.1.1.4.2.3.1.28.8,Toilet flooring work,Tower 2,28th Floor,Finishing,Tower Finishing,Flooring,,11119020.0,2027-10-19,2027-10-26,,,2027-01-15,,0
1.1.1.4.2.3.1.28.9,Living dinning flooring,Tower 2,28th Floor,Finishing,Tower Finishing,Flooring,,153346950.0,2028-02-29,2028-03-15,,,2027-02-06,,0
1.1.1.4.2.3.1.28.10,Aluminium door-window fixing,Tower 2,28th Floor,Finishing,Tower Finishing,Window,,91280000.0,2028-03-26,2028-04-10,,,2027-02-21,,0
1.1.1.4.2.3.1.28.11,Putty primer coat,Tower 2,28th Floor,Finishing,Tower Finishing,Paint,,12606000.0,2028-03-15,2028-03-21,,,2027-02-21,,0
1.1.1.4.2.3.1.28.12,Door shutter fixing,Tower 2,28th Floor,Finishing,Tower Finishing,Door,,77202200.0,2028-03-15,2028-03-23,,,2027-02-21,,0
1.1.1.4.2.3.1.28.13,Electrical wiring work,Tower 2,28th Floor,MEP,Tower MEP,Electrical,,56943068.0,2028-04-18,2028-04-30,,,2027-03-01,,0
1.1.1.4.2.3.1.28.14,Painting 1st coat,Tower 2,28th Floor,Finishing,Tower Finishing,Paint,,12606000.0,2028-05-03,2028-05-15,,,2027-03-13,,0
1.1.1.4.2.3.1.28.15,False ceiling,Tower 2,28th Floor,Finishing,Tower Finishing,False Ceiling,,29946000.0,2028-05-15,2028-05-25,,,2027-03-25,,0
1.1.1.4.2.3.1.29,29th Floor,,,,,,,,2027-04-03,2028-06-06,,,2026-10-14,,
1.1.1.4.2.3.1.29.1,Block Work,Tower 2,29th Floor,Finishing,Tower Civil Finishes,Blockwork,,33741386.0,2027-04-03,2027-04-11,,,2026-10-14,,0
1.1.1.4.2.3.1.29.2,Door Frame Fixing,Tower 2,29th Floor,Finishing,Tower Finishing,Door,,0.0,2027-04-11,2027-04-20,,,2026-10-22,,0
1.1.1.4.2.3.1.29.3,Internal Plumbing Works,Tower 2,29th Floor,MEP,Tower MEP,Plumbing,,26929500.0,2027-04-11,2027-04-21,,,2026-10-22,,0
1.1.1.4.2.3.1.29.4,Waterproofing,Tower 2,29th Floor,Finishing,Tower Civil Finishes,Waterproofing,,31272150.0,2027-05-04,2027-05-16,,,2026-12-29,,0
1.1.1.4.2.3.1.29.5,Internal Plaster,Tower 2,29th Floor,Finishing,Tower Civil Finishes,Int Plaster,,56646000.0,2027-05-16,2027-05-25,,,2027-01-10,,0
1.1.1.4.2.3.1.29.6,IPS flooring work,Tower 2,29th Floor,Finishing,Tower Finishing,Flooring,,19122600.0,2027-05-25,2027-06-03,,,2027-01-19,,0
1.1.1.4.2.3.1.29.7,Toilet dado work,Tower 2,29th Floor,Finishing,Tower Finishing,Flooring,,56945240.0,2027-10-19,2027-10-27,,,2027-01-19,,0
1.1.1.4.2.3.1.29.8,Toilet flooring work,Tower 2,29th Floor,Finishing,Tower Finishing,Flooring,,11119020.0,2027-10-27,2027-12-18,,,2027-01-27,,0
1.1.1.4.2.3.1.29.9,Living dinning flooring,Tower 2,29th Floor,Finishing,Tower Finishing,Flooring,,153346950.0,2028-03-15,2028-03-30,,,2027-02-21,,0
1.1.1.4.2.3.1.29.10,Aluminium door-window fixing,Tower 2,29th Floor,Finishing,Tower Finishing,Window,,112800000.0,2028-04-10,2028-04-25,,,2027-03-08,,0
1.1.1.4.2.3.1.29.11,Putty primer coat,Tower 2,29th Floor,Finishing,Tower Finishing,Paint,,12606000.0,2028-03-30,2028-04-05,,,2027-03-08,,0
1.1.1.4.2.3.1.29.12,Door shutter fixing,Tower 2,29th Floor,Finishing,Tower Finishing,Door,,77202200.0,2028-03-30,2028-04-07,,,2027-03-08,,0
1.1.1.4.2.3.1.29.13,Electrical wiring work,Tower 2,29th Floor,MEP,Tower MEP,Electrical,,56943068.0,2028-04-30,2028-05-12,,,2027-03-16,,0
1.1.1.4.2.3.1.29.14,Painting 1st coat,Tower 2,29th Floor,Finishing,Tower Finishing,Paint,,12606000.0,2028-05-15,2028-05-27,,,2027-03-28,,0
1.1.1.4.2.3.1.29.15,False ceiling,Tower 2,29th Floor,Finishing,Tower Finishing,False Ceiling,,29946000.0,2028-05-27,2028-06-06,,,2027-04-09,,0
1.1.1.4.2.3.1.30,30th Floor,,,,,,,,2027-04-14,2028-06-21,,,2026-10-25,,
1.1.1.4.2.3.1.30.1,Block Work,Tower 2,30th Floor,Finishing,Tower Civil Finishes,Blockwork,,33741386.0,2027-04-14,2027-04-22,,,2026-10-25,,0
1.1.1.4.2.3.1.30.2,Door Frame Fixing,Tower 2,30th Floor,Finishing,Tower Finishing,Door,,0.0,2027-04-22,2027-05-01,,,2026-12-17,,0
1.1.1.4.2.3.1.30.3,Internal Plumbing Works,Tower 2,30th Floor,MEP,Tower MEP,Plumbing,,26929500.0,2027-04-22,2027-05-02,,,2026-12-17,,0
1.1.1.4.2.3.1.30.4,Waterproofing,Tower 2,30th Floor,Finishing,Tower Civil Finishes,Waterproofing,,31272150.0,2027-05-16,2027-05-28,,,2027-01-10,,0
1.1.1.4.2.3.1.30.5,Internal Plaster,Tower 2,30th Floor,Finishing,Tower Civil Finishes,Int Plaster,,56646000.0,2027-05-28,2027-06-06,,,2027-01-22,,0
1.1.1.4.2.3.1.30.6,IPS flooring work,Tower 2,30th Floor,Finishing,Tower Finishing,Flooring,,19122600.0,2027-06-06,2027-06-15,,,2027-01-31,,0
1.1.1.4.2.3.1.30.7,Toilet dado work,Tower 2,30th Floor,Finishing,Tower Finishing,Flooring,,56945240.0,2027-10-27,2027-12-19,,,2027-01-31,,0
1.1.1.4.2.3.1.30.8,Toilet flooring work,Tower 2,30th Floor,Finishing,Tower Finishing,Flooring,,11119020.0,2027-12-19,2027-12-26,,,2027-02-08,,0
1.1.1.4.2.3.1.30.9,Living dinning flooring,Tower 2,30th Floor,Finishing,Tower Finishing,Flooring,,153346950.0,2028-03-30,2028-04-14,,,2027-03-08,,0
1.1.1.4.2.3.1.30.10,Aluminium door-window fixing,Tower 2,30th Floor,Finishing,Tower Finishing,Window,,112800000.0,2028-04-25,2028-05-10,,,2027-03-23,,0
1.1.1.4.2.3.1.30.11,Putty primer coat,Tower 2,30th Floor,Finishing,Tower Finishing,Paint,,12606000.0,2028-04-14,2028-04-20,,,2027-03-23,,0
1.1.1.4.2.3.1.30.12,Door shutter fixing,Tower 2,30th Floor,Finishing,Tower Finishing,Door,,77202200.0,2028-04-14,2028-04-22,,,2027-03-23,,0
1.1.1.4.2.3.1.30.13,Electrical wiring work,Tower 2,30th Floor,MEP,Tower MEP,Electrical,,56943068.0,2028-05-12,2028-05-27,,,2027-03-31,,0
1.1.1.4.2.3.1.30.14,Painting 1st coat,Tower 2,30th Floor,Finishing,Tower Finishing,Paint,,12606000.0,2028-05-27,2028-06-11,,,2027-04-15,,0
1.1.1.4.2.3.1.30.15,False ceiling,Tower 2,30th Floor,Finishing,Tower Finishing,False Ceiling,,29946000.0,2028-06-11,2028-06-21,,,2027-04-30,,0
1.1.1.4.2.3.1.31,31st Floor,,,,,,,,2027-04-25,2028-07-06,,,2026-12-20,,
1.1.1.4.2.3.1.31.1,Block Work,Tower 2,31st Floor,Finishing,Tower Civil Finishes,Blockwork,,33741386.0,2027-04-25,2027-05-03,,,2026-12-20,,0
1.1.1.4.2.3.1.31.2,Door Frame Fixing,Tower 2,31st Floor,Finishing,Tower Finishing,Door,,0.0,2027-05-03,2027-05-12,,,2026-12-28,,0
1.1.1.4.2.3.1.31.3,Internal Plumbing Works,Tower 2,31st Floor,MEP,Tower MEP,Plumbing,,26929500.0,2027-05-03,2027-05-13,,,2026-12-28,,0
1.1.1.4.2.3.1.31.4,Waterproofing,Tower 2,31st Floor,Finishing,Tower Civil Finishes,Waterproofing,,31272150.0,2027-05-13,2027-05-25,,,2027-01-07,,0
1.1.1.4.2.3.1.31.5,Internal Plaster,Tower 2,31st Floor,Finishing,Tower Civil Finishes,Int Plaster,,56646000.0,2027-06-06,2027-06-15,,,2027-01-31,,0
1.1.1.4.2.3.1.31.6,IPS flooring work,Tower 2,31st Floor,Finishing,Tower Finishing,Flooring,,19122600.0,2027-06-15,2027-06-24,,,2027-02-09,,0
1.1.1.4.2.3.1.31.7,Toilet dado work,Tower 2,31st Floor,Finishing,Tower Finishing,Flooring,,56945240.0,2027-12-19,2027-12-27,,,2027-02-09,,0
1.1.1.4.2.3.1.31.8,Toilet flooring work,Tower 2,31st Floor,Finishing,Tower Finishing,Flooring,,11119020.0,2027-12-27,2028-01-03,,,2027-02-17,,0
1.1.1.4.2.3.1.31.9,Living dinning flooring,Tower 2,31st Floor,Finishing,Tower Finishing,Flooring,,153346950.0,2028-04-14,2028-04-29,,,2027-03-23,,0
1.1.1.4.2.3.1.31.10,Aluminium door-window fixing,Tower 2,31st Floor,Finishing,Tower Finishing,Window,,112800000.0,2028-05-10,2028-05-22,,,2027-04-07,,0
1.1.1.4.2.3.1.31.11,Putty primer coat,Tower 2,31st Floor,Finishing,Tower Finishing,Paint,,12606000.0,2028-04-29,2028-05-05,,,2027-04-07,,0
1.1.1.4.2.3.1.31.12,Door shutter fixing,Tower 2,31st Floor,Finishing,Tower Finishing,Door,,77202200.0,2028-04-29,2028-05-07,,,2027-04-07,,0
1.1.1.4.2.3.1.31.13,Electrical wiring work,Tower 2,31st Floor,MEP,Tower MEP,Electrical,,56943068.0,2028-05-27,2028-06-11,,,2027-04-15,,0
1.1.1.4.2.3.1.31.14,Painting 1st coat,Tower 2,31st Floor,Finishing,Tower Finishing,Paint,,12606000.0,2028-06-11,2028-06-26,,,2027-04-30,,0
1.1.1.4.2.3.1.31.15,False ceiling,Tower 2,31st Floor,Finishing,Tower Finishing,False Ceiling,,29946000.0,2028-06-26,2028-07-06,,,2027-05-15,,0
1.1.1.4.2.3.1.32,32nd Floor,,,,,,,,2027-05-03,2028-07-21,,,2026-12-28,,
1.1.1.4.2.3.1.32.1,Block Work,Tower 2,32nd Floor,Finishing,Tower Civil Finishes,Blockwork,,33741386.0,2027-05-03,2027-05-11,,,2026-12-28,,0
1.1.1.4.2.3.1.32.2,Door Frame Fixing,Tower 2,32nd Floor,Finishing,Tower Finishing,Door,,0.0,2027-05-12,2027-05-21,,,2027-01-06,,0
1.1.1.4.2.3.1.32.3,Internal Plumbing Works,Tower 2,32nd Floor,MEP,Tower MEP,Plumbing,,26929500.0,2027-05-13,2027-05-23,,,2027-01-07,,0
1.1.1.4.2.3.1.32.4,Waterproofing,Tower 2,32nd Floor,Finishing,Tower Civil Finishes,Waterproofing,,31272150.0,2027-05-25,2027-06-06,,,2027-01-19,,0
1.1.1.4.2.3.1.32.5,Internal Plaster,Tower 2,32nd Floor,Finishing,Tower Civil Finishes,Int Plaster,,56646000.0,2027-06-15,2027-06-24,,,2027-02-09,,0
1.1.1.4.2.3.1.32.6,IPS flooring work,Tower 2,32nd Floor,Finishing,Tower Finishing,Flooring,,19122600.0,2027-06-24,2027-07-03,,,2027-02-18,,0
1.1.1.4.2.3.1.32.7,Toilet dado work,Tower 2,32nd Floor,Finishing,Tower Finishing,Flooring,,56945240.0,2027-12-27,2028-01-04,,,2027-02-18,,0
1.1.1.4.2.3.1.32.8,Toilet flooring work,Tower 2,32nd Floor,Finishing,Tower Finishing,Flooring,,11119020.0,2028-01-04,2028-01-11,,,2027-02-26,,0
1.1.1.4.2.3.1.32.9,Living dinning flooring,Tower 2,32nd Floor,Finishing,Tower Finishing,Flooring,,153346950.0,2028-04-29,2028-05-14,,,2027-04-07,,0
1.1.1.4.2.3.1.32.10,Aluminium door-window fixing,Tower 2,32nd Floor,Finishing,Tower Finishing,Window,,112800000.0,2028-05-22,2028-06-03,,,2027-04-22,,0
1.1.1.4.2.3.1.32.11,Putty primer coat,Tower 2,32nd Floor,Finishing,Tower Finishing,Paint,,12606000.0,2028-05-14,2028-05-20,,,2027-04-22,,0
1.1.1.4.2.3.1.32.12,Door shutter fixing,Tower 2,32nd Floor,Finishing,Tower Finishing,Door,,77202200.0,2028-05-14,2028-05-22,,,2027-04-22,,0
1.1.1.4.2.3.1.32.13,Electrical wiring work,Tower 2,32nd Floor,MEP,Tower MEP,Electrical,,56943068.0,2028-06-11,2028-06-26,,,2027-04-30,,0
1.1.1.4.2.3.1.32.14,Painting 1st coat,Tower 2,32nd Floor,Finishing,Tower Finishing,Paint,,12606000.0,2028-06-26,2028-07-11,,,2027-05-15,,0
1.1.1.4.2.3.1.32.15,False ceiling,Tower 2,32nd Floor,Finishing,Tower Finishing,False Ceiling,,29946000.0,2028-07-11,2028-07-21,,,2027-05-30,,0
1.1.1.4.2.3.1.33,33rd Floor,,,,,,,,2027-05-11,2028-08-02,,,2027-01-05,,
1.1.1.4.2.3.1.33.1,Block Work,Tower 2,33rd Floor,Finishing,Tower Civil Finishes,Blockwork,,33741386.0,2027-05-11,2027-05-19,,,2027-01-05,,0
1.1.1.4.2.3.1.33.2,Door Frame Fixing,Tower 2,33rd Floor,Finishing,Tower Finishing,Door,,0.0,2027-05-21,2027-05-30,,,2027-01-15,,0
1.1.1.4.2.3.1.33.3,Internal Plumbing Works,Tower 2,33rd Floor,MEP,Tower MEP,Plumbing,,26929500.0,2027-05-23,2027-06-02,,,2027-01-17,,0
1.1.1.4.2.3.1.33.4,Waterproofing,Tower 2,33rd Floor,Finishing,Tower Civil Finishes,Waterproofing,,31272150.0,2027-06-06,2027-06-18,,,2027-01-31,,0
1.1.1.4.2.3.1.33.5,Internal Plaster,Tower 2,33rd Floor,Finishing,Tower Civil Finishes,Int Plaster,,56646000.0,2027-06-18,2027-06-27,,,2027-02-12,,0
1.1.1.4.2.3.1.33.6,IPS flooring work,Tower 2,33rd Floor,Finishing,Tower Finishing,Flooring,,19122600.0,2027-07-03,2027-07-12,,,2027-02-27,,0
1.1.1.4.2.3.1.33.7,Toilet dado work,Tower 2,33rd Floor,Finishing,Tower Finishing,Flooring,,56945240.0,2028-01-04,2028-01-12,,,2027-02-26,,0
1.1.1.4.2.3.1.33.8,Toilet flooring work,Tower 2,33rd Floor,Finishing,Tower Finishing,Flooring,,11119020.0,2028-01-12,2028-01-19,,,2027-03-06,,0
1.1.1.4.2.3.1.33.9,Living dinning flooring,Tower 2,33rd Floor,Finishing,Tower Finishing,Flooring,,153346950.0,2028-05-14,2028-05-29,,,2027-04-22,,0
1.1.1.4.2.3.1.33.10,Aluminium door-window fixing,Tower 2,33rd Floor,Finishing,Tower Finishing,Window,,112800000.0,2028-06-03,2028-06-18,,,2027-05-07,,0
1.1.1.4.2.3.1.33.11,Putty primer coat,Tower 2,33rd Floor,Finishing,Tower Finishing,Paint,,12606000.0,2028-05-29,2028-06-04,,,2027-05-07,,0
1.1.1.4.2.3.1.33.12,Door shutter fixing,Tower 2,33rd Floor,Finishing,Tower Finishing,Door,,77202200.0,2028-05-29,2028-06-06,,,2027-05-07,,0
1.1.1.4.2.3.1.33.13,Electrical wiring work,Tower 2,33rd Floor,MEP,Tower MEP,Electrical,,56943068.0,2028-06-26,2028-07-08,,,2027-05-15,,0
1.1.1.4.2.3.1.33.14,Painting 1st coat,Tower 2,33rd Floor,Finishing,Tower Finishing,Paint,,12606000.0,2028-07-11,2028-07-23,,,2027-05-30,,0
1.1.1.4.2.3.1.33.15,False ceiling,Tower 2,33rd Floor,Finishing,Tower Finishing,False Ceiling,,29946000.0,2028-07-23,2028-08-02,,,2027-06-11,,0
1.1.1.4.2.3.1.34,34th Floor,,,,,,,,2027-05-19,2028-08-14,,,2027-01-13,,
1.1.1.4.2.3.1.34.1,Block Work,Tower 2,34th Floor,Finishing,Tower Civil Finishes,Blockwork,,33741386.0,2027-05-19,2027-05-27,,,2027-01-13,,0
1.1.1.4.2.3.1.34.2,Door Frame Fixing,Tower 2,34th Floor,Finishing,Tower Finishing,Door,,0.0,2027-05-30,2027-06-08,,,2027-01-24,,0
1.1.1.4.2.3.1.34.3,Internal Plumbing Works,Tower 2,34th Floor,MEP,Tower MEP,Plumbing,,26929500.0,2027-06-02,2027-06-12,,,2027-01-27,,0
1.1.1.4.2.3.1.34.4,Waterproofing,Tower 2,34th Floor,Finishing,Tower Civil Finishes,Waterproofing,,31272150.0,2027-06-12,2027-06-22,,,2027-02-06,,0
1.1.1.4.2.3.1.34.5,Internal Plaster,Tower 2,34th Floor,Finishing,Tower Civil Finishes,Int Plaster,,56646000.0,2027-06-27,2027-07-06,,,2027-02-21,,0
1.1.1.4.2.3.1.34.6,IPS flooring work,Tower 2,34th Floor,Finishing,Tower Finishing,Flooring,,19122600.0,2027-07-12,2027-07-21,,,2027-03-08,,0
1.1.1.4.2.3.1.34.7,Toilet dado work,Tower 2,34th Floor,Finishing,Tower Finishing,Flooring,,56945240.0,2028-01-12,2028-01-20,,,2027-03-06,,0
1.1.1.4.2.3.1.34.8,Toilet flooring work,Tower 2,34th Floor,Finishing,Tower Finishing,Flooring,,11119020.0,2028-01-20,2028-01-27,,,2027-03-14,,0
1.1.1.4.2.3.1.34.9,Living dinning flooring,Tower 2,34th Floor,Finishing,Tower Finishing,Flooring,,153346950.0,2028-05-29,2028-06-10,,,2027-05-07,,0
1.1.1.4.2.3.1.34.10,Aluminium door-window fixing,Tower 2,34th Floor,Finishing,Tower Finishing,Window,,112800000.0,2028-06-18,2028-07-03,,,2027-05-22,,0
1.1.1.4.2.3.1.34.11,Putty primer coat,Tower 2,34th Floor,Finishing,Tower Finishing,Paint,,12606000.0,2028-06-10,2028-06-16,,,2027-05-22,,0
1.1.1.4.2.3.1.34.12,Door shutter fixing,Tower 2,34th Floor,Finishing,Tower Finishing,Door,,77202200.0,2028-06-10,2028-06-18,,,2027-05-22,,0
1.1.1.4.2.3.1.34.13,Electrical wiring work,Tower 2,34th Floor,MEP,Tower MEP,Electrical,,56943068.0,2028-07-08,2028-07-20,,,2027-05-30,,0
1.1.1.4.2.3.1.34.14,Painting 1st coat,Tower 2,34th Floor,Finishing,Tower Finishing,Paint,,12606000.0,2028-07-23,2028-08-04,,,2027-06-11,,0
1.1.1.4.2.3.1.34.15,False ceiling,Tower 2,34th Floor,Finishing,Tower Finishing,False Ceiling,,29946000.0,2028-08-04,2028-08-14,,,2027-06-23,,0
1.1.1.4.2.3.1.35,35th Floor,,,,,,,,2027-05-27,2028-08-26,,,2027-01-21,,
1.1.1.4.2.3.1.35.1,Block Work,Tower 2,35th Floor,Finishing,Tower Civil Finishes,Blockwork,,33741386.0,2027-05-27,2027-06-04,,,2027-01-21,,0
1.1.1.4.2.3.1.35.2,Door Frame Fixing,Tower 2,35th Floor,Finishing,Tower Finishing,Door,,0.0,2027-06-08,2027-06-17,,,2027-02-02,,0
1.1.1.4.2.3.1.35.3,Internal Plumbing Works,Tower 2,35th Floor,MEP,Tower MEP,Plumbing,,26929500.0,2027-06-12,2027-06-22,,,2027-02-06,,0
1.1.1.4.2.3.1.35.4,Waterproofing,Tower 2,35th Floor,Finishing,Tower Civil Finishes,Waterproofing,,31272150.0,2027-06-22,2027-07-04,,,2027-02-16,,0
1.1.1.4.2.3.1.35.5,Internal Plaster,Tower 2,35th Floor,Finishing,Tower Civil Finishes,Int Plaster,,56646000.0,2027-08-08,2027-08-17,,,2027-03-02,,0
1.1.1.4.2.3.1.35.6,IPS flooring work,Tower 2,35th Floor,Finishing,Tower Finishing,Flooring,,19122600.0,2027-08-17,2027-08-26,,,2027-03-17,,0
1.1.1.4.2.3.1.35.7,Toilet dado work,Tower 2,35th Floor,Finishing,Tower Finishing,Flooring,,56945240.0,2028-01-20,2028-01-28,,,2027-03-14,,0
1.1.1.4.2.3.1.35.8,Toilet flooring work,Tower 2,35th Floor,Finishing,Tower Finishing,Flooring,,11119020.0,2028-01-28,2028-02-04,,,2027-03-22,,0
1.1.1.4.2.3.1.35.9,Living dinning flooring,Tower 2,35th Floor,Finishing,Tower Finishing,Flooring,,153346950.0,2028-06-10,2028-06-23,,,2027-05-22,,0
1.1.1.4.2.3.1.35.10,Aluminium door-window fixing,Tower 2,35th Floor,Finishing,Tower Finishing,Window,,112800000.0,2028-07-03,2028-07-18,,,2027-06-06,,0
1.1.1.4.2.3.1.35.11,Putty primer coat,Tower 2,35th Floor,Finishing,Tower Finishing,Paint,,12606000.0,2028-06-23,2028-06-29,,,2027-06-06,,0
1.1.1.4.2.3.1.35.12,Door shutter fixing,Tower 2,35th Floor,Finishing,Tower Finishing,Door,,77202200.0,2028-06-23,2028-07-01,,,2027-06-06,,0
1.1.1.4.2.3.1.35.13,Electrical wiring work,Tower 2,35th Floor,MEP,Tower MEP,Electrical,,56943068.0,2028-07-20,2028-08-01,,,2027-06-14,,0
1.1.1.4.2.3.1.35.14,Painting 1st coat,Tower 2,35th Floor,Finishing,Tower Finishing,Paint,,12606000.0,2028-08-04,2028-08-16,,,2027-06-26,,0
1.1.1.4.2.3.1.35.15,False ceiling,Tower 2,35th Floor,Finishing,Tower Finishing,False Ceiling,,29946000.0,2028-08-16,2028-08-26,,,2027-07-08,,0
1.1.1.4.2.3.2,Terrace Finishing,,,,,,,,2027-04-19,2027-07-08,,,2026-10-08,,
1.1.1.4.2.3.2.1,Terrace waterproofing,Tower 2,Terrace,Finishing,Tower Civil Finishes,Waterproofing,,0.0,2027-04-19,2027-05-29,,,2026-10-08,,0
1.1.1.4.2.3.2.2,Terrace finishing,Tower 2,Terrace,Finishing,Common area finishes,CA-Flooring,,0.0,2027-05-29,2027-07-08,,,2027-01-01,,0
1.1.1.4.2.3.3,Common Area Finishing,,,,,,,,2027-05-29,2028-05-03,,,2027-01-03,,
1.1.1.4.2.3.3.1,Block Work,Tower 2,,Finishing,Common area finishes,CA-Blockwork,,100.0,2027-05-29,2027-07-08,,,2027-01-03,,0
1.1.1.4.2.3.3.2,Tile Cladding & Lift Lobby Granite Wall,Tower 2,,Finishing,Common area finishes,CA-Flooring,,1125090000.0,2027-07-08,2027-12-20,,,2027-02-12,,0
1.1.1.4.2.3.3.3,Staircase railing fixing,Tower 2,,Finishing,Common area finishes,CA-Railing,,238268800.0,2027-10-21,2028-05-03,,,2027-05-28,,0
1.1.1.4.2.3.3.4,Main staircase flooring,Tower 2,,Finishing,Common area finishes,CA-Flooring,,0.0,2027-09-21,2028-04-03,,,2027-04-28,,0
1.1.1.4.2.3.3.5,Fire staircase flooring ,Tower 2,,Finishing,Common area finishes,CA-Flooring,,367761800.0,2027-09-06,2028-03-19,,,2027-04-13,,0
1.1.1.4.2.3.3.6,Fire door work,Tower 2,,Finishing,Common area finishes,CA-Door,,379050000.0,2027-10-21,2028-02-03,,,2027-05-28,,0
1.1.1.4.2.3.3.7,Electrical wiring work,Tower 2,,MEP,Common area-MEP,CA-Electrical,,0.0,2027-06-18,2027-10-16,,,2027-01-23,,0
1.1.1.4.2.3.3.8,Lobby flooring,Tower 2,,Finishing,Common area finishes,CA-Flooring,,0.0,2027-06-22,2028-01-03,,,2027-01-27,,0
1.1.1.4.2.3.3.9,Ceiling & wall putty-primer,Tower 2,,Finishing,Common area finishes,CA-Paint,,0.0,2027-08-07,2028-01-09,,,2027-03-14,,0
1.1.1.4.2.3.3.10,Ceiling & wall painting,Tower 2,,Finishing,Common area finishes,CA-Paint,,0.0,2027-08-27,2028-01-19,,,2027-04-03,,0
1.1.1.4.2.3.3.11,Light fixture supply & installation,Tower 2,,MEP,Common area-MEP,CA-Electrical,,0.0,2027-10-26,2028-01-24,,,2027-06-02,,0
1.1.1.4.2.3.4,Balcony Glass Railing,,,,,,,,2028-01-09,2028-03-19,,,2027-07-22,,
1.1.1.4.2.3.4.1,1st Floor,Tower 2,1st Floor,Finishing,Tower Civil Finishes,Railing,,0.0,2028-01-09,2028-01-11,,,2027-07-22,,0
1.1.1.4.2.3.4.2,2nd Floor,Tower 2,2nd Floor,Finishing,Tower Civil Finishes,Railing,,0.0,2028-01-11,2028-01-13,,,2027-07-24,,0
1.1.1.4.2.3.4.3,3rd Floor,Tower 2,3rd Floor,Finishing,Tower Civil Finishes,Railing,,105276000.0,2028-01-13,2028-01-15,,,2027-07-26,,0
1.1.1.4.2.3.4.4,4th Floor,Tower 2,4th Floor,Finishing,Tower Civil Finishes,Railing,,0.0,2028-01-15,2028-01-17,,,2027-07-28,,0
1.1.1.4.2.3.4.5,5th Floor ,Tower 2,5th Floor,Finishing,Tower Civil Finishes,Railing,,0.0,2028-01-17,2028-01-19,,,2027-07-30,,0
1.1.1.4.2.3.4.6,6th Floor ,Tower 2,6th Floor,Finishing,Tower Civil Finishes,Railing,,105276000.0,2028-01-19,2028-01-21,,,2027-08-01,,0
1.1.1.4.2.3.4.7,7th Floor ,Tower 2,7th Floor,Finishing,Tower Civil Finishes,Railing,,105276000.0,2028-01-21,2028-01-23,,,2027-08-03,,0
1.1.1.4.2.3.4.8,8th Floor ,Tower 2,8th Floor,Finishing,Tower Civil Finishes,Railing,,105276000.0,2028-01-23,2028-01-25,,,2027-08-05,,0
1.1.1.4.2.3.4.9,9th Floor ,Tower 2,9th Floor,Finishing,Tower Civil Finishes,Railing,,105276000.0,2028-01-25,2028-01-27,,,2027-08-07,,0
1.1.1.4.2.3.4.10,10th Floor,Tower 2,10th Floor,Finishing,Tower Civil Finishes,Railing,,105276000.0,2028-01-27,2028-01-29,,,2027-08-09,,0
1.1.1.4.2.3.4.11,11th Floor,Tower 2,11th Floor,Finishing,Tower Civil Finishes,Railing,,105276000.0,2028-01-29,2028-01-31,,,2027-08-11,,0
1.1.1.4.2.3.4.12,12th Floor,Tower 2,12th Floor,Finishing,Tower Civil Finishes,Railing,,105276000.0,2028-01-31,2028-02-02,,,2027-08-13,,0
1.1.1.4.2.3.4.13,13th Floor,Tower 2,13th Floor,Finishing,Tower Civil Finishes,Railing,,105276000.0,2028-02-02,2028-02-04,,,2027-08-15,,0
1.1.1.4.2.3.4.14,14th Floor,Tower 2,14th Floor,Finishing,Tower Civil Finishes,Railing,,105276000.0,2028-02-04,2028-02-06,,,2027-08-17,,0
1.1.1.4.2.3.4.15,15th Floor,Tower 2,15th Floor,Finishing,Tower Civil Finishes,Railing,,105276000.0,2028-02-06,2028-02-08,,,2027-08-19,,0
1.1.1.4.2.3.4.16,16th Floor,Tower 2,16th Floor,Finishing,Tower Civil Finishes,Railing,,105276000.0,2028-02-08,2028-02-10,,,2027-08-21,,0
1.1.1.4.2.3.4.17,17th Floor,Tower 2,17th Floor,Finishing,Tower Civil Finishes,Railing,,105276000.0,2028-02-10,2028-02-12,,,2027-08-23,,0
1.1.1.4.2.3.4.18,18th Floor,Tower 2,18th Floor,Finishing,Tower Civil Finishes,Railing,,105276000.0,2028-02-12,2028-02-14,,,2027-08-25,,0
1.1.1.4.2.3.4.19,19th Floor,Tower 2,19th Floor,Finishing,Tower Civil Finishes,Railing,,105276000.0,2028-02-14,2028-02-16,,,2027-08-27,,0
1.1.1.4.2.3.4.20,20th Floor,Tower 2,20th Floor,Finishing,Tower Civil Finishes,Railing,,105276000.0,2028-02-16,2028-02-18,,,2027-08-29,,0
1.1.1.4.2.3.4.21,21st Floor,Tower 2,21st Floor,Finishing,Tower Civil Finishes,Railing,,105276000.0,2028-02-18,2028-02-20,,,2027-08-31,,0
1.1.1.4.2.3.4.22,22nd Floor,Tower 2,22nd Floor,Finishing,Tower Civil Finishes,Railing,,105276000.0,2028-02-20,2028-02-22,,,2027-09-02,,0
1.1.1.4.2.3.4.23,23rd Floor,Tower 2,23rd Floor,Finishing,Tower Civil Finishes,Railing,,105276000.0,2028-02-22,2028-02-24,,,2027-09-04,,0
1.1.1.4.2.3.4.24,24th Floor,Tower 2,24th Floor,Finishing,Tower Civil Finishes,Railing,,105276000.0,2028-02-24,2028-02-26,,,2027-09-06,,0
1.1.1.4.2.3.4.25,25th Floor,Tower 2,25th Floor,Finishing,Tower Civil Finishes,Railing,,105276000.0,2028-02-26,2028-02-28,,,2027-09-08,,0
1.1.1.4.2.3.4.26,26th Floor,Tower 2,26th Floor,Finishing,Tower Civil Finishes,Railing,,105276000.0,2028-02-28,2028-03-01,,,2027-09-10,,0
1.1.1.4.2.3.4.27,27th Floor,Tower 2,27th Floor,Finishing,Tower Civil Finishes,Railing,,105276000.0,2028-03-01,2028-03-03,,,2027-09-12,,0
1.1.1.4.2.3.4.28,28th Floor,Tower 2,28th Floor,Finishing,Tower Civil Finishes,Railing,,105276000.0,2028-03-03,2028-03-05,,,2027-09-14,,0
1.1.1.4.2.3.4.29,29th Floor,Tower 2,29th Floor,Finishing,Tower Civil Finishes,Railing,,105276000.0,2028-03-05,2028-03-07,,,2027-09-16,,0
1.1.1.4.2.3.4.30,30th Floor,Tower 2,30th Floor,Finishing,Tower Civil Finishes,Railing,,105276000.0,2028-03-07,2028-03-09,,,2027-09-18,,0
1.1.1.4.2.3.4.31,31st Floor,Tower 2,31st Floor,Finishing,Tower Civil Finishes,Railing,,105276000.0,2028-03-09,2028-03-11,,,2027-09-20,,0
1.1.1.4.2.3.4.32,32nd Floor,Tower 2,32nd Floor,Finishing,Tower Civil Finishes,Railing,,105276000.0,2028-03-11,2028-03-13,,,2027-09-22,,0
1.1.1.4.2.3.4.33,33rd Floor,Tower 2,33rd Floor,Finishing,Tower Civil Finishes,Railing,,105276000.0,2028-03-13,2028-03-15,,,2027-09-24,,0
1.1.1.4.2.3.4.34,34th Floor ,Tower 2,34th Floor,Finishing,Tower Civil Finishes,Railing,,105276000.0,2028-03-15,2028-03-17,,,2027-09-26,,0
1.1.1.4.2.3.4.35,35th Floor,Tower 2,35th Floor,Finishing,Tower Civil Finishes,Railing,,105276000.0,2028-03-17,2028-03-19,,,2027-09-28,,0
1.1.1.4.3,MEP work,,,,,,,,2027-05-29,2028-10-05,,,2027-01-01,,
1.1.1.4.3.1,Electrical work,,,,,,,,2027-05-29,2028-03-09,,,2027-01-03,,
1.1.1.4.3.1.1,Cable Tray,Tower 2,,MEP,Tower MEP,Electrical,,184779200.0,2027-05-29,2027-08-27,,,2027-01-03,,0
1.1.1.4.3.1.2,"Cable, main & sub main",Tower 2,,MEP,Tower MEP,Electrical,,851043528.0,2027-07-13,2027-10-01,,,2027-02-17,,0
1.1.1.4.3.1.3,LT panel & DB,Tower 2,,MEP,Tower MEP,Electrical,,1015952723.0,2027-08-27,2028-02-08,,,2027-04-03,,0
1.1.1.4.3.1.4,Rising main,Tower 2,,MEP,Tower MEP,Plumbing,,575180842.0,2027-10-26,2028-03-09,,,2027-06-02,,0
1.1.1.4.3.1.5,EARTHING Works ,Tower 2,,MEP,Tower MEP,Electrical,,11480000.0,2027-09-11,2027-12-25,,,2027-04-18,,0
1.1.1.4.3.1.6,Advance lightening protection,Tower 2,,MEP,Tower MEP,Electrical,,179199250.0,2027-07-08,2027-09-06,,,2027-02-10,,0
1.1.1.4.3.1.7,Inverter,Tower 2,,MEP,Tower MEP,Electrical,,31579400.0,2027-12-25,2028-01-29,,,2027-06-17,,0
1.1.1.4.3.1.8,Energy meter,Tower 2,,MEP,Tower MEP,Electrical,,98000000.0,2027-10-01,2028-01-14,,,2027-05-08,,0
1.1.1.4.3.1.9,Exhast fan,Tower 2,,MEP,Tower MEP,Electrical,,105000000.0,2027-10-06,2028-01-19,,,2027-04-27,,0
1.1.1.4.3.1.10,FTTH,Tower 2,,MEP,Tower MEP,Electrical,,161000000.0,2027-10-31,2028-02-13,,,2027-06-07,,0
1.1.1.4.3.1.11,Security System - FA & PA,Tower 2,,MEP,Tower MEP,Electrical,,521397976.0,2027-12-20,2028-02-13,,,2027-06-12,,0
1.1.1.4.3.1.12,Solar water heater,Tower 2,,MEP,Tower MEP,Plumbing,,0.0,2027-07-08,2027-09-06,,,2027-02-10,,0
1.1.1.4.3.2,Plumbing wrok,,,,,,,,2027-05-29,2028-06-18,,,2027-01-01,,
1.1.1.4.3.2.1,Terrace looping,Tower 2,Terrace,MEP,Tower MEP,Plumbing,,0.0,2027-05-29,2027-07-13,,,2027-01-01,,0
1.1.1.4.3.2.2,Shaft Plumbing,Tower 2,,MEP,Tower MEP,Plumbing,,0.0,2027-07-13,2027-12-25,,,2027-02-15,,0
1.1.1.4.3.2.3,CP sanitary fixture supply,Tower 2,,MEP,Tower MEP,CP Sanitary,,4246512800.0,2028-04-04,2028-06-18,,,2027-05-28,,0
1.1.1.4.3.2.4,Cold & flushing water supply,Tower 2,,MEP,Tower MEP,Plumbing,,1697979747.0,2027-10-06,2028-02-18,,,2027-05-13,,0
1.1.1.4.3.2.5,Misc work,Tower 2,,Finishing,Miscellaneous,Misc,,407027500.0,2028-02-08,2028-03-09,,,2027-08-01,,0
1.1.1.4.3.3,Fire fighting work,,,,,,,,2027-05-29,2028-01-29,,,2027-01-01,,
1.1.1.4.3.3.1,Fire hydrant work,Tower 2,,MEP,Tower MEP,Plumbing,,264277090.0,2027-07-18,2027-09-16,,,2027-04-13,,0
1.1.1.4.3.3.2,Sprinkler & piping work,Tower 2,,MEP,Tower MEP,Plumbing,,781626900.0,2027-10-16,2028-01-29,,,2027-08-11,,0
1.1.1.4.3.3.3,Shaft Downtake works,Tower 2,,MEP,Tower MEP,Plumbing,,0.0,2027-05-29,2027-08-27,,,2027-01-01,,0
1.1.1.4.3.3.4,Connection to pump room,Tower 2,,MEP,Tower MEP,Plumbing,,0.0,2027-08-27,2027-09-26,,,2027-04-01,,0
1.1.1.4.3.4,Lift work,,,,,,,,2027-05-29,2027-12-30,,,2027-01-03,,
1.1.1.4.3.4.1,Lift Shaft Handover,Tower 2,,MEP,Common area-MEP,Lift,,0.0,2027-05-29,2027-07-08,,,2027-01-03,,0
1.1.1.4.3.4.2,Lift installation work,Tower 2,,MEP,Common area-MEP,Lift,,2287000000.0,2027-07-08,2027-08-22,,,2027-02-12,,0
1.1.1.4.3.4.3,Lift testing and commissioning,Tower 2,,MEP,Common area-MEP,Lift,,0.0,2027-08-22,2027-12-30,,,2027-03-29,,0
1.1.1.4.3.5,AC work,,,,,,,,2028-06-27,2028-10-05,,,2028-02-02,,
1.1.1.4.3.5.1,Split AC,Tower 2,,MEP,Tower MEP,Electrical,,5955514983.0,2028-06-27,2028-10-05,,,2028-02-02,,0
1.1.1.4.4,Tower Completion ,,,,,,,,2023-12-05,2028-03-17,,,2027-01-23,,
1.1.1.4.4.1,SURFACE PREPARATION,Tower 2,,Finishing,Tower Finishing,Paint,,0.0,2027-05-29,2027-08-17,,,2027-01-23,,0
1.1.1.4.4.2,External Painting,Tower 2,,Finishing,Tower Finishing,Ext Paint,,1376600000.0,2027-08-17,2028-01-09,,,2027-04-13,,0
1.1.1.4.4.3,Waterproofing,Tower 2,,Finishing,Tower Civil Finishes,Waterproofing,,569995098.77,2023-12-05,2028-03-17,2023-12-05,,2027-07-22,,91
1.1.1.4.4.4,Misc. work,Tower 2,,Finishing,Miscellaneous,Misc,,506000000.0,2028-01-09,2028-03-09,,,2027-07-22,,0
1.1.1.4.5,Basement lobby,,,,,,,,2028-01-03,2028-03-03,,,2027-06-26,,
1.1.1.4.5.1,Basement lobby,Tower 2,Basement,Finishing,Common area finishes,CA-Flooring,,10774860900.0,2028-01-03,2028-03-03,,,2027-06-26,,0
1.1.1.4.6,Post OC activities ,,,,,,,,2028-03-09,2029-04-03,,,2027-06-26,,
1.1.1.4.6.1,Wooden Flooring,Tower 2,,Finishing,Tower Finishing,Flooring,,769300000.0,2028-05-09,2028-11-05,,,2027-12-30,,0
1.1.1.4.6.2,Fixtures SITC,Tower 2,,MEP,Tower MEP,Electrical,,2854247200.0,2028-06-18,2028-10-16,,,2027-12-30,,0
1.1.1.4.6.3,Balcony Flooring & Kitchen Counter,Tower 2,,Finishing,Tower Finishing,Flooring,,1915266600.0,2028-03-09,2028-09-05,,,2027-08-31,,0
1.1.1.4.6.4,Misc. Fixtures And Fittings,Tower 2,,Finishing,Miscellaneous,Misc,,198050500.0,2028-08-01,2028-11-29,,,2027-06-26,,0
1.1.1.4.6.5,Modular Kitchen,Tower 2,,Finishing,Miscellaneous,Misc,,2730000000.0,2028-03-09,2028-09-05,,,2027-08-31,,0
1.1.1.4.6.6,Final Coat Paint,Tower 2,,Finishing,Tower Finishing,Paint,,765453000.0,2029-01-03,2029-04-03,,,2028-08-10,,0
1.1.1.4.7,OC Application/Readiness ,Tower 2,,Finishing,Miscellaneous,Misc,,0.0,2028-03-19,2028-03-29,,,2027-12-24,,0
1.1.1.4.8,OC Receipt,Tower 2,,Finishing,Miscellaneous,Misc,,0.0,2028-04-09,2028-06-08,,,2028-01-04,,0
1.1.1.4.9,Offer To Possession,Tower 2,,Finishing,Miscellaneous,Misc,,0.0,2028-04-09,2028-05-01,,,2028-01-04,,0
1.1.1.5,Tower 1,,,,,,,,2023-11-28,2029-10-30,,,2024-05-14,,
1.1.1.5.1,Substructure,,,,,,,,2024-05-14,2026-05-05,,,2024-05-14,,
1.1.1.5.1.1,Soil Bed Preparation ,,,,,,,,2024-05-14,2026-02-24,,,2024-05-14,,
1.1.1.5.1.1.1,Test Piling ,Tower 1,,Civil Works- RCC,RCC,Reinforcement,,280000000.0,2024-05-14,2024-08-14,2024-05-14,2024-08-14,2024-05-14,,100
1.1.1.5.1.1.2,Excavation,Tower 1,,Civil Works- RCC,RCC,Reinforcement,,0.0,2024-06-26,2024-07-25,2024-06-26,2024-07-25,2024-06-26,,100
1.1.1.5.1.1.3,Main Piling Work ,Tower 1,,Civil Works- RCC,RCC,Reinforcement,,5751000000.0,2024-09-26,2025-03-07,2024-09-26,2025-03-07,2024-09-26,,100
1.1.1.5.1.1.4,Anti-termite,Tower 1,,Finishing,Tower Civil Finishes,Waterproofing,,1548000.0,2025-12-27,2025-12-31,,,2025-04-02,,0
1.1.1.5.1.1.5,PCC,Tower 1,,Civil Works- RCC,RCC,Concreting,,78474000.0,2025-03-10,2025-03-31,2025-03-10,2025-03-31,2025-03-10,,100
1.1.1.5.1.1.6,Backfilling,Tower 1,,Civil Works- RCC,RCC,Reinforcement,,144270000.0,2025-12-27,2026-02-24,,,2025-06-16,,0
1.1.1.5.1.2,RCC Structure,,,,,,,,2025-03-15,2025-09-29,,,2025-04-01,,
1.1.1.5.1.2.1,Raft Foundation ,,,,,,,,2025-03-15,2025-05-17,,,2025-04-01,,
1.1.1.5.1.2.1.1,Reinforcement,Tower 1,,Civil Works- RCC,RCC,Reinforcement,,2395612500.0,2025-03-15,2025-03-31,2025-03-15,2025-03-31,2025-04-01,,100
1.1.1.5.1.2.1.2,Formwork,Tower 1,,Civil Works- RCC,RCC,Shuttering- Conventional,,35356300.0,2025-05-06,2025-05-13,2025-05-06,2025-05-13,2025-04-13,,100
1.1.1.5.1.2.1.3,Concreting,Tower 1,,Civil Works- RCC,RCC,Concreting,,2477624600.0,2025-05-15,2025-05-17,2025-05-15,2025-05-17,2025-04-25,,100
1.1.1.5.1.2.2,Basement 1 Slab,,,,,,,,2025-04-16,2025-06-05,,,2025-04-27,,
1.1.1.5.1.2.2.1,Reinforcement,Tower 1,Basement 1,Civil Works- RCC,RCC,Reinforcement,,387133875.0,2025-05-17,2025-06-05,2025-05-17,2025-06-05,2025-04-27,,100
1.1.1.5.1.2.2.2,Formwork,Tower 1,Basement 1,Civil Works- RCC,RCC,Shuttering- Conventional,,118553200.0,2025-04-16,2025-05-05,2025-04-16,2025-05-05,2025-04-28,,100
1.1.1.5.1.2.2.3,Concreting,Tower 1,Basement 1,Civil Works- RCC,RCC,Concreting,,224304000.0,2025-05-06,2025-05-09,2025-05-06,2025-05-09,2025-05-18,,100
1.1.1.5.1.2.3,Basement 2 Slab/GF,,,,,,,,2025-05-10,2025-08-25,,,2025-05-22,,
1.1.1.5.1.2.3.1,Reinforcement,Tower 1,Ground Floor,Civil Works- RCC,RCC,Reinforcement,,762904875.0,2025-05-10,2025-08-22,2025-05-10,2025-08-22,2025-05-22,,100
1.1.1.5.1.2.3.2,Formwork,Tower 1,Ground Floor,Civil Works- RCC,RCC,Shuttering- Conventional,,333931200.0,2025-05-11,2025-08-22,2025-05-11,2025-08-22,2025-05-23,,100
1.1.1.5.1.2.3.3,Concreting,Tower 1,Ground Floor,Civil Works- RCC,RCC,Concreting,,442065800.0,2025-05-31,2025-08-25,2025-05-31,2025-08-25,2025-06-12,,100
1.1.1.5.1.2.4,Podium /Ground Floor Slab,,,,,,,,2025-08-20,2025-09-29,,,2025-06-16,,
1.1.1.5.1.2.4.1,Reinforcement,Tower 1,Ground Floor,Civil Works- RCC,RCC,Reinforcement,,1140340500.0,2025-08-20,2025-09-28,2025-08-20,2025-09-28,2025-06-16,,100
1.1.1.5.1.2.4.2,Formwork,Tower 1,Ground Floor,Civil Works- RCC,RCC,Shuttering- Conventional,,474308100.0,2025-08-21,2025-09-28,2025-08-21,2025-09-28,2025-06-17,,100
1.1.1.5.1.2.4.3,Concreting,Tower 1,Ground Floor,Civil Works- RCC,RCC,Concreting,,660762200.0,2025-08-22,2025-09-29,2025-08-22,2025-09-29,2025-07-07,,100
1.1.1.5.1.3,Substructure Finishing,,,,,,,,2025-12-27,2026-05-05,,,2025-08-10,,
1.1.1.5.1.3.1,Masonary work,Tower 1,,Finishing,Tower Civil Finishes,Blockwork,,66838800.0,2025-12-27,2026-02-09,,,2025-08-10,,0
1.1.1.5.1.3.2,Plaster,Tower 1,,Finishing,Tower Civil Finishes,Int Plaster,,44892000.0,2026-02-10,2026-03-21,,,2025-09-24,,0
1.1.1.5.1.3.3,Structural steel,Tower 1,,Civil Works- RCC,RCC,Reinforcement,,0.0,2026-01-13,2026-03-13,,,2025-09-09,,0
1.1.1.5.1.3.4,White Wash ,Tower 1,,Finishing,Tower Finishing,Paint,,150210000.0,2026-03-22,2026-05-05,,,2025-12-18,,0
1.1.1.5.2,Superstructure,,,,,,,,2025-09-25,2029-07-21,,,2025-07-11,,
1.1.1.5.2.1,RCC structure,,,,,,,,2025-09-25,2027-05-13,,,2025-07-11,,
1.1.1.5.2.1.1,1st floor slab,,,,,,,,2025-09-25,2026-01-10,,,2025-07-11,,
1.1.1.5.2.1.1.1,Reinforcement,Tower 1,1st Floor,Civil Works- RCC,RCC,Reinforcement,,572084500.0,2025-09-25,2026-01-08,2025-09-25,,2025-07-11,,58
1.1.1.5.2.1.1.2,Wall conduiting,Tower 1,1st Floor,MEP,Tower MEP,Electrical,,21339314.0,2025-10-07,2025-12-27,2025-10-07,,2025-07-14,,88
1.1.1.5.2.1.1.3,Formwork,Tower 1,1st Floor,Civil Works- RCC,RCC,Shuttering- Conventional,,283244400.0,2025-10-03,2026-01-09,2025-10-03,,2025-07-14,,56
1.1.1.5.2.1.1.4,Concreting,Tower 1,1st Floor,Civil Works- RCC,RCC,Concreting,,462567400.0,2025-10-07,2026-01-10,2025-10-07,,2025-08-04,,10
1.1.1.5.2.1.2,2nd floor slab,,,,,,,,2025-10-31,2026-02-09,,,2025-08-05,,
1.1.1.5.2.1.2.1,Reinforcement,Tower 1,2nd Floor,Civil Works- RCC,RCC,Reinforcement,,572084500.0,2025-10-31,2026-02-09,2025-10-31,,2025-08-05,,16
1.1.1.5.2.1.2.2,Wall conduiting,Tower 1,2nd Floor,MEP,Tower MEP,Electrical,,21339314.0,2025-12-28,2025-12-30,,,2025-08-07,,0
1.1.1.5.2.1.2.3,Formwork,Tower 1,2nd Floor,Civil Works- RCC,RCC,Shuttering- Conventional,,283244400.0,2025-11-09,2026-02-02,2025-11-09,,2025-08-08,,24
1.1.1.5.2.1.2.4,Concreting,Tower 1,2nd Floor,Civil Works- RCC,RCC,Concreting,,462567400.0,2026-02-03,2026-02-03,,,2025-08-25,,0
1.1.1.5.2.1.3,3rd floor slab,,,,,,,,2026-02-04,2026-02-19,,,2025-08-26,,
1.1.1.5.2.1.3.1,Reinforcement,Tower 1,3rd Floor,Civil Works- RCC,RCC,Reinforcement,,572084500.0,2026-02-04,2026-02-14,,,2025-08-26,,0
1.1.1.5.2.1.3.2,Wall conduiting,Tower 1,3rd Floor,MEP,Tower MEP,Electrical,,21339314.0,2026-02-07,2026-02-08,,,2025-08-29,,0
1.1.1.5.2.1.3.3,Formwork,Tower 1,3rd Floor,Civil Works- RCC,RCC,Shuttering- Conventional,,283244400.0,2026-02-08,2026-02-18,,,2025-08-30,,0
1.1.1.5.2.1.3.4,Concreting,Tower 1,3rd Floor,Civil Works- RCC,RCC,Concreting,,462567400.0,2026-02-19,2026-02-19,,,2025-09-09,,0
1.1.1.5.2.1.4,4th floor slab,,,,,,,,2026-02-20,2026-03-01,,,2025-09-10,,
1.1.1.5.2.1.4.1,Reinforcement,Tower 1,4th Floor,Civil Works- RCC,RCC,Reinforcement,,572084500.0,2026-02-20,2026-02-26,,,2025-09-10,,0
1.1.1.5.2.1.4.2,Wall conduiting,Tower 1,4th Floor,MEP,Tower MEP,Electrical,,21339314.0,2026-02-21,2026-02-22,,,2025-09-11,,0
1.1.1.5.2.1.4.3,Formwork,Tower 1,4th Floor,Civil Works- RCC,RCC,Shuttering- Conventional,,283244400.0,2026-02-22,2026-02-28,,,2025-09-12,,0
1.1.1.5.2.1.4.4,Concreting,Tower 1,4th Floor,Civil Works- RCC,RCC,Concreting,,462567400.0,2026-03-01,2026-03-01,,,2025-09-18,,0
1.1.1.5.2.1.5,5th floor slab,,,,,,,,2026-03-02,2026-03-11,,,2025-09-19,,
1.1.1.5.2.1.5.1,Reinforcement,Tower 1,5th Floor,Civil Works- RCC,RCC,Reinforcement,,572084500.0,2026-03-02,2026-03-08,,,2025-09-19,,0
1.1.1.5.2.1.5.2,Wall conduiting,Tower 1,5th Floor,MEP,Tower MEP,Electrical,,21339314.0,2026-03-03,2026-03-04,,,2025-09-20,,0
1.1.1.5.2.1.5.3,Formwork,Tower 1,5th Floor,Civil Works- RCC,RCC,Shuttering- Conventional,,283244400.0,2026-03-04,2026-03-10,,,2025-09-21,,0
1.1.1.5.2.1.5.4,Concreting,Tower 1,5th Floor,Civil Works- RCC,RCC,Concreting,,462567400.0,2026-03-11,2026-03-11,,,2025-09-27,,0
1.1.1.5.2.1.6,6th floor slab,,,,,,,,2026-03-12,2026-03-21,,,2025-09-28,,
1.1.1.5.2.1.6.1,Reinforcement,Tower 1,6th Floor,Civil Works- RCC,RCC,Reinforcement,,572084500.0,2026-03-12,2026-03-18,,,2025-09-28,,0
1.1.1.5.2.1.6.2,Wall conduiting,Tower 1,6th Floor,MEP,Tower MEP,Electrical,,21339314.0,2026-03-13,2026-03-14,,,2025-09-29,,0
1.1.1.5.2.1.6.3,Formwork,Tower 1,6th Floor,Civil Works- RCC,RCC,Shuttering- Conventional,,283244400.0,2026-03-14,2026-03-20,,,2025-09-30,,0
1.1.1.5.2.1.6.4,Concreting,Tower 1,6th Floor,Civil Works- RCC,RCC,Concreting,,462567400.0,2026-03-21,2026-03-21,,,2025-10-06,,0
1.1.1.5.2.1.7,7th floor slab,,,,,,,,2026-03-22,2026-03-31,,,2025-10-07,,
1.1.1.5.2.1.7.1,Reinforcement,Tower 1,7th Floor,Civil Works- RCC,RCC,Reinforcement,,572084500.0,2026-03-22,2026-03-28,,,2025-10-07,,0
1.1.1.5.2.1.7.2,Wall conduiting,Tower 1,7th Floor,MEP,Tower MEP,Electrical,,21339314.0,2026-03-23,2026-03-24,,,2025-10-08,,0
1.1.1.5.2.1.7.3,Formwork,Tower 1,7th Floor,Civil Works- RCC,RCC,Shuttering- Conventional,,283244400.0,2026-03-24,2026-03-30,,,2025-10-09,,0
1.1.1.5.2.1.7.4,Concreting,Tower 1,7th Floor,Civil Works- RCC,RCC,Concreting,,462567400.0,2026-03-31,2026-03-31,,,2025-10-15,,0
1.1.1.5.2.1.8,8th floor slab,,,,,,,,2026-04-01,2026-04-11,,,2025-10-16,,
1.1.1.5.2.1.8.1,Reinforcement,Tower 1,8th Floor,Civil Works- RCC,RCC,Reinforcement,,572084500.0,2026-04-01,2026-04-07,,,2025-10-16,,0
1.1.1.5.2.1.8.2,Wall conduiting,Tower 1,8th Floor,MEP,Tower MEP,Electrical,,21339314.0,2026-04-02,2026-04-03,,,2025-10-17,,0
1.1.1.5.2.1.8.3,Formwork,Tower 1,8th Floor,Civil Works- RCC,RCC,Shuttering- Conventional,,283244400.0,2026-04-03,2026-04-10,,,2025-10-18,,0
1.1.1.5.2.1.8.4,Concreting,Tower 1,8th Floor,Civil Works- RCC,RCC,Concreting,,462567400.0,2026-04-11,2026-04-11,,,2025-10-27,,0
1.1.1.5.2.1.9,9th floor slab,,,,,,,,2026-04-12,2026-04-21,,,2025-10-28,,
1.1.1.5.2.1.9.1,Reinforcement,Tower 1,9th Floor,Civil Works- RCC,RCC,Reinforcement,,572084500.0,2026-04-12,2026-04-18,,,2025-10-28,,0
1.1.1.5.2.1.9.2,Wall conduiting,Tower 1,9th Floor,MEP,Tower MEP,Electrical,,21339314.0,2026-04-13,2026-04-14,,,2025-10-29,,0
1.1.1.5.2.1.9.3,Formwork,Tower 1,9th Floor,Civil Works- RCC,RCC,Shuttering- Conventional,,283244400.0,2026-04-14,2026-04-20,,,2025-10-30,,0
1.1.1.5.2.1.9.4,Concreting,Tower 1,9th Floor,Civil Works- RCC,RCC,Concreting,,462567400.0,2026-04-21,2026-04-21,,,2025-12-20,,0
1.1.1.5.2.1.10,10th floor slab,,,,,,,,2026-04-22,2026-05-01,,,2025-12-21,,
1.1.1.5.2.1.10.1,Reinforcement,Tower 1,10th Floor,Civil Works- RCC,RCC,Reinforcement,,572084500.0,2026-04-22,2026-04-28,,,2025-12-21,,0
1.1.1.5.2.1.10.2,Wall conduiting,Tower 1,10th Floor,MEP,Tower MEP,Electrical,,21339314.0,2026-04-23,2026-04-24,,,2025-12-22,,0
1.1.1.5.2.1.10.3,Formwork,Tower 1,10th Floor,Civil Works- RCC,RCC,Shuttering- Conventional,,283244400.0,2026-04-24,2026-04-30,,,2025-12-23,,0
1.1.1.5.2.1.10.4,Concreting,Tower 1,10th Floor,Civil Works- RCC,RCC,Concreting,,462567400.0,2026-05-01,2026-05-01,,,2025-12-29,,0
1.1.1.5.2.1.11,11th floor slab,,,,,,,,2026-05-02,2026-05-11,,,2025-12-30,,
1.1.1.5.2.1.11.1,Reinforcement,Tower 1,11th Floor,Civil Works- RCC,RCC,Reinforcement,,572084500.0,2026-05-02,2026-05-08,,,2025-12-30,,0
1.1.1.5.2.1.11.2,Wall conduiting,Tower 1,11th Floor,MEP,Tower MEP,Electrical,,21339314.0,2026-05-03,2026-05-04,,,2025-12-31,,0
1.1.1.5.2.1.11.3,Formwork,Tower 1,11th Floor,Civil Works- RCC,RCC,Shuttering- Conventional,,283244400.0,2026-05-04,2026-05-10,,,2026-01-01,,0
1.1.1.5.2.1.11.4,Concreting,Tower 1,11th Floor,Civil Works- RCC,RCC,Concreting,,462567400.0,2026-05-11,2026-05-11,,,2026-01-07,,0
1.1.1.5.2.1.12,12th floor slab,,,,,,,,2026-05-12,2026-05-21,,,2026-01-08,,
1.1.1.5.2.1.12.1,Reinforcement,Tower 1,12th Floor,Civil Works- RCC,RCC,Reinforcement,,572084500.0,2026-05-12,2026-05-18,,,2026-01-08,,0
1.1.1.5.2.1.12.2,Wall conduiting,Tower 1,12th Floor,MEP,Tower MEP,Electrical,,21339314.0,2026-05-13,2026-05-14,,,2026-01-09,,0
1.1.1.5.2.1.12.3,Formwork,Tower 1,12th Floor,Civil Works- RCC,RCC,Shuttering- Conventional,,283244400.0,2026-05-14,2026-05-20,,,2026-01-10,,0
1.1.1.5.2.1.12.4,Concreting,Tower 1,12th Floor,Civil Works- RCC,RCC,Concreting,,462567400.0,2026-05-21,2026-05-21,,,2026-01-16,,0
1.1.1.5.2.1.13,13th floor slab,,,,,,,,2026-05-22,2026-05-31,,,2026-01-17,,
1.1.1.5.2.1.13.1,Reinforcement,Tower 1,13th Floor,Civil Works- RCC,RCC,Reinforcement,,572084500.0,2026-05-22,2026-05-28,,,2026-01-17,,0
1.1.1.5.2.1.13.2,Wall conduiting,Tower 1,13th Floor,MEP,Tower MEP,Electrical,,21339314.0,2026-05-23,2026-05-24,,,2026-01-18,,0
1.1.1.5.2.1.13.3,Formwork,Tower 1,13th Floor,Civil Works- RCC,RCC,Shuttering- Conventional,,283244400.0,2026-05-24,2026-05-30,,,2026-01-19,,0
1.1.1.5.2.1.13.4,Concreting,Tower 1,13th Floor,Civil Works- RCC,RCC,Concreting,,462567400.0,2026-05-31,2026-05-31,,,2026-01-25,,0
1.1.1.5.2.1.14,14th floor slab,,,,,,,,2026-06-01,2026-06-10,,,2026-01-26,,
1.1.1.5.2.1.14.1,Reinforcement,Tower 1,14th Floor,Civil Works- RCC,RCC,Reinforcement,,572084500.0,2026-06-01,2026-06-07,,,2026-01-26,,0
1.1.1.5.2.1.14.2,Wall conduiting,Tower 1,14th Floor,MEP,Tower MEP,Electrical,,21339314.0,2026-06-02,2026-06-03,,,2026-01-27,,0
1.1.1.5.2.1.14.3,Formwork,Tower 1,14th Floor,Civil Works- RCC,RCC,Shuttering- Conventional,,283244400.0,2026-06-03,2026-06-09,,,2026-01-28,,0
1.1.1.5.2.1.14.4,Concreting,Tower 1,14th Floor,Civil Works- RCC,RCC,Concreting,,462567400.0,2026-06-10,2026-06-10,,,2026-02-03,,0
1.1.1.5.2.1.15,15th floor slab,,,,,,,,2026-06-11,2026-06-20,,,2026-02-04,,
1.1.1.5.2.1.15.1,Reinforcement,Tower 1,15th Floor,Civil Works- RCC,RCC,Reinforcement,,572084500.0,2026-06-11,2026-06-17,,,2026-02-04,,0
1.1.1.5.2.1.15.2,Wall conduiting,Tower 1,15th Floor,MEP,Tower MEP,Electrical,,21339314.0,2026-06-12,2026-06-13,,,2026-02-05,,0
1.1.1.5.2.1.15.3,Formwork,Tower 1,15th Floor,Civil Works- RCC,RCC,Shuttering- Conventional,,283244400.0,2026-06-13,2026-06-19,,,2026-02-06,,0
1.1.1.5.2.1.15.4,Concreting,Tower 1,15th Floor,Civil Works- RCC,RCC,Concreting,,462567400.0,2026-06-20,2026-06-20,,,2026-02-12,,0
1.1.1.5.2.1.16,16th floor slab,,,,,,,,2026-06-21,2026-07-01,,,2026-02-13,,
1.1.1.5.2.1.16.1,Reinforcement,Tower 1,16th Floor,Civil Works- RCC,RCC,Reinforcement,,572084500.0,2026-06-21,2026-06-28,,,2026-02-13,,0
1.1.1.5.2.1.16.2,Wall conduiting,Tower 1,16th Floor,MEP,Tower MEP,Electrical,,21339314.0,2026-06-22,2026-06-23,,,2026-02-14,,0
1.1.1.5.2.1.16.3,Formwork,Tower 1,16th Floor,Civil Works- RCC,RCC,Shuttering- Conventional,,283244400.0,2026-06-23,2026-06-30,,,2026-02-15,,0
1.1.1.5.2.1.16.4,Concreting,Tower 1,16th Floor,Civil Works- RCC,RCC,Concreting,,462567400.0,2026-07-01,2026-07-01,,,2026-02-24,,0
1.1.1.5.2.1.17,17th floor slab,,,,,,,,2026-07-02,2026-07-11,,,2026-02-25,,
1.1.1.5.2.1.17.1,Reinforcement,Tower 1,17th Floor,Civil Works- RCC,RCC,Reinforcement,,572084500.0,2026-07-02,2026-07-09,,,2026-02-25,,0
1.1.1.5.2.1.17.2,Wall conduiting,Tower 1,17th Floor,MEP,Tower MEP,Electrical,,21339314.0,2026-07-03,2026-07-04,,,2026-02-26,,0
1.1.1.5.2.1.17.3,Formwork,Tower 1,17th Floor,Civil Works- RCC,RCC,Shuttering- Conventional,,283244400.0,2026-07-04,2026-07-10,,,2026-02-27,,0
1.1.1.5.2.1.17.4,Concreting,Tower 1,17th Floor,Civil Works- RCC,RCC,Concreting,,462567400.0,2026-07-11,2026-07-11,,,2026-03-05,,0
1.1.1.5.2.1.18,18th floor slab,,,,,,,,2026-07-12,2026-07-21,,,2026-03-06,,
1.1.1.5.2.1.18.1,Reinforcement,Tower 1,18th Floor,Civil Works- RCC,RCC,Reinforcement,,572084500.0,2026-07-12,2026-07-19,,,2026-03-06,,0
1.1.1.5.2.1.18.2,Wall conduiting,Tower 1,18th Floor,MEP,Tower MEP,Electrical,,21339314.0,2026-07-13,2026-07-14,,,2026-03-07,,0
1.1.1.5.2.1.18.3,Formwork,Tower 1,18th Floor,Civil Works- RCC,RCC,Shuttering- Conventional,,283244400.0,2026-07-14,2026-07-20,,,2026-03-08,,0
1.1.1.5.2.1.18.4,Concreting,Tower 1,18th Floor,Civil Works- RCC,RCC,Concreting,,462567400.0,2026-07-21,2026-07-21,,,2026-03-14,,0
1.1.1.5.2.1.19,19th floor slab,,,,,,,,2026-07-22,2026-07-31,,,2026-03-15,,
1.1.1.5.2.1.19.1,Reinforcement,Tower 1,19th Floor,Civil Works- RCC,RCC,Reinforcement,,572084500.0,2026-07-22,2026-07-29,,,2026-03-15,,0
1.1.1.5.2.1.19.2,Wall conduiting,Tower 1,19th Floor,MEP,Tower MEP,Electrical,,21339314.0,2026-07-23,2026-07-24,,,2026-03-16,,0
1.1.1.5.2.1.19.3,Formwork,Tower 1,19th Floor,Civil Works- RCC,RCC,Shuttering- Conventional,,283244400.0,2026-07-23,2026-07-30,,,2026-03-16,,0
1.1.1.5.2.1.19.4,Concreting,Tower 1,19th Floor,Civil Works- RCC,RCC,Concreting,,462567400.0,2026-07-31,2026-07-31,,,2026-03-22,,0
1.1.1.5.2.1.20,20th floor slab,,,,,,,,2026-08-01,2026-08-10,,,2026-03-23,,
1.1.1.5.2.1.20.1,Reinforcement,Tower 1,20th Floor,Civil Works- RCC,RCC,Reinforcement,,572084500.0,2026-08-01,2026-08-08,,,2026-03-23,,0
1.1.1.5.2.1.20.2,Wall conduiting,Tower 1,20th Floor,MEP,Tower MEP,Electrical,,21339314.0,2026-08-02,2026-08-03,,,2026-03-24,,0
1.1.1.5.2.1.20.3,Formwork,Tower 1,20th Floor,Civil Works- RCC,RCC,Shuttering- Conventional,,283244400.0,2026-08-02,2026-08-09,,,2026-03-24,,0
1.1.1.5.2.1.20.4,Concreting,Tower 1,20th Floor,Civil Works- RCC,RCC,Concreting,,462567400.0,2026-08-10,2026-08-10,,,2026-03-30,,0
1.1.1.5.2.1.21,21st floor slab,,,,,,,,2026-08-11,2026-08-20,,,2026-03-31,,
1.1.1.5.2.1.21.1,Reinforcement,Tower 1,21st Floor,Civil Works- RCC,RCC,Reinforcement,,572084500.0,2026-08-11,2026-08-18,,,2026-03-31,,0
1.1.1.5.2.1.21.2,Wall conduiting,Tower 1,21st Floor,MEP,Tower MEP,Electrical,,21339314.0,2026-08-12,2026-08-13,,,2026-04-01,,0
1.1.1.5.2.1.21.3,Formwork,Tower 1,21st Floor,Civil Works- RCC,RCC,Shuttering- Conventional,,283244400.0,2026-08-13,2026-08-19,,,2026-04-02,,0
1.1.1.5.2.1.21.4,Concreting,Tower 1,21st Floor,Civil Works- RCC,RCC,Concreting,,462567400.0,2026-08-20,2026-08-20,,,2026-04-09,,0
1.1.1.5.2.1.22,22nd floor slab,,,,,,,,2026-08-21,2026-08-30,,,2026-04-10,,
1.1.1.5.2.1.22.1,Reinforcement,Tower 1,22nd Floor,Civil Works- RCC,RCC,Reinforcement,,572084500.0,2026-08-21,2026-08-28,,,2026-04-10,,0
1.1.1.5.2.1.22.2,Wall conduiting,Tower 1,22nd Floor,MEP,Tower MEP,Electrical,,21339314.0,2026-08-22,2026-08-23,,,2026-04-11,,0
1.1.1.5.2.1.22.3,Formwork,Tower 1,22nd Floor,Civil Works- RCC,RCC,Shuttering- Conventional,,283244400.0,2026-08-23,2026-08-29,,,2026-04-12,,0
1.1.1.5.2.1.22.4,Concreting,Tower 1,22nd Floor,Civil Works- RCC,RCC,Concreting,,462567400.0,2026-08-30,2026-08-30,,,2026-04-19,,0
1.1.1.5.2.1.23,23rd floor slab,,,,,,,,2026-08-31,2026-09-09,,,2026-04-20,,
1.1.1.5.2.1.23.1,Reinforcement,Tower 1,23rd Floor,Civil Works- RCC,RCC,Reinforcement,,572084500.0,2026-08-31,2026-09-07,,,2026-04-20,,0
1.1.1.5.2.1.23.2,Wall conduiting,Tower 1,23rd Floor,MEP,Tower MEP,Electrical,,21339314.0,2026-09-01,2026-09-02,,,2026-04-21,,0
1.1.1.5.2.1.23.3,Formwork,Tower 1,23rd Floor,Civil Works- RCC,RCC,Shuttering- Conventional,,283244400.0,2026-09-02,2026-09-08,,,2026-04-22,,0
1.1.1.5.2.1.23.4,Concreting,Tower 1,23rd Floor,Civil Works- RCC,RCC,Concreting,,462567400.0,2026-09-09,2026-09-09,,,2026-04-29,,0
1.1.1.5.2.1.24,24th floor slab,,,,,,,,2026-09-10,2026-09-23,,,2026-04-30,,
1.1.1.5.2.1.24.1,Reinforcement,Tower 1,24th Floor,Civil Works- RCC,RCC,Reinforcement,,572084500.0,2026-09-10,2026-09-20,,,2026-04-30,,0
1.1.1.5.2.1.24.2,Wall conduiting,Tower 1,24th Floor,MEP,Tower MEP,Electrical,,21339314.0,2026-09-11,2026-09-12,,,2026-05-01,,0
1.1.1.5.2.1.24.3,Formwork,Tower 1,24th Floor,Civil Works- RCC,RCC,Shuttering- Conventional,,283244400.0,2026-09-12,2026-09-22,,,2026-05-02,,0
1.1.1.5.2.1.24.4,Concreting,Tower 1,24th Floor,Civil Works- RCC,RCC,Concreting,,462567400.0,2026-09-23,2026-09-23,,,2026-05-12,,0
1.1.1.5.2.1.25,25th floor slab,,,,,,,,2026-09-24,2026-10-08,,,2026-05-13,,
1.1.1.5.2.1.25.1,Reinforcement,Tower 1,25th Floor,Civil Works- RCC,RCC,Reinforcement,,572084500.0,2026-09-24,2026-10-05,,,2026-05-13,,0
1.1.1.5.2.1.25.2,Wall conduiting,Tower 1,25th Floor,MEP,Tower MEP,Electrical,,21339314.0,2026-09-25,2026-09-26,,,2026-05-14,,0
1.1.1.5.2.1.25.3,Formwork,Tower 1,25th Floor,Civil Works- RCC,RCC,Shuttering- Conventional,,283244400.0,2026-09-26,2026-10-07,,,2026-05-15,,0
1.1.1.5.2.1.25.4,Concreting,Tower 1,25th Floor,Civil Works- RCC,RCC,Concreting,,462567400.0,2026-10-08,2026-10-08,,,2026-05-25,,0
1.1.1.5.2.1.26,26th floor slab,,,,,,,,2026-10-09,2026-10-18,,,2026-05-26,,
1.1.1.5.2.1.26.1,Reinforcement,Tower 1,26th Floor,Civil Works- RCC,RCC,Reinforcement,,572084500.0,2026-10-09,2026-10-16,,,2026-05-26,,0
1.1.1.5.2.1.26.2,Wall conduiting,Tower 1,26th Floor,MEP,Tower MEP,Electrical,,21339314.0,2026-10-10,2026-10-11,,,2026-05-27,,0
1.1.1.5.2.1.26.3,Formwork,Tower 1,26th Floor,Civil Works- RCC,RCC,Shuttering- Conventional,,283244400.0,2026-10-11,2026-10-17,,,2026-05-28,,0
1.1.1.5.2.1.26.4,Concreting,Tower 1,26th Floor,Civil Works- RCC,RCC,Concreting,,462567400.0,2026-10-18,2026-10-18,,,2026-06-04,,0
1.1.1.5.2.1.27,27th floor slab,,,,,,,,2026-10-19,2026-10-28,,,2026-06-05,,
1.1.1.5.2.1.27.1,Reinforcement,Tower 1,27th Floor,Civil Works- RCC,RCC,Reinforcement,,572084500.0,2026-10-19,2026-10-26,,,2026-06-05,,0
1.1.1.5.2.1.27.2,Wall conduiting,Tower 1,27th Floor,MEP,Tower MEP,Electrical,,21339314.0,2026-10-20,2026-10-21,,,2026-06-06,,0
1.1.1.5.2.1.27.3,Formwork,Tower 1,27th Floor,Civil Works- RCC,RCC,Shuttering- Conventional,,283244400.0,2026-10-21,2026-10-27,,,2026-06-07,,0
1.1.1.5.2.1.27.4,Concreting,Tower 1,27th Floor,Civil Works- RCC,RCC,Concreting,,462567400.0,2026-10-28,2026-10-28,,,2026-06-14,,0
1.1.1.5.2.1.28,28th floor slab,,,,,,,,2026-10-29,2026-12-22,,,2026-06-15,,
1.1.1.5.2.1.28.1,Reinforcement,Tower 1,28th Floor,Civil Works- RCC,RCC,Reinforcement,,572084500.0,2026-10-29,2026-12-20,,,2026-06-15,,0
1.1.1.5.2.1.28.2,Wall conduiting,Tower 1,28th Floor,MEP,Tower MEP,Electrical,,21339314.0,2026-10-30,2026-10-31,,,2026-06-16,,0
1.1.1.5.2.1.28.3,Formwork,Tower 1,28th Floor,Civil Works- RCC,RCC,Shuttering- Conventional,,283244400.0,2026-10-31,2026-12-21,,,2026-06-17,,0
1.1.1.5.2.1.28.4,Concreting,Tower 1,28th Floor,Civil Works- RCC,RCC,Concreting,,462567400.0,2026-12-22,2026-12-22,,,2026-06-24,,0
1.1.1.5.2.1.29,29th floor slab,,,,,,,,2026-12-23,2027-01-01,,,2026-06-25,,
1.1.1.5.2.1.29.1,Reinforcement,Tower 1,29th Floor,Civil Works- RCC,RCC,Reinforcement,,572084500.0,2026-12-23,2026-12-30,,,2026-06-25,,0
1.1.1.5.2.1.29.2,Wall conduiting,Tower 1,29th Floor,MEP,Tower MEP,Electrical,,21339314.0,2026-12-24,2026-12-25,,,2026-06-26,,0
1.1.1.5.2.1.29.3,Formwork,Tower 1,29th Floor,Civil Works- RCC,RCC,Shuttering- Conventional,,283244400.0,2026-12-25,2026-12-31,,,2026-06-27,,0
1.1.1.5.2.1.29.4,Concreting,Tower 1,29th Floor,Civil Works- RCC,RCC,Concreting,,462567400.0,2027-01-01,2027-01-01,,,2026-07-04,,0
1.1.1.5.2.1.30,30th floor slab,,,,,,,,2027-01-02,2027-01-11,,,2026-07-05,,
1.1.1.5.2.1.30.1,Reinforcement,Tower 1,30th Floor,Civil Works- RCC,RCC,Reinforcement,,572084500.0,2027-01-02,2027-01-09,,,2026-07-05,,0
1.1.1.5.2.1.30.2,Wall conduiting,Tower 1,30th Floor,MEP,Tower MEP,Electrical,,21339314.0,2027-01-03,2027-01-04,,,2026-07-06,,0
1.1.1.5.2.1.30.3,Formwork,Tower 1,30th Floor,Civil Works- RCC,RCC,Shuttering- Conventional,,283244400.0,2027-01-04,2027-01-10,,,2026-07-07,,0
1.1.1.5.2.1.30.4,Concreting,Tower 1,30th Floor,Civil Works- RCC,RCC,Concreting,,462567400.0,2027-01-11,2027-01-11,,,2026-07-14,,0
1.1.1.5.2.1.31,31st floor slab,,,,,,,,2027-01-12,2027-01-21,,,2026-07-15,,
1.1.1.5.2.1.31.1,Reinforcement,Tower 1,31st Floor,Civil Works- RCC,RCC,Reinforcement,,572084500.0,2027-01-12,2027-01-18,,,2026-07-15,,0
1.1.1.5.2.1.31.2,Wall conduiting,Tower 1,31st Floor,MEP,Tower MEP,Electrical,,21339314.0,2027-01-13,2027-01-14,,,2026-07-16,,0
1.1.1.5.2.1.31.3,Formwork,Tower 1,31st Floor,Civil Works- RCC,RCC,Shuttering- Conventional,,283244400.0,2027-01-14,2027-01-20,,,2026-07-17,,0
1.1.1.5.2.1.31.4,Concreting,Tower 1,31st Floor,Civil Works- RCC,RCC,Concreting,,462567400.0,2027-01-21,2027-01-21,,,2026-07-26,,0
1.1.1.5.2.1.32,32nd floor slab,,,,,,,,2027-01-22,2027-02-04,,,2026-07-27,,
1.1.1.5.2.1.32.1,Reinforcement,Tower 1,32nd Floor,Civil Works- RCC,RCC,Reinforcement,,572084500.0,2027-01-22,2027-01-31,,,2026-07-27,,0
1.1.1.5.2.1.32.2,Wall conduiting,Tower 1,32nd Floor,MEP,Tower MEP,Electrical,,21339314.0,2027-01-23,2027-01-24,,,2026-07-28,,0
1.1.1.5.2.1.32.3,Formwork,Tower 1,32nd Floor,Civil Works- RCC,RCC,Shuttering- Conventional,,283244400.0,2027-01-24,2027-02-03,,,2026-07-29,,0
1.1.1.5.2.1.32.4,Concreting,Tower 1,32nd Floor,Civil Works- RCC,RCC,Concreting,,462567400.0,2027-02-04,2027-02-04,,,2026-08-08,,0
1.1.1.5.2.1.33,33rd floor slab,,,,,,,,2027-02-05,2027-02-14,,,2026-08-09,,
1.1.1.5.2.1.33.1,Reinforcement,Tower 1,33rd Floor,Civil Works- RCC,RCC,Reinforcement,,572084500.0,2027-02-05,2027-02-11,,,2026-08-09,,0
1.1.1.5.2.1.33.2,Wall conduiting,Tower 1,33rd Floor,MEP,Tower MEP,Electrical,,21339314.0,2027-02-06,2027-02-07,,,2026-08-10,,0
1.1.1.5.2.1.33.3,Formwork,Tower 1,33rd Floor,Civil Works- RCC,RCC,Shuttering- Conventional,,283244400.0,2027-02-07,2027-02-13,,,2026-08-11,,0
1.1.1.5.2.1.33.4,Concreting,Tower 1,33rd Floor,Civil Works- RCC,RCC,Concreting,,462567400.0,2027-02-14,2027-02-14,,,2026-08-20,,0
1.1.1.5.2.1.34,34th floor slab,,,,,,,,2027-02-15,2027-03-01,,,2026-08-21,,
1.1.1.5.2.1.34.1,Reinforcement,Tower 1,34th Floor,Civil Works- RCC,RCC,Reinforcement,,572084500.0,2027-02-15,2027-02-26,,,2026-08-21,,0
1.1.1.5.2.1.34.2,Wall conduiting,Tower 1,34th Floor,MEP,Tower MEP,Electrical,,21339314.0,2027-02-16,2027-02-17,,,2026-08-22,,0
1.1.1.5.2.1.34.3,Formwork,Tower 1,34th Floor,Civil Works- RCC,RCC,Shuttering- Conventional,,283244400.0,2027-02-17,2027-02-28,,,2026-08-23,,0
1.1.1.5.2.1.34.4,Concreting,Tower 1,34th Floor,Civil Works- RCC,RCC,Concreting,,462567400.0,2027-03-01,2027-03-01,,,2026-09-02,,0
1.1.1.5.2.1.35,35th floor slab,,,,,,,,2027-03-02,2027-03-13,,,2026-09-03,,
1.1.1.5.2.1.35.1,Reinforcement,Tower 1,35th Floor,Civil Works- RCC,RCC,Reinforcement,,572084500.0,2027-03-02,2027-03-09,,,2026-09-03,,0
1.1.1.5.2.1.35.2,Wall conduiting,Tower 1,35th Floor,MEP,Tower MEP,Electrical,,21339314.0,2027-03-03,2027-03-04,,,2026-09-04,,0
1.1.1.5.2.1.35.3,Formwork,Tower 1,35th Floor,Civil Works- RCC,RCC,Shuttering- Conventional,,283244400.0,2027-03-05,2027-03-12,,,2026-09-06,,0
1.1.1.5.2.1.35.4,Concreting,Tower 1,35th Floor,Civil Works- RCC,RCC,Concreting,,462567400.0,2027-03-13,2027-03-13,,,2026-09-14,,0
1.1.1.5.2.1.36,Terrace floor slab,,,,,,,,2027-03-14,2027-04-03,,,2026-09-15,,
1.1.1.5.2.1.36.1,Reinforcement,Tower 1,Terrace,Civil Works- RCC,RCC,Reinforcement,,195206925.0,2027-03-14,2027-03-31,,,2026-09-15,,0
1.1.1.5.2.1.36.2,Wall conduiting,Tower 1,Terrace,MEP,Common area-MEP,CA-Electrical,,10669700.0,2027-03-15,2027-03-16,,,2026-09-16,,0
1.1.1.5.2.1.36.3,Formwork,Tower 1,Terrace,Civil Works- RCC,RCC,Shuttering- Conventional,,96678000.0,2027-03-16,2027-04-02,,,2026-09-17,,0
1.1.1.5.2.1.36.4,Concreting,Tower 1,Terrace,Civil Works- RCC,RCC,Concreting,,169574600.0,2027-04-03,2027-04-03,,,2026-09-29,,0
1.1.1.5.2.1.37,OHT & Mumty,,,,,,,,2027-04-04,2027-05-13,,,2026-09-30,,
1.1.1.5.2.1.37.1,Reinforcement,Tower 1,,Civil Works- RCC,RCC,Reinforcement,,556612250.0,2027-04-04,2027-05-06,,,2026-09-30,,0
1.1.1.5.2.1.37.2,Wall conduiting,Tower 1,,MEP,Common area-MEP,CA-Electrical,,5334900.0,2027-04-05,2027-04-09,,,2026-10-01,,0
1.1.1.5.2.1.37.3,Formwork,Tower 1,,Civil Works- RCC,RCC,Shuttering- Conventional,,211437000.0,2027-04-08,2027-05-10,,,2026-10-04,,0
1.1.1.5.2.1.37.4,Concreting,Tower 1,,Civil Works- RCC,RCC,Concreting,,483638800.0,2027-05-11,2027-05-13,,,2026-12-21,,0
1.1.1.5.2.2,Post Pour Activities ,,,,,,,,2026-02-20,2027-05-11,,,2025-09-10,,
1.1.1.5.2.2.1,1st Floor,Tower 1,1st Floor,Civil Works- RCC,RCC,Post Pour,,0.0,2026-02-20,2026-03-03,,,2025-09-10,,0
1.1.1.5.2.2.2,2nd Floor ,Tower 1,2nd Floor,Civil Works- RCC,RCC,Post Pour,,0.0,2026-03-12,2026-03-22,,,2025-09-28,,0
1.1.1.5.2.2.3,3rd Floor ,Tower 1,3rd Floor,Civil Works- RCC,RCC,Post Pour,,0.0,2026-03-23,2026-04-02,,,2025-10-09,,0
1.1.1.5.2.2.4,4th Floor ,Tower 1,4th Floor,Civil Works- RCC,RCC,Post Pour,,0.0,2026-04-03,2026-04-13,,,2025-10-20,,0
1.1.1.5.2.2.5,5th Floor,Tower 1,5th Floor,Civil Works- RCC,RCC,Post Pour,,0.0,2026-04-14,2026-04-24,,,2025-10-31,,0
1.1.1.5.2.2.6,6th Floor,Tower 1,6th Floor,Civil Works- RCC,RCC,Post Pour,,0.0,2026-04-25,2026-05-05,,,2025-12-26,,0
1.1.1.5.2.2.7,7th Floor,Tower 1,7th Floor,Civil Works- RCC,RCC,Post Pour,,0.0,2026-05-06,2026-05-16,,,2026-01-06,,0
1.1.1.5.2.2.8,8th Floor,Tower 1,8th Floor,Civil Works- RCC,RCC,Post Pour,,0.0,2026-05-17,2026-05-27,,,2026-01-17,,0
1.1.1.5.2.2.9,9th Floor,Tower 1,9th Floor,Civil Works- RCC,RCC,Post Pour,,0.0,2026-05-28,2026-06-07,,,2026-01-28,,0
1.1.1.5.2.2.10,10th Floor,Tower 1,10th Floor,Civil Works- RCC,RCC,Post Pour,,0.0,2026-06-08,2026-06-18,,,2026-02-08,,0
1.1.1.5.2.2.11,11th Floor,Tower 1,11th Floor,Civil Works- RCC,RCC,Post Pour,,0.0,2026-06-19,2026-06-29,,,2026-02-19,,0
1.1.1.5.2.2.12,12th Floor,Tower 1,12th Floor,Civil Works- RCC,RCC,Post Pour,,0.0,2026-06-30,2026-07-10,,,2026-03-02,,0
1.1.1.5.2.2.13,13th Floor,Tower 1,13th Floor,Civil Works- RCC,RCC,Post Pour,,0.0,2026-07-11,2026-07-21,,,2026-03-13,,0
1.1.1.5.2.2.14,14th Floor,Tower 1,14th Floor,Civil Works- RCC,RCC,Post Pour,,0.0,2026-07-22,2026-08-01,,,2026-03-24,,0
1.1.1.5.2.2.15,15th Floor,Tower 1,15th Floor,Civil Works- RCC,RCC,Post Pour,,0.0,2026-08-02,2026-08-12,,,2026-04-04,,0
1.1.1.5.2.2.16,16th Floor,Tower 1,16th Floor,Civil Works- RCC,RCC,Post Pour,,0.0,2026-08-13,2026-08-23,,,2026-04-15,,0
1.1.1.5.2.2.17,17th Floor,Tower 1,17th Floor,Civil Works- RCC,RCC,Post Pour,,0.0,2026-08-24,2026-09-03,,,2026-04-26,,0
1.1.1.5.2.2.18,18th Floor,Tower 1,18th Floor,Civil Works- RCC,RCC,Post Pour,,0.0,2026-09-04,2026-09-14,,,2026-05-07,,0
1.1.1.5.2.2.19,19th Floor,Tower 1,19th Floor,Civil Works- RCC,RCC,Post Pour,,0.0,2026-09-15,2026-09-25,,,2026-05-18,,0
1.1.1.5.2.2.20,20th Floor,Tower 1,20th Floor,Civil Works- RCC,RCC,Post Pour,,0.0,2026-09-26,2026-10-06,,,2026-05-29,,0
1.1.1.5.2.2.21,21st Floor,Tower 1,21st Floor,Civil Works- RCC,RCC,Post Pour,,0.0,2026-10-07,2026-10-17,,,2026-06-09,,0
1.1.1.5.2.2.22,22nd Floor,Tower 1,22nd Floor,Civil Works- RCC,RCC,Post Pour,,0.0,2026-10-18,2026-10-28,,,2026-06-20,,0
1.1.1.5.2.2.23,23rd Floor,Tower 1,23rd Floor,Civil Works- RCC,RCC,Post Pour,,0.0,2026-10-29,2026-12-23,,,2026-07-01,,0
1.1.1.5.2.2.24,24th Floor,Tower 1,24th Floor,Civil Works- RCC,RCC,Post Pour,,0.0,2026-12-24,2027-01-03,,,2026-07-12,,0
1.1.1.5.2.2.25,25th Floor,Tower 1,25th Floor,Civil Works- RCC,RCC,Post Pour,,0.0,2027-01-04,2027-01-14,,,2026-07-23,,0
1.1.1.5.2.2.26,26th Floor,Tower 1,26th Floor,Civil Works- RCC,RCC,Post Pour,,0.0,2027-01-15,2027-01-25,,,2026-08-03,,0
1.1.1.5.2.2.27,27th Floor,Tower 1,27th Floor,Civil Works- RCC,RCC,Post Pour,,0.0,2027-01-26,2027-02-05,,,2026-08-14,,0
1.1.1.5.2.2.28,28th Floor,Tower 1,28th Floor,Civil Works- RCC,RCC,Post Pour,,0.0,2027-02-06,2027-02-16,,,2026-08-25,,0
1.1.1.5.2.2.29,29th Floor,Tower 1,29th Floor,Civil Works- RCC,RCC,Post Pour,,0.0,2027-02-17,2027-02-27,,,2026-09-05,,0
1.1.1.5.2.2.30,30th Floor,Tower 1,30th Floor,Civil Works- RCC,RCC,Post Pour,,0.0,2027-02-28,2027-03-10,,,2026-09-16,,0
1.1.1.5.2.2.31,31st Floor,Tower 1,31st Floor,Civil Works- RCC,RCC,Post Pour,,0.0,2027-03-11,2027-03-21,,,2026-09-27,,0
1.1.1.5.2.2.32,32nd Flood,Tower 1,,Civil Works- RCC,RCC,Concreting,,0.0,2027-03-22,2027-04-01,,,2026-10-08,,0
1.1.1.5.2.2.33,33rd Floor,Tower 1,33rd Floor,Civil Works- RCC,RCC,Post Pour,,0.0,2027-04-02,2027-04-09,,,2026-10-19,,0
1.1.1.5.2.2.34,34th Floor,Tower 1,34th Floor,Civil Works- RCC,RCC,Post Pour,,0.0,2027-04-10,2027-04-17,,,2026-10-27,,0
1.1.1.5.2.2.35,35th Floor,Tower 1,35th Floor,Civil Works- RCC,RCC,Post Pour,,0.0,2027-04-18,2027-04-25,,,2026-12-19,,0
1.1.1.5.2.2.36,Terrace,Tower 1,Terrace,Civil Works- RCC,RCC,Post Pour,,0.0,2027-04-26,2027-05-03,,,2026-12-27,,0
1.1.1.5.2.2.37,Mumty & Machine Room ,Tower 1,,Finishing,Tower Civil Finishes,Blockwork,,0.0,2027-05-04,2027-05-11,,,2027-01-04,,0
1.1.1.5.2.3,Finishing work,,,,,,,,2026-03-03,2029-07-21,,,2025-09-21,,
1.1.1.5.2.3.1,Flat finishing,,,,,,,,2026-03-03,2029-05-19,,,2025-09-21,,
1.1.1.5.2.3.1.1,1st Floor,,,,,,,,2026-03-03,2028-02-16,,,2025-09-21,,
1.1.1.5.2.3.1.1.1,Block Work,Tower 1,1st Floor,Finishing,Tower Civil Finishes,Blockwork,,33741386.0,2026-03-03,2026-03-10,,,2025-09-21,,0
1.1.1.5.2.3.1.1.2,Door Frame Fixing,Tower 1,1st Floor,Finishing,Tower Finishing,Door,,0.0,2026-03-10,2026-03-15,,,2025-09-28,,0
1.1.1.5.2.3.1.1.3,Internal Plumbing Works,Tower 1,1st Floor,MEP,Tower MEP,Plumbing,,26929500.0,2026-03-10,2026-03-17,,,2025-09-28,,0
1.1.1.5.2.3.1.1.4,Waterproofing,Tower 1,1st Floor,Finishing,Tower Civil Finishes,Waterproofing,,31266495.0,2026-03-17,2026-03-24,,,2025-10-05,,0
1.1.1.5.2.3.1.1.5,Internal Plaster,Tower 1,1st Floor,Finishing,Tower Civil Finishes,Int Plaster,,56646000.0,2026-03-15,2026-03-20,,,2025-10-03,,0
1.1.1.5.2.3.1.1.6,IPS flooring work,Tower 1,1st Floor,Finishing,Tower Finishing,Flooring,,19122600.0,2026-03-24,2026-03-31,,,2025-10-12,,0
1.1.1.5.2.3.1.1.7,Toilet dado work,Tower 1,1st Floor,Finishing,Tower Finishing,Flooring,,56945240.0,2027-02-02,2027-02-09,,,2025-10-12,,0
1.1.1.5.2.3.1.1.8,Toilet flooring work,Tower 1,1st Floor,Finishing,Tower Finishing,Flooring,,11119020.0,2027-02-09,2027-02-15,,,2025-10-19,,0
1.1.1.5.2.3.1.1.9,Living dinning flooring,Tower 1,1st Floor,Finishing,Tower Finishing,Flooring,,153346950.0,2027-02-15,2027-02-24,,,2025-10-25,,0
1.1.1.5.2.3.1.1.10,Aluminium door-window fixing,Tower 1,1st Floor,Finishing,Tower Finishing,Window,,112800000.0,2028-02-04,2028-02-16,,,2025-12-18,,0
1.1.1.5.2.3.1.1.11,Putty primer coat,Tower 1,1st Floor,Finishing,Tower Finishing,Paint,,12606000.0,2027-02-24,2027-03-02,,,2025-12-18,,0
1.1.1.5.2.3.1.1.12,Door shutter fixing,Tower 1,1st Floor,Finishing,Tower Finishing,Door,,77202200.0,2027-12-16,2027-12-24,,,2025-12-18,,0
1.1.1.5.2.3.1.1.13,Electrical wiring work,Tower 1,1st Floor,MEP,Tower MEP,Electrical,,56943068.0,2028-01-03,2028-01-15,,,2025-12-26,,0
1.1.1.5.2.3.1.1.14,Painting 1st coat,Tower 1,1st Floor,Finishing,Tower Finishing,Paint,,12606000.0,2027-03-03,2027-03-15,,,2026-01-07,,0
1.1.1.5.2.3.1.1.15,False ceiling,Tower 1,1st Floor,Finishing,Tower Finishing,False Ceiling,,29946000.0,2027-03-16,2027-03-26,,,2026-01-19,,0
1.1.1.5.2.3.1.2,2nd Floor,,,,,,,,2026-03-10,2028-02-28,,,2025-09-28,,
1.1.1.5.2.3.1.2.1,Block Work,Tower 1,2nd Floor,Finishing,Tower Civil Finishes,Blockwork,,33741386.0,2026-03-10,2026-03-17,,,2025-09-28,,0
1.1.1.5.2.3.1.2.2,Door Frame Fixing,Tower 1,2nd Floor,Finishing,Tower Finishing,Door,,0.0,2026-03-17,2026-03-22,,,2025-10-05,,0
1.1.1.5.2.3.1.2.3,Internal Plumbing Works,Tower 1,2nd Floor,MEP,Tower MEP,Plumbing,,26929500.0,2026-03-17,2026-03-24,,,2025-10-05,,0
1.1.1.5.2.3.1.2.4,Waterproofing,Tower 1,2nd Floor,Finishing,Tower Civil Finishes,Waterproofing,,31266495.0,2026-03-24,2026-03-31,,,2025-10-12,,0
1.1.1.5.2.3.1.2.5,Internal Plaster,Tower 1,2nd Floor,Finishing,Tower Civil Finishes,Int Plaster,,56646000.0,2026-03-22,2026-03-27,,,2025-10-10,,0
1.1.1.5.2.3.1.2.6,IPS flooring work,Tower 1,2nd Floor,Finishing,Tower Finishing,Flooring,,19122600.0,2026-03-31,2026-04-07,,,2025-10-19,,0
1.1.1.5.2.3.1.2.7,Toilet dado work,Tower 1,2nd Floor,Finishing,Tower Finishing,Flooring,,56945240.0,2027-02-09,2027-02-16,,,2025-10-19,,0
1.1.1.5.2.3.1.2.8,Toilet flooring work,Tower 1,2nd Floor,Finishing,Tower Finishing,Flooring,,11119020.0,2027-02-16,2027-02-22,,,2025-10-26,,0
1.1.1.5.2.3.1.2.9,Living dinning flooring,Tower 1,2nd Floor,Finishing,Tower Finishing,Flooring,,153346950.0,2027-02-24,2027-03-05,,,2025-12-18,,0
1.1.1.5.2.3.1.2.10,Aluminium door-window fixing,Tower 1,2nd Floor,Finishing,Tower Finishing,Window,,112800000.0,2028-02-16,2028-02-28,,,2025-12-30,,0
1.1.1.5.2.3.1.2.11,Putty primer coat,Tower 1,2nd Floor,Finishing,Tower Finishing,Paint,,12606000.0,2027-03-05,2027-03-11,,,2025-12-27,,0
1.1.1.5.2.3.1.2.12,Door shutter fixing,Tower 1,2nd Floor,Finishing,Tower Finishing,Door,,77202200.0,2027-12-24,2028-01-01,,,2025-12-27,,0
1.1.1.5.2.3.1.2.13,Electrical wiring work,Tower 1,2nd Floor,MEP,Tower MEP,Electrical,,56943068.0,2028-01-16,2028-01-28,,,2026-01-07,,0
1.1.1.5.2.3.1.2.14,Painting 1st coat,Tower 1,2nd Floor,Finishing,Tower Finishing,Paint,,12606000.0,2028-01-29,2028-02-10,,,2026-01-19,,0
1.1.1.5.2.3.1.2.15,False ceiling,Tower 1,2nd Floor,Finishing,Tower Finishing,False Ceiling,,29946000.0,2028-02-11,2028-02-21,,,2026-01-31,,0
1.1.1.5.2.3.1.3,3rd Floor,,,,,,,,2026-03-17,2028-03-11,,,2025-10-05,,
1.1.1.5.2.3.1.3.1,Block Work,Tower 1,3rd Floor,Finishing,Tower Civil Finishes,Blockwork,,33741386.0,2026-03-17,2026-03-24,,,2025-10-05,,0
1.1.1.5.2.3.1.3.2,Door Frame Fixing,Tower 1,3rd Floor,Finishing,Tower Finishing,Door,,0.0,2026-03-24,2026-03-29,,,2025-10-12,,0
1.1.1.5.2.3.1.3.3,Internal Plumbing Works,Tower 1,3rd Floor,MEP,Tower MEP,Plumbing,,26929500.0,2026-03-24,2026-03-31,,,2025-10-12,,0
1.1.1.5.2.3.1.3.4,Waterproofing,Tower 1,3rd Floor,Finishing,Tower Civil Finishes,Waterproofing,,31266495.0,2026-03-31,2026-04-07,,,2025-10-19,,0
1.1.1.5.2.3.1.3.5,Internal Plaster,Tower 1,3rd Floor,Finishing,Tower Civil Finishes,Int Plaster,,56646000.0,2026-03-29,2026-04-03,,,2025-10-17,,0
1.1.1.5.2.3.1.3.6,IPS flooring work,Tower 1,3rd Floor,Finishing,Tower Finishing,Flooring,,19122600.0,2026-04-07,2026-04-14,,,2025-10-26,,0
1.1.1.5.2.3.1.3.7,Toilet dado work,Tower 1,3rd Floor,Finishing,Tower Finishing,Flooring,,56945240.0,2027-02-16,2027-02-23,,,2025-10-26,,0
1.1.1.5.2.3.1.3.8,Toilet flooring work,Tower 1,3rd Floor,Finishing,Tower Finishing,Flooring,,11119020.0,2027-02-23,2027-03-01,,,2025-12-17,,0
1.1.1.5.2.3.1.3.9,Living dinning flooring,Tower 1,3rd Floor,Finishing,Tower Finishing,Flooring,,153346950.0,2027-03-05,2027-03-14,,,2025-12-27,,0
1.1.1.5.2.3.1.3.10,Aluminium door-window fixing,Tower 1,3rd Floor,Finishing,Tower Finishing,Window,,112800000.0,2028-02-28,2028-03-11,,,2026-01-12,,0
1.1.1.5.2.3.1.3.11,Putty primer coat,Tower 1,3rd Floor,Finishing,Tower Finishing,Paint,,12606000.0,2027-03-14,2027-03-20,,,2026-01-05,,0
1.1.1.5.2.3.1.3.12,Door shutter fixing,Tower 1,3rd Floor,Finishing,Tower Finishing,Door,,77202200.0,2028-01-01,2028-01-09,,,2026-01-05,,0
1.1.1.5.2.3.1.3.13,Electrical wiring work,Tower 1,3rd Floor,MEP,Tower MEP,Electrical,,56943068.0,2028-01-29,2028-02-10,,,2026-01-19,,0
1.1.1.5.2.3.1.3.14,Painting 1st coat,Tower 1,3rd Floor,Finishing,Tower Finishing,Paint,,12606000.0,2028-02-11,2028-02-23,,,2026-01-31,,0
1.1.1.5.2.3.1.3.15,False ceiling,Tower 1,3rd Floor,Finishing,Tower Finishing,False Ceiling,,29946000.0,2028-02-24,2028-03-05,,,2026-02-12,,0
1.1.1.5.2.3.1.4,4th Floor,,,,,,,,2026-03-25,2028-03-24,,,2025-10-13,,
1.1.1.5.2.3.1.4.1,Block Work,Tower 1,4th Floor,Finishing,Tower Civil Finishes,Blockwork,,33741386.0,2026-03-25,2026-04-01,,,2025-10-13,,0
1.1.1.5.2.3.1.4.2,Door Frame Fixing,Tower 1,4th Floor,Finishing,Tower Finishing,Door,,0.0,2026-04-01,2026-04-06,,,2025-10-20,,0
1.1.1.5.2.3.1.4.3,Internal Plumbing Works,Tower 1,4th Floor,MEP,Tower MEP,Plumbing,,26929500.0,2026-04-01,2026-04-08,,,2025-10-20,,0
1.1.1.5.2.3.1.4.4,Waterproofing,Tower 1,4th Floor,Finishing,Tower Civil Finishes,Waterproofing,,31266495.0,2026-04-08,2026-04-15,,,2025-10-27,,0
1.1.1.5.2.3.1.4.5,Internal Plaster,Tower 1,4th Floor,Finishing,Tower Civil Finishes,Int Plaster,,56646000.0,2026-04-06,2026-04-11,,,2025-10-25,,0
1.1.1.5.2.3.1.4.6,IPS flooring work,Tower 1,4th Floor,Finishing,Tower Finishing,Flooring,,19122600.0,2026-04-15,2026-04-22,,,2025-12-18,,0
1.1.1.5.2.3.1.4.7,Toilet dado work,Tower 1,4th Floor,Finishing,Tower Finishing,Flooring,,56945240.0,2027-02-23,2027-03-02,,,2025-12-18,,0
1.1.1.5.2.3.1.4.8,Toilet flooring work,Tower 1,4th Floor,Finishing,Tower Finishing,Flooring,,11119020.0,2027-03-02,2027-03-08,,,2025-12-25,,0
1.1.1.5.2.3.1.4.9,Living dinning flooring,Tower 1,4th Floor,Finishing,Tower Finishing,Flooring,,153346950.0,2027-03-14,2027-03-23,,,2026-01-05,,0
1.1.1.5.2.3.1.4.10,Aluminium door-window fixing,Tower 1,4th Floor,Finishing,Tower Finishing,Window,,112800000.0,2028-03-12,2028-03-24,,,2026-01-24,,0
1.1.1.5.2.3.1.4.11,Putty primer coat,Tower 1,4th Floor,Finishing,Tower Finishing,Paint,,12606000.0,2027-03-23,2027-03-29,,,2026-01-14,,0
1.1.1.5.2.3.1.4.12,Door shutter fixing,Tower 1,4th Floor,Finishing,Tower Finishing,Door,,77202200.0,2028-01-09,2028-01-17,,,2026-01-14,,0
1.1.1.5.2.3.1.4.13,Electrical wiring work,Tower 1,4th Floor,MEP,Tower MEP,Electrical,,56943068.0,2028-02-11,2028-02-23,,,2026-01-31,,0
1.1.1.5.2.3.1.4.14,Painting 1st coat,Tower 1,4th Floor,Finishing,Tower Finishing,Paint,,12606000.0,2028-02-24,2028-03-07,,,2026-02-12,,0
1.1.1.5.2.3.1.4.15,False ceiling,Tower 1,4th Floor,Finishing,Tower Finishing,False Ceiling,,29946000.0,2028-03-08,2028-03-18,,,2026-02-24,,0
1.1.1.5.2.3.1.5,5th Floor,,,,,,,,2026-04-01,2028-04-05,,,2025-10-20,,
1.1.1.5.2.3.1.5.1,Block Work,Tower 1,5th Floor,Finishing,Tower Civil Finishes,Blockwork,,33741386.0,2026-04-01,2026-04-08,,,2025-10-20,,0
1.1.1.5.2.3.1.5.2,Door Frame Fixing,Tower 1,5th Floor,Finishing,Tower Finishing,Door,,0.0,2026-04-08,2026-04-13,,,2025-10-27,,0
1.1.1.5.2.3.1.5.3,Internal Plumbing Works,Tower 1,5th Floor,MEP,Tower MEP,Plumbing,,26929500.0,2026-04-08,2026-04-15,,,2025-10-27,,0
1.1.1.5.2.3.1.5.4,Waterproofing,Tower 1,5th Floor,Finishing,Tower Civil Finishes,Waterproofing,,31266495.0,2026-04-15,2026-04-22,,,2025-12-18,,0
1.1.1.5.2.3.1.5.5,Internal Plaster,Tower 1,5th Floor,Finishing,Tower Civil Finishes,Int Plaster,,56646000.0,2026-04-13,2026-04-18,,,2025-12-16,,0
1.1.1.5.2.3.1.5.6,IPS flooring work,Tower 1,5th Floor,Finishing,Tower Finishing,Flooring,,19122600.0,2026-04-22,2026-04-29,,,2025-12-25,,0
1.1.1.5.2.3.1.5.7,Toilet dado work,Tower 1,5th Floor,Finishing,Tower Finishing,Flooring,,56945240.0,2027-03-02,2027-03-09,,,2025-12-25,,0
1.1.1.5.2.3.1.5.8,Toilet flooring work,Tower 1,5th Floor,Finishing,Tower Finishing,Flooring,,11119020.0,2027-03-09,2027-03-15,,,2026-01-01,,0
1.1.1.5.2.3.1.5.9,Living dinning flooring,Tower 1,5th Floor,Finishing,Tower Finishing,Flooring,,153346950.0,2027-03-23,2027-04-01,,,2026-01-14,,0
1.1.1.5.2.3.1.5.10,Aluminium door-window fixing,Tower 1,5th Floor,Finishing,Tower Finishing,Window,,112800000.0,2028-03-24,2028-04-05,,,2026-02-05,,0
1.1.1.5.2.3.1.5.11,Putty primer coat,Tower 1,5th Floor,Finishing,Tower Finishing,Paint,,12606000.0,2027-04-01,2027-04-07,,,2026-01-23,,0
1.1.1.5.2.3.1.5.12,Door shutter fixing,Tower 1,5th Floor,Finishing,Tower Finishing,Door,,77202200.0,2028-01-17,2028-01-25,,,2026-01-23,,0
1.1.1.5.2.3.1.5.13,Electrical wiring work,Tower 1,5th Floor,MEP,Tower MEP,Electrical,,56943068.0,2028-02-24,2028-03-07,,,2026-02-12,,0
1.1.1.5.2.3.1.5.14,Painting 1st coat,Tower 1,5th Floor,Finishing,Tower Finishing,Paint,,12606000.0,2028-03-08,2028-03-20,,,2026-02-24,,0
1.1.1.5.2.3.1.5.15,False ceiling,Tower 1,5th Floor,Finishing,Tower Finishing,False Ceiling,,29946000.0,2028-03-21,2028-03-31,,,2026-03-08,,0
1.1.1.5.2.3.1.6,6th Floor,,,,,,,,2026-04-08,2028-04-17,,,2025-10-27,,
1.1.1.5.2.3.1.6.1,Block Work,Tower 1,6th Floor,Finishing,Tower Civil Finishes,Blockwork,,33741386.0,2026-04-08,2026-04-15,,,2025-10-27,,0
1.1.1.5.2.3.1.6.2,Door Frame Fixing,Tower 1,6th Floor,Finishing,Tower Finishing,Door,,0.0,2026-04-13,2026-04-18,,,2025-12-16,,0
1.1.1.5.2.3.1.6.3,Internal Plumbing Works,Tower 1,6th Floor,MEP,Tower MEP,Plumbing,,26929500.0,2026-04-15,2026-04-22,,,2025-12-18,,0
1.1.1.5.2.3.1.6.4,Waterproofing,Tower 1,6th Floor,Finishing,Tower Civil Finishes,Waterproofing,,31266495.0,2026-04-22,2026-04-29,,,2025-12-25,,0
1.1.1.5.2.3.1.6.5,Internal Plaster,Tower 1,6th Floor,Finishing,Tower Civil Finishes,Int Plaster,,56646000.0,2026-04-18,2026-04-23,,,2025-12-21,,0
1.1.1.5.2.3.1.6.6,IPS flooring work,Tower 1,6th Floor,Finishing,Tower Finishing,Flooring,,19122600.0,2026-04-29,2026-05-06,,,2026-01-01,,0
1.1.1.5.2.3.1.6.7,Toilet dado work,Tower 1,6th Floor,Finishing,Tower Finishing,Flooring,,56945240.0,2027-03-09,2027-03-16,,,2026-01-01,,0
1.1.1.5.2.3.1.6.8,Toilet flooring work,Tower 1,6th Floor,Finishing,Tower Finishing,Flooring,,11119020.0,2027-03-16,2027-03-22,,,2026-01-08,,0
1.1.1.5.2.3.1.6.9,Living dinning flooring,Tower 1,6th Floor,Finishing,Tower Finishing,Flooring,,153346950.0,2027-04-01,2027-04-10,,,2026-01-23,,0
1.1.1.5.2.3.1.6.10,Aluminium door-window fixing,Tower 1,6th Floor,Finishing,Tower Finishing,Window,,112800000.0,2028-04-05,2028-04-17,,,2026-02-17,,0
1.1.1.5.2.3.1.6.11,Putty primer coat,Tower 1,6th Floor,Finishing,Tower Finishing,Paint,,12606000.0,2027-04-10,2027-04-16,,,2026-02-01,,0
1.1.1.5.2.3.1.6.12,Door shutter fixing,Tower 1,6th Floor,Finishing,Tower Finishing,Door,,77202200.0,2028-01-25,2028-02-02,,,2026-02-01,,0
1.1.1.5.2.3.1.6.13,Electrical wiring work,Tower 1,6th Floor,MEP,Tower MEP,Electrical,,56943068.0,2028-03-08,2028-03-20,,,2026-02-24,,0
1.1.1.5.2.3.1.6.14,Painting 1st coat,Tower 1,6th Floor,Finishing,Tower Finishing,Paint,,12606000.0,2028-03-21,2028-04-02,,,2026-03-08,,0
1.1.1.5.2.3.1.6.15,False ceiling,Tower 1,6th Floor,Finishing,Tower Finishing,False Ceiling,,29946000.0,2028-04-03,2028-04-13,,,2026-03-20,,0
1.1.1.5.2.3.1.7,7th Floor,,,,,,,,2026-04-15,2028-04-29,,,2025-12-18,,
1.1.1.5.2.3.1.7.1,Block Work,Tower 1,7th Floor,Finishing,Tower Civil Finishes,Blockwork,,33741386.0,2026-04-15,2026-04-22,,,2025-12-18,,0
1.1.1.5.2.3.1.7.2,Door Frame Fixing,Tower 1,7th Floor,Finishing,Tower Finishing,Door,,0.0,2026-04-22,2026-04-27,,,2025-12-25,,0
1.1.1.5.2.3.1.7.3,Internal Plumbing Works,Tower 1,7th Floor,MEP,Tower MEP,Plumbing,,26929500.0,2026-04-22,2026-04-29,,,2025-12-25,,0
1.1.1.5.2.3.1.7.4,Waterproofing,Tower 1,7th Floor,Finishing,Tower Civil Finishes,Waterproofing,,31266495.0,2026-04-29,2026-05-06,,,2026-01-01,,0
1.1.1.5.2.3.1.7.5,Internal Plaster,Tower 1,7th Floor,Finishing,Tower Civil Finishes,Int Plaster,,56646000.0,2026-04-28,2026-05-02,,,2025-12-31,,0
1.1.1.5.2.3.1.7.6,IPS flooring work,Tower 1,7th Floor,Finishing,Tower Finishing,Flooring,,19122600.0,2026-05-06,2026-05-13,,,2026-01-08,,0
1.1.1.5.2.3.1.7.7,Toilet dado work,Tower 1,7th Floor,Finishing,Tower Finishing,Flooring,,56945240.0,2027-03-16,2027-03-23,,,2026-01-08,,0
1.1.1.5.2.3.1.7.8,Toilet flooring work,Tower 1,7th Floor,Finishing,Tower Finishing,Flooring,,11119020.0,2027-03-23,2027-03-29,,,2026-01-15,,0
1.1.1.5.2.3.1.7.9,Living dinning flooring,Tower 1,7th Floor,Finishing,Tower Finishing,Flooring,,153346950.0,2027-04-10,2027-04-19,,,2026-02-01,,0
1.1.1.5.2.3.1.7.10,Aluminium door-window fixing,Tower 1,7th Floor,Finishing,Tower Finishing,Window,,112800000.0,2028-04-17,2028-04-29,,,2026-03-02,,0
1.1.1.5.2.3.1.7.11,Putty primer coat,Tower 1,7th Floor,Finishing,Tower Finishing,Paint,,12606000.0,2027-04-19,2027-04-25,,,2026-02-10,,0
1.1.1.5.2.3.1.7.12,Door shutter fixing,Tower 1,7th Floor,Finishing,Tower Finishing,Door,,77202200.0,2028-02-02,2028-02-10,,,2026-02-10,,0
1.1.1.5.2.3.1.7.13,Electrical wiring work,Tower 1,7th Floor,MEP,Tower MEP,Electrical,,56943068.0,2028-03-21,2028-04-02,,,2026-03-08,,0
1.1.1.5.2.3.1.7.14,Painting 1st coat,Tower 1,7th Floor,Finishing,Tower Finishing,Paint,,12606000.0,2028-04-03,2028-04-15,,,2026-03-20,,0
1.1.1.5.2.3.1.7.15,False ceiling,Tower 1,7th Floor,Finishing,Tower Finishing,False Ceiling,,29946000.0,2028-04-16,2028-04-26,,,2026-04-01,,0
1.1.1.5.2.3.1.8,8th Floor,,,,,,,,2026-04-23,2028-05-11,,,2025-12-26,,
1.1.1.5.2.3.1.8.1,Block Work,Tower 1,8th Floor,Finishing,Tower Civil Finishes,Blockwork,,33741386.0,2026-04-23,2026-04-29,,,2025-12-26,,0
1.1.1.5.2.3.1.8.2,Door Frame Fixing,Tower 1,8th Floor,Finishing,Tower Finishing,Door,,0.0,2026-04-30,2026-05-04,,,2026-01-02,,0
1.1.1.5.2.3.1.8.3,Internal Plumbing Works,Tower 1,8th Floor,MEP,Tower MEP,Plumbing,,26929500.0,2026-04-30,2026-05-06,,,2026-01-02,,0
1.1.1.5.2.3.1.8.4,Waterproofing,Tower 1,8th Floor,Finishing,Tower Civil Finishes,Waterproofing,,31266495.0,2026-05-07,2026-05-15,,,2026-01-09,,0
1.1.1.5.2.3.1.8.5,Internal Plaster,Tower 1,8th Floor,Finishing,Tower Civil Finishes,Int Plaster,,56646000.0,2026-05-05,2026-05-12,,,2026-01-07,,0
1.1.1.5.2.3.1.8.6,IPS flooring work,Tower 1,8th Floor,Finishing,Tower Finishing,Flooring,,19122600.0,2026-05-16,2026-05-20,,,2026-01-18,,0
1.1.1.5.2.3.1.8.7,Toilet dado work,Tower 1,8th Floor,Finishing,Tower Finishing,Flooring,,56945240.0,2027-03-23,2027-03-30,,,2026-01-18,,0
1.1.1.5.2.3.1.8.8,Toilet flooring work,Tower 1,8th Floor,Finishing,Tower Finishing,Flooring,,11119020.0,2027-03-30,2027-04-05,,,2026-01-25,,0
1.1.1.5.2.3.1.8.9,Living dinning flooring,Tower 1,8th Floor,Finishing,Tower Finishing,Flooring,,153346950.0,2027-04-20,2027-04-29,,,2026-02-11,,0
1.1.1.5.2.3.1.8.10,Aluminium door-window fixing,Tower 1,8th Floor,Finishing,Tower Finishing,Window,,112800000.0,2028-04-30,2028-05-11,,,2026-03-14,,0
1.1.1.5.2.3.1.8.11,Putty primer coat,Tower 1,8th Floor,Finishing,Tower Finishing,Paint,,12606000.0,2027-04-29,2027-05-05,,,2026-02-20,,0
1.1.1.5.2.3.1.8.12,Door shutter fixing,Tower 1,8th Floor,Finishing,Tower Finishing,Door,,77202200.0,2028-02-10,2028-02-18,,,2026-02-20,,0
1.1.1.5.2.3.1.8.13,Electrical wiring work,Tower 1,8th Floor,MEP,Tower MEP,Electrical,,56943068.0,2028-04-02,2028-04-14,,,2026-03-20,,0
1.1.1.5.2.3.1.8.14,Painting 1st coat,Tower 1,8th Floor,Finishing,Tower Finishing,Paint,,12606000.0,2028-04-15,2028-04-27,,,2026-04-01,,0
1.1.1.5.2.3.1.8.15,False ceiling,Tower 1,8th Floor,Finishing,Tower Finishing,False Ceiling,,29946000.0,2028-04-27,2028-05-07,,,2026-04-13,,0
1.1.1.5.2.3.1.9,9th Floor,,,,,,,,2026-04-30,2028-05-27,,,2026-01-02,,
1.1.1.5.2.3.1.9.1,Block Work,Tower 1,9th Floor,Finishing,Tower Civil Finishes,Blockwork,,33741386.0,2026-04-30,2026-05-07,,,2026-01-02,,0
1.1.1.5.2.3.1.9.2,Door Frame Fixing,Tower 1,9th Floor,Finishing,Tower Finishing,Door,,0.0,2026-05-07,2026-05-12,,,2026-01-09,,0
1.1.1.5.2.3.1.9.3,Internal Plumbing Works,Tower 1,9th Floor,MEP,Tower MEP,Plumbing,,26929500.0,2026-05-07,2026-05-14,,,2026-01-09,,0
1.1.1.5.2.3.1.9.4,Waterproofing,Tower 1,9th Floor,Finishing,Tower Civil Finishes,Waterproofing,,31266495.0,2026-05-16,2026-05-22,,,2026-01-18,,0
1.1.1.5.2.3.1.9.5,Internal Plaster,Tower 1,9th Floor,Finishing,Tower Civil Finishes,Int Plaster,,56646000.0,2026-05-23,2026-05-27,,,2026-01-25,,0
1.1.1.5.2.3.1.9.6,IPS flooring work,Tower 1,9th Floor,Finishing,Tower Finishing,Flooring,,19122600.0,2026-05-28,2026-06-03,,,2026-01-30,,0
1.1.1.5.2.3.1.9.7,Toilet dado work,Tower 1,9th Floor,Finishing,Tower Finishing,Flooring,,56945240.0,2027-03-30,2027-04-06,,,2026-01-30,,0
1.1.1.5.2.3.1.9.8,Toilet flooring work,Tower 1,9th Floor,Finishing,Tower Finishing,Flooring,,11119020.0,2027-04-06,2027-04-12,,,2026-02-06,,0
1.1.1.5.2.3.1.9.9,Living dinning flooring,Tower 1,9th Floor,Finishing,Tower Finishing,Flooring,,153346950.0,2027-04-29,2027-05-08,,,2026-02-20,,0
1.1.1.5.2.3.1.9.10,Aluminium door-window fixing,Tower 1,9th Floor,Finishing,Tower Finishing,Window,,112800000.0,2028-05-12,2028-05-27,,,2026-03-26,,0
1.1.1.5.2.3.1.9.11,Putty primer coat,Tower 1,9th Floor,Finishing,Tower Finishing,Paint,,12606000.0,2027-05-08,2027-05-14,,,2026-03-01,,0
1.1.1.5.2.3.1.9.12,Door shutter fixing,Tower 1,9th Floor,Finishing,Tower Finishing,Door,,77202200.0,2028-02-18,2028-02-26,,,2026-03-01,,0
1.1.1.5.2.3.1.9.13,Electrical wiring work,Tower 1,9th Floor,MEP,Tower MEP,Electrical,,56943068.0,2028-04-14,2028-04-26,,,2026-04-01,,0
1.1.1.5.2.3.1.9.14,Painting 1st coat,Tower 1,9th Floor,Finishing,Tower Finishing,Paint,,12606000.0,2028-04-27,2028-05-09,,,2026-04-13,,0
1.1.1.5.2.3.1.9.15,False ceiling,Tower 1,9th Floor,Finishing,Tower Finishing,False Ceiling,,29946000.0,2028-05-09,2028-05-19,,,2026-04-25,,0
1.1.1.5.2.3.1.10,10th Floor,,,,,,,,2026-05-07,2028-06-11,,,2026-01-09,,
1.1.1.5.2.3.1.10.1,Block Work,Tower 1,10th Floor,Finishing,Tower Civil Finishes,Blockwork,,33741386.0,2026-05-07,2026-05-14,,,2026-01-09,,0
1.1.1.5.2.3.1.10.2,Door Frame Fixing,Tower 1,10th Floor,Finishing,Tower Finishing,Door,,0.0,2026-05-14,2026-05-19,,,2026-01-16,,0
1.1.1.5.2.3.1.10.3,Internal Plumbing Works,Tower 1,10th Floor,MEP,Tower MEP,Plumbing,,26929500.0,2026-05-14,2026-05-21,,,2026-01-16,,0
1.1.1.5.2.3.1.10.4,Waterproofing,Tower 1,10th Floor,Finishing,Tower Civil Finishes,Waterproofing,,31266495.0,2026-05-23,2026-05-29,,,2026-01-25,,0
1.1.1.5.2.3.1.10.5,Internal Plaster,Tower 1,10th Floor,Finishing,Tower Civil Finishes,Int Plaster,,56646000.0,2026-05-30,2026-06-03,,,2026-02-01,,0
1.1.1.5.2.3.1.10.6,IPS flooring work,Tower 1,10th Floor,Finishing,Tower Finishing,Flooring,,19122600.0,2026-06-04,2026-06-10,,,2026-02-06,,0
1.1.1.5.2.3.1.10.7,Toilet dado work,Tower 1,10th Floor,Finishing,Tower Finishing,Flooring,,56945240.0,2027-04-06,2027-04-13,,,2026-02-06,,0
1.1.1.5.2.3.1.10.8,Toilet flooring work,Tower 1,10th Floor,Finishing,Tower Finishing,Flooring,,11119020.0,2027-04-13,2027-04-19,,,2026-02-13,,0
1.1.1.5.2.3.1.10.9,Living dinning flooring,Tower 1,10th Floor,Finishing,Tower Finishing,Flooring,,153346950.0,2027-05-08,2027-05-17,,,2026-03-01,,0
1.1.1.5.2.3.1.10.10,Aluminium door-window fixing,Tower 1,10th Floor,Finishing,Tower Finishing,Window,,112800000.0,2028-05-27,2028-06-11,,,2026-04-10,,0
1.1.1.5.2.3.1.10.11,Putty primer coat,Tower 1,10th Floor,Finishing,Tower Finishing,Paint,,12606000.0,2027-05-17,2027-05-23,,,2026-03-10,,0
1.1.1.5.2.3.1.10.12,Door shutter fixing,Tower 1,10th Floor,Finishing,Tower Finishing,Door,,77202200.0,2028-02-26,2028-03-05,,,2026-03-10,,0
1.1.1.5.2.3.1.10.13,Electrical wiring work,Tower 1,10th Floor,MEP,Tower MEP,Electrical,,56943068.0,2028-04-26,2028-05-08,,,2026-04-13,,0
1.1.1.5.2.3.1.10.14,Painting 1st coat,Tower 1,10th Floor,Finishing,Tower Finishing,Paint,,12606000.0,2028-05-09,2028-05-21,,,2026-04-25,,0
1.1.1.5.2.3.1.10.15,False ceiling,Tower 1,10th Floor,Finishing,Tower Finishing,False Ceiling,,29946000.0,2028-05-21,2028-05-31,,,2026-05-07,,0
1.1.1.5.2.3.1.11,11th Floor,,,,,,,,2026-05-14,2028-06-26,,,2026-01-16,,
1.1.1.5.2.3.1.11.1,Block Work,Tower 1,11th Floor,Finishing,Tower Civil Finishes,Blockwork,,33741386.0,2026-05-14,2026-05-21,,,2026-01-16,,0
1.1.1.5.2.3.1.11.2,Door Frame Fixing,Tower 1,11th Floor,Finishing,Tower Finishing,Door,,0.0,2026-05-21,2026-05-26,,,2026-01-23,,0
1.1.1.5.2.3.1.11.3,Internal Plumbing Works,Tower 1,11th Floor,MEP,Tower MEP,Plumbing,,26929500.0,2026-05-21,2026-05-28,,,2026-01-23,,0
1.1.1.5.2.3.1.11.4,Waterproofing,Tower 1,11th Floor,Finishing,Tower Civil Finishes,Waterproofing,,31266495.0,2026-05-30,2026-06-05,,,2026-02-01,,0
1.1.1.5.2.3.1.11.5,Internal Plaster,Tower 1,11th Floor,Finishing,Tower Civil Finishes,Int Plaster,,56646000.0,2026-06-06,2026-06-10,,,2026-02-08,,0
1.1.1.5.2.3.1.11.6,IPS flooring work,Tower 1,11th Floor,Finishing,Tower Finishing,Flooring,,19122600.0,2026-06-11,2026-06-17,,,2026-02-13,,0
1.1.1.5.2.3.1.11.7,Toilet dado work,Tower 1,11th Floor,Finishing,Tower Finishing,Flooring,,56945240.0,2027-04-13,2027-04-20,,,2026-02-13,,0
1.1.1.5.2.3.1.11.8,Toilet flooring work,Tower 1,11th Floor,Finishing,Tower Finishing,Flooring,,11119020.0,2027-04-20,2027-04-26,,,2026-02-20,,0
1.1.1.5.2.3.1.11.9,Living dinning flooring,Tower 1,11th Floor,Finishing,Tower Finishing,Flooring,,153346950.0,2027-05-17,2027-05-26,,,2026-03-10,,0
1.1.1.5.2.3.1.11.10,Aluminium door-window fixing,Tower 1,11th Floor,Finishing,Tower Finishing,Window,,112800000.0,2028-06-11,2028-06-26,,,2026-04-25,,0
1.1.1.5.2.3.1.11.11,Putty primer coat,Tower 1,11th Floor,Finishing,Tower Finishing,Paint,,12606000.0,2027-05-26,2027-06-01,,,2026-03-19,,0
1.1.1.5.2.3.1.11.12,Door shutter fixing,Tower 1,11th Floor,Finishing,Tower Finishing,Door,,77202200.0,2028-03-05,2028-03-13,,,2026-03-19,,0
1.1.1.5.2.3.1.11.13,Electrical wiring work,Tower 1,11th Floor,MEP,Tower MEP,Electrical,,56943068.0,2028-05-08,2028-05-20,,,2026-04-25,,0
1.1.1.5.2.3.1.11.14,Painting 1st coat,Tower 1,11th Floor,Finishing,Tower Finishing,Paint,,12606000.0,2028-05-21,2028-06-02,,,2026-05-07,,0
1.1.1.5.2.3.1.11.15,False ceiling,Tower 1,11th Floor,Finishing,Tower Finishing,False Ceiling,,29946000.0,2028-06-02,2028-06-12,,,2026-05-19,,0
1.1.1.5.2.3.1.12,12th Floor,,,,,,,,2026-05-21,2028-07-08,,,2026-01-23,,
1.1.1.5.2.3.1.12.1,Block Work,Tower 1,12th Floor,Finishing,Tower Civil Finishes,Blockwork,,33741386.0,2026-05-21,2026-05-29,,,2026-01-23,,0
1.1.1.5.2.3.1.12.2,Door Frame Fixing,Tower 1,12th Floor,Finishing,Tower Finishing,Door,,0.0,2026-05-29,2026-06-07,,,2026-01-31,,0
1.1.1.5.2.3.1.12.3,Internal Plumbing Works,Tower 1,12th Floor,MEP,Tower MEP,Plumbing,,26929500.0,2026-05-29,2026-06-08,,,2026-01-31,,0
1.1.1.5.2.3.1.12.4,Waterproofing,Tower 1,12th Floor,Finishing,Tower Civil Finishes,Waterproofing,,31266495.0,2026-06-08,2026-06-15,,,2026-02-10,,0
1.1.1.5.2.3.1.12.5,Internal Plaster,Tower 1,12th Floor,Finishing,Tower Civil Finishes,Int Plaster,,56646000.0,2026-06-15,2026-06-20,,,2026-02-17,,0
1.1.1.5.2.3.1.12.6,IPS flooring work,Tower 1,12th Floor,Finishing,Tower Finishing,Flooring,,19122600.0,2026-06-18,2026-06-26,,,2026-02-20,,0
1.1.1.5.2.3.1.12.7,Toilet dado work,Tower 1,12th Floor,Finishing,Tower Finishing,Flooring,,56945240.0,2027-04-20,2027-04-28,,,2026-02-22,,0
1.1.1.5.2.3.1.12.8,Toilet flooring work,Tower 1,12th Floor,Finishing,Tower Finishing,Flooring,,11119020.0,2027-04-28,2027-05-05,,,2026-03-02,,0
1.1.1.5.2.3.1.12.9,Living dinning flooring,Tower 1,12th Floor,Finishing,Tower Finishing,Flooring,,153346950.0,2027-05-27,2027-06-05,,,2026-03-20,,0
1.1.1.5.2.3.1.12.10,Aluminium door-window fixing,Tower 1,12th Floor,Finishing,Tower Finishing,Window,,112800000.0,2028-06-26,2028-07-08,,,2026-05-11,,0
1.1.1.5.2.3.1.12.11,Putty primer coat,Tower 1,12th Floor,Finishing,Tower Finishing,Paint,,12606000.0,2027-06-06,2027-06-11,,,2026-03-30,,0
1.1.1.5.2.3.1.12.12,Door shutter fixing,Tower 1,12th Floor,Finishing,Tower Finishing,Door,,77202200.0,2028-03-13,2028-03-21,,,2026-03-30,,0
1.1.1.5.2.3.1.12.13,Electrical wiring work,Tower 1,12th Floor,MEP,Tower MEP,Electrical,,56943068.0,2028-05-20,2028-06-01,,,2026-05-07,,0
1.1.1.5.2.3.1.12.14,Painting 1st coat,Tower 1,12th Floor,Finishing,Tower Finishing,Paint,,12606000.0,2028-06-02,2028-06-14,,,2026-05-19,,0
1.1.1.5.2.3.1.12.15,False ceiling,Tower 1,12th Floor,Finishing,Tower Finishing,False Ceiling,,29946000.0,2028-06-14,2028-06-24,,,2026-05-31,,0
1.1.1.5.2.3.1.13,13th Floor,,,,,,,,2026-05-30,2028-07-23,,,2026-02-01,,
1.1.1.5.2.3.1.13.1,Block Work,Tower 1,13th Floor,Finishing,Tower Civil Finishes,Blockwork,,33741386.0,2026-05-30,2026-06-07,,,2026-02-01,,0
1.1.1.5.2.3.1.13.2,Door Frame Fixing,Tower 1,13th Floor,Finishing,Tower Finishing,Door,,0.0,2026-06-07,2026-06-16,,,2026-02-09,,0
1.1.1.5.2.3.1.13.3,Internal Plumbing Works,Tower 1,13th Floor,MEP,Tower MEP,Plumbing,,26929500.0,2026-06-08,2026-06-18,,,2026-02-10,,0
1.1.1.5.2.3.1.13.4,Waterproofing,Tower 1,13th Floor,Finishing,Tower Civil Finishes,Waterproofing,,31266495.0,2026-06-18,2026-06-25,,,2026-02-20,,0
1.1.1.5.2.3.1.13.5,Internal Plaster,Tower 1,13th Floor,Finishing,Tower Civil Finishes,Int Plaster,,56646000.0,2026-06-21,2026-06-26,,,2026-02-23,,0
1.1.1.5.2.3.1.13.6,IPS flooring work,Tower 1,13th Floor,Finishing,Tower Finishing,Flooring,,19122600.0,2026-06-27,2026-07-05,,,2026-03-01,,0
1.1.1.5.2.3.1.13.7,Toilet dado work,Tower 1,13th Floor,Finishing,Tower Finishing,Flooring,,56945240.0,2027-04-28,2027-05-06,,,2026-03-02,,0
1.1.1.5.2.3.1.13.8,Toilet flooring work,Tower 1,13th Floor,Finishing,Tower Finishing,Flooring,,11119020.0,2027-05-06,2027-05-13,,,2026-03-10,,0
1.1.1.5.2.3.1.13.9,Living dinning flooring,Tower 1,13th Floor,Finishing,Tower Finishing,Flooring,,153346950.0,2027-06-06,2027-06-10,,,2026-03-30,,0
1.1.1.5.2.3.1.13.10,Aluminium door-window fixing,Tower 1,13th Floor,Finishing,Tower Finishing,Window,,112800000.0,2028-07-08,2028-07-23,,,2026-05-23,,0
1.1.1.5.2.3.1.13.11,Putty primer coat,Tower 1,13th Floor,Finishing,Tower Finishing,Paint,,12606000.0,2027-06-12,2027-06-17,,,2026-04-05,,0
1.1.1.5.2.3.1.13.12,Door shutter fixing,Tower 1,13th Floor,Finishing,Tower Finishing,Door,,77202200.0,2028-03-21,2028-03-29,,,2026-04-07,,0
1.1.1.5.2.3.1.13.13,Electrical wiring work,Tower 1,13th Floor,MEP,Tower MEP,Electrical,,56943068.0,2028-06-01,2028-06-13,,,2026-05-19,,0
1.1.1.5.2.3.1.13.14,Painting 1st coat,Tower 1,13th Floor,Finishing,Tower Finishing,Paint,,12606000.0,2028-06-14,2028-06-26,,,2026-05-31,,0
1.1.1.5.2.3.1.13.15,False ceiling,Tower 1,13th Floor,Finishing,Tower Finishing,False Ceiling,,29946000.0,2028-06-26,2028-07-06,,,2026-06-12,,0
1.1.1.5.2.3.1.14,14th Floor,,,,,,,,2026-06-07,2028-08-07,,,2026-02-09,,
1.1.1.5.2.3.1.14.1,Block Work,Tower 1,14th Floor,Finishing,Tower Civil Finishes,Blockwork,,33741386.0,2026-06-07,2026-06-15,,,2026-02-09,,0
1.1.1.5.2.3.1.14.2,Door Frame Fixing,Tower 1,14th Floor,Finishing,Tower Finishing,Door,,0.0,2026-06-16,2026-06-25,,,2026-02-18,,0
1.1.1.5.2.3.1.14.3,Internal Plumbing Works,Tower 1,14th Floor,MEP,Tower MEP,Plumbing,,26929500.0,2026-06-18,2026-06-28,,,2026-02-20,,0
1.1.1.5.2.3.1.14.4,Waterproofing,Tower 1,14th Floor,Finishing,Tower Civil Finishes,Waterproofing,,31266495.0,2026-06-28,2026-07-05,,,2026-03-02,,0
1.1.1.5.2.3.1.14.5,Internal Plaster,Tower 1,14th Floor,Finishing,Tower Civil Finishes,Int Plaster,,56646000.0,2026-06-26,2026-07-01,,,2026-02-28,,0
1.1.1.5.2.3.1.14.6,IPS flooring work,Tower 1,14th Floor,Finishing,Tower Finishing,Flooring,,19122600.0,2026-07-06,2026-07-14,,,2026-03-10,,0
1.1.1.5.2.3.1.14.7,Toilet dado work,Tower 1,14th Floor,Finishing,Tower Finishing,Flooring,,56945240.0,2027-05-06,2027-05-14,,,2026-03-10,,0
1.1.1.5.2.3.1.14.8,Toilet flooring work,Tower 1,14th Floor,Finishing,Tower Finishing,Flooring,,11119020.0,2027-05-14,2027-05-21,,,2026-03-18,,0
1.1.1.5.2.3.1.14.9,Living dinning flooring,Tower 1,14th Floor,Finishing,Tower Finishing,Flooring,,153346950.0,2027-06-11,2027-06-25,,,2026-04-04,,0
1.1.1.5.2.3.1.14.10,Aluminium door-window fixing,Tower 1,14th Floor,Finishing,Tower Finishing,Window,,112800000.0,2028-07-23,2028-08-07,,,2026-06-07,,0
1.1.1.5.2.3.1.14.11,Putty primer coat,Tower 1,14th Floor,Finishing,Tower Finishing,Paint,,12606000.0,2027-06-26,2027-07-01,,,2026-04-19,,0
1.1.1.5.2.3.1.14.12,Door shutter fixing,Tower 1,14th Floor,Finishing,Tower Finishing,Door,,77202200.0,2028-03-29,2028-04-06,,,2026-04-19,,0
1.1.1.5.2.3.1.14.13,Electrical wiring work,Tower 1,14th Floor,MEP,Tower MEP,Electrical,,56943068.0,2028-06-13,2028-06-25,,,2026-05-31,,0
1.1.1.5.2.3.1.14.14,Painting 1st coat,Tower 1,14th Floor,Finishing,Tower Finishing,Paint,,12606000.0,2028-06-26,2028-07-08,,,2026-06-12,,0
1.1.1.5.2.3.1.14.15,False ceiling,Tower 1,14th Floor,Finishing,Tower Finishing,False Ceiling,,29946000.0,2028-07-08,2028-07-18,,,2026-06-24,,0
1.1.1.5.2.3.1.15,15th Floor,,,,,,,,2026-06-15,2028-08-19,,,2026-02-17,,
1.1.1.5.2.3.1.15.1,Block Work,Tower 1,15th Floor,Finishing,Tower Civil Finishes,Blockwork,,33741386.0,2026-06-15,2026-06-23,,,2026-02-17,,0
1.1.1.5.2.3.1.15.2,Door Frame Fixing,Tower 1,15th Floor,Finishing,Tower Finishing,Door,,0.0,2026-06-25,2026-07-04,,,2026-02-27,,0
1.1.1.5.2.3.1.15.3,Internal Plumbing Works,Tower 1,15th Floor,MEP,Tower MEP,Plumbing,,26929500.0,2026-06-28,2026-07-08,,,2026-03-02,,0
1.1.1.5.2.3.1.15.4,Waterproofing,Tower 1,15th Floor,Finishing,Tower Civil Finishes,Waterproofing,,31266495.0,2026-07-08,2026-07-15,,,2026-03-12,,0
1.1.1.5.2.3.1.15.5,Internal Plaster,Tower 1,15th Floor,Finishing,Tower Civil Finishes,Int Plaster,,56646000.0,2026-07-05,2026-07-10,,,2026-03-09,,0
1.1.1.5.2.3.1.15.6,IPS flooring work,Tower 1,15th Floor,Finishing,Tower Finishing,Flooring,,19122600.0,2026-07-15,2026-07-24,,,2026-03-19,,0
1.1.1.5.2.3.1.15.7,Toilet dado work,Tower 1,15th Floor,Finishing,Tower Finishing,Flooring,,56945240.0,2027-05-14,2027-05-22,,,2026-03-19,,0
1.1.1.5.2.3.1.15.8,Toilet flooring work,Tower 1,15th Floor,Finishing,Tower Finishing,Flooring,,11119020.0,2027-05-22,2027-05-29,,,2026-03-27,,0
1.1.1.5.2.3.1.15.9,Living dinning flooring,Tower 1,15th Floor,Finishing,Tower Finishing,Flooring,,153346950.0,2027-06-26,2027-07-07,,,2026-04-19,,0
1.1.1.5.2.3.1.15.10,Aluminium door-window fixing,Tower 1,15th Floor,Finishing,Tower Finishing,Window,,112800000.0,2028-08-07,2028-08-19,,,2026-06-22,,0
1.1.1.5.2.3.1.15.11,Putty primer coat,Tower 1,15th Floor,Finishing,Tower Finishing,Paint,,12606000.0,2027-07-08,2027-07-13,,,2026-05-01,,0
1.1.1.5.2.3.1.15.12,Door shutter fixing,Tower 1,15th Floor,Finishing,Tower Finishing,Door,,77202200.0,2028-04-06,2028-04-14,,,2026-05-01,,0
1.1.1.5.2.3.1.15.13,Electrical wiring work,Tower 1,15th Floor,MEP,Tower MEP,Electrical,,56943068.0,2028-06-25,2028-07-07,,,2026-06-12,,0
1.1.1.5.2.3.1.15.14,Painting 1st coat,Tower 1,15th Floor,Finishing,Tower Finishing,Paint,,12606000.0,2028-07-08,2028-07-20,,,2026-06-24,,0
1.1.1.5.2.3.1.15.15,False ceiling,Tower 1,15th Floor,Finishing,Tower Finishing,False Ceiling,,29946000.0,2028-07-20,2028-07-30,,,2026-07-06,,0
1.1.1.5.2.3.1.16,16th Floor,,,,,,,,2026-06-23,2028-08-31,,,2026-02-25,,
1.1.1.5.2.3.1.16.1,Block Work,Tower 1,16th Floor,Finishing,Tower Civil Finishes,Blockwork,,33741386.0,2026-06-23,2026-07-01,,,2026-02-25,,0
1.1.1.5.2.3.1.16.2,Door Frame Fixing,Tower 1,16th Floor,Finishing,Tower Finishing,Door,,0.0,2026-07-04,2026-07-13,,,2026-03-08,,0
1.1.1.5.2.3.1.16.3,Internal Plumbing Works,Tower 1,16th Floor,MEP,Tower MEP,Plumbing,,26929500.0,2026-07-08,2026-07-18,,,2026-03-12,,0
1.1.1.5.2.3.1.16.4,Waterproofing,Tower 1,16th Floor,Finishing,Tower Civil Finishes,Waterproofing,,31266495.0,2026-07-18,2026-07-30,,,2026-03-22,,0
1.1.1.5.2.3.1.16.5,Internal Plaster,Tower 1,16th Floor,Finishing,Tower Civil Finishes,Int Plaster,,56646000.0,2026-07-30,2026-08-08,,,2026-04-03,,0
1.1.1.5.2.3.1.16.6,IPS flooring work,Tower 1,16th Floor,Finishing,Tower Finishing,Flooring,,19122600.0,2026-07-30,2026-08-08,,,2026-04-03,,0
1.1.1.5.2.3.1.16.7,Toilet dado work,Tower 1,16th Floor,Finishing,Tower Finishing,Flooring,,56945240.0,2027-05-22,2027-05-30,,,2026-04-12,,0
1.1.1.5.2.3.1.16.8,Toilet flooring work,Tower 1,16th Floor,Finishing,Tower Finishing,Flooring,,11119020.0,2027-05-30,2027-06-06,,,2026-04-20,,0
1.1.1.5.2.3.1.16.9,Living dinning flooring,Tower 1,16th Floor,Finishing,Tower Finishing,Flooring,,153346950.0,2027-07-08,2027-07-19,,,2026-05-01,,0
1.1.1.5.2.3.1.16.10,Aluminium door-window fixing,Tower 1,16th Floor,Finishing,Tower Finishing,Window,,112800000.0,2028-08-19,2028-08-31,,,2026-07-04,,0
1.1.1.5.2.3.1.16.11,Putty primer coat,Tower 1,16th Floor,Finishing,Tower Finishing,Paint,,12606000.0,2027-07-20,2027-07-25,,,2026-05-13,,0
1.1.1.5.2.3.1.16.12,Door shutter fixing,Tower 1,16th Floor,Finishing,Tower Finishing,Door,,77202200.0,2028-04-14,2028-04-22,,,2026-05-13,,0
1.1.1.5.2.3.1.16.13,Electrical wiring work,Tower 1,16th Floor,MEP,Tower MEP,Electrical,,56943068.0,2028-07-07,2028-07-19,,,2026-06-24,,0
1.1.1.5.2.3.1.16.14,Painting 1st coat,Tower 1,16th Floor,Finishing,Tower Finishing,Paint,,12606000.0,2028-07-20,2028-08-01,,,2026-07-06,,0
1.1.1.5.2.3.1.16.15,False ceiling,Tower 1,16th Floor,Finishing,Tower Finishing,False Ceiling,,29946000.0,2028-08-01,2028-08-11,,,2026-07-18,,0
1.1.1.5.2.3.1.17,17th Floor,,,,,,,,2026-09-26,2028-09-12,,,2026-05-29,,
1.1.1.5.2.3.1.17.1,Block Work,Tower 1,17th Floor,Finishing,Tower Civil Finishes,Blockwork,,33741386.0,2026-09-26,2026-10-03,,,2026-05-29,,0
1.1.1.5.2.3.1.17.2,Door Frame Fixing,Tower 1,17th Floor,Finishing,Tower Finishing,Door,,0.0,2026-10-04,2026-10-12,,,2026-06-06,,0
1.1.1.5.2.3.1.17.3,Internal Plumbing Works,Tower 1,17th Floor,MEP,Tower MEP,Plumbing,,26929500.0,2026-10-04,2026-10-13,,,2026-06-06,,0
1.1.1.5.2.3.1.17.4,Waterproofing,Tower 1,17th Floor,Finishing,Tower Civil Finishes,Waterproofing,,31266495.0,2026-10-14,2026-10-25,,,2026-06-16,,0
1.1.1.5.2.3.1.17.5,Internal Plaster,Tower 1,17th Floor,Finishing,Tower Civil Finishes,Int Plaster,,56646000.0,2026-10-26,2026-12-18,,,2026-06-28,,0
1.1.1.5.2.3.1.17.6,IPS flooring work,Tower 1,17th Floor,Finishing,Tower Finishing,Flooring,,19122600.0,2026-10-26,2026-12-18,,,2026-06-28,,0
1.1.1.5.2.3.1.17.7,Toilet dado work,Tower 1,17th Floor,Finishing,Tower Finishing,Flooring,,56945240.0,2027-05-30,2027-06-07,,,2026-07-07,,0
1.1.1.5.2.3.1.17.8,Toilet flooring work,Tower 1,17th Floor,Finishing,Tower Finishing,Flooring,,11119020.0,2027-06-07,2027-06-14,,,2026-07-15,,0
1.1.1.5.2.3.1.17.9,Living dinning flooring,Tower 1,17th Floor,Finishing,Tower Finishing,Flooring,,153346950.0,2027-07-20,2027-07-31,,,2026-07-22,,0
1.1.1.5.2.3.1.17.10,Aluminium door-window fixing,Tower 1,17th Floor,Finishing,Tower Finishing,Window,,112800000.0,2028-08-31,2028-09-12,,,2026-08-03,,0
1.1.1.5.2.3.1.17.11,Putty primer coat,Tower 1,17th Floor,Finishing,Tower Finishing,Paint,,12606000.0,2027-08-01,2027-08-06,,,2026-08-03,,0
1.1.1.5.2.3.1.17.12,Door shutter fixing,Tower 1,17th Floor,Finishing,Tower Finishing,Door,,77202200.0,2028-04-22,2028-04-30,,,2026-08-03,,0
1.1.1.5.2.3.1.17.13,Electrical wiring work,Tower 1,17th Floor,MEP,Tower MEP,Electrical,,56943068.0,2028-07-19,2028-07-31,,,2026-08-11,,0
1.1.1.5.2.3.1.17.14,Painting 1st coat,Tower 1,17th Floor,Finishing,Tower Finishing,Paint,,12606000.0,2028-08-01,2028-08-13,,,2026-08-23,,0
1.1.1.5.2.3.1.17.15,False ceiling,Tower 1,17th Floor,Finishing,Tower Finishing,False Ceiling,,29946000.0,2028-08-13,2028-08-23,,,2026-09-04,,0
1.1.1.5.2.3.1.18,18th Floor,,,,,,,,2026-10-07,2028-09-24,,,2026-06-09,,
1.1.1.5.2.3.1.18.1,Block Work,Tower 1,18th Floor,Finishing,Tower Civil Finishes,Blockwork,,33741386.0,2026-10-07,2026-10-14,,,2026-06-09,,0
1.1.1.5.2.3.1.18.2,Door Frame Fixing,Tower 1,18th Floor,Finishing,Tower Finishing,Door,,0.0,2026-10-15,2026-10-23,,,2026-06-17,,0
1.1.1.5.2.3.1.18.3,Internal Plumbing Works,Tower 1,18th Floor,MEP,Tower MEP,Plumbing,,26929500.0,2026-10-15,2026-10-24,,,2026-06-17,,0
1.1.1.5.2.3.1.18.4,Waterproofing,Tower 1,18th Floor,Finishing,Tower Civil Finishes,Waterproofing,,31266495.0,2026-10-26,2026-12-21,,,2026-06-28,,0
1.1.1.5.2.3.1.18.5,Internal Plaster,Tower 1,18th Floor,Finishing,Tower Civil Finishes,Int Plaster,,56646000.0,2026-12-22,2026-12-30,,,2026-07-10,,0
1.1.1.5.2.3.1.18.6,IPS flooring work,Tower 1,18th Floor,Finishing,Tower Finishing,Flooring,,19122600.0,2026-12-22,2026-12-30,,,2026-07-10,,0
1.1.1.5.2.3.1.18.7,Toilet dado work,Tower 1,18th Floor,Finishing,Tower Finishing,Flooring,,56945240.0,2027-06-07,2027-06-15,,,2026-07-19,,0
1.1.1.5.2.3.1.18.8,Toilet flooring work,Tower 1,18th Floor,Finishing,Tower Finishing,Flooring,,11119020.0,2027-06-15,2027-06-22,,,2026-07-27,,0
1.1.1.5.2.3.1.18.9,Living dinning flooring,Tower 1,18th Floor,Finishing,Tower Finishing,Flooring,,153346950.0,2027-08-01,2027-08-12,,,2026-08-03,,0
1.1.1.5.2.3.1.18.10,Aluminium door-window fixing,Tower 1,18th Floor,Finishing,Tower Finishing,Window,,112800000.0,2028-09-12,2028-09-24,,,2026-08-15,,0
1.1.1.5.2.3.1.18.11,Putty primer coat,Tower 1,18th Floor,Finishing,Tower Finishing,Paint,,12606000.0,2027-08-13,2027-08-18,,,2026-08-15,,0
1.1.1.5.2.3.1.18.12,Door shutter fixing,Tower 1,18th Floor,Finishing,Tower Finishing,Door,,77202200.0,2028-04-30,2028-05-08,,,2026-08-15,,0
1.1.1.5.2.3.1.18.13,Electrical wiring work,Tower 1,18th Floor,MEP,Tower MEP,Electrical,,56943068.0,2028-07-31,2028-08-12,,,2026-08-23,,0
1.1.1.5.2.3.1.18.14,Painting 1st coat,Tower 1,18th Floor,Finishing,Tower Finishing,Paint,,12606000.0,2028-08-13,2028-08-25,,,2026-09-04,,0
1.1.1.5.2.3.1.18.15,False ceiling,Tower 1,18th Floor,Finishing,Tower Finishing,False Ceiling,,29946000.0,2028-08-25,2028-09-04,,,2026-09-16,,0
1.1.1.5.2.3.1.19,19th Floor,,,,,,,,2026-10-18,2028-10-06,,,2026-06-20,,
1.1.1.5.2.3.1.19.1,Block Work,Tower 1,19th Floor,Finishing,Tower Civil Finishes,Blockwork,,33741386.0,2026-10-18,2026-10-25,,,2026-06-20,,0
1.1.1.5.2.3.1.19.2,Door Frame Fixing,Tower 1,19th Floor,Finishing,Tower Finishing,Door,,0.0,2026-10-26,2026-12-18,,,2026-06-28,,0
1.1.1.5.2.3.1.19.3,Internal Plumbing Works,Tower 1,19th Floor,MEP,Tower MEP,Plumbing,,26929500.0,2026-10-26,2026-12-19,,,2026-06-28,,0
1.1.1.5.2.3.1.19.4,Waterproofing,Tower 1,19th Floor,Finishing,Tower Civil Finishes,Waterproofing,,31266495.0,2026-12-22,2027-01-02,,,2026-07-10,,0
1.1.1.5.2.3.1.19.5,Internal Plaster,Tower 1,19th Floor,Finishing,Tower Civil Finishes,Int Plaster,,56646000.0,2027-01-03,2027-01-11,,,2026-07-22,,0
1.1.1.5.2.3.1.19.6,IPS flooring work,Tower 1,19th Floor,Finishing,Tower Finishing,Flooring,,19122600.0,2027-01-12,2027-01-20,,,2026-07-31,,0
1.1.1.5.2.3.1.19.7,Toilet dado work,Tower 1,19th Floor,Finishing,Tower Finishing,Flooring,,56945240.0,2027-06-15,2027-06-23,,,2026-07-31,,0
1.1.1.5.2.3.1.19.8,Toilet flooring work,Tower 1,19th Floor,Finishing,Tower Finishing,Flooring,,11119020.0,2027-06-23,2027-06-30,,,2026-08-08,,0
1.1.1.5.2.3.1.19.9,Living dinning flooring,Tower 1,19th Floor,Finishing,Tower Finishing,Flooring,,153346950.0,2027-08-13,2027-08-24,,,2026-08-15,,0
1.1.1.5.2.3.1.19.10,Aluminium door-window fixing,Tower 1,19th Floor,Finishing,Tower Finishing,Window,,112800000.0,2028-09-24,2028-10-06,,,2026-08-27,,0
1.1.1.5.2.3.1.19.11,Putty primer coat,Tower 1,19th Floor,Finishing,Tower Finishing,Paint,,12606000.0,2027-08-25,2027-08-30,,,2026-08-27,,0
1.1.1.5.2.3.1.19.12,Door shutter fixing,Tower 1,19th Floor,Finishing,Tower Finishing,Door,,77202200.0,2028-05-08,2028-05-16,,,2026-08-27,,0
1.1.1.5.2.3.1.19.13,Electrical wiring work,Tower 1,19th Floor,MEP,Tower MEP,Electrical,,56943068.0,2028-08-12,2028-08-24,,,2026-09-04,,0
1.1.1.5.2.3.1.19.14,Painting 1st coat,Tower 1,19th Floor,Finishing,Tower Finishing,Paint,,12606000.0,2028-08-25,2028-09-06,,,2026-09-16,,0
1.1.1.5.2.3.1.19.15,False ceiling,Tower 1,19th Floor,Finishing,Tower Finishing,False Ceiling,,29946000.0,2028-09-06,2028-09-16,,,2026-09-28,,0
1.1.1.5.2.3.1.20,20th Floor,,,,,,,,2026-10-29,2028-10-18,,,2026-07-01,,
1.1.1.5.2.3.1.20.1,Block Work,Tower 1,20th Floor,Finishing,Tower Civil Finishes,Blockwork,,33741386.0,2026-10-29,2026-12-20,,,2026-07-01,,0
1.1.1.5.2.3.1.20.2,Door Frame Fixing,Tower 1,20th Floor,Finishing,Tower Finishing,Door,,0.0,2026-12-21,2026-12-29,,,2026-07-09,,0
1.1.1.5.2.3.1.20.3,Internal Plumbing Works,Tower 1,20th Floor,MEP,Tower MEP,Plumbing,,26929500.0,2026-12-21,2026-12-30,,,2026-07-09,,0
1.1.1.5.2.3.1.20.4,Waterproofing,Tower 1,20th Floor,Finishing,Tower Civil Finishes,Waterproofing,,31266495.0,2027-01-03,2027-01-14,,,2026-07-22,,0
1.1.1.5.2.3.1.20.5,Internal Plaster,Tower 1,20th Floor,Finishing,Tower Civil Finishes,Int Plaster,,56646000.0,2027-01-15,2027-01-23,,,2026-08-03,,0
1.1.1.5.2.3.1.20.6,IPS flooring work,Tower 1,20th Floor,Finishing,Tower Finishing,Flooring,,19122600.0,2027-01-24,2027-02-01,,,2026-08-12,,0
1.1.1.5.2.3.1.20.7,Toilet dado work,Tower 1,20th Floor,Finishing,Tower Finishing,Flooring,,56945240.0,2027-06-23,2027-07-01,,,2026-08-12,,0
1.1.1.5.2.3.1.20.8,Toilet flooring work,Tower 1,20th Floor,Finishing,Tower Finishing,Flooring,,11119020.0,2027-07-01,2027-07-08,,,2026-08-20,,0
1.1.1.5.2.3.1.20.9,Living dinning flooring,Tower 1,20th Floor,Finishing,Tower Finishing,Flooring,,153346950.0,2027-08-25,2027-09-05,,,2026-08-27,,0
1.1.1.5.2.3.1.20.10,Aluminium door-window fixing,Tower 1,20th Floor,Finishing,Tower Finishing,Window,,112800000.0,2028-10-06,2028-10-18,,,2026-09-08,,0
1.1.1.5.2.3.1.20.11,Putty primer coat,Tower 1,20th Floor,Finishing,Tower Finishing,Paint,,12606000.0,2027-09-06,2027-09-11,,,2026-09-08,,0
1.1.1.5.2.3.1.20.12,Door shutter fixing,Tower 1,20th Floor,Finishing,Tower Finishing,Door,,77202200.0,2028-05-16,2028-05-24,,,2026-09-08,,0
1.1.1.5.2.3.1.20.13,Electrical wiring work,Tower 1,20th Floor,MEP,Tower MEP,Electrical,,56943068.0,2028-08-24,2028-09-05,,,2026-09-16,,0
1.1.1.5.2.3.1.20.14,Painting 1st coat,Tower 1,20th Floor,Finishing,Tower Finishing,Paint,,12606000.0,2028-09-06,2028-09-18,,,2026-09-28,,0
1.1.1.5.2.3.1.20.15,False ceiling,Tower 1,20th Floor,Finishing,Tower Finishing,False Ceiling,,29946000.0,2028-09-18,2028-09-28,,,2026-10-10,,0
1.1.1.5.2.3.1.21,21st Floor,,,,,,,,2026-12-24,2028-10-30,,,2026-07-12,,
1.1.1.5.2.3.1.21.1,Block Work,Tower 1,21st Floor,Finishing,Tower Civil Finishes,Blockwork,,33741386.0,2026-12-24,2026-12-31,,,2026-07-12,,0
1.1.1.5.2.3.1.21.2,Door Frame Fixing,Tower 1,21st Floor,Finishing,Tower Finishing,Door,,0.0,2027-01-01,2027-01-09,,,2026-07-20,,0
1.1.1.5.2.3.1.21.3,Internal Plumbing Works,Tower 1,21st Floor,MEP,Tower MEP,Plumbing,,26929500.0,2027-01-01,2027-01-10,,,2026-07-20,,0
1.1.1.5.2.3.1.21.4,Waterproofing,Tower 1,21st Floor,Finishing,Tower Civil Finishes,Waterproofing,,31266495.0,2027-01-15,2027-01-26,,,2026-08-03,,0
1.1.1.5.2.3.1.21.5,Internal Plaster,Tower 1,21st Floor,Finishing,Tower Civil Finishes,Int Plaster,,56646000.0,2027-01-27,2027-02-04,,,2026-08-15,,0
1.1.1.5.2.3.1.21.6,IPS flooring work,Tower 1,21st Floor,Finishing,Tower Finishing,Flooring,,19122600.0,2027-02-05,2027-02-13,,,2026-08-24,,0
1.1.1.5.2.3.1.21.7,Toilet dado work,Tower 1,21st Floor,Finishing,Tower Finishing,Flooring,,56945240.0,2027-07-01,2027-07-09,,,2026-08-24,,0
1.1.1.5.2.3.1.21.8,Toilet flooring work,Tower 1,21st Floor,Finishing,Tower Finishing,Flooring,,11119020.0,2027-07-09,2027-07-16,,,2026-09-01,,0
1.1.1.5.2.3.1.21.9,Living dinning flooring,Tower 1,21st Floor,Finishing,Tower Finishing,Flooring,,153346950.0,2027-09-06,2027-09-17,,,2026-09-08,,0
1.1.1.5.2.3.1.21.10,Aluminium door-window fixing,Tower 1,21st Floor,Finishing,Tower Finishing,Window,,112800000.0,2028-10-18,2028-10-30,,,2026-09-20,,0
1.1.1.5.2.3.1.21.11,Putty primer coat,Tower 1,21st Floor,Finishing,Tower Finishing,Paint,,12606000.0,2027-09-18,2027-09-23,,,2026-09-20,,0
1.1.1.5.2.3.1.21.12,Door shutter fixing,Tower 1,21st Floor,Finishing,Tower Finishing,Door,,77202200.0,2028-05-24,2028-06-01,,,2026-09-20,,0
1.1.1.5.2.3.1.21.13,Electrical wiring work,Tower 1,21st Floor,MEP,Tower MEP,Electrical,,56943068.0,2028-09-05,2028-09-17,,,2026-09-28,,0
1.1.1.5.2.3.1.21.14,Painting 1st coat,Tower 1,21st Floor,Finishing,Tower Finishing,Paint,,12606000.0,2028-09-18,2028-09-30,,,2026-10-10,,0
1.1.1.5.2.3.1.21.15,False ceiling,Tower 1,21st Floor,Finishing,Tower Finishing,False Ceiling,,29946000.0,2028-09-30,2028-10-10,,,2026-10-22,,0
1.1.1.5.2.3.1.22,22nd Floor,,,,,,,,2027-01-04,2028-11-11,,,2026-07-23,,
1.1.1.5.2.3.1.22.1,Block Work,Tower 1,22nd Floor,Finishing,Tower Civil Finishes,Blockwork,,33741386.0,2027-01-04,2027-01-11,,,2026-07-23,,0
1.1.1.5.2.3.1.22.2,Door Frame Fixing,Tower 1,22nd Floor,Finishing,Tower Finishing,Door,,0.0,2027-01-12,2027-01-20,,,2026-07-31,,0
1.1.1.5.2.3.1.22.3,Internal Plumbing Works,Tower 1,22nd Floor,MEP,Tower MEP,Plumbing,,26929500.0,2027-01-12,2027-01-21,,,2026-07-31,,0
1.1.1.5.2.3.1.22.4,Waterproofing,Tower 1,22nd Floor,Finishing,Tower Civil Finishes,Waterproofing,,31266495.0,2027-01-27,2027-02-07,,,2026-08-15,,0
1.1.1.5.2.3.1.22.5,Internal Plaster,Tower 1,22nd Floor,Finishing,Tower Civil Finishes,Int Plaster,,56646000.0,2027-02-08,2027-02-16,,,2026-08-27,,0
1.1.1.5.2.3.1.22.6,IPS flooring work,Tower 1,22nd Floor,Finishing,Tower Finishing,Flooring,,19122600.0,2027-02-17,2027-02-25,,,2026-09-05,,0
1.1.1.5.2.3.1.22.7,Toilet dado work,Tower 1,22nd Floor,Finishing,Tower Finishing,Flooring,,56945240.0,2027-07-09,2027-07-17,,,2026-09-05,,0
1.1.1.5.2.3.1.22.8,Toilet flooring work,Tower 1,22nd Floor,Finishing,Tower Finishing,Flooring,,11119020.0,2027-07-17,2027-07-24,,,2026-09-13,,0
1.1.1.5.2.3.1.22.9,Living dinning flooring,Tower 1,22nd Floor,Finishing,Tower Finishing,Flooring,,153346950.0,2027-09-18,2027-09-29,,,2026-09-20,,0
1.1.1.5.2.3.1.22.10,Aluminium door-window fixing,Tower 1,22nd Floor,Finishing,Tower Finishing,Window,,112800000.0,2028-10-30,2028-11-11,,,2026-10-02,,0
1.1.1.5.2.3.1.22.11,Putty primer coat,Tower 1,22nd Floor,Finishing,Tower Finishing,Paint,,12606000.0,2027-09-30,2027-10-05,,,2026-10-02,,0
1.1.1.5.2.3.1.22.12,Door shutter fixing,Tower 1,22nd Floor,Finishing,Tower Finishing,Door,,77202200.0,2028-06-01,2028-06-09,,,2026-10-02,,0
1.1.1.5.2.3.1.22.13,Electrical wiring work,Tower 1,22nd Floor,MEP,Tower MEP,Electrical,,56943068.0,2028-09-17,2028-09-29,,,2026-10-10,,0
1.1.1.5.2.3.1.22.14,Painting 1st coat,Tower 1,22nd Floor,Finishing,Tower Finishing,Paint,,12606000.0,2028-09-30,2028-10-12,,,2026-10-22,,0
1.1.1.5.2.3.1.22.15,False ceiling,Tower 1,22nd Floor,Finishing,Tower Finishing,False Ceiling,,29946000.0,2028-10-12,2028-10-22,,,2026-12-18,,0
1.1.1.5.2.3.1.23,23rd Floor,,,,,,,,2027-01-15,2028-11-26,,,2026-08-03,,
1.1.1.5.2.3.1.23.1,Block Work,Tower 1,23rd Floor,Finishing,Tower Civil Finishes,Blockwork,,33741386.0,2027-01-15,2027-01-22,,,2026-08-03,,0
1.1.1.5.2.3.1.23.2,Door Frame Fixing,Tower 1,23rd Floor,Finishing,Tower Finishing,Door,,0.0,2027-01-23,2027-01-31,,,2026-08-11,,0
1.1.1.5.2.3.1.23.3,Internal Plumbing Works,Tower 1,23rd Floor,MEP,Tower MEP,Plumbing,,26929500.0,2027-01-23,2027-02-01,,,2026-08-11,,0
1.1.1.5.2.3.1.23.4,Waterproofing,Tower 1,23rd Floor,Finishing,Tower Civil Finishes,Waterproofing,,31266495.0,2027-02-08,2027-02-19,,,2026-08-27,,0
1.1.1.5.2.3.1.23.5,Internal Plaster,Tower 1,23rd Floor,Finishing,Tower Civil Finishes,Int Plaster,,56646000.0,2027-02-20,2027-02-28,,,2026-09-08,,0
1.1.1.5.2.3.1.23.6,IPS flooring work,Tower 1,23rd Floor,Finishing,Tower Finishing,Flooring,,19122600.0,2027-03-01,2027-03-09,,,2026-09-17,,0
1.1.1.5.2.3.1.23.7,Toilet dado work,Tower 1,23rd Floor,Finishing,Tower Finishing,Flooring,,56945240.0,2027-07-17,2027-07-25,,,2026-09-17,,0
1.1.1.5.2.3.1.23.8,Toilet flooring work,Tower 1,23rd Floor,Finishing,Tower Finishing,Flooring,,11119020.0,2027-07-25,2027-08-01,,,2026-09-25,,0
1.1.1.5.2.3.1.23.9,Living dinning flooring,Tower 1,23rd Floor,Finishing,Tower Finishing,Flooring,,153346950.0,2027-09-30,2027-10-14,,,2026-10-02,,0
1.1.1.5.2.3.1.23.10,Aluminium door-window fixing,Tower 1,23rd Floor,Finishing,Tower Finishing,Window,,112800000.0,2028-11-11,2028-11-26,,,2026-10-17,,0
1.1.1.5.2.3.1.23.11,Putty primer coat,Tower 1,23rd Floor,Finishing,Tower Finishing,Paint,,12606000.0,2027-10-15,2027-10-20,,,2026-10-17,,0
1.1.1.5.2.3.1.23.12,Door shutter fixing,Tower 1,23rd Floor,Finishing,Tower Finishing,Door,,77202200.0,2028-06-09,2028-06-17,,,2026-10-17,,0
1.1.1.5.2.3.1.23.13,Electrical wiring work,Tower 1,23rd Floor,MEP,Tower MEP,Electrical,,56943068.0,2028-09-29,2028-10-11,,,2026-10-25,,0
1.1.1.5.2.3.1.23.14,Painting 1st coat,Tower 1,23rd Floor,Finishing,Tower Finishing,Paint,,12606000.0,2028-10-12,2028-10-24,,,2026-12-21,,0
1.1.1.5.2.3.1.23.15,False ceiling,Tower 1,23rd Floor,Finishing,Tower Finishing,False Ceiling,,29946000.0,2028-10-24,2028-11-03,,,2027-01-02,,0
1.1.1.5.2.3.1.24,24th Floor,,,,,,,,2027-01-26,2028-12-11,,,2026-08-14,,
1.1.1.5.2.3.1.24.1,Block Work,Tower 1,24th Floor,Finishing,Tower Civil Finishes,Blockwork,,33741386.0,2027-01-26,2027-02-02,,,2026-08-14,,0
1.1.1.5.2.3.1.24.2,Door Frame Fixing,Tower 1,24th Floor,Finishing,Tower Finishing,Door,,0.0,2027-02-03,2027-02-11,,,2026-08-22,,0
1.1.1.5.2.3.1.24.3,Internal Plumbing Works,Tower 1,24th Floor,MEP,Tower MEP,Plumbing,,26929500.0,2027-02-03,2027-02-12,,,2026-08-22,,0
1.1.1.5.2.3.1.24.4,Waterproofing,Tower 1,24th Floor,Finishing,Tower Civil Finishes,Waterproofing,,31266495.0,2027-02-20,2027-03-03,,,2026-09-08,,0
1.1.1.5.2.3.1.24.5,Internal Plaster,Tower 1,24th Floor,Finishing,Tower Civil Finishes,Int Plaster,,56646000.0,2027-03-04,2027-03-12,,,2026-09-20,,0
1.1.1.5.2.3.1.24.6,IPS flooring work,Tower 1,24th Floor,Finishing,Tower Finishing,Flooring,,19122600.0,2027-03-13,2027-03-21,,,2026-09-29,,0
1.1.1.5.2.3.1.24.7,Toilet dado work,Tower 1,24th Floor,Finishing,Tower Finishing,Flooring,,56945240.0,2027-07-25,2027-08-02,,,2026-09-29,,0
1.1.1.5.2.3.1.24.8,Toilet flooring work,Tower 1,24th Floor,Finishing,Tower Finishing,Flooring,,11119020.0,2027-08-02,2027-08-09,,,2026-10-07,,0
1.1.1.5.2.3.1.24.9,Living dinning flooring,Tower 1,24th Floor,Finishing,Tower Finishing,Flooring,,153346950.0,2027-10-15,2027-10-29,,,2026-10-17,,0
1.1.1.5.2.3.1.24.10,Aluminium door-window fixing,Tower 1,24th Floor,Finishing,Tower Finishing,Window,,112800000.0,2028-11-26,2028-12-11,,,2026-12-16,,0
1.1.1.5.2.3.1.24.11,Putty primer coat,Tower 1,24th Floor,Finishing,Tower Finishing,Paint,,12606000.0,2027-10-30,2027-12-19,,,2026-12-16,,0
1.1.1.5.2.3.1.24.12,Door shutter fixing,Tower 1,24th Floor,Finishing,Tower Finishing,Door,,77202200.0,2028-06-17,2028-06-25,,,2026-12-16,,0
1.1.1.5.2.3.1.24.13,Electrical wiring work,Tower 1,24th Floor,MEP,Tower MEP,Electrical,,56943068.0,2028-10-11,2028-10-23,,,2026-12-24,,0
1.1.1.5.2.3.1.24.14,Painting 1st coat,Tower 1,24th Floor,Finishing,Tower Finishing,Paint,,12606000.0,2028-10-24,2028-11-05,,,2027-01-05,,0
1.1.1.5.2.3.1.24.15,False ceiling,Tower 1,24th Floor,Finishing,Tower Finishing,False Ceiling,,29946000.0,2028-11-05,2028-11-15,,,2027-01-17,,0
1.1.1.5.2.3.1.25,25th Floor,,,,,,,,2027-02-06,2028-12-26,,,2026-08-25,,
1.1.1.5.2.3.1.25.1,Block Work,Tower 1,25th Floor,Finishing,Tower Civil Finishes,Blockwork,,33741386.0,2027-02-06,2027-02-13,,,2026-08-25,,0
1.1.1.5.2.3.1.25.2,Door Frame Fixing,Tower 1,25th Floor,Finishing,Tower Finishing,Door,,0.0,2027-02-14,2027-02-22,,,2026-09-02,,0
1.1.1.5.2.3.1.25.3,Internal Plumbing Works,Tower 1,25th Floor,MEP,Tower MEP,Plumbing,,26929500.0,2027-02-14,2027-02-23,,,2026-09-02,,0
1.1.1.5.2.3.1.25.4,Waterproofing,Tower 1,25th Floor,Finishing,Tower Civil Finishes,Waterproofing,,31266495.0,2027-03-04,2027-03-15,,,2026-09-20,,0
1.1.1.5.2.3.1.25.5,Internal Plaster,Tower 1,25th Floor,Finishing,Tower Civil Finishes,Int Plaster,,56646000.0,2027-03-16,2027-03-24,,,2026-10-02,,0
1.1.1.5.2.3.1.25.6,IPS flooring work,Tower 1,25th Floor,Finishing,Tower Finishing,Flooring,,19122600.0,2027-03-25,2027-04-02,,,2026-10-11,,0
1.1.1.5.2.3.1.25.7,Toilet dado work,Tower 1,25th Floor,Finishing,Tower Finishing,Flooring,,56945240.0,2027-08-02,2027-08-10,,,2026-10-11,,0
1.1.1.5.2.3.1.25.8,Toilet flooring work,Tower 1,25th Floor,Finishing,Tower Finishing,Flooring,,11119020.0,2027-08-10,2027-08-17,,,2026-10-19,,0
1.1.1.5.2.3.1.25.9,Living dinning flooring,Tower 1,25th Floor,Finishing,Tower Finishing,Flooring,,153346950.0,2027-10-30,2027-12-28,,,2026-12-16,,0
1.1.1.5.2.3.1.25.10,Aluminium door-window fixing,Tower 1,25th Floor,Finishing,Tower Finishing,Window,,112800000.0,2028-12-11,2028-12-26,,,2026-12-31,,0
1.1.1.5.2.3.1.25.11,Putty primer coat,Tower 1,25th Floor,Finishing,Tower Finishing,Paint,,12606000.0,2027-12-29,2028-01-03,,,2026-12-31,,0
1.1.1.5.2.3.1.25.12,Door shutter fixing,Tower 1,25th Floor,Finishing,Tower Finishing,Door,,77202200.0,2028-06-25,2028-07-03,,,2026-12-31,,0
1.1.1.5.2.3.1.25.13,Electrical wiring work,Tower 1,25th Floor,MEP,Tower MEP,Electrical,,56943068.0,2028-10-23,2028-11-04,,,2027-01-08,,0
1.1.1.5.2.3.1.25.14,Painting 1st coat,Tower 1,25th Floor,Finishing,Tower Finishing,Paint,,12606000.0,2028-11-05,2028-11-17,,,2027-01-20,,0
1.1.1.5.2.3.1.25.15,False ceiling,Tower 1,25th Floor,Finishing,Tower Finishing,False Ceiling,,29946000.0,2028-11-17,2028-11-27,,,2027-02-01,,0
1.1.1.5.2.3.1.26,26th Floor,,,,,,,,2027-02-17,2029-01-10,,,2026-09-05,,
1.1.1.5.2.3.1.26.1,Block Work,Tower 1,26th Floor,Finishing,Tower Civil Finishes,Blockwork,,33741386.0,2027-02-17,2027-02-24,,,2026-09-05,,0
1.1.1.5.2.3.1.26.2,Door Frame Fixing,Tower 1,26th Floor,Finishing,Tower Finishing,Door,,0.0,2027-02-25,2027-03-05,,,2026-09-13,,0
1.1.1.5.2.3.1.26.3,Internal Plumbing Works,Tower 1,26th Floor,MEP,Tower MEP,Plumbing,,26929500.0,2027-02-25,2027-03-06,,,2026-09-13,,0
1.1.1.5.2.3.1.26.4,Waterproofing,Tower 1,26th Floor,Finishing,Tower Civil Finishes,Waterproofing,,31266495.0,2027-03-16,2027-03-27,,,2026-10-02,,0
1.1.1.5.2.3.1.26.5,Internal Plaster,Tower 1,26th Floor,Finishing,Tower Civil Finishes,Int Plaster,,56646000.0,2027-03-28,2027-04-05,,,2026-10-14,,0
1.1.1.5.2.3.1.26.6,IPS flooring work,Tower 1,26th Floor,Finishing,Tower Finishing,Flooring,,19122600.0,2027-04-06,2027-04-14,,,2026-10-23,,0
1.1.1.5.2.3.1.26.7,Toilet dado work,Tower 1,26th Floor,Finishing,Tower Finishing,Flooring,,56945240.0,2027-08-10,2027-08-18,,,2026-10-23,,0
1.1.1.5.2.3.1.26.8,Toilet flooring work,Tower 1,26th Floor,Finishing,Tower Finishing,Flooring,,11119020.0,2027-08-18,2027-08-25,,,2026-10-31,,0
1.1.1.5.2.3.1.26.9,Living dinning flooring,Tower 1,26th Floor,Finishing,Tower Finishing,Flooring,,153346950.0,2027-12-29,2028-01-12,,,2026-12-31,,0
1.1.1.5.2.3.1.26.10,Aluminium door-window fixing,Tower 1,26th Floor,Finishing,Tower Finishing,Window,,112800000.0,2028-12-26,2029-01-10,,,2027-01-15,,0
1.1.1.5.2.3.1.26.11,Putty primer coat,Tower 1,26th Floor,Finishing,Tower Finishing,Paint,,12606000.0,2028-01-13,2028-01-18,,,2027-01-15,,0
1.1.1.5.2.3.1.26.12,Door shutter fixing,Tower 1,26th Floor,Finishing,Tower Finishing,Door,,77202200.0,2028-07-03,2028-07-11,,,2027-01-15,,0
1.1.1.5.2.3.1.26.13,Electrical wiring work,Tower 1,26th Floor,MEP,Tower MEP,Electrical,,56943068.0,2028-11-04,2028-11-16,,,2027-01-23,,0
1.1.1.5.2.3.1.26.14,Painting 1st coat,Tower 1,26th Floor,Finishing,Tower Finishing,Paint,,12606000.0,2028-11-17,2028-11-29,,,2027-02-04,,0
1.1.1.5.2.3.1.26.15,False ceiling,Tower 1,26th Floor,Finishing,Tower Finishing,False Ceiling,,29946000.0,2028-11-29,2028-12-09,,,2027-02-16,,0
1.1.1.5.2.3.1.27,27th Floor,,,,,,,,2027-02-28,2029-01-25,,,2026-09-16,,
1.1.1.5.2.3.1.27.1,Block Work,Tower 1,27th Floor,Finishing,Tower Civil Finishes,Blockwork,,33741386.0,2027-02-28,2027-03-07,,,2026-09-16,,0
1.1.1.5.2.3.1.27.2,Door Frame Fixing,Tower 1,27th Floor,Finishing,Tower Finishing,Door,,0.0,2027-03-08,2027-03-16,,,2026-09-24,,0
1.1.1.5.2.3.1.27.3,Internal Plumbing Works,Tower 1,27th Floor,MEP,Tower MEP,Plumbing,,26929500.0,2027-03-08,2027-03-17,,,2026-09-24,,0
1.1.1.5.2.3.1.27.4,Waterproofing,Tower 1,27th Floor,Finishing,Tower Civil Finishes,Waterproofing,,31266495.0,2027-03-28,2027-04-08,,,2026-10-14,,0
1.1.1.5.2.3.1.27.5,Internal Plaster,Tower 1,27th Floor,Finishing,Tower Civil Finishes,Int Plaster,,56646000.0,2027-04-09,2027-04-17,,,2026-10-26,,0
1.1.1.5.2.3.1.27.6,IPS flooring work,Tower 1,27th Floor,Finishing,Tower Finishing,Flooring,,19122600.0,2027-04-18,2027-04-26,,,2026-12-19,,0
1.1.1.5.2.3.1.27.7,Toilet dado work,Tower 1,27th Floor,Finishing,Tower Finishing,Flooring,,56945240.0,2027-08-18,2027-08-26,,,2026-12-19,,0
1.1.1.5.2.3.1.27.8,Toilet flooring work,Tower 1,27th Floor,Finishing,Tower Finishing,Flooring,,11119020.0,2027-08-26,2027-09-02,,,2026-12-27,,0
1.1.1.5.2.3.1.27.9,Living dinning flooring,Tower 1,27th Floor,Finishing,Tower Finishing,Flooring,,153346950.0,2028-01-13,2028-01-27,,,2027-01-15,,0
1.1.1.5.2.3.1.27.10,Aluminium door-window fixing,Tower 1,27th Floor,Finishing,Tower Finishing,Window,,112800000.0,2029-01-10,2029-01-25,,,2027-01-30,,0
1.1.1.5.2.3.1.27.11,Putty primer coat,Tower 1,27th Floor,Finishing,Tower Finishing,Paint,,12606000.0,2028-01-28,2028-02-02,,,2027-01-30,,0
1.1.1.5.2.3.1.27.12,Door shutter fixing,Tower 1,27th Floor,Finishing,Tower Finishing,Door,,77202200.0,2028-07-11,2028-07-19,,,2027-01-30,,0
1.1.1.5.2.3.1.27.13,Electrical wiring work,Tower 1,27th Floor,MEP,Tower MEP,Electrical,,56943068.0,2028-11-16,2028-11-28,,,2027-02-07,,0
1.1.1.5.2.3.1.27.14,Painting 1st coat,Tower 1,27th Floor,Finishing,Tower Finishing,Paint,,12606000.0,2028-11-29,2028-12-11,,,2027-02-19,,0
1.1.1.5.2.3.1.27.15,False ceiling,Tower 1,27th Floor,Finishing,Tower Finishing,False Ceiling,,29946000.0,2028-12-11,2028-12-21,,,2027-03-03,,0
1.1.1.5.2.3.1.28,28th Floor,,,,,,,,2027-03-11,2029-02-09,,,2026-09-27,,
1.1.1.5.2.3.1.28.1,Block Work,Tower 1,28th Floor,Finishing,Tower Civil Finishes,Blockwork,,33741386.0,2027-03-11,2027-03-18,,,2026-09-27,,0
1.1.1.5.2.3.1.28.2,Door Frame Fixing,Tower 1,28th Floor,Finishing,Tower Finishing,Door,,0.0,2027-03-19,2027-03-27,,,2026-10-05,,0
1.1.1.5.2.3.1.28.3,Internal Plumbing Works,Tower 1,28th Floor,MEP,Tower MEP,Plumbing,,26929500.0,2027-03-19,2027-03-28,,,2026-10-05,,0
1.1.1.5.2.3.1.28.4,Waterproofing,Tower 1,28th Floor,Finishing,Tower Civil Finishes,Waterproofing,,31266495.0,2027-04-09,2027-04-20,,,2026-10-26,,0
1.1.1.5.2.3.1.28.5,Internal Plaster,Tower 1,28th Floor,Finishing,Tower Civil Finishes,Int Plaster,,56646000.0,2027-04-21,2027-04-29,,,2026-12-22,,0
1.1.1.5.2.3.1.28.6,IPS flooring work,Tower 1,28th Floor,Finishing,Tower Finishing,Flooring,,19122600.0,2027-04-30,2027-05-08,,,2026-12-31,,0
1.1.1.5.2.3.1.28.7,Toilet dado work,Tower 1,28th Floor,Finishing,Tower Finishing,Flooring,,56945240.0,2027-08-26,2027-09-03,,,2026-12-31,,0
1.1.1.5.2.3.1.28.8,Toilet flooring work,Tower 1,28th Floor,Finishing,Tower Finishing,Flooring,,11119020.0,2027-09-03,2027-09-10,,,2027-01-08,,0
1.1.1.5.2.3.1.28.9,Living dinning flooring,Tower 1,28th Floor,Finishing,Tower Finishing,Flooring,,153346950.0,2028-01-28,2028-02-11,,,2027-01-30,,0
1.1.1.5.2.3.1.28.10,Aluminium door-window fixing,Tower 1,28th Floor,Finishing,Tower Finishing,Window,,112800000.0,2029-01-25,2029-02-09,,,2027-02-14,,0
1.1.1.5.2.3.1.28.11,Putty primer coat,Tower 1,28th Floor,Finishing,Tower Finishing,Paint,,12606000.0,2028-02-12,2028-02-17,,,2027-02-14,,0
1.1.1.5.2.3.1.28.12,Door shutter fixing,Tower 1,28th Floor,Finishing,Tower Finishing,Door,,77202200.0,2028-07-19,2028-07-27,,,2027-02-14,,0
1.1.1.5.2.3.1.28.13,Electrical wiring work,Tower 1,28th Floor,MEP,Tower MEP,Electrical,,56943068.0,2028-11-28,2028-12-10,,,2027-02-22,,0
1.1.1.5.2.3.1.28.14,Painting 1st coat,Tower 1,28th Floor,Finishing,Tower Finishing,Paint,,12606000.0,2028-12-11,2028-12-23,,,2027-03-06,,0
1.1.1.5.2.3.1.28.15,False ceiling,Tower 1,28th Floor,Finishing,Tower Finishing,False Ceiling,,29946000.0,2028-12-23,2029-01-02,,,2027-03-18,,0
1.1.1.5.2.3.1.29,29th Floor,,,,,,,,2027-03-22,2029-02-24,,,2026-10-08,,
1.1.1.5.2.3.1.29.1,Block Work,Tower 1,29th Floor,Finishing,Tower Civil Finishes,Blockwork,,33741386.0,2027-03-22,2027-03-29,,,2026-10-08,,0
1.1.1.5.2.3.1.29.2,Door Frame Fixing,Tower 1,29th Floor,Finishing,Tower Finishing,Door,,0.0,2027-03-30,2027-04-07,,,2026-10-16,,0
1.1.1.5.2.3.1.29.3,Internal Plumbing Works,Tower 1,29th Floor,MEP,Tower MEP,Plumbing,,26929500.0,2027-03-30,2027-04-08,,,2026-10-16,,0
1.1.1.5.2.3.1.29.4,Waterproofing,Tower 1,29th Floor,Finishing,Tower Civil Finishes,Waterproofing,,31266495.0,2027-04-21,2027-05-02,,,2026-12-22,,0
1.1.1.5.2.3.1.29.5,Internal Plaster,Tower 1,29th Floor,Finishing,Tower Civil Finishes,Int Plaster,,56646000.0,2027-05-03,2027-05-11,,,2027-01-03,,0
1.1.1.5.2.3.1.29.6,IPS flooring work,Tower 1,29th Floor,Finishing,Tower Finishing,Flooring,,19122600.0,2027-05-12,2027-05-20,,,2027-01-12,,0
1.1.1.5.2.3.1.29.7,Toilet dado work,Tower 1,29th Floor,Finishing,Tower Finishing,Flooring,,56945240.0,2027-09-03,2027-09-11,,,2027-01-12,,0
1.1.1.5.2.3.1.29.8,Toilet flooring work,Tower 1,29th Floor,Finishing,Tower Finishing,Flooring,,11119020.0,2027-09-11,2027-09-18,,,2027-01-20,,0
1.1.1.5.2.3.1.29.9,Living dinning flooring,Tower 1,29th Floor,Finishing,Tower Finishing,Flooring,,153346950.0,2028-02-12,2028-02-26,,,2027-02-14,,0
1.1.1.5.2.3.1.29.10,Aluminium door-window fixing,Tower 1,29th Floor,Finishing,Tower Finishing,Window,,112800000.0,2029-02-09,2029-02-24,,,2027-03-01,,0
1.1.1.5.2.3.1.29.11,Putty primer coat,Tower 1,29th Floor,Finishing,Tower Finishing,Paint,,12606000.0,2028-02-27,2028-03-03,,,2027-03-01,,0
1.1.1.5.2.3.1.29.12,Door shutter fixing,Tower 1,29th Floor,Finishing,Tower Finishing,Door,,77202200.0,2028-07-27,2028-08-04,,,2027-03-01,,0
1.1.1.5.2.3.1.29.13,Electrical wiring work,Tower 1,29th Floor,MEP,Tower MEP,Electrical,,56943068.0,2028-12-10,2028-12-22,,,2027-03-09,,0
1.1.1.5.2.3.1.29.14,Painting 1st coat,Tower 1,29th Floor,Finishing,Tower Finishing,Paint,,12606000.0,2028-12-23,2029-01-04,,,2027-03-21,,0
1.1.1.5.2.3.1.29.15,False ceiling,Tower 1,29th Floor,Finishing,Tower Finishing,False Ceiling,,29946000.0,2029-01-04,2029-01-14,,,2027-04-02,,0
1.1.1.5.2.3.1.30,30th Floor,,,,,,,,2027-04-02,2029-03-11,,,2026-10-19,,
1.1.1.5.2.3.1.30.1,Block Work,Tower 1,30th Floor,Finishing,Tower Civil Finishes,Blockwork,,33741386.0,2027-04-02,2027-04-09,,,2026-10-19,,0
1.1.1.5.2.3.1.30.2,Door Frame Fixing,Tower 1,30th Floor,Finishing,Tower Finishing,Door,,0.0,2027-04-10,2027-04-18,,,2026-10-27,,0
1.1.1.5.2.3.1.30.3,Internal Plumbing Works,Tower 1,30th Floor,MEP,Tower MEP,Plumbing,,26929500.0,2027-04-10,2027-04-19,,,2026-10-27,,0
1.1.1.5.2.3.1.30.4,Waterproofing,Tower 1,30th Floor,Finishing,Tower Civil Finishes,Waterproofing,,31266495.0,2027-05-03,2027-05-14,,,2027-01-03,,0
1.1.1.5.2.3.1.30.5,Internal Plaster,Tower 1,30th Floor,Finishing,Tower Civil Finishes,Int Plaster,,56646000.0,2027-05-15,2027-05-23,,,2027-01-15,,0
1.1.1.5.2.3.1.30.6,IPS flooring work,Tower 1,30th Floor,Finishing,Tower Finishing,Flooring,,19122600.0,2027-05-24,2027-06-01,,,2027-01-24,,0
1.1.1.5.2.3.1.30.7,Toilet dado work,Tower 1,30th Floor,Finishing,Tower Finishing,Flooring,,56945240.0,2027-09-11,2027-09-19,,,2027-01-24,,0
1.1.1.5.2.3.1.30.8,Toilet flooring work,Tower 1,30th Floor,Finishing,Tower Finishing,Flooring,,11119020.0,2027-09-19,2027-09-26,,,2027-02-01,,0
1.1.1.5.2.3.1.30.9,Living dinning flooring,Tower 1,30th Floor,Finishing,Tower Finishing,Flooring,,153346950.0,2028-02-27,2028-03-12,,,2027-03-01,,0
1.1.1.5.2.3.1.30.10,Aluminium door-window fixing,Tower 1,30th Floor,Finishing,Tower Finishing,Window,,112800000.0,2029-02-24,2029-03-11,,,2027-03-16,,0
1.1.1.5.2.3.1.30.11,Putty primer coat,Tower 1,30th Floor,Finishing,Tower Finishing,Paint,,12606000.0,2028-03-13,2028-03-18,,,2027-03-16,,0
1.1.1.5.2.3.1.30.12,Door shutter fixing,Tower 1,30th Floor,Finishing,Tower Finishing,Door,,77202200.0,2028-08-04,2028-08-12,,,2027-03-16,,0
1.1.1.5.2.3.1.30.13,Electrical wiring work,Tower 1,30th Floor,MEP,Tower MEP,Electrical,,56943068.0,2028-12-22,2029-01-06,,,2027-03-24,,0
1.1.1.5.2.3.1.30.14,Painting 1st coat,Tower 1,30th Floor,Finishing,Tower Finishing,Paint,,12606000.0,2029-01-06,2029-01-21,,,2027-04-08,,0
1.1.1.5.2.3.1.30.15,False ceiling,Tower 1,30th Floor,Finishing,Tower Finishing,False Ceiling,,29946000.0,2029-01-21,2029-01-31,,,2027-04-23,,0
1.1.1.5.2.3.1.31,31st Floor,,,,,,,,2027-04-10,2029-03-23,,,2026-10-27,,
1.1.1.5.2.3.1.31.1,Block Work,Tower 1,31st Floor,Finishing,Tower Civil Finishes,Blockwork,,33741386.0,2027-04-10,2027-04-17,,,2026-10-27,,0
1.1.1.5.2.3.1.31.2,Door Frame Fixing,Tower 1,31st Floor,Finishing,Tower Finishing,Door,,0.0,2027-04-19,2027-04-27,,,2026-12-20,,0
1.1.1.5.2.3.1.31.3,Internal Plumbing Works,Tower 1,31st Floor,MEP,Tower MEP,Plumbing,,26929500.0,2027-04-20,2027-04-29,,,2026-12-21,,0
1.1.1.5.2.3.1.31.4,Waterproofing,Tower 1,31st Floor,Finishing,Tower Civil Finishes,Waterproofing,,31266495.0,2027-05-15,2027-05-26,,,2027-01-15,,0
1.1.1.5.2.3.1.31.5,Internal Plaster,Tower 1,31st Floor,Finishing,Tower Civil Finishes,Int Plaster,,56646000.0,2027-05-27,2027-06-04,,,2027-01-27,,0
1.1.1.5.2.3.1.31.6,IPS flooring work,Tower 1,31st Floor,Finishing,Tower Finishing,Flooring,,19122600.0,2027-06-05,2027-06-13,,,2027-02-05,,0
1.1.1.5.2.3.1.31.7,Toilet dado work,Tower 1,31st Floor,Finishing,Tower Finishing,Flooring,,56945240.0,2027-09-19,2027-09-27,,,2027-02-05,,0
1.1.1.5.2.3.1.31.8,Toilet flooring work,Tower 1,31st Floor,Finishing,Tower Finishing,Flooring,,11119020.0,2027-09-27,2027-10-04,,,2027-02-13,,0
1.1.1.5.2.3.1.31.9,Living dinning flooring,Tower 1,31st Floor,Finishing,Tower Finishing,Flooring,,153346950.0,2028-03-13,2028-03-27,,,2027-03-16,,0
1.1.1.5.2.3.1.31.10,Aluminium door-window fixing,Tower 1,31st Floor,Finishing,Tower Finishing,Window,,112800000.0,2029-03-11,2029-03-23,,,2027-03-31,,0
1.1.1.5.2.3.1.31.11,Putty primer coat,Tower 1,31st Floor,Finishing,Tower Finishing,Paint,,12606000.0,2028-03-28,2028-04-02,,,2027-03-31,,0
1.1.1.5.2.3.1.31.12,Door shutter fixing,Tower 1,31st Floor,Finishing,Tower Finishing,Door,,77202200.0,2028-08-12,2028-08-20,,,2027-03-31,,0
1.1.1.5.2.3.1.31.13,Electrical wiring work,Tower 1,31st Floor,MEP,Tower MEP,Electrical,,56943068.0,2029-01-06,2029-01-21,,,2027-04-08,,0
1.1.1.5.2.3.1.31.14,Painting 1st coat,Tower 1,31st Floor,Finishing,Tower Finishing,Paint,,12606000.0,2029-01-21,2029-02-05,,,2027-04-23,,0
1.1.1.5.2.3.1.31.15,False ceiling,Tower 1,31st Floor,Finishing,Tower Finishing,False Ceiling,,29946000.0,2029-02-05,2029-02-15,,,2027-05-08,,0
1.1.1.5.2.3.1.32,32nd Floor,,,,,,,,2027-04-18,2029-04-04,,,2026-12-19,,
1.1.1.5.2.3.1.32.1,Block Work,Tower 1,32nd Floor,Finishing,Tower Civil Finishes,Blockwork,,33741386.0,2027-04-18,2027-04-25,,,2026-12-19,,0
1.1.1.5.2.3.1.32.2,Door Frame Fixing,Tower 1,32nd Floor,Finishing,Tower Finishing,Door,,0.0,2027-04-28,2027-05-06,,,2026-12-29,,0
1.1.1.5.2.3.1.32.3,Internal Plumbing Works,Tower 1,32nd Floor,MEP,Tower MEP,Plumbing,,26929500.0,2027-04-30,2027-05-09,,,2026-12-31,,0
1.1.1.5.2.3.1.32.4,Waterproofing,Tower 1,32nd Floor,Finishing,Tower Civil Finishes,Waterproofing,,31266495.0,2027-05-27,2027-06-07,,,2027-01-27,,0
1.1.1.5.2.3.1.32.5,Internal Plaster,Tower 1,32nd Floor,Finishing,Tower Civil Finishes,Int Plaster,,56646000.0,2027-06-08,2027-06-16,,,2027-02-08,,0
1.1.1.5.2.3.1.32.6,IPS flooring work,Tower 1,32nd Floor,Finishing,Tower Finishing,Flooring,,19122600.0,2027-06-17,2027-06-25,,,2027-02-17,,0
1.1.1.5.2.3.1.32.7,Toilet dado work,Tower 1,32nd Floor,Finishing,Tower Finishing,Flooring,,56945240.0,2027-09-27,2027-10-05,,,2027-02-17,,0
1.1.1.5.2.3.1.32.8,Toilet flooring work,Tower 1,32nd Floor,Finishing,Tower Finishing,Flooring,,11119020.0,2027-10-05,2027-10-12,,,2027-02-25,,0
1.1.1.5.2.3.1.32.9,Living dinning flooring,Tower 1,32nd Floor,Finishing,Tower Finishing,Flooring,,153346950.0,2028-03-28,2028-04-11,,,2027-03-31,,0
1.1.1.5.2.3.1.32.10,Aluminium door-window fixing,Tower 1,32nd Floor,Finishing,Tower Finishing,Window,,112800000.0,2029-03-23,2029-04-04,,,2027-04-15,,0
1.1.1.5.2.3.1.32.11,Putty primer coat,Tower 1,32nd Floor,Finishing,Tower Finishing,Paint,,12606000.0,2028-04-12,2028-04-17,,,2027-04-15,,0
1.1.1.5.2.3.1.32.12,Door shutter fixing,Tower 1,32nd Floor,Finishing,Tower Finishing,Door,,77202200.0,2028-08-20,2028-08-28,,,2027-04-15,,0
1.1.1.5.2.3.1.32.13,Electrical wiring work,Tower 1,32nd Floor,MEP,Tower MEP,Electrical,,56943068.0,2029-01-21,2029-02-05,,,2027-04-23,,0
1.1.1.5.2.3.1.32.14,Painting 1st coat,Tower 1,32nd Floor,Finishing,Tower Finishing,Paint,,12606000.0,2029-02-05,2029-02-20,,,2027-05-08,,0
1.1.1.5.2.3.1.32.15,False ceiling,Tower 1,32nd Floor,Finishing,Tower Finishing,False Ceiling,,29946000.0,2029-02-20,2029-03-02,,,2027-05-23,,0
1.1.1.5.2.3.1.33,33rd Floor,,,,,,,,2027-04-26,2029-04-19,,,2026-12-27,,
1.1.1.5.2.3.1.33.1,Block Work,Tower 1,33rd Floor,Finishing,Tower Civil Finishes,Blockwork,,33741386.0,2027-04-26,2027-05-03,,,2026-12-27,,0
1.1.1.5.2.3.1.33.2,Door Frame Fixing,Tower 1,33rd Floor,Finishing,Tower Finishing,Door,,0.0,2027-05-07,2027-05-15,,,2027-01-07,,0
1.1.1.5.2.3.1.33.3,Internal Plumbing Works,Tower 1,33rd Floor,MEP,Tower MEP,Plumbing,,26929500.0,2027-05-10,2027-05-19,,,2027-01-10,,0
1.1.1.5.2.3.1.33.4,Waterproofing,Tower 1,33rd Floor,Finishing,Tower Civil Finishes,Waterproofing,,31266495.0,2027-06-08,2027-06-19,,,2027-02-08,,0
1.1.1.5.2.3.1.33.5,Internal Plaster,Tower 1,33rd Floor,Finishing,Tower Civil Finishes,Int Plaster,,56646000.0,2027-06-20,2027-06-28,,,2027-02-20,,0
1.1.1.5.2.3.1.33.6,IPS flooring work,Tower 1,33rd Floor,Finishing,Tower Finishing,Flooring,,19122600.0,2027-06-29,2027-07-07,,,2027-03-01,,0
1.1.1.5.2.3.1.33.7,Toilet dado work,Tower 1,33rd Floor,Finishing,Tower Finishing,Flooring,,56945240.0,2027-10-05,2027-10-13,,,2027-03-01,,0
1.1.1.5.2.3.1.33.8,Toilet flooring work,Tower 1,33rd Floor,Finishing,Tower Finishing,Flooring,,11119020.0,2027-10-13,2027-10-20,,,2027-03-09,,0
1.1.1.5.2.3.1.33.9,Living dinning flooring,Tower 1,33rd Floor,Finishing,Tower Finishing,Flooring,,153346950.0,2028-04-12,2028-04-24,,,2027-04-15,,0
1.1.1.5.2.3.1.33.10,Aluminium door-window fixing,Tower 1,33rd Floor,Finishing,Tower Finishing,Window,,112800000.0,2029-04-04,2029-04-19,,,2027-04-30,,0
1.1.1.5.2.3.1.33.11,Putty primer coat,Tower 1,33rd Floor,Finishing,Tower Finishing,Paint,,12606000.0,2028-04-25,2028-04-30,,,2027-04-30,,0
1.1.1.5.2.3.1.33.12,Door shutter fixing,Tower 1,33rd Floor,Finishing,Tower Finishing,Door,,77202200.0,2028-08-28,2028-09-05,,,2027-04-30,,0
1.1.1.5.2.3.1.33.13,Electrical wiring work,Tower 1,33rd Floor,MEP,Tower MEP,Electrical,,56943068.0,2029-02-05,2029-02-17,,,2027-05-08,,0
1.1.1.5.2.3.1.33.14,Painting 1st coat,Tower 1,33rd Floor,Finishing,Tower Finishing,Paint,,12606000.0,2029-02-20,2029-03-04,,,2027-05-23,,0
1.1.1.5.2.3.1.33.15,False ceiling,Tower 1,33rd Floor,Finishing,Tower Finishing,False Ceiling,,29946000.0,2029-03-04,2029-03-14,,,2027-06-04,,0
1.1.1.5.2.3.1.34,34th Floor,,,,,,,,2027-05-04,2029-05-04,,,2027-01-04,,
1.1.1.5.2.3.1.34.1,Block Work,Tower 1,34th Floor,Finishing,Tower Civil Finishes,Blockwork,,33741386.0,2027-05-04,2027-05-11,,,2027-01-04,,0
1.1.1.5.2.3.1.34.2,Door Frame Fixing,Tower 1,34th Floor,Finishing,Tower Finishing,Door,,0.0,2027-05-16,2027-05-24,,,2027-01-16,,0
1.1.1.5.2.3.1.34.3,Internal Plumbing Works,Tower 1,34th Floor,MEP,Tower MEP,Plumbing,,26929500.0,2027-05-20,2027-05-29,,,2027-01-20,,0
1.1.1.5.2.3.1.34.4,Waterproofing,Tower 1,34th Floor,Finishing,Tower Civil Finishes,Waterproofing,,31266495.0,2027-06-20,2027-07-01,,,2027-02-20,,0
1.1.1.5.2.3.1.34.5,Internal Plaster,Tower 1,34th Floor,Finishing,Tower Civil Finishes,Int Plaster,,56646000.0,2027-07-02,2027-07-10,,,2027-03-04,,0
1.1.1.5.2.3.1.34.6,IPS flooring work,Tower 1,34th Floor,Finishing,Tower Finishing,Flooring,,19122600.0,2027-07-11,2027-07-19,,,2027-03-13,,0
1.1.1.5.2.3.1.34.7,Toilet dado work,Tower 1,34th Floor,Finishing,Tower Finishing,Flooring,,56945240.0,2027-10-13,2027-10-21,,,2027-03-13,,0
1.1.1.5.2.3.1.34.8,Toilet flooring work,Tower 1,34th Floor,Finishing,Tower Finishing,Flooring,,11119020.0,2027-10-21,2027-10-28,,,2027-03-21,,0
1.1.1.5.2.3.1.34.9,Living dinning flooring,Tower 1,34th Floor,Finishing,Tower Finishing,Flooring,,153346950.0,2028-04-25,2028-05-06,,,2027-04-30,,0
1.1.1.5.2.3.1.34.10,Aluminium door-window fixing,Tower 1,34th Floor,Finishing,Tower Finishing,Window,,112800000.0,2029-04-19,2029-05-04,,,2027-05-15,,0
1.1.1.5.2.3.1.34.11,Putty primer coat,Tower 1,34th Floor,Finishing,Tower Finishing,Paint,,12606000.0,2028-05-07,2028-05-12,,,2027-05-15,,0
1.1.1.5.2.3.1.34.12,Door shutter fixing,Tower 1,34th Floor,Finishing,Tower Finishing,Door,,77202200.0,2028-09-05,2028-09-13,,,2027-05-15,,0
1.1.1.5.2.3.1.34.13,Electrical wiring work,Tower 1,34th Floor,MEP,Tower MEP,Electrical,,56943068.0,2029-02-17,2029-03-01,,,2027-05-23,,0
1.1.1.5.2.3.1.34.14,Painting 1st coat,Tower 1,34th Floor,Finishing,Tower Finishing,Paint,,12606000.0,2029-03-04,2029-03-16,,,2027-06-04,,0
1.1.1.5.2.3.1.34.15,False ceiling,Tower 1,34th Floor,Finishing,Tower Finishing,False Ceiling,,29946000.0,2029-03-16,2029-03-26,,,2027-06-16,,0
1.1.1.5.2.3.1.35,35th Floor,,,,,,,,2027-05-12,2029-05-19,,,2027-01-12,,
1.1.1.5.2.3.1.35.1,Block Work,Tower 1,35th Floor,Finishing,Tower Civil Finishes,Blockwork,,33741386.0,2027-05-12,2027-05-19,,,2027-01-12,,0
1.1.1.5.2.3.1.35.2,Door Frame Fixing,Tower 1,35th Floor,Finishing,Tower Finishing,Door,,0.0,2027-05-25,2027-06-02,,,2027-01-25,,0
1.1.1.5.2.3.1.35.3,Internal Plumbing Works,Tower 1,35th Floor,MEP,Tower MEP,Plumbing,,26929500.0,2027-05-30,2027-06-08,,,2027-01-30,,0
1.1.1.5.2.3.1.35.4,Waterproofing,Tower 1,35th Floor,Finishing,Tower Civil Finishes,Waterproofing,,31266495.0,2027-06-09,2027-06-18,,,2027-02-09,,0
1.1.1.5.2.3.1.35.5,Internal Plaster,Tower 1,35th Floor,Finishing,Tower Civil Finishes,Int Plaster,,56646000.0,2027-07-24,2027-08-01,,,2027-02-19,,0
1.1.1.5.2.3.1.35.6,IPS flooring work,Tower 1,35th Floor,Finishing,Tower Finishing,Flooring,,19122600.0,2027-08-02,2027-08-10,,,2027-03-22,,0
1.1.1.5.2.3.1.35.7,Toilet dado work,Tower 1,35th Floor,Finishing,Tower Finishing,Flooring,,56945240.0,2027-10-21,2027-10-29,,,2027-03-21,,0
1.1.1.5.2.3.1.35.8,Toilet flooring work,Tower 1,35th Floor,Finishing,Tower Finishing,Flooring,,11119020.0,2027-10-29,2027-12-20,,,2027-03-29,,0
1.1.1.5.2.3.1.35.9,Living dinning flooring,Tower 1,35th Floor,Finishing,Tower Finishing,Flooring,,153346950.0,2028-05-07,2028-05-20,,,2027-05-15,,0
1.1.1.5.2.3.1.35.10,Aluminium door-window fixing,Tower 1,35th Floor,Finishing,Tower Finishing,Window,,112800000.0,2029-05-04,2029-05-19,,,2027-05-30,,0
1.1.1.5.2.3.1.35.11,Putty primer coat,Tower 1,35th Floor,Finishing,Tower Finishing,Paint,,12606000.0,2028-05-20,2028-05-26,,,2027-05-30,,0
1.1.1.5.2.3.1.35.12,Door shutter fixing,Tower 1,35th Floor,Finishing,Tower Finishing,Door,,77202200.0,2028-09-13,2028-09-21,,,2027-05-30,,0
1.1.1.5.2.3.1.35.13,Electrical wiring work,Tower 1,35th Floor,MEP,Tower MEP,Electrical,,56943068.0,2029-03-01,2029-03-13,,,2027-06-07,,0
1.1.1.5.2.3.1.35.14,Painting 1st coat,Tower 1,35th Floor,Finishing,Tower Finishing,Paint,,12606000.0,2029-03-16,2029-03-28,,,2027-06-19,,0
1.1.1.5.2.3.1.35.15,False ceiling,Tower 1,35th Floor,Finishing,Tower Finishing,False Ceiling,,29946000.0,2029-03-28,2029-04-07,,,2027-07-01,,0
1.1.1.5.2.3.2,Terrace Finishing,,,,,,,,2027-04-04,2027-06-22,,,2026-09-30,,
1.1.1.5.2.3.2.1,Terrace waterproofing,Tower 1,Terrace,Finishing,Tower Civil Finishes,Waterproofing,,135720000.0,2027-04-04,2027-05-13,,,2026-09-30,,0
1.1.1.5.2.3.2.2,Terrace finishing,Tower 1,Terrace,Finishing,Common area finishes,CA-Flooring,,43387500.0,2027-05-14,2027-06-22,,,2026-12-24,,0
1.1.1.5.2.3.3,Common Area Finishing,,,,,,,,2027-05-14,2029-07-21,,,2026-12-24,,
1.1.1.5.2.3.3.1,Block Work ,Tower 1,,Finishing,Common area finishes,CA-Blockwork,,0.0,2027-05-14,2027-07-27,,,2026-12-24,,0
1.1.1.5.2.3.3.2,Tile Cladding & Lift Lobby Granite Wall,Tower 1,,Finishing,Common area finishes,CA-Flooring,,1125090000.0,2027-07-03,2027-10-30,,,2027-02-12,,0
1.1.1.5.2.3.3.3,Staircase railing fixing,Tower 1,,Finishing,Common area finishes,CA-Railing,,238268800.0,2027-10-16,2028-02-27,,,2027-05-28,,0
1.1.1.5.2.3.3.4,Main staircase flooring,Tower 1,,Finishing,Common area finishes,CA-Flooring,,247950900.0,2027-09-16,2028-01-28,,,2027-04-28,,0
1.1.1.5.2.3.3.5,Fire staircase flooring ,Tower 1,,Finishing,Common area finishes,CA-Flooring,,119810900.0,2027-09-01,2028-01-13,,,2027-04-13,,0
1.1.1.5.2.3.3.6,Fire door work,Tower 1,,Finishing,Common area finishes,CA-Door,,379050000.0,2027-10-16,2028-01-28,,,2027-05-28,,0
1.1.1.5.2.3.3.7,Electrical wiring work,Tower 1,,MEP,Common area-MEP,CA-Electrical,,0.0,2027-06-03,2027-09-30,,,2027-01-13,,0
1.1.1.5.2.3.3.8,Lobby flooring,Tower 1,,Finishing,Common area finishes,CA-Flooring,,523604200.0,2027-06-06,2027-10-04,,,2027-01-16,,0
1.1.1.5.2.3.3.9,Ceiling & wall putty-primer,Tower 1,,Finishing,Common area finishes,CA-Paint,,31134000.0,2027-08-02,2028-01-03,,,2027-03-14,,0
1.1.1.5.2.3.3.10,Ceiling & wall painting,Tower 1,,Finishing,Common area finishes,CA-Paint,,31134000.0,2029-04-07,2029-07-16,,,2027-07-11,,0
1.1.1.5.2.3.3.11,Light fixture supply & installation,Tower 1,,MEP,Common area-MEP,CA-Electrical,,2210.06254621806,2029-06-06,2029-07-21,,,2027-09-09,,0
1.1.1.5.2.3.4,Balcony Glass Railing,,,,,,,,2027-12-25,2028-03-03,,,2027-07-13,,
1.1.1.5.2.3.4.1,1st Floor,Tower 1,1st Floor,Finishing,Tower Civil Finishes,Railing,,105276000.0,2027-12-25,2027-12-26,,,2027-07-13,,0
1.1.1.5.2.3.4.2,2nd Floor,Tower 1,2nd Floor,Finishing,Tower Civil Finishes,Railing,,105276000.0,2027-12-27,2027-12-28,,,2027-07-15,,0
1.1.1.5.2.3.4.3,3rd Floor,Tower 1,3rd Floor,Finishing,Tower Civil Finishes,Railing,,105276000.0,2027-12-29,2027-12-30,,,2027-07-17,,0
1.1.1.5.2.3.4.4,4th Floor,Tower 1,4th Floor,Finishing,Tower Civil Finishes,Railing,,105276000.0,2027-12-31,2028-01-01,,,2027-07-19,,0
1.1.1.5.2.3.4.5,5th Floor ,Tower 1,5th Floor,Finishing,Tower Civil Finishes,Railing,,105276000.0,2028-01-02,2028-01-03,,,2027-07-21,,0
1.1.1.5.2.3.4.6,6th Floor ,Tower 1,6th Floor,Finishing,Tower Civil Finishes,Railing,,105276000.0,2028-01-04,2028-01-05,,,2027-07-23,,0
1.1.1.5.2.3.4.7,7th Floor ,Tower 1,7th Floor,Finishing,Tower Civil Finishes,Railing,,105276000.0,2028-01-06,2028-01-07,,,2027-07-25,,0
1.1.1.5.2.3.4.8,8th Floor ,Tower 1,8th Floor,Finishing,Tower Civil Finishes,Railing,,105276000.0,2028-01-08,2028-01-09,,,2027-07-27,,0
1.1.1.5.2.3.4.9,9th Floor ,Tower 1,9th Floor,Finishing,Tower Civil Finishes,Railing,,105276000.0,2028-01-10,2028-01-11,,,2027-07-29,,0
1.1.1.5.2.3.4.10,10th Floor,Tower 1,10th Floor,Finishing,Tower Civil Finishes,Railing,,105276000.0,2028-01-12,2028-01-13,,,2027-07-31,,0
1.1.1.5.2.3.4.11,11th Floor,Tower 1,11th Floor,Finishing,Tower Civil Finishes,Railing,,105276000.0,2028-01-14,2028-01-15,,,2027-08-02,,0
1.1.1.5.2.3.4.12,12th Floor,Tower 1,12th Floor,Finishing,Tower Civil Finishes,Railing,,105276000.0,2028-01-16,2028-01-17,,,2027-08-04,,0
1.1.1.5.2.3.4.13,13th Floor,Tower 1,13th Floor,Finishing,Tower Civil Finishes,Railing,,105276000.0,2028-01-18,2028-01-19,,,2027-08-06,,0
1.1.1.5.2.3.4.14,14th Floor,Tower 1,14th Floor,Finishing,Tower Civil Finishes,Railing,,105276000.0,2028-01-20,2028-01-21,,,2027-08-08,,0
1.1.1.5.2.3.4.15,15th Floor,Tower 1,15th Floor,Finishing,Tower Civil Finishes,Railing,,105276000.0,2028-01-22,2028-01-23,,,2027-08-10,,0
1.1.1.5.2.3.4.16,16th Floor,Tower 1,16th Floor,Finishing,Tower Civil Finishes,Railing,,105276000.0,2028-01-24,2028-01-25,,,2027-08-12,,0
1.1.1.5.2.3.4.17,17th Floor,Tower 1,17th Floor,Finishing,Tower Civil Finishes,Railing,,105276000.0,2028-01-26,2028-01-27,,,2027-08-14,,0
1.1.1.5.2.3.4.18,18th Floor,Tower 1,18th Floor,Finishing,Tower Civil Finishes,Railing,,105276000.0,2028-01-28,2028-01-29,,,2027-08-16,,0
1.1.1.5.2.3.4.19,19th Floor,Tower 1,19th Floor,Finishing,Tower Civil Finishes,Railing,,105276000.0,2028-01-30,2028-01-31,,,2027-08-18,,0
1.1.1.5.2.3.4.20,20th Floor,Tower 1,20th Floor,Finishing,Tower Civil Finishes,Railing,,105276000.0,2028-02-01,2028-02-02,,,2027-08-20,,0
1.1.1.5.2.3.4.21,21st Floor,Tower 1,21st Floor,Finishing,Tower Civil Finishes,Railing,,105276000.0,2028-02-03,2028-02-04,,,2027-08-22,,0
1.1.1.5.2.3.4.22,22nd Floor,Tower 1,22nd Floor,Finishing,Tower Civil Finishes,Railing,,105276000.0,2028-02-05,2028-02-06,,,2027-08-24,,0
1.1.1.5.2.3.4.23,23rd Floor,Tower 1,23rd Floor,Finishing,Tower Civil Finishes,Railing,,105276000.0,2028-02-07,2028-02-08,,,2027-08-26,,0
1.1.1.5.2.3.4.24,24th Floor,Tower 1,24th Floor,Finishing,Tower Civil Finishes,Railing,,105276000.0,2028-02-09,2028-02-10,,,2027-08-28,,0
1.1.1.5.2.3.4.25,25th Floor,Tower 1,25th Floor,Finishing,Tower Civil Finishes,Railing,,105276000.0,2028-02-11,2028-02-12,,,2027-08-30,,0
1.1.1.5.2.3.4.26,26th Floor,Tower 1,26th Floor,Finishing,Tower Civil Finishes,Railing,,105276000.0,2028-02-13,2028-02-14,,,2027-09-01,,0
1.1.1.5.2.3.4.27,27th Floor,Tower 1,27th Floor,Finishing,Tower Civil Finishes,Railing,,105276000.0,2028-02-15,2028-02-16,,,2027-09-03,,0
1.1.1.5.2.3.4.28,28th Floor,Tower 1,28th Floor,Finishing,Tower Civil Finishes,Railing,,105276000.0,2028-02-17,2028-02-18,,,2027-09-05,,0
1.1.1.5.2.3.4.29,29th Floor,Tower 1,29th Floor,Finishing,Tower Civil Finishes,Railing,,105276000.0,2028-02-19,2028-02-20,,,2027-09-07,,0
1.1.1.5.2.3.4.30,30th Floor,Tower 1,30th Floor,Finishing,Tower Civil Finishes,Railing,,105276000.0,2028-02-21,2028-02-22,,,2027-09-09,,0
1.1.1.5.2.3.4.31,31st Floor,Tower 1,31st Floor,Finishing,Tower Civil Finishes,Railing,,105276000.0,2028-02-23,2028-02-24,,,2027-09-11,,0
1.1.1.5.2.3.4.32,32nd Floor,Tower 1,32nd Floor,Finishing,Tower Civil Finishes,Railing,,105276000.0,2028-02-25,2028-02-26,,,2027-09-13,,0
1.1.1.5.2.3.4.33,33rd Floor,Tower 1,33rd Floor,Finishing,Tower Civil Finishes,Railing,,105276000.0,2028-02-27,2028-02-28,,,2027-09-15,,0
1.1.1.5.2.3.4.34,34th Floor ,Tower 1,34th Floor,Finishing,Tower Civil Finishes,Railing,,105276000.0,2028-02-29,2028-03-01,,,2027-09-17,,0
1.1.1.5.2.3.4.35,35th Floor,Tower 1,35th Floor,Finishing,Tower Civil Finishes,Railing,,105276000.0,2028-03-02,2028-03-03,,,2027-09-19,,0
1.1.1.5.3,MEP work,,,,,,,,2027-05-14,2028-10-06,,,2026-12-24,,
1.1.1.5.3.1,Electrical work,,,,,,,,2027-05-14,2028-03-28,,,2026-12-24,,
1.1.1.5.3.1.1,Cable Tray,Tower 1,,MEP,Tower MEP,Electrical,,184779200.0,2027-05-14,2027-08-11,,,2026-12-24,,0
1.1.1.5.3.1.2,"Cable, main & sub main",Tower 1,,MEP,Tower MEP,Electrical,,851043528.0,2027-06-28,2027-10-25,,,2027-02-07,,0
1.1.1.5.3.1.3,LT panel & DB,Tower 1,,MEP,Tower MEP,Electrical,,1015952723.0,2027-08-22,2028-02-02,,,2027-04-03,,0
1.1.1.5.3.1.4,Rising main,Tower 1,,MEP,Tower MEP,Plumbing,,575180842.2,2027-10-11,2028-03-23,,,2027-05-23,,0
1.1.1.5.3.1.5,EARTHING Works ,Tower 1,,MEP,Tower MEP,Electrical,,11480000.0,2027-08-27,2027-10-25,,,2027-04-08,,0
1.1.1.5.3.1.6,Advance lightening protection,Tower 1,,MEP,Tower MEP,Electrical,,179199250.1,2027-06-23,2027-08-21,,,2027-02-02,,0
1.1.1.5.3.1.7,Inverter,Tower 1,,MEP,Tower MEP,Electrical,,31579400.0,2027-10-26,2028-01-13,,,2027-06-07,,0
1.1.1.5.3.1.8,Energy meter,Tower 1,,MEP,Tower MEP,Electrical,,98000000.0,2027-10-26,2028-02-07,,,2027-06-07,,0
1.1.1.5.3.1.9,Exhast fan,Tower 1,,MEP,Tower MEP,Electrical,,105000000.0,2027-10-31,2028-02-12,,,2027-04-20,,0
1.1.1.5.3.1.10,FTTH,Tower 1,,MEP,Tower MEP,Electrical,,161000000.0,2027-10-16,2028-01-28,,,2027-05-28,,0
1.1.1.5.3.1.11,Security System - FA & PA,Tower 1,,MEP,Tower MEP,Electrical,,521397976.0,2027-10-21,2028-01-28,,,2027-06-02,,0
1.1.1.5.3.1.12,Solar water heater,Tower 1,,MEP,Tower MEP,Plumbing,,0.0,2028-01-29,2028-03-28,,,2027-02-02,,0
1.1.1.5.3.2,Plumbing work,,,,,,,,2027-05-14,2028-05-03,,,2026-12-24,,
1.1.1.5.3.2.1,Terrace looping,Tower 1,Terrace,MEP,Tower MEP,Plumbing,,0.0,2027-05-14,2027-06-27,,,2026-12-24,,0
1.1.1.5.3.2.2,Shaft Plumbing,Tower 1,,MEP,Tower MEP,Plumbing,,0.0,2027-06-28,2027-10-25,,,2027-02-07,,0
1.1.1.5.3.2.3,CP sanitary fixture supply,Tower 1,,MEP,Tower MEP,CP Sanitary,,4246512800.0,2028-02-18,2028-05-03,,,2027-06-04,,0
1.1.1.5.3.2.4,Cold & flushing water supply,Tower 1,,MEP,Tower MEP,Plumbing,,1697979747.0,2027-10-01,2028-02-12,,,2027-05-13,,0
1.1.1.5.3.2.5,Misc work,Tower 1,,Finishing,Miscellaneous,Misc,,407027500.0,2028-02-03,2028-03-03,,,2027-08-01,,0
1.1.1.5.3.3,Fire fighting work,,,,,,,,2027-05-14,2028-01-23,,,2026-12-24,,
1.1.1.5.3.3.1,Fire hydrant work,Tower 1,,MEP,Tower MEP,Plumbing,,264277090.0,2027-07-13,2027-09-10,,,2027-04-13,,0
1.1.1.5.3.3.2,Sprinkler & piping work,Tower 1,,MEP,Tower MEP,Plumbing,,781626900.0,2027-10-11,2028-01-23,,,2027-08-11,,0
1.1.1.5.3.3.3,Shaft Downtake works,Tower 1,,MEP,Tower MEP,Plumbing,,0.0,2027-05-14,2027-08-11,,,2026-12-24,,0
1.1.1.5.3.3.4,Connection to pump room,Tower 1,,MEP,Tower MEP,Plumbing,,0.0,2027-08-12,2027-09-10,,,2027-03-24,,0
1.1.1.5.3.4,Lift work,,,,,,,,2027-05-14,2027-10-30,,,2026-12-24,,
1.1.1.5.3.4.1,Lift Shaft Handover,Tower 1,,MEP,Common area-MEP,Lift,,0.0,2027-05-14,2027-06-22,,,2026-12-24,,0
1.1.1.5.3.4.2,Lift installation work,Tower 1,,MEP,Common area-MEP,Lift,,2287000000.0,2027-06-23,2027-08-06,,,2027-02-02,,0
1.1.1.5.3.4.3,Lift testing and commissioning,Tower 1,,MEP,Common area-MEP,Lift,,0.0,2027-08-07,2027-10-30,,,2027-03-19,,0
1.1.1.5.3.5,AC work,,,,,,,,2028-06-28,2028-10-06,,,2028-02-08,,
1.1.1.5.3.5.1,Split AC,Tower 1,,MEP,Tower MEP,Electrical,,5955514983.0,2028-06-28,2028-10-06,,,2028-02-08,,0
1.1.1.5.4,Tower Completion ,,,,,,,,2023-11-28,2028-03-01,,,2027-01-14,,
1.1.1.5.4.1,SURFACE PREPARATION,Tower 1,,Finishing,Tower Finishing,Paint,,0.0,2027-05-14,2027-08-01,,,2027-01-14,,0
1.1.1.5.4.2,External Painting,Tower 1,,Finishing,Tower Finishing,Ext Paint,,1376600000.0,2027-08-02,2027-12-24,,,2027-04-04,,0
1.1.1.5.4.3,Waterproofing,Tower 1,,Finishing,Tower Civil Finishes,Waterproofing,,569995098.77,2023-11-28,2028-03-01,2023-11-28,,2027-07-13,,91
1.1.1.5.4.4,Misc. work,Tower 1,,Finishing,Miscellaneous,Misc,,506000000.0,2027-12-25,2028-02-22,,,2027-07-13,,0
1.1.1.5.5,Basement lobby,,,,,,,,2027-10-04,2028-01-17,,,2027-06-15,,
1.1.1.5.5.1,Basement lobby,Tower 1,Basement,Finishing,Common area finishes,CA-Flooring,,10774860900.0,2027-10-04,2028-01-17,,,2027-06-15,,0
1.1.1.5.6,Post OC activities ,,,,,,,,2028-06-28,2029-10-19,,,2027-06-19,,
1.1.1.5.6.1,Wooden Flooring,Tower 1,,Finishing,Tower Finishing,Flooring,,769300000.0,2028-06-28,2028-12-25,,,2028-02-08,,0
1.1.1.5.6.2,Fixtures SITC,Tower 1,,MEP,Tower MEP,Electrical,,1439548200.0,2028-06-28,2028-10-26,,,2028-02-08,,0
1.1.1.5.6.3,Balcony Flooring & Kitchen Counter,Tower 1,,Finishing,Tower Finishing,Flooring,,1915266600.0,2028-06-28,2028-12-25,,,2028-02-08,,0
1.1.1.5.6.4,Misc. Fixtures And Fittings,Tower 1,,Finishing,Miscellaneous,Misc,,198050500.0,2029-03-13,2029-07-11,,,2027-06-19,,0
1.1.1.5.6.5,Modular Kitchen,Tower 1,,Finishing,Miscellaneous,Misc,,2730000000.0,2028-06-28,2028-12-25,,,2028-02-08,,0
1.1.1.5.6.6,Final Coat Paint,Tower 1,,Finishing,Tower Finishing,Paint,,765453000.0,2029-07-21,2029-10-19,,,2028-02-23,,0
1.1.1.5.7,OC Application/Readiness ,Tower 1,,Finishing,Miscellaneous,Misc,,0.0,2028-03-29,2028-03-30,,,2027-12-24,,0
1.1.1.5.8,OC Receipt,Tower 1,,Finishing,Miscellaneous,Misc,,0.0,2028-05-29,2028-07-28,,,2028-02-23,,0
1.1.1.5.9,Offer To Possession,Tower 1,,Finishing,Miscellaneous,Misc,,0.0,2029-10-19,2029-10-30,,,2028-08-06,,0
1.1.1.6,External Infrastructure,,,,,,,,2027-04-04,2028-10-25,,,2025-10-17,,
1.1.1.6.1,External Firefightning Work,,,,,,,,2027-04-24,2028-01-03,,,2026-10-20,,
1.1.1.6.1.1,"Excavation, Pipe Laying, Hyderent errection , Fitting , Testing & Commissioning",,,MEP,Ext MEP,Ext PHE,,632225500.0,2027-04-24,2028-01-03,,,2026-10-20,,0
1.1.1.6.2,External Plumbing,,,,,,,,2027-04-04,2028-01-13,,,2026-09-30,,
1.1.1.6.2.1,External Plumbing - Sewer,,,,,,,,2027-04-04,2027-10-30,,,2026-09-30,,
1.1.1.6.2.1.1,"Excavation, Pipe Laying, Filling , Testing & Commissioning",,,MEP,Ext MEP,Ext PHE,,780000000.0,2027-04-04,2027-10-30,,,2026-09-30,,0
1.1.1.6.2.2,External Plumbing - Watersupply,,,,,,,,2027-05-04,2028-01-13,,,2026-10-30,,
1.1.1.6.2.2.1,"Excavation, Pipe Laying, Filling , Testing & Commissioning",,,MEP,Ext MEP,Ext PHE,,1089696600.0,2027-05-04,2028-01-13,,,2026-10-30,,0
1.1.1.6.2.3,External Plumbing - Storm Water,,,,,,,,2027-04-24,2028-01-03,,,2026-10-20,,
1.1.1.6.2.3.1,"Excavation, PCC, BBM , IPS, Cover fixing, Curing",,,Infra,Ext Infra,Ext Infra,,984900000.0,2027-04-24,2028-01-03,,,2026-10-20,,0
1.1.1.6.2.4,Rain water Harvesting work,,,,,,,,2027-04-24,2028-01-03,,,2026-10-20,,
1.1.1.6.2.4.1,Rain water Harvesting work,,,MEP,Ext MEP,Ext PHE,,0.0,2027-04-24,2028-01-03,,,2026-10-20,,0
1.1.1.6.3,External Electrical Work,,,,,,,,2027-05-04,2028-10-25,,,2025-10-17,,
1.1.1.6.3.1,HV INSTALLATION,,,MEP,Ext MEP,Ext Electrical,,440500000.0,2027-05-04,2027-08-01,,,2026-10-30,,0
1.1.1.6.3.2,HT CABLES & LT CONTROL CABLES,,,MEP,Ext MEP,Ext Electrical,,998784000.0,2027-08-02,2028-01-13,,,2027-03-14,,0
1.1.1.6.3.3,Street Light Fixing,,,MEP,Ext MEP,Ext Electrical,,1679509100.0,2027-10-16,2028-06-26,,,2027-05-28,,0
1.1.1.6.3.4,External Road ,,,Infra,Ext Infra,Ext Infra,,0.0,2028-07-27,2028-10-24,,,2025-10-17,,0
1.1.1.6.3.5,Completion of External Infrastructure,,,Infra,Ext Infra,Ext Infra,,0.0,2028-10-25,2028-10-25,,,2027-09-27,,0
1.1.1.6.4,Soft Scape Work,,,Infra,Ext Infra,Ext Infra,,5490000000.0,2028-02-08,2028-09-24,,,2027-09-20,,0
1.1.1.6.5,Hard Scape Work,,,Infra,Ext Infra,Ext Infra,,21960000000.0,2028-02-13,2028-10-24,,,2026-02-27,,0
1.1.1.7,NTA works,,,,,,,,2024-12-26,2028-07-10,,,2024-12-26,,
1.1.1.7.1,Excavation,,,Civil Works- RCC,RCC,Reinforcement,,44702600.0,2024-12-26,2025-12-30,2024-12-26,,2024-12-26,,95
1.1.1.7.2,Backfilling,,,Civil Works- RCC,RCC,Reinforcement,,1820550000.0,2025-12-27,2026-01-04,,,2025-08-04,,0
1.1.1.7.3,Boundary Wall,,,Infra,Ext Infra,Ext Infra,,3000000000.0,2026-01-05,2026-01-11,,,2025-08-13,,0
1.1.1.7.4,RCC Works - Nontower area,,,,,,,,2025-01-25,2028-01-02,,,2025-01-25,,
1.1.1.7.4.1,NTA Raft/Footing,,,,,,,,2025-01-25,2026-08-13,,,2025-01-25,,
1.1.1.7.4.1.1,Anti Termite,,,Finishing,Tower Civil Finishes,Waterproofing,,16770000.0,2026-07-30,2026-08-13,,,2026-04-17,,0
1.1.1.7.4.1.2,PCC,,,Civil Works- RCC,RCC,Concreting,,2130000000.0,2025-01-25,2026-01-23,2025-01-25,,2025-01-25,,73
1.1.1.7.4.1.3,Reinforcement,,,Civil Works- RCC,RCC,Reinforcement,,15229581750.0,2025-03-21,2026-03-13,2025-03-21,,2025-06-19,,36
1.1.1.7.4.1.4,Shuttering ,,,Civil Works- RCC,RCC,Shuttering- Conventional,,315728900.0,2025-03-31,2026-03-24,2025-03-31,,2025-06-29,,31
1.1.1.7.4.1.5,Concreting,,,Civil Works- RCC,RCC,Concreting,,15733056400.0,2025-03-31,2026-03-26,2025-03-31,,2025-07-31,,30
1.1.1.7.4.2,Retaining wall,,,,,,,,2025-03-14,2026-07-24,,,2025-04-01,,
1.1.1.7.4.2.1,Reinforcement,,,Civil Works- RCC,RCC,Reinforcement,,2026500000.0,2025-03-14,2026-05-24,2025-03-14,,2025-04-01,,29
1.1.1.7.4.2.2,Shuttering ,,,Civil Works- RCC,RCC,Shuttering- Conventional,,742196400.0,2025-09-11,2026-06-27,2025-09-11,,2025-04-06,,14
1.1.1.7.4.2.3,Concreting,,,Civil Works- RCC,RCC,Concreting,,1455172200.0,2025-09-12,2026-06-30,2025-09-12,,2025-04-12,,13
1.1.1.7.4.2.4,Retaining wall waterproofing ,,,Finishing,Tower Civil Finishes,Waterproofing,,6927120000.0,2025-12-27,2026-07-24,,,2025-10-03,,0
1.1.1.7.4.3,NTA Basement B2 slab,,,,,,,,2025-03-11,2026-08-01,,,2025-10-01,,
1.1.1.7.4.3.1,Reinforcement,,Basement,Civil Works- RCC,RCC,Reinforcement,,9336375000.0,2025-03-11,2026-06-26,2025-03-11,,2025-10-01,,32
1.1.1.7.4.3.2,Shuttering ,,Basement,Civil Works- RCC,RCC,Shuttering- Conventional,,2835651500.0,2025-09-16,2026-07-27,2025-09-16,,2025-10-06,,21
1.1.1.7.4.3.3,Concreting,,Basement,Civil Works- RCC,RCC,Concreting,,5543019140.0,2025-09-03,2026-08-01,2025-09-03,,2025-10-03,,25
1.1.1.7.4.4,NTA Basement B1 slab,,,,,,,,2027-01-01,2027-07-14,,,2025-07-17,,
1.1.1.7.4.4.1,Reinforcement,,Basement,Civil Works- RCC,RCC,Reinforcement,,8250750000.0,2027-01-04,2027-07-12,,,2025-10-10,,0
1.1.1.7.4.4.2,Shuttering ,,Basement,Civil Works- RCC,RCC,Shuttering- Conventional,,2848040500.0,2027-01-01,2027-07-09,,,2025-10-10,,0
1.1.1.7.4.4.3,Concreting,,Basement,Civil Works- RCC,RCC,Concreting,,6238361540.0,2027-01-06,2027-07-14,,,2025-07-17,,0
1.1.1.7.4.5,NTA Podium  slab,,,,,,,,2027-02-17,2028-01-02,,,2026-04-04,,
1.1.1.7.4.5.1,Reinforcement,,,Civil Works- RCC,RCC,Reinforcement,,8894887500.0,2027-02-20,2027-12-31,,,2026-04-04,,0
1.1.1.7.4.5.2,Shuttering ,,,Civil Works- RCC,RCC,Shuttering- Conventional,,4121439100.0,2027-02-17,2027-12-28,,,2026-04-22,,0
1.1.1.7.4.5.3,Concreting,,,Civil Works- RCC,RCC,Concreting,,6733979920.0,2027-02-22,2028-01-02,,,2026-07-23,,0
1.1.1.7.5,Basement and Podium Block work and Plaster finishing,,,,,,,,2026-04-07,2027-06-25,,,2026-04-07,,
1.1.1.7.5.1,Brick work/plaster,,Basement,Finishing,Common area finishes,CA-Blockwork,,590256800.0,2026-04-07,2026-07-15,,,2026-04-07,,0
1.1.1.7.5.2,Finishing work-White Goods,,Basement,Finishing,Miscellaneous,Misc,,72540000.0,2026-07-16,2026-09-13,,,2026-07-16,,0
1.1.1.7.5.3,Painting (1st Coat),,Basement,Finishing,Common area finishes,CA-Paint,,1171635000.0,2026-07-16,2026-09-13,,,2026-07-16,,0
1.1.1.7.5.4,Vacuum Dewatered Flooring,,Basement,Finishing,Common area finishes,CA-Flooring,,6069953540.0,2026-10-14,2027-06-25,,,2026-04-09,,0
1.1.1.7.6,Basement and Podium Services,,,,,,,,2025-02-14,2028-07-10,,,2026-01-28,,
1.1.1.7.6.1,Waterproofing,,Basement,Finishing,Tower Civil Finishes,Waterproofing,,6927120000.0,2025-02-14,2028-01-23,2025-02-14,,2026-01-28,,64
1.1.1.7.6.2,Plumbing,,Basement,MEP,Common area-MEP,CA-PHE,,1480692650.0,2027-02-16,2027-09-13,,,2026-04-22,,0
1.1.1.7.6.3,Fire fighting,,Basement,MEP,Common area-MEP,CA-Fire-fighting & FAPA,,5176201980.0,2027-02-16,2027-09-13,,,2026-04-07,,0
1.1.1.7.6.4,Ventilation,,Basement,MEP,Common area-MEP,CA-HVAC,,5072623200.0,2027-02-16,2027-08-14,,,2026-05-07,,0
1.1.1.7.6.5,Electrification,,Basement,MEP,Common area-MEP,CA-Electrical,,16215198010.0,2027-03-18,2028-01-26,,,2026-05-07,,0
1.1.1.7.6.6,Security installations,,Basement,MEP,BRM-Security,BRM-Security,,639711700.0,2028-01-27,2028-04-25,,,2027-02-26,,0
1.1.1.7.6.7,Stack parking (no of car parks),,Basement,Finishing,Miscellaneous,Misc,,5250000000.0,2028-03-12,2028-07-09,,,2027-04-12,,0
1.1.1.7.6.8,Completion of NTA ,,Basement,,,NTA Finishing,,1235800600.0,2028-07-10,2028-07-10,,,2027-08-10,,0
1.1.1.8,Club House ,,,,,,,,2027-09-13,2029-02-28,,,2027-02-01,,
1.1.1.8.1,Structure Work ,,,Civil Works- RCC,RCC,Reinforcement,,10068665000.0,2027-09-13,2028-01-25,,,2027-02-01,,0
1.1.1.8.2,Finishing Work ,,,Finishing,Tower Civil Finishes,Blockwork,,44619300000.0,2028-03-11,2029-01-04,,,2027-02-08,,0
1.1.1.8.3,Mep Work ,,,MEP,Tower MEP,Electrical,,7684435000.0,2028-04-25,2029-02-18,,,2027-02-08,,0
1.1.1.8.4,Furnitures,,,Finishing,Miscellaneous,Misc,,0.0,2029-02-19,2029-02-19,,,2027-02-14,,0
1.1.1.8.5,Gym equipments,,,Finishing,Miscellaneous,Misc,,0.0,2029-02-20,2029-02-28,,,2027-02-15,,0
1.1.2,Fire NOC ,,,,,,,,2029-03-01,2029-03-02,,,2027-08-11,,
1.1.2.1,Fire NOC,,,Finishing,Miscellaneous,Misc,,0.0,2029-03-01,2029-03-02,,,2027-08-11,,0
1.1.3,OC of Whole Project,,,,,,,,2028-06-06,2029-03-04,,,2027-08-13,,
1.1.3.1,OC of Plot B all 5 Towers,Tower s,,Finishing,Miscellaneous,Misc,,0.0,2029-03-03,2029-03-04,,,2027-08-13,,0
1.1.3.2,Possession,,,Finishing,Miscellaneous,Misc,,0.0,2028-06-06,2028-06-17,,,2028-06-06,,0
1.1.4,Escalation,,,Finishing,Miscellaneous,Misc,,0.0,2025-12-27,2026-01-05,,,2025-07-01,,0
1.1.5,Additional Pile ,,,Civil Works- RCC,RCC,Reinforcement,,2307501900.0,2024-11-22,2025-04-07,2024-11-22,2025-04-07,2024-12-20,,100
1.1.6,Solider Piling ,,,Civil Works- RCC,RCC,Reinforcement,,1979950000.0,2024-12-05,2026-04-06,2024-12-05,,2024-12-05,,59
1.1.7,Solider Piling ,,,Civil Works- RCC,RCC,Reinforcement,,0.0,2025-11-19,2025-11-19,,,2025-07-01,,0
1.1.8,MS Bucket ,,,Finishing,Miscellaneous,Misc,,1744780397.48216,2024-08-29,2026-01-23,2024-08-29,,2024-11-04,,92
1.2,,,,,,,,0.0,2025-11-19,2025-11-26,,,2025-07-01,,0
1.3,Milestones,,,,,,,,2025-04-28,2029-10-30,,,2025-04-17,,
1.3.1,On Completion of Tower Raft for Tower 1,,,Civil Works- RCC,RCC,Concreting,,0.0,2025-05-16,2025-05-17,2025-05-16,2025-05-17,2025-04-21,,100
1.3.2,On Completion of Tower Raft for Tower 2,,,Civil Works- RCC,RCC,Concreting,,0.0,2025-06-07,2025-06-08,2025-06-07,2025-06-09,2025-05-03,,100
1.3.3,On Completion of Tower Raft for Tower 3,,,Civil Works- RCC,RCC,Concreting,,0.0,2025-04-28,2025-04-29,2025-04-28,2025-04-29,2025-04-17,,100
1.3.4,On Completion of Tower Raft for Tower 4,,,Civil Works- RCC,RCC,Concreting,,0.0,2025-05-22,2025-05-24,2025-05-22,2025-05-24,2025-04-24,,100
1.3.5,On Completion of Tower Raft for Tower 5,,,Civil Works- RCC,RCC,Concreting,,0.0,2025-06-14,2025-06-15,2025-06-14,2025-06-16,2025-05-24,,100
1.3.6,On Completion of Ground Floor for Tower 1,Tower 1,Ground Floor,Civil Works- RCC,RCC,Concreting,,0.0,2025-08-25,2025-08-25,2025-08-25,2025-08-25,2025-06-09,,100
1.3.7,On Completion of Ground Floor for Tower 2,Tower 2,Ground Floor,Civil Works- RCC,RCC,Concreting,,0.0,2025-09-08,2025-09-08,2025-09-08,2025-09-08,2025-06-23,,100
1.3.8,On Completion of Ground Floor for Tower 3,Tower 3,Ground Floor,Civil Works- RCC,RCC,Concreting,,0.0,2025-08-18,2025-08-18,2025-08-18,2025-08-18,2025-06-05,,100
1.3.9,On Completion of Ground Floor for Tower 4,Tower 4,Ground Floor,Civil Works- RCC,RCC,Concreting,,0.0,2025-09-04,2025-09-04,2025-09-04,2025-09-04,2025-06-13,,100
1.3.10,On Completion of Ground Floor for Tower 5,Tower 5,Ground Floor,Civil Works- RCC,RCC,Concreting,,0.0,2025-09-10,2025-09-10,2025-09-10,2025-09-10,2025-07-14,,100
1.3.11,On Completion of 10th Floor Slab for Tower 1,Tower 1,10th Floor,Civil Works- RCC,RCC,Concreting,,0.0,2026-05-01,2026-05-01,,,2025-12-23,,0
1.3.12,On Completion of 10th Floor Slab for Tower 2,Tower 2,10th Floor,Civil Works- RCC,RCC,Concreting,,0.0,2026-05-16,2026-05-18,,,2026-01-06,,0
1.3.13,On Completion of 10th Floor Slab for Tower 3,Tower 3,10th Floor,Civil Works- RCC,RCC,Concreting,,0.0,2026-05-04,2026-05-04,,,2025-12-19,,0
1.3.14,On Completion of 10th Floor Slab for Tower 4,Tower 4,10th Floor,Civil Works- RCC,RCC,Concreting,,0.0,2026-05-16,2026-05-16,,,2025-12-27,,0
1.3.15,On Completion of 10th Floor Slab for Tower 5,Tower 5,10th Floor,Civil Works- RCC,RCC,Concreting,,0.0,2026-05-16,2026-05-18,,,2026-01-27,,0
1.3.16,On Completion of 15th Floor slab for Tower 1,Tower 1,15th Floor,Civil Works- RCC,RCC,Concreting,,0.0,2026-06-20,2026-06-20,,,2026-02-06,,0
1.3.17,On Completion of 15th Floor slab for Tower 2,Tower 2,15th Floor,Civil Works- RCC,RCC,Concreting,,0.0,2026-07-06,2026-07-06,,,2026-02-20,,0
1.3.18,On Completion of 15th Floor slab for Tower 3,Tower 3,15th Floor,Civil Works- RCC,RCC,Concreting,,0.0,2026-06-22,2026-06-22,,,2026-02-03,,0
1.3.19,On Completion of 15th Floor slab for Tower 4,Tower 4,15th Floor,Civil Works- RCC,RCC,Concreting,,0.0,2026-07-04,2026-07-06,,,2026-02-10,,0
1.3.20,On Completion of 15th Floor slab for Tower 5,Tower 5,15th Floor,Civil Works- RCC,RCC,Concreting,,0.0,2026-07-06,2026-07-07,,,2026-03-13,,0
1.3.21,On Completion of 20th Floor slab for Tower 1,Tower 1,20th Floor,Civil Works- RCC,RCC,Concreting,,0.0,2026-08-10,2026-08-10,,,2026-03-24,,0
1.3.22,On Completion of 20th Floor slab for Tower 2,Tower 2,20th Floor,Civil Works- RCC,RCC,Concreting,,0.0,2026-08-26,2026-08-26,,,2026-04-07,,0
1.3.23,On Completion of 20th Floor slab for Tower 3,Tower 3,20th Floor,Civil Works- RCC,RCC,Concreting,,0.0,2026-08-12,2026-08-12,,,2026-03-20,,0
1.3.24,On Completion of 20th Floor slab for Tower 4,Tower 4,20th Floor,Civil Works- RCC,RCC,Concreting,,0.0,2026-08-25,2026-08-25,,,2026-03-28,,0
1.3.25,On Completion of 20th Floor slab for Tower 5,Tower 5,20th Floor,Civil Works- RCC,RCC,Concreting,,0.0,2026-08-26,2026-08-27,,,2026-05-04,,0
1.3.26,On Completion of 25th Floor Slab for Tower 1,Tower 1,25th Floor,Civil Works- RCC,RCC,Concreting,,0.0,2026-10-08,2026-10-08,,,2026-05-19,,0
1.3.27,On Completion of 25th Floor Slab for Tower 2,Tower 2,25th Floor,Civil Works- RCC,RCC,Concreting,,0.0,2026-10-24,2026-10-24,,,2026-06-02,,0
1.3.28,On Completion of 25th Floor Slab for Tower 3,Tower 3,25th Floor,Civil Works- RCC,RCC,Concreting,,0.0,2026-10-10,2026-10-10,,,2026-05-15,,0
1.3.29,On Completion of 25th Floor Slab for Tower 4,Tower 4,25th Floor,Civil Works- RCC,RCC,Concreting,,0.0,2026-10-23,2026-10-23,,,2026-05-23,,0
1.3.30,On Completion of 25th Floor Slab for Tower 5,Tower 5,25th Floor,Civil Works- RCC,RCC,Concreting,,0.0,2026-10-24,2026-10-26,,,2026-07-02,,0
1.3.31,On Completion of Terrace Slab for Tower 1,Tower 1,Terrace,Civil Works- RCC,RCC,Concreting,,0.0,2027-04-03,2027-04-03,,,2026-09-23,,0
1.3.32,On Completion of Terrace Slab for Tower 2,Tower 2,Terrace,Civil Works- RCC,RCC,Concreting,,0.0,2027-04-19,2027-04-19,,,2026-10-07,,0
1.3.33,On Completion of Terrace Slab for Tower 3,Tower 3,Terrace,Civil Works- RCC,RCC,Concreting,,0.0,2027-04-05,2027-04-05,,,2026-09-01,,0
1.3.34,On Completion of Terrace Slab for Tower 4,Tower 4,Terrace,Civil Works- RCC,RCC,Concreting,,0.0,2027-04-17,2027-04-19,,,2026-09-24,,0
1.3.35,On Completion of Terrace Slab for Tower 5,Tower 5,Terrace,Civil Works- RCC,RCC,Concreting,,0.0,2027-04-19,2027-04-20,,,2026-12-25,,0
1.3.36,On Completion of Unit Internal plaster for Tower 1,Tower 1,,Finishing,Tower Civil Finishes,Int Plaster,,0.0,2027-07-31,2027-07-31,,,2027-02-18,,0
1.3.37,On Completion of Unit Internal plaster for Tower 2,Tower 2,,Finishing,Tower Civil Finishes,Int Plaster,,0.0,2027-08-17,2027-08-17,,,2027-03-10,,0
1.3.38,On Completion of Unit Internal plaster for Tower 3,Tower 3,,Finishing,Tower Civil Finishes,Int Plaster,,0.0,2027-08-03,2027-08-03,,,2027-02-22,,0
1.3.39,On Completion of Unit Internal plaster for Tower 4,Tower 4,,Finishing,Tower Civil Finishes,Int Plaster,,0.0,2027-08-16,2027-08-16,,,2027-03-25,,0
1.3.40,On Completion of Unit Internal plaster for Tower 5,Tower 5,,Finishing,Tower Civil Finishes,Int Plaster,,0.0,2027-08-17,2027-08-18,,,2027-04-07,,0
1.3.41,On Completion of unit Flooring for Tower 1,Tower 1,,Finishing,Tower Finishing,Flooring,,0.0,2028-05-19,2028-05-20,,,2027-05-24,,0
1.3.42,On Completion of unit Flooring for Tower 2,Tower 2,,Finishing,Tower Finishing,Flooring,,0.0,2028-06-22,2028-06-23,,,2027-06-05,,0
1.3.43,On Completion of unit Flooring for Tower 3,Tower 3,,Finishing,Tower Finishing,Flooring,,0.0,2028-05-18,2028-05-19,,,2027-05-21,,0
1.3.44,On Completion of unit Flooring for Tower 4,Tower 4,,Finishing,Tower Finishing,Flooring,,0.0,2028-05-30,2028-05-31,,,2027-05-29,,0
1.3.45,On Completion of unit Flooring for Tower 5,Tower 5,,Finishing,Tower Finishing,Flooring,,0.0,2028-06-26,2028-06-27,,,2027-06-14,,0
1.3.46,On Application of Occupancy Certificate for Tower 1,Tower 1,,Finishing,Miscellaneous,Misc,,0.0,2028-03-29,2028-03-30,,,2027-12-18,,0
1.3.47,On Application of Occupancy Certificate for Tower 2,Tower 2,,Finishing,Miscellaneous,Misc,,0.0,2028-03-29,2028-03-29,,,2028-04-01,,0
1.3.48,On Application of Occupancy Certificate for Tower 3,Tower 3,,Finishing,Miscellaneous,Misc,,0.0,2028-03-29,2028-03-30,,,2027-10-22,,0
1.3.49,On Application of Occupancy Certificate for Tower 4,Tower 4,,Finishing,Miscellaneous,Misc,,0.0,2028-03-25,2028-03-27,,,2028-01-11,,0
1.3.50,On Application of Occupancy Certificate for Tower 5,Tower 5,,Finishing,Miscellaneous,Misc,,0.0,2028-03-30,2028-03-31,,,2028-02-22,,0
1.3.51,On Offer of Possession for Tower 1,Tower 1,,Finishing,Miscellaneous,Misc,,0.0,2029-10-29,2029-10-30,,,2028-08-10,,0
1.3.52,On Offer of Possession for Tower 2,Tower 2,,Finishing,Miscellaneous,Misc,,0.0,2028-04-29,2028-05-01,,,2028-01-25,,0
1.3.53,On Offer of Possession for Tower 3,Tower 3,,Finishing,Miscellaneous,Misc,,0.0,2028-12-12,2028-12-13,,,2028-08-03,,0
1.3.54,On Offer of Possession for Tower 4,Tower 4,,Finishing,Miscellaneous,Misc,,0.0,2028-12-29,2028-12-30,,,2028-09-08,,0
1.3.55,On Offer of Possession for Tower 5,Tower 5,,Finishing,Miscellaneous,Misc,,0.0,2029-01-01,2029-01-02,,,2028-10-20,,0
