code,title,tower,floor,main_category,sub_category,trade_type,slab_works,cost_plan_total,start_date_plan,end_date_plan,start_date_actual,end_date_actual,start_date_sprint,end_date_sprint,progress
1,Miraya | Sec 43,,,,,,,,2025-01-02,2029-09-06,,,2025-01-02,,
1.1,Godrej Miraya,,,,,,,,2025-01-02,2029-09-06,,,2025-01-02,,
1.1.1,Project Snapshot,,,,,,,,2025-04-01,2029-09-06,,,2025-04-01,,
1.1.1.1,Project data,,,,,,,,2025-11-30,2029-09-06,,,2025-04-01,,
1.1.1.1.1,Start of project,,,,,,,0.0,2025-11-30,2025-11-30,,,2025-04-01,,0
1.1.1.1.2,Completion of project,,,,,,,0.0,2029-09-06,2029-09-06,,,2028-10-05,,0
1.1.1.2,Intermediate milestones,,,,,,,,2025-04-01,2029-04-16,,,2025-05-12,,
1.1.1.2.1,Removal of soldier piles,,,,,,,0.0,2027-03-21,2027-03-21,,,2026-03-20,,0
1.1.1.2.2,Excavation Completion of Tower A,Tower A,,Civil Works- RCC,NTA RCC,NTA RCC,,0.0,2025-06-30,2025-06-30,2025-06-30,2025-06-30,2025-05-12,,100
1.1.1.2.3,Excavation Completion of Tower B,Tower B,,Civil Works- RCC,NTA RCC,NTA RCC,,0.0,2025-04-15,2025-04-15,2025-04-15,2025-04-15,2025-05-12,,100
1.1.1.2.4,Excavation Completion of Tower C,Tower C,,Civil Works- RCC,NTA RCC,NTA RCC,,0.0,2025-04-01,2025-04-27,2025-04-01,2025-04-28,2025-05-12,,100
1.1.1.2.5,Ground Floor Completion of Tower A,Tower A,Ground Floor,Civil Works- RCC,RCC,Concreting,,0.0,2026-03-12,2026-03-12,,,2025-08-05,,0
1.1.1.2.6,Ground Floor Completion of Tower B,Tower B,Ground Floor,Civil Works- RCC,RCC,Concreting,,0.0,2026-01-29,2026-01-29,,,2025-08-05,,0
1.1.1.2.7,Ground Floor Completion of Tower C,Tower C,Ground Floor,Civil Works- RCC,RCC,Concreting,,0.0,2026-01-26,2026-01-26,,,2025-08-05,,0
1.1.1.2.8,Completion of 3rd Slab of Tower B,Tower B,,Civil Works- RCC,RCC,Concreting,,0.0,2026-04-29,2026-04-29,,,2026-01-27,,0
1.1.1.2.9,Completion of 3rd Slab of Tower C,Tower C,,Civil Works- RCC,RCC,Concreting,,0.0,2026-04-24,2026-04-24,,,2025-10-02,,0
1.1.1.2.10,Completion of 5th Slab of Tower A,Tower A,,Civil Works- RCC,RCC,Concreting,,0.0,2026-06-10,2026-06-10,,,2025-09-17,,0
1.1.1.2.11,Completion of 5th Slab of Tower B,Tower B,,Civil Works- RCC,RCC,Concreting,,0.0,2026-06-01,2026-06-01,,,2025-09-17,,0
1.1.1.2.12,Completion of 5th Slab of Tower C,Tower C,,Civil Works- RCC,RCC,Concreting,,0.0,2026-05-26,2026-05-26,,,2025-09-17,,0
1.1.1.2.13,Completion of 10th Slab of Tower A,Tower A,,Civil Works- RCC,RCC,Concreting,,0.0,2026-08-15,2026-08-15,,,2025-08-29,,0
1.1.1.2.14,Completion of 10th Slab of Tower B,Tower B,,Civil Works- RCC,RCC,Concreting,,0.0,2026-08-04,2026-08-04,,,2026-04-16,,0
1.1.1.2.15,Completion of 10th Slab of Tower C,Tower C,,Civil Works- RCC,RCC,Concreting,,0.0,2026-07-30,2026-07-30,,,2026-02-03,,0
1.1.1.2.16,Completion of 15th Slab of Tower B,Tower B,,Civil Works- RCC,RCC,Concreting,,0.0,2026-10-08,2026-10-08,,,2026-05-21,,0
1.1.1.2.17,Completion of 15th Slab of Tower C,Tower C,,Civil Works- RCC,RCC,Concreting,,0.0,2026-10-03,2026-10-03,,,2026-03-10,,0
1.1.1.2.18,Completion of 20th Slab of Tower A,Tower A,,Civil Works- RCC,RCC,Concreting,,0.0,2027-02-08,2027-02-08,,,2026-01-12,,0
1.1.1.2.19,Completion of 20th Slab of Tower B,Tower B,,Civil Works- RCC,RCC,Concreting,,0.0,2027-01-29,2027-01-29,,,2026-07-06,,0
1.1.1.2.20,Completion of 20th Slab of Tower C,Tower C,,Civil Works- RCC,RCC,Concreting,,0.0,2027-01-25,2027-01-25,,,2026-04-25,,0
1.1.1.2.21,Completion of Terrace Slab of Tower A,Tower A,Terrace,Civil Works- RCC,RCC,Concreting,,0.0,2027-07-22,2027-07-22,,,2026-05-12,,0
1.1.1.2.22,Completion of Terrace Slab of Tower B,Tower B,Terrace,Civil Works- RCC,RCC,Concreting,,0.0,2027-07-13,2027-07-13,,,2026-12-18,,0
1.1.1.2.23,Completion of Terrace Slab of Tower C,Tower C,Terrace,Civil Works- RCC,RCC,Concreting,,0.0,2027-07-22,2027-07-22,,,2026-08-31,,0
1.1.1.2.24,Completion of Internal Plaster Tower A,Tower A,,Finishing,Tower Civil Finishes,Int Plaster,,0.0,2028-01-04,2028-01-04,,,2026-07-21,,0
1.1.1.2.25,Completion of Internal Plaster Tower B,Tower B,,Finishing,Tower Civil Finishes,Int Plaster,,0.0,2027-12-27,2027-12-27,,,2027-02-27,,0
1.1.1.2.26,Completion of Internal Plaster Tower C,Tower C,,Finishing,Tower Civil Finishes,Int Plaster,,0.0,2028-01-03,2028-01-03,,,2026-12-25,,0
1.1.1.2.27,Completion of Unit Flooring Tower A,Tower A,,Finishing,Tower Finishing,Flooring,,0.0,2028-02-23,2028-02-23,,,2026-09-24,,0
1.1.1.2.28,Completion of Unit Flooring Tower B,Tower B,,Finishing,Tower Finishing,Flooring,,0.0,2028-02-14,2028-02-14,,,2027-05-03,,0
1.1.1.2.29,Completion of Unit Flooring Tower C,Tower C,,Finishing,Tower Finishing,Flooring,,0.0,2028-02-22,2028-02-22,,,2027-03-01,,0
1.1.1.2.30,OC Application of Tower A,Tower A,,Finishing,Miscellaneous,Misc,,0.0,2028-08-20,2028-08-20,,,2027-04-29,,0
1.1.1.2.31,OC Application of Tower B,Tower B,,Finishing,Miscellaneous,Misc,,0.0,2028-08-10,2028-08-10,,,2027-10-20,,0
1.1.1.2.32,OC Application of Tower C,Tower C,,Finishing,Miscellaneous,Misc,,0.0,2028-08-19,2028-08-19,,,2027-08-16,,0
1.1.1.2.33,On application of Possession Tower A,Tower A,,Finishing,Miscellaneous,Misc,,0.0,2029-02-17,2029-02-17,,,2027-07-28,,0
1.1.1.2.34,On application of Possession Tower B,Tower B,,Finishing,Miscellaneous,Misc,,0.0,2029-04-07,2029-04-07,,,2028-03-03,,0
1.1.1.2.35,On application of Possession Tower C,Tower C,,Finishing,Miscellaneous,Misc,,0.0,2029-04-16,2029-04-16,,,2027-12-29,,0
1.1.1.2.36,Completion of Landscape works,,,,,,,0.0,2028-10-13,2028-10-13,,,2027-12-27,,0
,,,,,,,,0.0,2025-04-01,2025-04-01,,,,,0
,,,,,,,,0.0,2025-04-01,2025-04-01,,,,,0
1.1.2,Soldier Piling & Excavation works,,,,,,,,2025-01-02,2026-05-22,,,2025-01-02,,
1.1.2.1,Phase 01 - Area excluding downramp for construction,,,,,,,,2025-01-02,2025-07-06,,,2025-01-02,,
1.1.2.1.1,till 2m,,,,,,,,2025-01-02,2025-03-30,,,2025-01-02,,
1.1.2.1.1.1,H beam pile driving - 15m,,,Civil Works- RCC,NTA RCC,NTA RCC,,885612480.0,2025-01-02,2025-02-27,2025-01-02,2025-02-27,2025-01-02,,100
1.1.2.1.1.2,Excavation from NGL to 2m,,,Civil Works- RCC,NTA RCC,NTA RCC,,231304686.0,2025-01-08,2025-02-27,2025-01-08,2025-02-27,2025-01-08,,100
1.1.2.1.1.3,Plank installation & anchoring till 2m,,,Civil Works- RCC,NTA RCC,NTA RCC,,664209360.0,2025-01-10,2025-03-30,2025-01-10,2025-03-30,2025-01-10,,100
1.1.2.1.2,2 mts till 4 mts,,,,,,,,2025-01-20,2025-03-20,,,2025-01-20,,
1.1.2.1.2.1,Excavation from 2m till 4m,,,Civil Works- RCC,NTA RCC,NTA RCC,,231304686.0,2025-01-31,2025-03-20,2025-01-31,2025-03-20,2025-01-31,,100
1.1.2.1.2.2,Plank installation & anchoring - 2m till 4m,,,Civil Works- RCC,NTA RCC,NTA RCC,,664209360.0,2025-01-20,2025-03-18,2025-01-20,2025-03-18,2025-01-20,,100
1.1.2.1.3,4 mts till 6 mts,,,,,,,,2025-03-09,2025-06-05,,,2025-03-09,,
1.1.2.1.3.1,Excavation from 4m to 6m,,,Civil Works- RCC,NTA RCC,NTA RCC,,231304686.0,2025-03-09,2025-06-05,2025-03-09,2025-06-05,2025-03-09,,100
1.1.2.1.3.2,Plank installation & anchoring - 4m till 6m,,,Civil Works- RCC,NTA RCC,NTA RCC,,664209360.0,2025-03-14,2025-06-05,2025-03-14,2025-06-05,2025-03-14,,100
1.1.2.1.4,6 mts till 8 mts,,,,,,,,2025-03-25,2025-06-07,,,2025-04-09,,
1.1.2.1.4.1,Excavation from 6m to 8m,,,Civil Works- RCC,NTA RCC,NTA RCC,,231304686.0,2025-03-25,2025-06-07,2025-03-25,2025-06-07,2025-04-09,,100
1.1.2.1.4.2,Plank installation & anchoring - 6m till 8m,,,Civil Works- RCC,NTA RCC,NTA RCC,,664209360.0,2025-04-20,2025-06-07,2025-04-20,2025-06-07,2025-04-19,,100
1.1.2.1.5,8 mts till NTA footing bottom,,,,,,,,2025-03-09,2025-06-22,,,2025-04-26,,
1.1.2.1.5.1,Excavation from 8m to footing PCC bottom,,,Civil Works- RCC,NTA RCC,NTA RCC,,231304686.0,2025-03-09,2025-06-15,2025-03-09,2025-06-15,2025-04-26,,100
1.1.2.1.5.2,Plank installation & anchoring from 8m to footing PCC bottom,,,Civil Works- RCC,NTA RCC,NTA RCC,,664209360.0,2025-05-27,2025-06-19,2025-05-27,2025-06-19,2025-04-26,,100
1.1.2.1.5.3,Surface dressing & compaction for grade slab area,,,Civil Works- RCC,NTA RCC,NTA RCC,,221403120.0,2025-05-25,2025-06-22,2025-05-25,2025-06-22,2025-05-16,,100
1.1.2.1.6,NTA footing bottom till Raft footing bottom,,,,,,,,2025-02-20,2025-07-06,,,2025-05-14,,
1.1.2.1.6.1,TC & TB,,,Finishing,Miscellaneous,Misc,,136061580.0,2025-02-20,2025-05-04,2025-02-20,2025-05-04,2025-05-14,,100
1.1.2.1.6.2,TA,,,Finishing,Miscellaneous,Misc,,68030790.0,2025-06-13,2025-07-06,2025-06-13,2025-07-06,2025-05-19,,100
1.1.2.2,Phase 02 - Area for downramp & CEC for construction,,,,,,,,2026-04-17,2026-05-22,,,2026-04-26,,
1.1.2.2.1,Demolition of CEC,,,Finishing,Miscellaneous,Misc,,0.0,2026-04-17,2026-04-17,,,2026-04-26,,0
1.1.2.2.2,2 mts till 4 mts,,,Finishing,Miscellaneous,Misc,,759542333.333333,2026-04-18,2026-05-02,,,2026-04-27,,0
1.1.2.2.3,6 mts till 8 mts,,,Finishing,Miscellaneous,Misc,,759542333.333333,2026-05-03,2026-05-17,,,2026-05-12,,0
1.1.2.2.4,8 mts till NTA fotting bottom,,,Finishing,Miscellaneous,Misc,,759542333.333333,2026-05-08,2026-05-22,,,2026-05-17,,0
1.1.3,NTA works,,,,,,,,2025-07-13,2029-02-02,,,2025-05-10,,
1.1.3.1,RCC works,,,,,,,,2025-07-13,2028-03-24,,,2025-05-10,,
1.1.3.1.1,Phase 01 - Area excluding downramp for construction,,,,,,,,2025-07-13,2028-03-24,,,2025-05-10,,
1.1.3.1.1.1,Footings including grade slab,,,,,,,,2025-07-13,2027-01-28,,,2025-05-10,,
1.1.3.1.1.1.1,Excavation for isolated fottings of NTA,,,Civil Works- RCC,NTA RCC,NTA RCC,,216212400.0,2025-07-13,2026-03-12,2025-07-13,,2025-05-10,,14
1.1.3.1.1.1.2,ATT,,,Finishing,Miscellaneous,Misc,,235496820.0,2025-07-27,2026-07-06,2025-07-27,,2025-08-28,,6
1.1.3.1.1.1.3,PCC,,,Civil Works- RCC,RCC,Concreting,,799001388.0,2025-07-27,2026-07-14,2025-07-27,,2025-10-27,,20
1.1.3.1.1.1.4,Reinforcement,,,Civil Works- RCC,RCC,Reinforcement,,2845522224.0,2025-07-27,2026-07-10,2025-07-27,,2025-10-07,,6
1.1.3.1.1.1.5,Shuttering,,,Civil Works- RCC,RCC,Shuttering- Conventional,,833445945.9504,2025-10-23,2026-07-15,2025-10-23,,2025-09-17,,13
1.1.3.1.1.1.6,Concreting - B2 stitch slab,,Basement 2,Civil Works- RCC,RCC,Concreting,,2171354008.4544,2025-10-27,2027-01-28,2025-10-27,,2025-08-28,,34
1.1.3.1.1.2,Retaining walls - till 300mm below B1 slab bottom ,,,,,,,,2026-01-25,2026-10-13,,,2025-09-17,,
1.1.3.1.1.2.1,Reinforcement,,Basement 1,Civil Works- RCC,RCC,Reinforcement,,4446128475.0,2026-01-25,2026-06-23,,,2025-09-17,,0
1.1.3.1.1.2.2,Shuttering,,Basement 1,Civil Works- RCC,RCC,Shuttering- Conventional,,1302259290.5475,2026-05-15,2026-07-08,,,2025-09-17,,0
1.1.3.1.1.2.3,Concreting,,Basement 1,Civil Works- RCC,RCC,Concreting,,3392740638.21,2026-10-07,2026-10-13,,,2025-12-21,,0
1.1.3.1.1.3,B1 slab,,,,,,,,2027-02-03,2027-03-19,,,2025-12-28,,
1.1.3.1.1.3.1,Shuttering,,Basement 1,Civil Works- RCC,RCC,Shuttering- Conventional,,885536317.5723,2027-02-18,2027-03-19,,,2025-12-28,,0
1.1.3.1.1.3.2,Reinforcement,,Basement 1,Civil Works- RCC,RCC,Reinforcement,,3023367363.0,2027-02-03,2027-02-27,,,2026-01-12,,0
1.1.3.1.1.3.3,Concreting,,Basement 1,Civil Works- RCC,RCC,Concreting,,2307063633.9828,2027-02-28,2027-03-04,,,2026-03-08,,0
1.1.3.1.1.4,Retaining walls - B1 slab till 300mm below GF slab bottom ,,,,,,,,2027-03-06,2027-10-26,,,2025-10-29,,
1.1.3.1.1.4.1,Reinforcement,,Ground Floor,Civil Works- RCC,RCC,Reinforcement,,4446128475.0,2027-03-06,2027-06-03,,,2025-10-29,,0
1.1.3.1.1.4.2,Shuttering,,Ground Floor,Civil Works- RCC,RCC,Shuttering- Conventional,,1302259290.5475,2027-05-15,2027-08-12,,,2025-12-23,,0
1.1.3.1.1.4.3,Concreting,,Ground Floor,Civil Works- RCC,RCC,Concreting,,3392740638.21,2027-07-24,2027-10-26,,,2026-01-02,,0
1.1.3.1.1.5,Ground floor slab (NTA top),,,,,,,,2027-10-27,2028-03-24,,,2026-04-07,,
1.1.3.1.1.5.1,Shuttering,,Ground Floor,Civil Works- RCC,RCC,Shuttering- Conventional,,885536317.5723,2027-10-27,2028-01-29,,,2026-04-07,,0
1.1.3.1.1.5.2,Reinforcement,,Ground Floor,Civil Works- RCC,RCC,Reinforcement,,3023367363.0,2028-01-25,2028-03-19,,,2026-05-22,,0
1.1.3.1.1.5.3,Concreting,,Ground Floor,Civil Works- RCC,RCC,Concreting,,2307063633.9828,2028-03-20,2028-03-24,,,2026-07-16,,0
1.1.3.1.1.6,"W/P, Soldier piling de-stressing & backfilling",,,,,,,,2027-01-27,2027-06-01,,,2025-09-05,,
1.1.3.1.1.6.1,W/P of raft and retaining wall till 2nd level of anchoring,,,Finishing,Tower Civil Finishes,Waterproofing,,1676593440.0,2027-01-27,2027-03-02,,,2025-09-05,,0
1.1.3.1.1.6.2,Backfilling till 2nd level of anchoring,,,Civil Works- RCC,NTA RCC,NTA RCC,,1330109029.98,2027-02-20,2027-03-21,,,2025-09-29,,0
1.1.3.1.1.6.3,De-stressing of 2nd level of anchoring of soldier piling,,,Civil Works- RCC,NTA RCC,NTA RCC,,0.0,2027-03-10,2027-03-29,,,2025-10-17,,0
1.1.3.1.1.6.4,W/P of balance Retaining wall till B1 slab,,Basement 1,Finishing,Tower Civil Finishes,Waterproofing,,890690265.0,2027-03-20,2027-04-23,,,2025-10-27,,0
1.1.3.1.1.6.5,Backfilling till B1 slab,,Basement 1,Civil Works- RCC,NTA RCC,NTA RCC,,1330109029.98,2027-04-12,2027-05-01,,,2026-01-03,,0
1.1.3.1.1.6.6,De-stressing of top anchor of soldier piling,,,Civil Works- RCC,NTA RCC,NTA RCC,,0.0,2027-04-20,2027-05-09,,,2026-01-11,,0
1.1.3.1.1.6.7,Removal of soldier piles,,,Civil Works- RCC,NTA RCC,NTA RCC,,0.0,2027-04-28,2027-05-12,,,2026-01-19,,0
1.1.3.1.1.6.8,W/P of Retaining wall till NTA top,,,Finishing,Tower Civil Finishes,Waterproofing,,890690265.0,2027-05-03,2027-06-01,,,2026-01-24,,0
1.1.3.1.2,Phase 02 -Area for downramp & CEC for construction,,,,,,,,2026-06-22,2027-06-07,,,2025-06-21,,
1.1.3.1.2.1,Footings including grade slab,,,,,,,,2026-06-22,2026-08-03,,,2025-06-21,,
1.1.3.1.2.1.1,Excavation for isolated fottings of NTA,,,Civil Works- RCC,NTA RCC,NTA RCC,,32307600.0,2026-06-22,2026-06-26,,,2025-06-21,,0
1.1.3.1.2.1.2,ATT,,,Finishing,Miscellaneous,Misc,,35189180.0,2026-06-27,2026-07-01,,,2025-06-26,,0
1.1.3.1.2.1.3,PCC,,,Civil Works- RCC,RCC,Concreting,,119391012.0,2026-07-02,2026-07-06,,,2025-07-01,,0
1.1.3.1.2.1.4,Reinforcement,,,Civil Works- RCC,RCC,Reinforcement,,425192976.0,2026-07-07,2026-07-21,,,2025-07-06,,0
1.1.3.1.2.1.5,Shuttering,,,Civil Works- RCC,RCC,Shuttering- Conventional,,124537899.9696,2026-07-22,2026-07-31,,,2025-07-21,,0
1.1.3.1.2.1.6,Concreting - B2 slab,,Basement 2,Civil Works- RCC,RCC,Concreting,,324455196.6656,2026-08-01,2026-08-03,,,2025-07-31,,0
1.1.3.1.2.2,Retaining walls - till 300mm below B1 slab bottom,,,,,,,,2026-10-12,2027-01-14,,,2025-07-24,,
1.1.3.1.2.2.1,Reinforcement,,Basement 1,Civil Works- RCC,RCC,Reinforcement,,664364025.0,2026-10-12,2026-12-20,,,2025-07-24,,0
1.1.3.1.2.2.2,Shuttering,,Basement 1,Civil Works- RCC,RCC,Shuttering- Conventional,,194590468.7025,2026-12-16,2027-01-09,,,2025-08-13,,0
1.1.3.1.2.2.3,Concreting,,Basement 1,Civil Works- RCC,RCC,Concreting,,506961244.79,2027-01-05,2027-01-14,,,2025-09-02,,0
1.1.3.1.2.3,B1 slab,,,,,,,,2027-01-10,2027-02-28,,,2025-09-07,,
1.1.3.1.2.3.1,Shuttering,,Basement 1,Civil Works- RCC,RCC,Shuttering- Conventional,,132321518.7177,2027-01-10,2027-02-03,,,2025-09-07,,0
1.1.3.1.2.3.2,Reinforcement,,Basement 1,Civil Works- RCC,RCC,Reinforcement,,451767537.0,2027-01-30,2027-02-23,,,2025-09-27,,0
1.1.3.1.2.3.3,Concreting,,Basement 1,Civil Works- RCC,RCC,Concreting,,344733646.4572,2027-02-19,2027-02-28,,,2025-10-17,,0
1.1.3.1.2.4,Retaining walls - till 300mm below GF slab bottom,,,,,,,,2026-09-09,2027-04-17,,,2025-06-21,,
1.1.3.1.2.4.1,Reinforcement,,Ground Floor,Civil Works- RCC,RCC,Reinforcement,,664364025.0,2026-09-09,2027-04-11,,,2025-06-21,,0
1.1.3.1.2.4.2,Shuttering,,Ground Floor,Civil Works- RCC,RCC,Shuttering- Conventional,,194590468.7025,2026-10-03,2027-04-15,,,2025-07-15,,0
1.1.3.1.2.4.3,Concreting,,Ground Floor,Civil Works- RCC,RCC,Concreting,,506961244.79,2026-10-05,2027-04-17,,,2025-07-17,,0
1.1.3.1.2.5,GF slab (NTA top),,,,,,,,2026-10-06,2027-05-18,,,2025-07-18,,
1.1.3.1.2.5.1,Shuttering,,Ground Floor,Civil Works- RCC,RCC,Shuttering- Conventional,,132321518.7177,2026-10-06,2027-04-18,,,2025-07-18,,0
1.1.3.1.2.5.2,Reinforcement,,Ground Floor,Civil Works- RCC,RCC,Reinforcement,,451767537.0,2026-10-21,2027-05-03,,,2025-08-02,,0
1.1.3.1.2.5.3,Concreting,,Ground Floor,Civil Works- RCC,RCC,Concreting,,344733646.4572,2026-12-20,2027-05-18,,,2025-08-17,,0
1.1.3.1.2.6,"W/P, Soldier piling de-stressing & backfilling",,,,,,,,2026-10-07,2027-06-07,,,2025-07-19,,
1.1.3.1.2.6.1,W/P of retaining wall till 2nd level of anchoring,,,Finishing,Tower Civil Finishes,Waterproofing,,890690265.0,2026-10-07,2027-03-30,,,2025-07-19,,0
1.1.3.1.2.6.2,Backfilling till 2nd level of anchoring - B1 slab,,Basement 1,Civil Works- RCC,NTA RCC,NTA RCC,,198751924.02,2026-10-12,2027-04-04,,,2025-07-24,,0
1.1.3.1.2.6.3,De-stressing of 2nd level of anchoring of soldier piling,,,Civil Works- RCC,NTA RCC,NTA RCC,,0.0,2027-03-11,2027-04-07,,,2025-12-21,,0
1.1.3.1.2.6.4,W/P of balance Retaining wall till NTA slab,,,Finishing,Tower Civil Finishes,Waterproofing,,890690265.0,2027-01-19,2027-05-28,,,2025-09-16,,0
1.1.3.1.2.6.5,De-stressing of top anchor of soldier piling - 2m from NTA top,,,Civil Works- RCC,NTA RCC,NTA RCC,,0.0,2027-05-04,2027-05-31,,,2026-02-13,,0
1.1.3.1.2.6.6,Backfilling till NTA top slab,,,Civil Works- RCC,NTA RCC,NTA RCC,,198751924.02,2027-01-24,2027-06-02,,,2025-09-21,,0
1.1.3.1.2.6.7,Removal of soldier piles,,,Civil Works- RCC,NTA RCC,NTA RCC,,0.0,2027-05-19,2027-06-07,,,2026-02-28,,0
1.1.3.2,Finishing works,,,,,,,,2027-04-19,2029-02-02,,,2026-04-14,,
1.1.3.2.1,Phase 01 - Area excluding downramp for construction,,,,,,,,2027-04-19,2029-02-02,,,2026-04-27,,
1.1.3.2.1.1,Basement 2,,,,,,,,2027-04-19,2028-01-13,,,2026-04-27,,
1.1.3.2.1.1.1,Masonary work,,Basement 2,Finishing,Common area finishes,CA-Blockwork,,789874800.0,2027-04-19,2027-05-18,,,2026-04-27,,0
1.1.3.2.1.1.2,Structural steel,,Basement 2,Civil Works- RCC,RCC,Reinforcement,,147480000.0,2027-04-19,2027-06-02,,,2026-04-27,,0
1.1.3.2.1.1.3,Plaster,,Basement 2,Finishing,Common area finishes,CA-Int Plaster,,322440000.0,2027-05-19,2027-07-02,,,2026-05-27,,0
1.1.3.2.1.1.4,White Wash ,,Basement 2,Finishing,Common area finishes,CA-Paint,,330440000.0,2027-07-03,2027-08-01,,,2026-07-11,,0
1.1.3.2.1.1.5,VDF,,Basement 2,Finishing,Common area finishes,CA-Flooring,,970902304.0,2027-05-19,2027-08-16,,,2026-05-27,,0
1.1.3.2.1.1.6,Drain & Sump (incl. gratings),,Basement 2,MEP,Common area-MEP,CA-PHE,,225716032.0,2027-07-18,2027-10-15,,,2026-07-26,,0
1.1.3.2.1.1.7,Car parking marking,,Basement 2,Infra,Ext Infra,Ext Infra,,24000000.0,2027-10-16,2028-01-13,,,2026-10-24,,0
1.1.3.2.1.1.8,Signages,,Basement 2,MEP,BRM-Security,BRM-Security,,36000000.0,2027-07-23,2027-09-05,,,2026-07-31,,0
1.1.3.2.1.2,Basement 1,,,,,,,,2028-01-19,2029-02-02,,,2026-09-04,,
1.1.3.2.1.2.1,Masonary work,,Basement 1,Finishing,Common area finishes,CA-Blockwork,,789874800.0,2028-05-09,2028-06-07,,,2026-09-04,,0
1.1.3.2.1.2.2,Structural steel,,Basement 1,Civil Works- RCC,RCC,Reinforcement,,147480000.0,2028-05-09,2028-06-22,,,2026-09-04,,0
1.1.3.2.1.2.3,Plaster,,Basement 1,Finishing,Common area finishes,CA-Int Plaster,,322440000.0,2028-06-08,2028-07-22,,,2026-10-04,,0
1.1.3.2.1.2.4,White Wash ,,Basement 1,Finishing,Common area finishes,CA-Paint,,330440000.0,2028-07-23,2028-08-21,,,2027-01-02,,0
1.1.3.2.1.2.5,VDF,,Basement 1,Finishing,Common area finishes,CA-Flooring,,970902304.0,2028-06-08,2028-09-05,,,2026-10-04,,0
1.1.3.2.1.2.6,Drain & Sump (incl. gratings),,Basement 1,MEP,Common area-MEP,CA-PHE,,225716032.0,2028-08-07,2028-12-19,,,2027-01-17,,0
1.1.3.2.1.2.7,Car parking marking,,Basement 1,Infra,Ext Infra,Ext Infra,,24000000.0,2028-12-20,2029-02-02,,,2027-04-17,,0
1.1.3.2.1.2.8,Signages,,Basement 1,MEP,BRM-Security,BRM-Security,,36000000.0,2028-01-19,2028-03-03,,,2026-09-16,,0
1.1.3.2.2,Phase 02 - Area of downramp for construction,,,,,,,,2027-07-03,2028-02-07,,,2026-04-14,,
1.1.3.2.2.1,Masonary work,,,Finishing,Tower Civil Finishes,Blockwork,,394937400.0,2027-07-03,2027-07-27,,,2026-04-14,,0
1.1.3.2.2.2,Structural steel,,,Civil Works- RCC,RCC,Reinforcement,,73740000.0,2027-07-03,2027-07-27,,,2026-04-14,,0
1.1.3.2.2.3,Plaster,,,Finishing,Tower Civil Finishes,Int Plaster,,161220000.0,2027-07-28,2027-09-10,,,2026-05-09,,0
1.1.3.2.2.4,White Wash ,,,Finishing,Tower Finishing,Paint,,165220000.0,2027-09-11,2027-09-30,,,2026-06-23,,0
1.1.3.2.2.5,VDF,,,Finishing,Tower Finishing,Flooring,,485451152.0,2027-07-28,2027-09-25,,,2026-05-09,,0
1.1.3.2.2.6,Drain & Sump (incl. gratings),,,MEP,Tower MEP,Plumbing,,112858016.0,2027-08-27,2027-10-25,,,2026-06-08,,0
1.1.3.2.2.7,Car parking marking,,,Infra,Ext Infra,Ext Infra,,12000000.0,2027-09-26,2027-10-15,,,2026-07-08,,0
1.1.3.2.2.8,Signages,,,MEP,BRM-Security,BRM-Security,,18000000.0,2028-01-19,2028-02-07,,,2026-09-16,,0
1.1.3.3,"Tanks, DG & Trafo yard works",,,,,,,,2027-09-02,2028-07-19,,,2026-10-01,,
1.1.3.3.1,STP WTP RWH RW tanks & plant rooms works,,,,,,,,2027-09-02,2028-07-19,,,2026-10-01,,
1.1.3.3.1.1,STP Works incl pumping station,,,Infra,Ext Infra,STP,,490000000.0,2027-10-17,2028-04-28,,,2026-12-30,,0
1.1.3.3.1.2,WTP works incl Plant room,,,Infra,Ext Infra,WTP,,230000000.0,2027-10-17,2028-04-28,,,2026-12-30,,0
1.1.3.3.1.3,Raw water tank works,,,MEP,Ext MEP,Ext PHE,,100.0,2027-10-17,2028-04-28,,,2026-12-30,,0
1.1.3.3.1.4,Fire fighting tank works incl Plant room,,,MEP,Ext MEP,Ext Fire fighting & FAPA,,950000000.0,2028-02-21,2028-07-19,,,2027-03-22,,0
1.1.3.3.1.5,Rain water harvesting works incl Plant room,,,MEP,Ext MEP,Ext PHE,,257500000.0,2027-09-02,2028-03-14,,,2026-10-01,,0
1.1.3.3.2,DG & Trafo yard works,,,,,,,,2027-09-02,2028-05-13,,,2026-10-01,,
1.1.3.3.2.1,DG room (double height at Basement 2),,,,,,,,2027-09-02,2028-05-13,,,2026-10-01,,
1.1.3.3.2.1.1,DG installation works,,,,,,,,2027-09-02,2028-05-13,,,2026-10-01,,
1.1.3.3.2.1.1.1,DG foundation works,,Basement 2,MEP,Ext MEP,Ext Electrical,,100.0,2027-09-02,2027-09-16,,,2026-10-01,,0
1.1.3.3.2.1.1.2,DG room epoxy flooring,,Basement 2,MEP,Ext MEP,Ext Electrical,,436000000.0,2027-09-17,2027-09-26,,,2026-10-16,,0
1.1.3.3.2.1.1.3,DG room acoustics,,Basement 2,MEP,Ext MEP,Ext Electrical,,436000000.0,2027-09-17,2028-01-29,,,2026-10-16,,0
1.1.3.3.2.1.1.4,DG installation including day tank & motor,,Basement 2,MEP,Ext MEP,Ext Electrical,,1744000000.0,2027-09-27,2027-10-26,,,2026-10-26,,0
1.1.3.3.2.1.1.5,DG stack works including frame fabrication + frame erection + pipe erection + insulation wrapping + cladding (to be taken 1.5m above the highest point of the buidling),,Basement 2,MEP,Ext MEP,Ext Electrical,,654000000.0,2027-09-02,2028-05-13,,,2026-10-01,,0
1.1.3.3.2.1.1.6,DG earthing,,Basement 2,MEP,Ext MEP,Ext Electrical,,218000000.0,2027-10-20,2028-01-02,,,2027-01-02,,0
1.1.3.3.2.1.2,DG T&C,,,,,,,,2027-12-16,2028-04-30,,,2027-01-14,,
1.1.3.3.2.1.2.1,DG stack joint radiography,,Basement 2,MEP,Ext MEP,Ext Electrical,,87200000.0,2027-12-16,2028-03-24,,,2027-01-14,,0
1.1.3.3.2.1.2.2,DG sync panel installation,,Basement 2,MEP,Ext MEP,Ext Electrical,,436000000.0,2028-02-14,2028-03-14,,,2027-03-15,,0
1.1.3.3.2.1.2.3,DG cranking (DG standalone testing),,Basement 2,MEP,Ext MEP,Ext Electrical,,87200000.0,2028-03-25,2028-03-31,,,2027-04-24,,0
1.1.3.3.2.1.2.4,DG intergrated T&C with full load setting,,Basement 2,MEP,Ext MEP,Ext Electrical,,261600000.0,2028-04-01,2028-04-30,,,2027-05-01,,0
1.1.3.3.2.2,Transformer room & VCB (Basement 1),,,,,,,,2027-09-02,2028-04-15,,,2026-10-01,,
1.1.3.3.2.2.1,Transformer & HT panel installation works,,,,,,,,2027-09-02,2028-04-08,,,2026-10-01,,
1.1.3.3.2.2.1.1,Transformer foundation works,,Basement 1,MEP,Ext MEP,Ext Electrical,,100.0,2027-09-02,2027-09-16,,,2026-10-01,,0
1.1.3.3.2.2.1.2,Room epoxy flooring,,Basement 1,MEP,Ext MEP,Ext Electrical,,115000000.0,2027-09-17,2027-09-26,,,2026-10-16,,0
1.1.3.3.2.2.1.3,Room finishings,,Basement 1,MEP,Ext MEP,Ext Electrical,,115000000.0,2027-09-17,2027-10-16,,,2026-10-16,,0
1.1.3.3.2.2.1.4,Tranformer & HT / LT panels installation,,Basement 1,MEP,Ext MEP,Ext Electrical,,460000000.0,2027-09-27,2027-10-26,,,2026-10-26,,0
1.1.3.3.2.2.1.5,Transformer connection to HT / LT panels including cable laying ,,Basement 1,MEP,Ext MEP,Ext Electrical,,230000000.0,2027-10-27,2028-04-08,,,2027-01-09,,0
1.1.3.3.2.2.1.6,Equipment earthing,,Basement 1,MEP,Ext MEP,Ext Electrical,,115000000.0,2027-10-20,2028-01-02,,,2027-01-02,,0
1.1.3.3.2.2.2,Transformer T&C,,,,,,,,2028-03-10,2028-04-15,,,2027-04-09,,
1.1.3.3.2.2.2.1,HT / LT panel installation & terminations,,Basement 1,MEP,Ext MEP,Ext Electrical,,57500000.0,2028-03-10,2028-04-08,,,2027-04-09,,0
1.1.3.3.2.2.2.2,Panel charging,,Basement 1,MEP,Ext MEP,Ext Electrical,,57500000.0,2028-04-09,2028-04-15,,,2027-05-09,,0
1.1.3.4,Basement Services,,,,,,,,2027-08-27,2028-01-28,,,2026-06-08,,
1.1.3.4.1,Fire,,Basement,MEP,Common area-MEP,CA-Fire-fighting & FAPA,,3280000000.0,2027-08-27,2028-01-18,,,2026-06-08,,0
1.1.3.4.2,HVAC,,Basement,MEP,Common area-MEP,CA-HVAC,,510000000.0,2027-08-27,2028-01-18,,,2026-06-08,,0
1.1.3.4.3,Electrical,,Basement,MEP,Common area-MEP,CA-Electrical,,6000000000.0,2027-09-06,2028-01-28,,,2026-06-18,,0
1.1.3.5,Boundary wall works,,,,,,,,2027-09-19,2028-04-15,,,2026-10-18,,
1.1.3.5.1,Removal of Temporary barricading,,,Finishing,Miscellaneous,Misc,,360000000.0,2027-09-19,2028-01-01,,,2026-10-18,,0
1.1.3.5.2,Excavation works,,,Infra,Ext Infra,Ext Infra,,360000000.0,2027-09-24,2028-01-06,,,2026-10-23,,0
1.1.3.5.3,Foundation works,,,Infra,Ext Infra,Ext Infra,,900000000.0,2027-09-29,2028-01-26,,,2026-10-28,,0
1.1.3.5.4,Columns,,,Infra,Ext Infra,Ext Infra,,720000000.0,2027-10-19,2028-03-01,,,2027-01-01,,0
1.1.3.5.5,Boundary wall erection works,,,Infra,Ext Infra,Ext Infra,,1260000000.0,2028-01-07,2028-04-15,,,2027-02-05,,0
1.1.3.6,"Landscape works including Hardscaping, irrigation line installations, etc.",,,,,,,,2028-02-06,2028-10-12,,,2027-03-07,,
1.1.3.6.1,Landscape,,,Infra,Ext Infra,Ext Infra,,100.0,2028-02-06,2028-09-12,,,2027-03-07,,0
1.1.3.6.2,Hardscape,,,Infra,Ext Infra,Ext Infra,,19200000000.0,2028-02-06,2028-09-12,,,2027-03-07,,0
1.1.3.6.3,Softscape,,,Infra,Ext Infra,Ext Infra,,2800000000.0,2028-02-06,2028-10-02,,,2027-03-07,,0
1.1.3.6.4,External Services,,,,,,,,2028-02-06,2028-10-12,,,2027-03-07,,
1.1.3.6.4.1,PHE,,,MEP,Ext MEP,Ext PHE,,1100000000.0,2028-05-06,2028-10-12,,,2027-06-05,,0
1.1.3.6.4.2,Electrical,,,MEP,Ext MEP,Ext Electrical,,510000000.0,2028-05-06,2028-10-12,,,2027-06-05,,0
1.1.3.6.4.3,Fire,,,MEP,Ext MEP,Ext Fire fighting & FAPA,,386200000.0,2028-02-06,2028-09-02,,,2027-03-07,,0
1.1.4,Tower area,,,,,,,,2025-05-05,2029-09-06,,,2025-05-04,,
1.1.4.1,Tower A (2B+G+31),,,,,,,,2025-05-05,2029-08-10,,,2025-05-04,,
1.1.4.1.1,Sub structure Works,,,,,,,,2025-05-05,2026-05-11,,,2025-05-04,,
1.1.4.1.1.1,Soil bed preparation,,,,,,,,2025-05-05,2025-07-30,,,2025-05-04,,
1.1.4.1.1.1.1,Surface dressing,Tower A,,Civil Works- RCC,NTA RCC,NTA RCC,,10311400.0,2025-05-05,2025-05-05,2025-05-05,2025-05-05,2025-05-04,,100
1.1.4.1.1.1.2,ATT,Tower A,,Finishing,Miscellaneous,Misc,,39628500.0,2025-07-03,2025-07-28,2025-07-03,2025-07-28,2025-05-05,,100
1.1.4.1.1.1.3,PCC,Tower A,,Civil Works- RCC,RCC,Concreting,,171061200.0,2025-07-05,2025-07-30,2025-07-05,2025-07-30,2025-05-09,,100
1.1.4.1.1.2,RCC works,,,,,,,,2025-07-19,2026-02-10,,,2025-05-09,,
1.1.4.1.1.2.1,Raft including B2 slab,,,,,,,,2025-07-19,2026-01-20,,,2025-05-09,,
1.1.4.1.1.2.1.1,Reinforcement,Tower A,Basement 2,Civil Works- RCC,RCC,Reinforcement,,1295017200.0,2025-07-19,2025-09-19,2025-07-19,2025-09-19,2025-05-09,,100
1.1.4.1.1.2.1.2,Shuttering,Tower A,Basement 2,Civil Works- RCC,RCC,Shuttering- Conventional,,164030378.58,2025-08-11,2025-09-24,2025-08-11,2025-09-24,2025-05-10,,100
1.1.4.1.1.2.1.3,Concreting of Raft,Tower A,Basement 2,Civil Works- RCC,RCC,Concreting,,738465749.25,2025-09-15,2025-10-12,2025-09-15,2025-10-12,2025-05-12,,100
1.1.4.1.1.2.1.4,Column till bottom of B2 slab (stitch slab),Tower A,Basement 2,Civil Works- RCC,RCC,Concreting,,196924199.8,2025-09-24,2025-12-14,2025-09-24,,2025-05-12,,14
1.1.4.1.1.2.1.5,Backfilling till bottom of B2 slab,Tower A,Basement 2,Civil Works- RCC,NTA RCC,NTA RCC,,168466800.0,2025-09-18,2026-01-20,2025-09-18,,2025-05-20,,22
1.1.4.1.1.2.1.6,Reinforcement,Tower A,Basement 2,Civil Works- RCC,RCC,Reinforcement,,1840287600.0,2025-09-20,2026-01-12,2025-09-20,,2025-05-21,,86
1.1.4.1.1.2.1.7,Shuttering,Tower A,Basement 2,Civil Works- RCC,RCC,Shuttering- Conventional,,233095801.14,2025-10-06,2026-01-14,2025-10-06,,2025-05-29,,1
1.1.4.1.1.2.1.8,Concreting of B2 Slab,Tower A,Basement 2,Civil Works- RCC,RCC,Concreting,,1329238348.65,2026-01-13,2026-01-14,,,2025-06-12,,0
1.1.4.1.1.2.2,B1 slab,,,,,,,,2025-08-14,2025-12-31,,,2025-06-14,,
1.1.4.1.1.2.2.1,Shuttering,Tower A,Basement 1,Civil Works- RCC,RCC,Shuttering- Conventional,,233095801.14,2025-10-26,2025-12-20,2025-10-26,,2025-06-14,,17
1.1.4.1.1.2.2.2,Reinforcement,Tower A,Basement 1,Civil Works- RCC,RCC,Reinforcement,,1840287600.0,2025-10-12,2025-12-31,2025-10-12,,2025-06-18,,34
1.1.4.1.1.2.2.3,Concreting,Tower A,Basement 1,Civil Works- RCC,RCC,Concreting,,1329238348.65,2025-08-14,2025-10-30,2025-08-14,2025-10-30,2025-07-07,,100
1.1.4.1.1.2.3,Ground Floor Slab / NTA top (6.5 m height),,,,,,,,2025-11-01,2026-02-10,,,2025-07-09,,
1.1.4.1.1.2.3.1,Shuttering,Tower A,Ground Floor,Civil Works- RCC,RCC,Shuttering- Conventional,,233095801.14,2025-11-01,2026-02-07,,,2025-07-09,,0
1.1.4.1.1.2.3.2,Reinforcement,Tower A,Ground Floor,Civil Works- RCC,RCC,Reinforcement,,1840287600.0,2026-01-19,2026-02-10,,,2025-07-17,,0
1.1.4.1.1.2.3.3,Concreting,Tower A,Ground Floor,Civil Works- RCC,RCC,Concreting,,1329238348.65,2026-02-09,2026-02-10,,,2025-08-07,,0
1.1.4.1.1.3,Sub structure finishing works,,,,,,,,2025-11-04,2026-05-11,,,2025-07-10,,
1.1.4.1.1.3.1,Basement 2,,,,,,,,2025-11-04,2026-02-08,,,2025-07-19,,
1.1.4.1.1.3.1.1,Masonary,Tower A,Basement 2,Finishing,Common area finishes,CA-Blockwork,,208728489.333333,2025-12-16,2026-01-14,,,2025-08-23,,0
1.1.4.1.1.3.1.2,Structural steel,Tower A,Basement 2,Civil Works- RCC,RCC,Reinforcement,,0.0,2025-12-16,2026-01-04,,,2025-08-23,,0
1.1.4.1.1.3.1.3,Plaster,Tower A,Basement 2,Finishing,Common area finishes,CA-Int Plaster,,237149732.1375,2025-12-26,2026-01-04,,,2025-09-02,,0
1.1.4.1.1.3.1.4,White wash,Tower A,Basement 2,Finishing,Common area finishes,CA-Paint,,126475444.663167,2025-12-06,2026-01-04,,,2025-08-13,,0
1.1.4.1.1.3.1.5,VDF,Tower A,Basement 2,Finishing,Common area finishes,CA-Flooring,,455242166.283333,2025-11-07,2025-12-10,,,2025-07-29,,0
1.1.4.1.1.3.1.6,Drain & Sump (incl. gratings),Tower A,Basement 2,MEP,Common area-MEP,CA-PHE,,0.0,2025-11-04,2026-01-09,,,2025-07-19,,0
1.1.4.1.1.3.1.7,Car parking marking,Tower A,Basement 2,Infra,Ext Infra,Ext Infra,,0.0,2026-01-10,2026-02-08,,,2025-09-17,,0
1.1.4.1.1.3.1.8,Signages,Tower A,Basement 2,MEP,BRM-Security,BRM-Security,,0.0,2025-12-26,2026-01-24,,,2025-09-02,,0
1.1.4.1.1.3.2,Basement 1,,,,,,,,2026-01-12,2026-05-11,,,2025-07-10,,
1.1.4.1.1.3.2.1,Masonary,Tower A,Basement 1,Finishing,Common area finishes,CA-Blockwork,,208728489.333333,2026-03-28,2026-04-26,,,2025-09-23,,0
1.1.4.1.1.3.2.2,Structural steel,Tower A,Basement 1,Civil Works- RCC,RCC,Reinforcement,,0.0,2026-03-28,2026-04-26,,,2025-09-23,,0
1.1.4.1.1.3.2.3,Plaster,Tower A,Basement 1,Finishing,Common area finishes,CA-Int Plaster,,237149732.1375,2026-01-27,2026-02-25,,,2025-07-25,,0
1.1.4.1.1.3.2.4,White wash,Tower A,Basement 1,Finishing,Common area finishes,CA-Paint,,126475444.663167,2026-02-16,2026-03-17,,,2025-08-14,,0
1.1.4.1.1.3.2.5,VDF,Tower A,Basement 1,Finishing,Common area finishes,CA-Flooring,,455242166.283333,2026-01-12,2026-03-12,,,2025-07-10,,0
1.1.4.1.1.3.2.6,Drain & Sump (incl. gratings),Tower A,Basement 1,MEP,Common area-MEP,CA-PHE,,0.0,2026-02-11,2026-04-11,,,2025-08-09,,0
1.1.4.1.1.3.2.7,Car parking marking,Tower A,Basement 1,Infra,Ext Infra,Ext Infra,,0.0,2026-04-12,2026-05-11,,,2025-10-08,,0
1.1.4.1.1.3.2.8,Signages,Tower A,Basement 1,MEP,BRM-Security,BRM-Security,,0.0,2026-03-08,2026-04-06,,,2025-09-03,,0
1.1.4.1.2,Super structure works,,,,,,,,2026-02-11,2027-09-06,,,2025-08-09,,
1.1.4.1.2.1,RCC works,,,,,,,,2026-02-11,2027-09-06,,,2025-08-09,,
1.1.4.1.2.1.1,1st floor (Double ht),,,,,,,,2026-02-11,2026-03-21,,,2025-08-09,,
1.1.4.1.2.1.1.1,Reinforcement,Tower A,1st Floor,Civil Works- RCC,RCC,Reinforcement,,573701611.336765,2026-02-11,2026-03-14,,,2025-08-09,,0
1.1.4.1.2.1.1.2,Wall/slab conduiting,Tower A,1st Floor,MEP,Tower MEP,Electrical,,121694281.192647,2026-03-05,2026-03-14,,,2025-08-23,,0
1.1.4.1.2.1.1.3,Shuttering,Tower A,1st Floor,Civil Works- RCC,RCC,Shuttering- Conventional,,434622432.830882,2026-03-10,2026-03-19,,,2025-08-28,,0
1.1.4.1.2.1.1.4,Concreting,Tower A,1st Floor,Civil Works- RCC,RCC,Concreting,,608471405.963235,2026-03-20,2026-03-21,,,2025-09-07,,0
1.1.4.1.2.1.2,2nd floor,,,,,,,,2026-03-22,2026-04-09,,,2025-09-09,,
1.1.4.1.2.1.2.1,Reinforcement,Tower A,2nd Floor,Civil Works- RCC,RCC,Reinforcement,,573701611.336765,2026-03-22,2026-03-31,,,2025-09-09,,0
1.1.4.1.2.1.2.2,Wall/slab conduiting,Tower A,2nd Floor,MEP,Tower MEP,Electrical,,121694281.192647,2026-03-30,2026-04-06,,,2025-09-17,,0
1.1.4.1.2.1.2.3,Shuttering,Tower A,2nd Floor,Civil Works- RCC,RCC,Shuttering- Conventional,,434622432.830882,2026-03-30,2026-04-07,,,2025-09-17,,0
1.1.4.1.2.1.2.4,Concreting,Tower A,2nd Floor,Civil Works- RCC,RCC,Concreting,,608471405.963235,2026-04-08,2026-04-09,,,2025-09-26,,0
1.1.4.1.2.1.3,3rd floor,,,,,,,,2026-04-10,2026-05-09,,,2025-09-28,,
1.1.4.1.2.1.3.1,Reinforcement,Tower A,3rd Floor,Civil Works- RCC,RCC,Reinforcement,,476111050.741765,2026-04-10,2026-05-07,,,2025-09-28,,0
1.1.4.1.2.1.3.2,Wall/slab conduiting,Tower A,3rd Floor,MEP,Tower MEP,Electrical,,100993253.187647,2026-04-19,2026-05-07,,,2025-09-28,,0
1.1.4.1.2.1.3.3,Shuttering,Tower A,3rd Floor,Civil Works- RCC,RCC,Shuttering- Conventional,,360690189.955882,2026-04-19,2026-05-07,,,2025-09-28,,0
1.1.4.1.2.1.3.4,Concreting,Tower A,3rd Floor,Civil Works- RCC,RCC,Concreting,,504966265.938235,2026-05-08,2026-05-09,,,2025-10-17,,0
1.1.4.1.2.1.4,4th floor,,,,,,,,2026-05-10,2026-05-30,,,2025-10-19,,
1.1.4.1.2.1.4.1,Reinforcement,Tower A,4th Floor,Civil Works- RCC,RCC,Reinforcement,,476111050.741765,2026-05-10,2026-05-27,,,2025-10-19,,0
1.1.4.1.2.1.4.2,Wall/slab conduiting,Tower A,4th Floor,MEP,Tower MEP,Electrical,,100993253.187647,2026-05-16,2026-05-27,,,2025-10-19,,0
1.1.4.1.2.1.4.3,Shuttering,Tower A,4th Floor,Civil Works- RCC,RCC,Shuttering- Conventional,,360690189.955882,2026-05-16,2026-05-28,,,2025-10-19,,0
1.1.4.1.2.1.4.4,Concreting,Tower A,4th Floor,Civil Works- RCC,RCC,Concreting,,504966265.938235,2026-05-29,2026-05-30,,,2025-12-16,,0
1.1.4.1.2.1.5,5th floor,,,,,,,,2026-05-31,2026-06-10,,,2025-12-18,,
1.1.4.1.2.1.5.1,Reinforcement,Tower A,5th Floor,Civil Works- RCC,RCC,Reinforcement,,476111051.0,2026-05-31,2026-06-07,,,2025-12-18,,0
1.1.4.1.2.1.5.2,Wall/slab conduiting,Tower A,5th Floor,MEP,Tower MEP,Electrical,,100993253.0,2026-06-03,2026-06-07,,,2025-12-18,,0
1.1.4.1.2.1.5.3,Shuttering,Tower A,5th Floor,Civil Works- RCC,RCC,Shuttering- Conventional,,360690190.0,2026-06-03,2026-06-08,,,2025-12-18,,0
1.1.4.1.2.1.5.4,Concreting,Tower A,5th Floor,Civil Works- RCC,RCC,Concreting,,504966200.0,2026-06-09,2026-06-10,,,2025-12-25,,0
1.1.4.1.2.1.6,6th floor,,,,,,,,2026-06-11,2026-06-23,,,2025-12-27,,
1.1.4.1.2.1.6.1,Reinforcement,Tower A,6th Floor,Civil Works- RCC,RCC,Reinforcement,,476111051.0,2026-06-11,2026-06-19,,,2025-12-27,,0
1.1.4.1.2.1.6.2,Wall/slab conduiting,Tower A,6th Floor,MEP,Tower MEP,Electrical,,100993253.0,2026-06-15,2026-06-19,,,2025-12-27,,0
1.1.4.1.2.1.6.3,Shuttering,Tower A,6th Floor,Civil Works- RCC,RCC,Shuttering- Conventional,,360690190.0,2026-06-15,2026-06-21,,,2025-12-27,,0
1.1.4.1.2.1.6.4,Concreting,Tower A,6th Floor,Civil Works- RCC,RCC,Concreting,,504966200.0,2026-06-22,2026-06-23,,,2026-01-03,,0
1.1.4.1.2.1.7,7th floor,,,,,,,,2026-06-24,2026-07-06,,,2026-01-05,,
1.1.4.1.2.1.7.1,Reinforcement,Tower A,7th Floor,Civil Works- RCC,RCC,Reinforcement,,476111051.0,2026-06-24,2026-07-02,,,2026-01-05,,0
1.1.4.1.2.1.7.2,Wall/slab conduiting,Tower A,7th Floor,MEP,Tower MEP,Electrical,,100993253.0,2026-06-28,2026-07-02,,,2026-01-05,,0
1.1.4.1.2.1.7.3,Shuttering,Tower A,7th Floor,Civil Works- RCC,RCC,Shuttering- Conventional,,360690190.0,2026-06-28,2026-07-04,,,2026-01-05,,0
1.1.4.1.2.1.7.4,Concreting,Tower A,7th Floor,Civil Works- RCC,RCC,Concreting,,504966266.0,2026-07-05,2026-07-06,,,2026-01-12,,0
1.1.4.1.2.1.8,8th floor,,,,,,,,2026-07-07,2026-07-19,,,2026-01-14,,
1.1.4.1.2.1.8.1,Reinforcement,Tower A,8th Floor,Civil Works- RCC,RCC,Reinforcement,,476111051.0,2026-07-07,2026-07-15,,,2026-01-14,,0
1.1.4.1.2.1.8.2,Wall/slab conduiting,Tower A,8th Floor,MEP,Tower MEP,Electrical,,100993253.0,2026-07-11,2026-07-15,,,2026-01-14,,0
1.1.4.1.2.1.8.3,Shuttering,Tower A,8th Floor,Civil Works- RCC,RCC,Shuttering- Conventional,,360690190.0,2026-07-11,2026-07-17,,,2026-01-14,,0
1.1.4.1.2.1.8.4,Concreting,Tower A,8th Floor,Civil Works- RCC,RCC,Concreting,,504966266.0,2026-07-18,2026-07-19,,,2026-01-21,,0
1.1.4.1.2.1.9,9th floor,,,,,,,,2026-07-20,2026-08-01,,,2026-01-23,,
1.1.4.1.2.1.9.1,Reinforcement,Tower A,9th Floor,Civil Works- RCC,RCC,Reinforcement,,476111051.0,2026-07-20,2026-07-28,,,2026-01-23,,0
1.1.4.1.2.1.9.2,Wall/slab conduiting,Tower A,9th Floor,MEP,Tower MEP,Electrical,,100993253.0,2026-07-24,2026-07-28,,,2026-01-23,,0
1.1.4.1.2.1.9.3,Shuttering,Tower A,9th Floor,Civil Works- RCC,RCC,Shuttering- Conventional,,360690190.0,2026-07-24,2026-07-30,,,2026-01-23,,0
1.1.4.1.2.1.9.4,Concreting,Tower A,9th Floor,Civil Works- RCC,RCC,Concreting,,504966266.0,2026-07-31,2026-08-01,,,2026-01-30,,0
1.1.4.1.2.1.10,10th floor,,,,,,,,2026-08-02,2026-08-14,,,2026-02-01,,
1.1.4.1.2.1.10.1,Reinforcement,Tower A,10th Floor,Civil Works- RCC,RCC,Reinforcement,,476111051.0,2026-08-02,2026-08-10,,,2026-02-01,,0
1.1.4.1.2.1.10.2,Wall/slab conduiting,Tower A,10th Floor,MEP,Tower MEP,Electrical,,100993253.0,2026-08-06,2026-08-10,,,2026-02-01,,0
1.1.4.1.2.1.10.3,Shuttering,Tower A,10th Floor,Civil Works- RCC,RCC,Shuttering- Conventional,,360690190.0,2026-08-06,2026-08-12,,,2026-02-01,,0
1.1.4.1.2.1.10.4,Concreting,Tower A,10th Floor,Civil Works- RCC,RCC,Concreting,,504966266.0,2026-08-13,2026-08-14,,,2026-02-08,,0
1.1.4.1.2.1.11,11th floor,,,,,,,,2026-08-15,2026-08-27,,,2026-02-10,,
1.1.4.1.2.1.11.1,Reinforcement,Tower A,11th Floor,Civil Works- RCC,RCC,Reinforcement,,476111051.0,2026-08-15,2026-08-23,,,2026-02-10,,0
1.1.4.1.2.1.11.2,Wall/slab conduiting,Tower A,11th Floor,MEP,Tower MEP,Electrical,,100993253.0,2026-08-19,2026-08-23,,,2026-02-10,,0
1.1.4.1.2.1.11.3,Shuttering,Tower A,11th Floor,Civil Works- RCC,RCC,Shuttering- Conventional,,360690190.0,2026-08-19,2026-08-25,,,2026-02-10,,0
1.1.4.1.2.1.11.4,Concreting,Tower A,11th Floor,Civil Works- RCC,RCC,Concreting,,504966266.0,2026-08-26,2026-08-27,,,2026-02-17,,0
1.1.4.1.2.1.12,12th floor,,,,,,,,2026-08-28,2026-09-09,,,2026-02-19,,
1.1.4.1.2.1.12.1,Reinforcement,Tower A,12th Floor,Civil Works- RCC,RCC,Reinforcement,,476111051.0,2026-08-28,2026-09-05,,,2026-02-19,,0
1.1.4.1.2.1.12.2,Wall/slab conduiting,Tower A,12th Floor,MEP,Tower MEP,Electrical,,100993253.0,2026-09-01,2026-09-05,,,2026-02-19,,0
1.1.4.1.2.1.12.3,Shuttering,Tower A,12th Floor,Civil Works- RCC,RCC,Shuttering- Conventional,,360690190.0,2026-09-01,2026-09-07,,,2026-02-19,,0
1.1.4.1.2.1.12.4,Concreting,Tower A,12th Floor,Civil Works- RCC,RCC,Concreting,,504966266.0,2026-09-08,2026-09-09,,,2026-02-26,,0
1.1.4.1.2.1.13,13th floor,,,,,,,,2026-09-10,2026-09-22,,,2026-02-28,,
1.1.4.1.2.1.13.1,Reinforcement,Tower A,13th Floor,Civil Works- RCC,RCC,Reinforcement,,476111051.0,2026-09-10,2026-09-18,,,2026-02-28,,0
1.1.4.1.2.1.13.2,Wall/slab conduiting,Tower A,13th Floor,MEP,Tower MEP,Electrical,,100993253.0,2026-09-14,2026-09-18,,,2026-02-28,,0
1.1.4.1.2.1.13.3,Shuttering,Tower A,13th Floor,Civil Works- RCC,RCC,Shuttering- Conventional,,360690190.0,2026-09-14,2026-09-20,,,2026-02-28,,0
1.1.4.1.2.1.13.4,Concreting,Tower A,13th Floor,Civil Works- RCC,RCC,Concreting,,504966266.0,2026-09-21,2026-09-22,,,2026-03-07,,0
1.1.4.1.2.1.14,14th floor,,,,,,,,2026-09-23,2026-10-05,,,2026-03-09,,
1.1.4.1.2.1.14.1,Reinforcement,Tower A,14th Floor,Civil Works- RCC,RCC,Reinforcement,,476111051.0,2026-09-23,2026-10-01,,,2026-03-09,,0
1.1.4.1.2.1.14.2,Wall/slab conduiting,Tower A,14th Floor,MEP,Tower MEP,Electrical,,100993253.0,2026-09-27,2026-10-01,,,2026-03-09,,0
1.1.4.1.2.1.14.3,Shuttering,Tower A,14th Floor,Civil Works- RCC,RCC,Shuttering- Conventional,,360690190.0,2026-09-27,2026-10-03,,,2026-03-09,,0
1.1.4.1.2.1.14.4,Concreting,Tower A,14th Floor,Civil Works- RCC,RCC,Concreting,,504966266.0,2026-10-04,2026-10-05,,,2026-03-16,,0
1.1.4.1.2.1.15,15th floor,,,,,,,,2026-10-06,2026-10-18,,,2026-03-18,,
1.1.4.1.2.1.15.1,Reinforcement,Tower A,15th Floor,Civil Works- RCC,RCC,Reinforcement,,476111051.0,2026-10-06,2026-10-14,,,2026-03-18,,0
1.1.4.1.2.1.15.2,Wall/slab conduiting,Tower A,15th Floor,MEP,Tower MEP,Electrical,,100993253.0,2026-10-10,2026-10-14,,,2026-03-18,,0
1.1.4.1.2.1.15.3,Shuttering,Tower A,15th Floor,Civil Works- RCC,RCC,Shuttering- Conventional,,360690190.0,2026-10-10,2026-10-16,,,2026-03-18,,0
1.1.4.1.2.1.15.4,Concreting,Tower A,15th Floor,Civil Works- RCC,RCC,Concreting,,504966266.0,2026-10-17,2026-10-18,,,2026-03-25,,0
1.1.4.1.2.1.16,16th floor,,,,,,,,2026-10-19,2026-10-31,,,2026-03-27,,
1.1.4.1.2.1.16.1,Reinforcement,Tower A,16th Floor,Civil Works- RCC,RCC,Reinforcement,,476111051.0,2026-10-19,2026-10-27,,,2026-03-27,,0
1.1.4.1.2.1.16.2,Wall/slab conduiting,Tower A,16th Floor,MEP,Tower MEP,Electrical,,100993253.0,2026-10-23,2026-10-27,,,2026-03-27,,0
1.1.4.1.2.1.16.3,Shuttering,Tower A,16th Floor,Civil Works- RCC,RCC,Shuttering- Conventional,,360690190.0,2026-10-23,2026-10-29,,,2026-03-27,,0
1.1.4.1.2.1.16.4,Concreting,Tower A,16th Floor,Civil Works- RCC,RCC,Concreting,,504966266.0,2026-10-30,2026-10-31,,,2026-04-03,,0
1.1.4.1.2.1.17,17th floor - Refuge Floor,,,,,,,,2026-12-16,2027-01-02,,,2026-04-05,,
1.1.4.1.2.1.17.1,Reinforcement,Tower A,17th Floor,Civil Works- RCC,RCC,Reinforcement,,476111051.0,2026-12-16,2026-12-31,,,2026-04-05,,0
1.1.4.1.2.1.17.2,Wall/slab conduiting,Tower A,17th Floor,MEP,Tower MEP,Electrical,,100993253.0,2026-12-23,2026-12-31,,,2026-04-06,,0
1.1.4.1.2.1.17.3,Shuttering,Tower A,17th Floor,Civil Works- RCC,RCC,Shuttering- Conventional,,360690190.0,2026-12-23,2026-12-31,,,2026-04-06,,0
1.1.4.1.2.1.17.4,Concreting,Tower A,17th Floor,Civil Works- RCC,RCC,Concreting,,504966266.0,2027-01-01,2027-01-02,,,2026-04-15,,0
1.1.4.1.2.1.18,18th floor,,,,,,,,2027-01-03,2027-01-15,,,2026-04-17,,
1.1.4.1.2.1.18.1,Reinforcement,Tower A,18th Floor,Civil Works- RCC,RCC,Reinforcement,,476111051.0,2027-01-03,2027-01-11,,,2026-04-17,,0
1.1.4.1.2.1.18.2,Wall/slab conduiting,Tower A,18th Floor,MEP,Tower MEP,Electrical,,100993253.0,2027-01-07,2027-01-11,,,2026-04-17,,0
1.1.4.1.2.1.18.3,Shuttering,Tower A,18th Floor,Civil Works- RCC,RCC,Shuttering- Conventional,,360690190.0,2027-01-07,2027-01-13,,,2026-04-17,,0
1.1.4.1.2.1.18.4,Concreting,Tower A,18th Floor,Civil Works- RCC,RCC,Concreting,,504966266.0,2027-01-14,2027-01-15,,,2026-04-24,,0
1.1.4.1.2.1.19,19th floor,,,,,,,,2027-01-16,2027-01-27,,,2026-04-26,,
1.1.4.1.2.1.19.1,Reinforcement,Tower A,19th Floor,Civil Works- RCC,RCC,Reinforcement,,476111051.0,2027-01-16,2027-01-25,,,2026-04-26,,0
1.1.4.1.2.1.19.2,Wall/slab conduiting,Tower A,19th Floor,MEP,Tower MEP,Electrical,,100993253.0,2027-01-20,2027-01-25,,,2026-04-26,,0
1.1.4.1.2.1.19.3,Shuttering,Tower A,19th Floor,Civil Works- RCC,RCC,Shuttering- Conventional,,360690190.0,2027-01-20,2027-01-25,,,2026-04-26,,0
1.1.4.1.2.1.19.4,Concreting,Tower A,19th Floor,Civil Works- RCC,RCC,Concreting,,504966266.0,2027-01-26,2027-01-27,,,2026-05-02,,0
1.1.4.1.2.1.20,20th floor,,,,,,,,2027-01-28,2027-02-08,,,2026-05-04,,
1.1.4.1.2.1.20.1,Reinforcement,Tower A,20th Floor,Civil Works- RCC,RCC,Reinforcement,,476111051.0,2027-01-28,2027-02-06,,,2026-05-04,,0
1.1.4.1.2.1.20.2,Wall/slab conduiting,Tower A,20th Floor,MEP,Tower MEP,Electrical,,100993253.0,2027-02-01,2027-02-06,,,2026-05-04,,0
1.1.4.1.2.1.20.3,Shuttering,Tower A,20th Floor,Civil Works- RCC,RCC,Shuttering- Conventional,,360690190.0,2027-02-01,2027-02-06,,,2026-05-04,,0
1.1.4.1.2.1.20.4,Concreting,Tower A,20th Floor,Civil Works- RCC,RCC,Concreting,,504966266.0,2027-02-07,2027-02-08,,,2026-05-10,,0
1.1.4.1.2.1.21,21st floor,,,,,,,,2027-02-09,2027-02-20,,,2026-05-12,,
1.1.4.1.2.1.21.1,Reinforcement,Tower A,21st Floor,Civil Works- RCC,RCC,Reinforcement,,476111051.0,2027-02-09,2027-02-18,,,2026-05-12,,0
1.1.4.1.2.1.21.2,Wall/slab conduiting,Tower A,21st Floor,MEP,Tower MEP,Electrical,,100993253.0,2027-02-13,2027-02-18,,,2026-05-12,,0
1.1.4.1.2.1.21.3,Shuttering,Tower A,21st Floor,Civil Works- RCC,RCC,Shuttering- Conventional,,360690190.0,2027-02-13,2027-02-18,,,2026-05-12,,0
1.1.4.1.2.1.21.4,Concreting,Tower A,21st Floor,Civil Works- RCC,RCC,Concreting,,504966266.0,2027-02-19,2027-02-20,,,2026-05-18,,0
1.1.4.1.2.1.22,22nd floor,,,,,,,,2027-02-21,2027-03-04,,,2026-05-20,,
1.1.4.1.2.1.22.1,Reinforcement,Tower A,22nd Floor,Civil Works- RCC,RCC,Reinforcement,,476111051.0,2027-02-21,2027-03-02,,,2026-05-20,,0
1.1.4.1.2.1.22.2,Wall/slab conduiting,Tower A,22nd Floor,MEP,Tower MEP,Electrical,,100993253.0,2027-02-25,2027-03-02,,,2026-05-20,,0
1.1.4.1.2.1.22.3,Shuttering,Tower A,22nd Floor,Civil Works- RCC,RCC,Shuttering- Conventional,,360690190.0,2027-02-25,2027-03-02,,,2026-05-20,,0
1.1.4.1.2.1.22.4,Concreting,Tower A,22nd Floor,Civil Works- RCC,RCC,Concreting,,504966266.0,2027-03-03,2027-03-04,,,2026-05-26,,0
1.1.4.1.2.1.23,23rd floor,,,,,,,,2027-03-05,2027-03-16,,,2026-05-28,,
1.1.4.1.2.1.23.1,Reinforcement,Tower A,23rd Floor,Civil Works- RCC,RCC,Reinforcement,,476111051.0,2027-03-05,2027-03-14,,,2026-05-28,,0
1.1.4.1.2.1.23.2,Wall/slab conduiting,Tower A,23rd Floor,MEP,Tower MEP,Electrical,,100993253.0,2027-03-09,2027-03-14,,,2026-05-28,,0
1.1.4.1.2.1.23.3,Shuttering,Tower A,23rd Floor,Civil Works- RCC,RCC,Shuttering- Conventional,,360690190.0,2027-03-09,2027-03-14,,,2026-05-28,,0
1.1.4.1.2.1.23.4,Concreting,Tower A,23rd Floor,Civil Works- RCC,RCC,Concreting,,504966266.0,2027-03-15,2027-03-16,,,2026-06-03,,0
1.1.4.1.2.1.24,24th floor,,,,,,,,2027-03-17,2027-03-28,,,2026-06-05,,
1.1.4.1.2.1.24.1,Reinforcement,Tower A,24th Floor,Civil Works- RCC,RCC,Reinforcement,,476111051.0,2027-03-17,2027-03-26,,,2026-06-05,,0
1.1.4.1.2.1.24.2,Wall/slab conduiting,Tower A,24th Floor,MEP,Tower MEP,Electrical,,100993253.0,2027-03-21,2027-03-26,,,2026-06-05,,0
1.1.4.1.2.1.24.3,Shuttering,Tower A,24th Floor,Civil Works- RCC,RCC,Shuttering- Conventional,,360690190.0,2027-03-21,2027-03-26,,,2026-06-05,,0
1.1.4.1.2.1.24.4,Concreting,Tower A,24th Floor,Civil Works- RCC,RCC,Concreting,,504966266.0,2027-03-27,2027-03-28,,,2026-06-11,,0
1.1.4.1.2.1.25,25th floor - Refuge Floor,,,,,,,,2027-03-29,2027-04-15,,,2026-06-13,,
1.1.4.1.2.1.25.1,Reinforcement,Tower A,25th Floor,Civil Works- RCC,RCC,Reinforcement,,476111051.0,2027-03-29,2027-04-13,,,2026-06-13,,0
1.1.4.1.2.1.25.2,Wall/slab conduiting,Tower A,25th Floor,MEP,Tower MEP,Electrical,,100993253.0,2027-04-05,2027-04-10,,,2026-06-14,,0
1.1.4.1.2.1.25.3,Shuttering,Tower A,25th Floor,Civil Works- RCC,RCC,Shuttering- Conventional,,360690190.0,2027-04-05,2027-04-12,,,2026-06-14,,0
1.1.4.1.2.1.25.4,Concreting,Tower A,25th Floor,Civil Works- RCC,RCC,Concreting,,504966266.0,2027-04-14,2027-04-15,,,2026-06-23,,0
1.1.4.1.2.1.26,26th floor,,,,,,,,2027-04-16,2027-04-27,,,2026-06-25,,
1.1.4.1.2.1.26.1,Reinforcement,Tower A,26th Floor,Civil Works- RCC,RCC,Reinforcement,,476111051.0,2027-04-16,2027-04-25,,,2026-06-25,,0
1.1.4.1.2.1.26.2,Wall/slab conduiting,Tower A,26th Floor,MEP,Tower MEP,Electrical,,100993253.0,2027-04-20,2027-04-25,,,2026-06-25,,0
1.1.4.1.2.1.26.3,Shuttering,Tower A,26th Floor,Civil Works- RCC,RCC,Shuttering- Conventional,,360690190.0,2027-04-20,2027-04-25,,,2026-06-25,,0
1.1.4.1.2.1.26.4,Concreting,Tower A,26th Floor,Civil Works- RCC,RCC,Concreting,,504966266.0,2027-04-26,2027-04-27,,,2026-07-01,,0
1.1.4.1.2.1.27,27th floor,,,,,,,,2027-04-28,2027-05-09,,,2026-07-03,,
1.1.4.1.2.1.27.1,Reinforcement,Tower A,27th Floor,Civil Works- RCC,RCC,Reinforcement,,476111051.0,2027-04-28,2027-05-07,,,2026-07-03,,0
1.1.4.1.2.1.27.2,Wall/slab conduiting,Tower A,27th Floor,MEP,Tower MEP,Electrical,,100993253.0,2027-05-02,2027-05-07,,,2026-07-03,,0
1.1.4.1.2.1.27.3,Shuttering,Tower A,27th Floor,Civil Works- RCC,RCC,Shuttering- Conventional,,360690190.0,2027-05-02,2027-05-07,,,2026-07-03,,0
1.1.4.1.2.1.27.4,Concreting,Tower A,27th Floor,Civil Works- RCC,RCC,Concreting,,504966266.0,2027-05-08,2027-05-09,,,2026-07-09,,0
1.1.4.1.2.1.28,28th floor,,,,,,,,2027-05-10,2027-05-21,,,2026-07-11,,
1.1.4.1.2.1.28.1,Reinforcement,Tower A,28th Floor,Civil Works- RCC,RCC,Reinforcement,,476111051.0,2027-05-10,2027-05-19,,,2026-07-11,,0
1.1.4.1.2.1.28.2,Wall/slab conduiting,Tower A,28th Floor,MEP,Tower MEP,Electrical,,100993253.0,2027-05-14,2027-05-19,,,2026-07-11,,0
1.1.4.1.2.1.28.3,Shuttering,Tower A,28th Floor,Civil Works- RCC,RCC,Shuttering- Conventional,,360690190.0,2027-05-14,2027-05-19,,,2026-07-11,,0
1.1.4.1.2.1.28.4,Concreting,Tower A,28th Floor,Civil Works- RCC,RCC,Concreting,,504966266.0,2027-05-20,2027-05-21,,,2026-07-17,,0
1.1.4.1.2.1.29,29th floor,,,,,,,,2027-05-22,2027-06-02,,,2026-07-19,,
1.1.4.1.2.1.29.1,Reinforcement,Tower A,29th Floor,Civil Works- RCC,RCC,Reinforcement,,476111051.0,2027-05-22,2027-05-31,,,2026-07-19,,0
1.1.4.1.2.1.29.2,Wall/slab conduiting,Tower A,29th Floor,MEP,Tower MEP,Electrical,,100993253.0,2027-05-26,2027-05-31,,,2026-07-19,,0
1.1.4.1.2.1.29.3,Shuttering,Tower A,29th Floor,Civil Works- RCC,RCC,Shuttering- Conventional,,360690190.0,2027-05-26,2027-05-31,,,2026-07-19,,0
1.1.4.1.2.1.29.4,Concreting,Tower A,29th Floor,Civil Works- RCC,RCC,Concreting,,504966266.0,2027-06-01,2027-06-02,,,2026-07-25,,0
1.1.4.1.2.1.30,30th floor,,,,,,,,2027-06-03,2027-06-14,,,2026-07-27,,
1.1.4.1.2.1.30.1,Reinforcement,Tower A,30th Floor,Civil Works- RCC,RCC,Reinforcement,,476111051.0,2027-06-03,2027-06-12,,,2026-07-27,,0
1.1.4.1.2.1.30.2,Wall/slab conduiting,Tower A,30th Floor,MEP,Tower MEP,Electrical,,100993253.0,2027-06-07,2027-06-12,,,2026-07-27,,0
1.1.4.1.2.1.30.3,Shuttering,Tower A,30th Floor,Civil Works- RCC,RCC,Shuttering- Conventional,,360690190.0,2027-06-07,2027-06-12,,,2026-07-27,,0
1.1.4.1.2.1.30.4,Concreting,Tower A,30th Floor,Civil Works- RCC,RCC,Concreting,,504966266.0,2027-06-13,2027-06-14,,,2026-08-02,,0
1.1.4.1.2.1.31,31st floor,,,,,,,,2027-06-15,2027-06-28,,,2026-08-04,,
1.1.4.1.2.1.31.1,Reinforcement,Tower A,31st Floor,Civil Works- RCC,RCC,Reinforcement,,476111051.0,2027-06-15,2027-06-24,,,2026-08-04,,0
1.1.4.1.2.1.31.2,Wall/slab conduiting,Tower A,31st Floor,MEP,Tower MEP,Electrical,,100993253.0,2027-06-19,2027-06-24,,,2026-08-04,,0
1.1.4.1.2.1.31.3,Shuttering,Tower A,31st Floor,Civil Works- RCC,RCC,Shuttering- Conventional,,360690190.0,2027-06-19,2027-06-26,,,2026-08-04,,0
1.1.4.1.2.1.31.4,Concreting,Tower A,31st Floor,Civil Works- RCC,RCC,Concreting,,504966266.0,2027-06-27,2027-06-28,,,2026-08-12,,0
1.1.4.1.2.1.32,Terrace floor,,,,,,,,2027-06-29,2027-07-23,,,2026-08-14,,
1.1.4.1.2.1.32.1,Reinforcement,Tower A,Terrace,Civil Works- RCC,RCC,Reinforcement,,476111051.0,2027-06-29,2027-07-21,,,2026-08-14,,0
1.1.4.1.2.1.32.2,Wall/slab conduiting,Tower A,Terrace,MEP,Common area-MEP,CA-Electrical,,100993253.0,2027-07-01,2027-07-20,,,2026-08-16,,0
1.1.4.1.2.1.32.3,Shuttering,Tower A,Terrace,Civil Works- RCC,RCC,Shuttering- Conventional,,360690190.0,2027-07-01,2027-07-20,,,2026-08-16,,0
1.1.4.1.2.1.32.4,Concreting,Tower A,Terrace,Civil Works- RCC,RCC,Concreting,,504966266.0,2027-07-22,2027-07-23,,,2026-09-06,,0
1.1.4.1.2.1.33,"LMR, OHT & Mumty",,,,,,,,2027-07-24,2027-09-06,,,2026-09-08,,
1.1.4.1.2.1.33.1,Reinforcement,Tower A,,Civil Works- RCC,RCC,Reinforcement,,476111051.0,2027-07-24,2027-09-02,,,2026-09-08,,0
1.1.4.1.2.1.33.2,Wall conduiting,Tower A,,MEP,Common area-MEP,CA-Electrical,,100993253.0,2027-08-04,2027-08-23,,,2026-09-14,,0
1.1.4.1.2.1.33.3,Shuttering,Tower A,,Civil Works- RCC,RCC,Shuttering- Conventional,,360690190.0,2027-08-04,2027-08-23,,,2026-09-14,,0
1.1.4.1.2.1.33.4,Concreting,Tower A,,Civil Works- RCC,RCC,Concreting,,504966266.0,2027-09-03,2027-09-06,,,2026-10-14,,0
1.1.4.1.2.2,Post pour works,,,,,,,,2026-05-31,2027-08-15,,,2025-12-18,,
1.1.4.1.2.2.1,1st floor,Tower A,1st Floor,Civil Works- RCC,RCC,Post Pour,,6959175.574,2026-05-31,2026-06-06,,,2025-12-18,,0
1.1.4.1.2.2.2,2nd floor,Tower A,2nd Floor,Civil Works- RCC,RCC,Post Pour,,6959175.574,2026-06-11,2026-06-17,,,2025-12-27,,0
1.1.4.1.2.2.3,3rd floor,Tower A,3rd Floor,Civil Works- RCC,RCC,Post Pour,,6959175.574,2026-06-24,2026-06-30,,,2026-01-05,,0
1.1.4.1.2.2.4,4th floor,Tower A,4th Floor,Civil Works- RCC,RCC,Post Pour,,6959175.574,2026-07-07,2026-07-13,,,2026-01-14,,0
1.1.4.1.2.2.5,5th floor,Tower A,5th Floor,Civil Works- RCC,RCC,Post Pour,,6959175.574,2026-07-20,2026-07-26,,,2026-01-23,,0
1.1.4.1.2.2.6,6th floor,Tower A,6th Floor,Civil Works- RCC,RCC,Post Pour,,6959175.574,2026-08-02,2026-08-08,,,2026-02-01,,0
1.1.4.1.2.2.7,7th floor,Tower A,7th Floor,Civil Works- RCC,RCC,Post Pour,,6959175.574,2026-08-15,2026-08-21,,,2026-02-10,,0
1.1.4.1.2.2.8,8th floor,Tower A,8th Floor,Civil Works- RCC,RCC,Post Pour,,6959175.574,2026-08-28,2026-09-03,,,2026-02-19,,0
1.1.4.1.2.2.9,9th floor,Tower A,9th Floor,Civil Works- RCC,RCC,Post Pour,,6959175.574,2026-09-10,2026-09-16,,,2026-02-28,,0
1.1.4.1.2.2.10,10th floor,Tower A,10th Floor,Civil Works- RCC,RCC,Post Pour,,6959175.574,2026-09-23,2026-09-29,,,2026-03-09,,0
1.1.4.1.2.2.11,11th floor,Tower A,11th Floor,Civil Works- RCC,RCC,Post Pour,,6959175.574,2026-10-06,2026-10-12,,,2026-03-18,,0
1.1.4.1.2.2.12,12th floor,Tower A,12th Floor,Civil Works- RCC,RCC,Post Pour,,6959175.574,2026-10-19,2026-10-25,,,2026-03-27,,0
1.1.4.1.2.2.13,13th floor,Tower A,13th Floor,Civil Works- RCC,RCC,Post Pour,,6959175.574,2026-12-16,2026-12-22,,,2026-04-05,,0
1.1.4.1.2.2.14,14th floor,Tower A,14th Floor,Civil Works- RCC,RCC,Post Pour,,6959175.574,2027-01-03,2027-01-09,,,2026-04-17,,0
1.1.4.1.2.2.15,15th floor,Tower A,15th Floor,Civil Works- RCC,RCC,Post Pour,,6959175.574,2027-01-16,2027-01-22,,,2026-04-26,,0
1.1.4.1.2.2.16,16th floor,Tower A,16th Floor,Civil Works- RCC,RCC,Post Pour,,6959175.574,2027-01-28,2027-02-03,,,2026-05-04,,0
1.1.4.1.2.2.17,17th floor - Refuge Floor,Tower A,17th Floor,Civil Works- RCC,RCC,Concreting,,6959175.574,2027-02-09,2027-02-15,,,2026-05-12,,0
1.1.4.1.2.2.18,18th floor,Tower A,18th Floor,Civil Works- RCC,RCC,Post Pour,,6959175.574,2027-02-21,2027-02-27,,,2026-05-20,,0
1.1.4.1.2.2.19,19th floor,Tower A,19th Floor,Civil Works- RCC,RCC,Post Pour,,6959175.574,2027-03-05,2027-03-11,,,2026-05-28,,0
1.1.4.1.2.2.20,20th floor,Tower A,20th Floor,Civil Works- RCC,RCC,Post Pour,,6959175.574,2027-03-17,2027-03-23,,,2026-06-05,,0
1.1.4.1.2.2.21,21st floor,Tower A,21st Floor,Civil Works- RCC,RCC,Post Pour,,6959175.574,2027-03-29,2027-04-04,,,2026-06-13,,0
1.1.4.1.2.2.22,22nd floor,Tower A,22nd Floor,Civil Works- RCC,RCC,Post Pour,,6959175.574,2027-04-16,2027-04-22,,,2026-06-25,,0
1.1.4.1.2.2.23,23rd floor,Tower A,23rd Floor,Civil Works- RCC,RCC,Post Pour,,6959175.574,2027-04-28,2027-05-04,,,2026-07-03,,0
1.1.4.1.2.2.24,24th floor,Tower A,24th Floor,Civil Works- RCC,RCC,Post Pour,,6959175.574,2027-05-10,2027-05-16,,,2026-07-11,,0
1.1.4.1.2.2.25,25th floor - Refuge Floor,Tower A,25th Floor,Civil Works- RCC,RCC,Concreting,,6959175.574,2027-05-22,2027-05-28,,,2026-07-19,,0
1.1.4.1.2.2.26,26th floor,Tower A,26th Floor,Civil Works- RCC,RCC,Post Pour,,6959175.574,2027-06-03,2027-06-09,,,2026-07-27,,0
1.1.4.1.2.2.27,27th floor,Tower A,27th Floor,Civil Works- RCC,RCC,Post Pour,,6959175.574,2027-06-15,2027-06-21,,,2026-08-04,,0
1.1.4.1.2.2.28,28th floor,Tower A,28th Floor,Civil Works- RCC,RCC,Post Pour,,6959175.574,2027-06-29,2027-07-05,,,2026-08-14,,0
1.1.4.1.2.2.29,29th floor,Tower A,29th Floor,Civil Works- RCC,RCC,Post Pour,,6959175.574,2027-07-06,2027-07-12,,,2026-08-21,,0
1.1.4.1.2.2.30,30th floor,Tower A,30th Floor,Civil Works- RCC,RCC,Post Pour,,6959175.574,2027-07-13,2027-07-19,,,2026-08-28,,0
1.1.4.1.2.2.31,31st floor,Tower A,31st Floor,Civil Works- RCC,RCC,Post Pour,,6959175.574,2027-07-20,2027-07-26,,,2026-09-04,,0
1.1.4.1.2.2.32,Terrace floor,Tower A,Terrace,Civil Works- RCC,RCC,Concreting,,6959175.574,2027-07-27,2027-08-05,,,2026-09-11,,0
1.1.4.1.2.2.33,"LMR, OHT & Mumty",Tower A,,Civil Works- RCC,RCC,Concreting,,6959175.574,2027-08-06,2027-08-15,,,2026-09-21,,0
1.1.4.1.3,Finishing works,,,,,,,,2025-11-01,2028-06-25,,,2025-12-18,,
1.1.4.1.3.1,Flat finishings,,,,,,,,2025-11-01,2028-04-11,,,2025-12-18,,
1.1.4.1.3.1.1,1st floor,,,,,,,,2026-06-10,2026-09-29,,,2025-12-18,,
1.1.4.1.3.1.1.1,Blockwork,Tower A,1st Floor,,,NTA Finishing,,50200490.0,2026-06-10,2026-07-02,,,2025-12-18,,0
1.1.4.1.3.1.1.2,Installation of temporary Main door,Tower A,1st Floor,Finishing,Tower Finishing,Door,,2292450.0,2026-07-03,2026-07-06,,,2025-12-30,,0
1.1.4.1.3.1.1.3,Fire sprinkler pipe fixing,Tower A,1st Floor,MEP,Tower MEP,Plumbing,,49833800.0,2026-07-03,2026-07-12,,,2025-12-30,,0
1.1.4.1.3.1.1.4,Internal Plumbing Works,Tower A,1st Floor,MEP,Tower MEP,Plumbing,,158400390.0,2026-06-27,2026-07-06,,,2025-12-24,,0
1.1.4.1.3.1.1.5,Waterproofing,Tower A,1st Floor,Finishing,Tower Civil Finishes,Waterproofing,,52629280.0,2026-07-02,2026-07-22,,,2025-12-29,,0
1.1.4.1.3.1.1.6,Internal Plaster,Tower A,1st Floor,Finishing,Tower Civil Finishes,Int Plaster,,180576380.0,2026-07-02,2026-07-12,,,2025-12-29,,0
1.1.4.1.3.1.1.7,IPS flooring work,Tower A,1st Floor,Finishing,Tower Finishing,Flooring,,25419250.0,2026-07-03,2026-07-15,,,2025-12-30,,0
1.1.4.1.3.1.1.8,Toilet dado work,Tower A,1st Floor,Finishing,Tower Finishing,Flooring,,25628690.0,2026-07-21,2026-08-01,,,2026-01-17,,0
1.1.4.1.3.1.1.9,Toilet flooring work,Tower A,1st Floor,Finishing,Tower Finishing,Flooring,,102514420.0,2026-08-02,2026-08-16,,,2026-01-29,,0
1.1.4.1.3.1.1.10,Living dinning flooring,Tower A,1st Floor,Finishing,Tower Finishing,Flooring,,261625410.0,2026-07-28,2026-08-08,,,2026-01-24,,0
1.1.4.1.3.1.1.11,Electrical wiring work,Tower A,1st Floor,MEP,Tower MEP,Electrical,,185758660.0,2026-08-09,2026-08-20,,,2026-02-05,,0
1.1.4.1.3.1.1.12,Aluminium door-window fixing,Tower A,1st Floor,Finishing,Tower Finishing,Window,,233614170.0,2026-09-20,2026-09-29,,,2026-01-03,,0
1.1.4.1.3.1.1.13,Putty primer coat,Tower A,1st Floor,Finishing,Tower Finishing,Paint,,16917210.0,2026-08-13,2026-08-22,,,2026-01-05,,0
1.1.4.1.3.1.1.14,Prehung door fixing,Tower A,1st Floor,Finishing,Tower Finishing,Door,,84020120.0,2026-08-18,2026-08-25,,,2026-01-10,,0
1.1.4.1.3.1.1.15,Painting 1st coat,Tower A,1st Floor,Finishing,Tower Finishing,Paint,,33834250.0,2026-08-26,2026-09-06,,,2026-01-18,,0
1.1.4.1.3.1.1.16,False Cieling panel fixing,Tower A,1st Floor,Finishing,Tower Finishing,False Ceiling,,34794750.0,2026-09-07,2026-09-16,,,2026-01-30,,0
1.1.4.1.3.1.2,2nd floor,,,,,,,,2025-11-01,2026-10-09,,,2026-01-15,,
1.1.4.1.3.1.2.1,Block Work ,Tower A,2nd Floor,,,NTA Finishing,,29529700.0,2026-07-08,2026-07-27,,,2026-01-15,,0
1.1.4.1.3.1.2.2,Installation of temporary Main door,Tower A,2nd Floor,Finishing,Tower Finishing,Door,,1348500.0,2026-07-28,2026-07-31,,,2026-01-25,,0
1.1.4.1.3.1.2.3,Fire sprinkler pipe fixing,Tower A,2nd Floor,MEP,Tower MEP,Plumbing,,29314000.0,2026-07-28,2026-08-06,,,2026-01-25,,0
1.1.4.1.3.1.2.4,Internal Plumbing Works,Tower A,2nd Floor,MEP,Tower MEP,Plumbing,,93176700.0,2026-07-23,2026-08-01,,,2026-01-20,,0
1.1.4.1.3.1.2.5,Waterproofing,Tower A,2nd Floor,Finishing,Tower Civil Finishes,Waterproofing,,30958400.0,2026-07-28,2026-08-17,,,2026-01-25,,0
1.1.4.1.3.1.2.6,Internal Plaster,Tower A,2nd Floor,Finishing,Tower Civil Finishes,Int Plaster,,1062321400.0,2026-07-28,2026-08-07,,,2026-01-25,,0
1.1.4.1.3.1.2.7,IPS flooring work,Tower A,2nd Floor,Finishing,Tower Finishing,Flooring,,14952500.0,2026-07-28,2026-08-09,,,2026-01-25,,0
1.1.4.1.3.1.2.8,Toilet dado work,Tower A,2nd Floor,Finishing,Tower Finishing,Flooring,,15075700.0,2026-08-16,2026-08-27,,,2026-02-13,,0
1.1.4.1.3.1.2.9,Toilet flooring work,Tower A,2nd Floor,Finishing,Tower Finishing,Flooring,,60302600.0,2026-08-28,2026-09-11,,,2026-02-25,,0
1.1.4.1.3.1.2.10,Living dinning flooring,Tower A,2nd Floor,Finishing,Tower Finishing,Flooring,,153897300.0,2026-08-26,2026-09-06,,,2026-02-23,,0
1.1.4.1.3.1.2.11,Electrical wiring work,Tower A,2nd Floor,MEP,Tower MEP,Electrical,,109269800.0,2026-09-07,2026-09-18,,,2026-03-07,,0
1.1.4.1.3.1.2.12,Aluminium door-window fixing,Tower A,2nd Floor,Finishing,Tower Finishing,Window,,137420100.0,2026-09-30,2026-10-09,,,2026-01-29,,0
1.1.4.1.3.1.2.13,Putty primer coat,Tower A,2nd Floor,Finishing,Tower Finishing,Paint,,9951300.0,2025-11-01,2025-11-04,,,2026-01-31,,0
1.1.4.1.3.1.2.14,Prehung door fixing,Tower A,2nd Floor,Finishing,Tower Finishing,Door,,0.0,2025-11-01,2025-11-03,,,2026-02-05,,0
1.1.4.1.3.1.2.15,Painting 1st coat,Tower A,2nd Floor,Finishing,Tower Finishing,Paint,,19902500.0,2025-11-03,2025-11-07,,,2026-02-13,,0
1.1.4.1.3.1.2.16,False Cieling panel fixing,Tower A,2nd Floor,Finishing,Tower Finishing,False Ceiling,,20467500.0,2026-09-17,2026-09-26,,,2026-02-25,,0
1.1.4.1.3.1.3,3rd Floor,,,,,,,,2026-07-21,2027-01-26,,,2026-01-24,,
1.1.4.1.3.1.3.1,Blockwork,Tower A,3rd Floor,,,NTA Finishing,,29529700.0,2026-07-21,2026-08-12,,,2026-01-24,,0
1.1.4.1.3.1.3.2,Installation of temporary Main door,Tower A,3rd Floor,Finishing,Tower Finishing,Door,,1348500.0,2026-08-13,2026-08-17,,,2026-02-05,,0
1.1.4.1.3.1.3.3,Fire Sprinkler pipe ficing,Tower A,3rd Floor,MEP,Tower MEP,Plumbing,,29314000.0,2026-08-13,2026-08-24,,,2026-02-05,,0
1.1.4.1.3.1.3.4,Internal Plumbing Works,Tower A,3rd Floor,MEP,Tower MEP,Plumbing,,93176700.0,2026-08-07,2026-08-18,,,2026-01-30,,0
1.1.4.1.3.1.3.5,Waterproofing,Tower A,3rd Floor,Finishing,Tower Civil Finishes,Waterproofing,,30958400.0,2026-08-13,2026-09-05,,,2026-02-05,,0
1.1.4.1.3.1.3.6,Internal Plaster,Tower A,3rd Floor,Finishing,Tower Civil Finishes,Int Plaster,,1062321400.0,2026-08-13,2026-08-25,,,2026-02-05,,0
1.1.4.1.3.1.3.7,IPS flooring work,Tower A,3rd Floor,Finishing,Tower Finishing,Flooring,,14952500.0,2026-08-13,2026-08-27,,,2026-02-05,,0
1.1.4.1.3.1.3.8,Toilet dado work,Tower A,3rd Floor,Finishing,Tower Finishing,Flooring,,15075700.0,2026-09-04,2026-09-17,,,2026-02-27,,0
1.1.4.1.3.1.3.9,Toilet flooring work,Tower A,3rd Floor,Finishing,Tower Finishing,Flooring,,60302600.0,2026-09-18,2026-10-02,,,2026-03-13,,0
1.1.4.1.3.1.3.10,Living dining flooring,Tower A,3rd Floor,Finishing,Tower Finishing,Flooring,,153897300.0,2026-09-13,2026-09-24,,,2026-03-07,,0
1.1.4.1.3.1.3.11,Electrical wiring work,Tower A,3rd Floor,MEP,Tower MEP,Electrical,,109269800.0,2026-09-25,2026-10-06,,,2026-03-21,,0
1.1.4.1.3.1.3.12,Aluminium door-window fixing,Tower A,3rd Floor,Finishing,Tower Finishing,Window,,137420100.0,2026-12-21,2026-12-30,,,2026-02-10,,0
1.1.4.1.3.1.3.13,Putty primer coat,Tower A,3rd Floor,Finishing,Tower Finishing,Paint,,9951300.0,2026-12-23,2027-01-01,,,2026-02-12,,0
1.1.4.1.3.1.3.14,Prehung door fixing,Tower A,3rd Floor,Finishing,Tower Finishing,Door,,49423600.0,2026-12-28,2027-01-04,,,2026-02-18,,0
1.1.4.1.3.1.3.15,Painting 1st coat,Tower A,3rd Floor,Finishing,Tower Finishing,Paint,,19902500.0,2027-01-05,2027-01-16,,,2026-02-27,,0
1.1.4.1.3.1.3.16,False Ceiling panel fixing,Tower A,3rd Floor,Finishing,Tower Finishing,False Ceiling,,20467500.0,2027-01-17,2027-01-26,,,2026-03-13,,0
1.1.4.1.3.1.4,4th floor,,,,,,,,2026-08-06,2027-02-05,,,2026-02-05,,
1.1.4.1.3.1.4.1,Block Work ,Tower A,4th Floor,,,NTA Finishing,,50200490.0,2026-08-06,2026-08-25,,,2026-02-05,,0
1.1.4.1.3.1.4.2,Installation of temporary Main door,Tower A,4th Floor,Finishing,Tower Finishing,Door,,2292450.0,2026-08-26,2026-08-29,,,2026-02-15,,0
1.1.4.1.3.1.4.3,Fire sprinkler pipe fixing,Tower A,4th Floor,MEP,Tower MEP,Plumbing,,49833800.0,2026-08-26,2026-09-04,,,2026-02-17,,0
1.1.4.1.3.1.4.4,Internal Plumbing Works,Tower A,4th Floor,MEP,Tower MEP,Plumbing,,158400390.0,2026-08-21,2026-08-30,,,2026-02-10,,0
1.1.4.1.3.1.4.5,Waterproofing,Tower A,4th Floor,Finishing,Tower Civil Finishes,Waterproofing,,52629280.0,2026-08-26,2026-09-15,,,2026-02-15,,0
1.1.4.1.3.1.4.6,Internal Plaster,Tower A,4th Floor,Finishing,Tower Civil Finishes,Int Plaster,,180576380.0,2026-08-28,2026-09-07,,,2026-02-17,,0
1.1.4.1.3.1.4.7,IPS flooring work,Tower A,4th Floor,Finishing,Tower Finishing,Flooring,,25419250.0,2026-08-26,2026-09-07,,,2026-02-15,,0
1.1.4.1.3.1.4.8,Toilet dado work,Tower A,4th Floor,Finishing,Tower Finishing,Flooring,,25628690.0,2026-09-14,2026-09-25,,,2026-03-06,,0
1.1.4.1.3.1.4.9,Toilet flooring work,Tower A,4th Floor,Finishing,Tower Finishing,Flooring,,102514420.0,2026-09-26,2026-10-10,,,2026-03-18,,0
1.1.4.1.3.1.4.10,Living dinning flooring,Tower A,4th Floor,Finishing,Tower Finishing,Flooring,,261625410.0,2026-09-27,2026-10-08,,,2026-03-19,,0
1.1.4.1.3.1.4.11,Electrical wiring work,Tower A,4th Floor,MEP,Tower MEP,Electrical,,185758660.0,2026-10-09,2026-10-20,,,2026-03-31,,0
1.1.4.1.3.1.4.12,Aluminium door-window fixing,Tower A,4th Floor,Finishing,Tower Finishing,Window,,233614170.0,2026-10-21,2026-10-30,,,2026-02-19,,0
1.1.4.1.3.1.4.13,Putty primer coat,Tower A,4th Floor,Finishing,Tower Finishing,Paint,,16917210.0,2026-10-23,2026-12-16,,,2026-02-21,,0
1.1.4.1.3.1.4.14,Prehung door fixing,Tower A,4th Floor,Finishing,Tower Finishing,Door,,84020120.0,2026-10-28,2026-12-19,,,2026-02-26,,0
1.1.4.1.3.1.4.15,Painting 1st coat,Tower A,4th Floor,Finishing,Tower Finishing,Paint,,33834250.0,2026-12-20,2026-12-31,,,2026-03-06,,0
1.1.4.1.3.1.4.16,False Cieling panel fixing,Tower A,4th Floor,Finishing,Tower Finishing,False Ceiling,,34794750.0,2027-01-27,2027-02-05,,,2026-03-25,,0
1.1.4.1.3.1.5,5th floor,,,,,,,,2026-08-20,2027-02-15,,,2026-02-15,,
1.1.4.1.3.1.5.1,Block Work ,Tower A,5th Floor,,,NTA Finishing,,50200490.0,2026-08-20,2026-09-08,,,2026-02-15,,0
1.1.4.1.3.1.5.2,Installation of temporary Main door,Tower A,5th Floor,Finishing,Tower Finishing,Door,,2292450.0,2026-09-09,2026-09-12,,,2026-02-25,,0
1.1.4.1.3.1.5.3,Fire sprinkler pipe fixing,Tower A,5th Floor,MEP,Tower MEP,Plumbing,,49833800.0,2026-09-09,2026-09-18,,,2026-02-27,,0
1.1.4.1.3.1.5.4,Internal Plumbing Works,Tower A,5th Floor,MEP,Tower MEP,Plumbing,,158400390.0,2026-09-04,2026-09-13,,,2026-02-20,,0
1.1.4.1.3.1.5.5,Waterproofing,Tower A,5th Floor,Finishing,Tower Civil Finishes,Waterproofing,,52629280.0,2026-09-09,2026-09-29,,,2026-02-25,,0
1.1.4.1.3.1.5.6,Internal Plaster,Tower A,5th Floor,Finishing,Tower Civil Finishes,Int Plaster,,180576380.0,2026-09-12,2026-09-22,,,2026-02-28,,0
1.1.4.1.3.1.5.7,IPS flooring work,Tower A,5th Floor,Finishing,Tower Finishing,Flooring,,25419250.0,2026-09-09,2026-09-21,,,2026-02-25,,0
1.1.4.1.3.1.5.8,Toilet dado work,Tower A,5th Floor,Finishing,Tower Finishing,Flooring,,25628690.0,2026-09-28,2026-10-09,,,2026-03-16,,0
1.1.4.1.3.1.5.9,Toilet flooring work,Tower A,5th Floor,Finishing,Tower Finishing,Flooring,,102514420.0,2026-10-10,2026-10-24,,,2026-03-28,,0
1.1.4.1.3.1.5.10,Living dinning flooring,Tower A,5th Floor,Finishing,Tower Finishing,Flooring,,261625410.0,2026-09-29,2026-10-10,,,2026-03-17,,0
1.1.4.1.3.1.5.11,Electrical wiring work,Tower A,5th Floor,MEP,Tower MEP,Electrical,,185758660.0,2026-10-11,2026-10-22,,,2026-03-29,,0
1.1.4.1.3.1.5.12,Aluminium door-window fixing,Tower A,5th Floor,Finishing,Tower Finishing,Window,,233614170.0,2026-10-23,2026-12-16,,,2026-03-01,,0
1.1.4.1.3.1.5.13,Putty primer coat,Tower A,5th Floor,Finishing,Tower Finishing,Paint,,16917210.0,2026-10-25,2026-12-18,,,2026-03-03,,0
1.1.4.1.3.1.5.14,Prehung door fixing,Tower A,5th Floor,Finishing,Tower Finishing,Door,,84020120.0,2026-10-30,2026-12-21,,,2026-03-08,,0
1.1.4.1.3.1.5.15,Painting 1st coat,Tower A,5th Floor,Finishing,Tower Finishing,Paint,,33834250.0,2026-12-22,2027-01-02,,,2026-03-16,,0
1.1.4.1.3.1.5.16,False Cieling panel fixing,Tower A,5th Floor,Finishing,Tower Finishing,False Ceiling,,34794750.0,2027-02-06,2027-02-15,,,2026-04-04,,0
1.1.4.1.3.1.6,6th floor,,,,,,,,2026-09-09,2027-02-25,,,2026-02-25,,
1.1.4.1.3.1.6.1,Block Work ,Tower A,6th Floor,,,NTA Finishing,,50200490.0,2026-09-09,2026-09-28,,,2026-02-25,,0
1.1.4.1.3.1.6.2,Installation of temporary Main door,Tower A,6th Floor,Finishing,Tower Finishing,Door,,2292450.0,2026-09-29,2026-10-02,,,2026-03-07,,0
1.1.4.1.3.1.6.3,Fire sprinkler pipe fixing,Tower A,6th Floor,MEP,Tower MEP,Plumbing,,49833800.0,2026-09-29,2026-10-08,,,2026-03-09,,0
1.1.4.1.3.1.6.4,Internal Plumbing Works,Tower A,6th Floor,MEP,Tower MEP,Plumbing,,158400390.0,2026-09-24,2026-10-03,,,2026-03-02,,0
1.1.4.1.3.1.6.5,Waterproofing,Tower A,6th Floor,Finishing,Tower Civil Finishes,Waterproofing,,52629280.0,2026-09-29,2026-10-19,,,2026-03-07,,0
1.1.4.1.3.1.6.6,Internal Plaster,Tower A,6th Floor,Finishing,Tower Civil Finishes,Int Plaster,,180576380.0,2026-10-04,2026-10-14,,,2026-03-12,,0
1.1.4.1.3.1.6.7,IPS flooring work,Tower A,6th Floor,Finishing,Tower Finishing,Flooring,,25419250.0,2026-09-29,2026-10-11,,,2026-03-07,,0
1.1.4.1.3.1.6.8,Toilet dado work,Tower A,6th Floor,Finishing,Tower Finishing,Flooring,,25628690.0,2026-10-18,2026-10-29,,,2026-03-26,,0
1.1.4.1.3.1.6.9,Toilet flooring work,Tower A,6th Floor,Finishing,Tower Finishing,Flooring,,102514420.0,2026-10-30,2026-12-25,,,2026-04-07,,0
1.1.4.1.3.1.6.10,Living dinning flooring,Tower A,6th Floor,Finishing,Tower Finishing,Flooring,,261625410.0,2026-10-09,2026-10-20,,,2026-03-17,,0
1.1.4.1.3.1.6.11,Electrical wiring work,Tower A,6th Floor,MEP,Tower MEP,Electrical,,185758660.0,2026-10-21,2026-12-16,,,2026-03-29,,0
1.1.4.1.3.1.6.12,Aluminium door-window fixing,Tower A,6th Floor,Finishing,Tower Finishing,Window,,233614170.0,2026-12-17,2026-12-26,,,2026-03-11,,0
1.1.4.1.3.1.6.13,Putty primer coat,Tower A,6th Floor,Finishing,Tower Finishing,Paint,,16917210.0,2026-12-19,2026-12-28,,,2026-03-13,,0
1.1.4.1.3.1.6.14,Prehung door fixing,Tower A,6th Floor,Finishing,Tower Finishing,Door,,84020120.0,2026-12-24,2026-12-31,,,2026-03-18,,0
1.1.4.1.3.1.6.15,Painting 1st coat,Tower A,6th Floor,Finishing,Tower Finishing,Paint,,33834250.0,2027-01-01,2027-01-12,,,2026-03-26,,0
1.1.4.1.3.1.6.16,False Cieling panel fixing,Tower A,6th Floor,Finishing,Tower Finishing,False Ceiling,,34794750.0,2027-02-16,2027-02-25,,,2026-04-14,,0
1.1.4.1.3.1.7,7th floor,,,,,,,,2026-09-22,2027-03-07,,,2026-02-28,,
1.1.4.1.3.1.7.1,Block Work ,Tower A,7th Floor,,,NTA Finishing,,50200490.0,2026-09-29,2026-10-08,,,2026-03-07,,0
1.1.4.1.3.1.7.2,Installation of temporary Main door,Tower A,7th Floor,Finishing,Tower Finishing,Door,,2292450.0,2026-10-09,2026-10-12,,,2026-03-17,,0
1.1.4.1.3.1.7.3,Fire sprinkler pipe fixing,Tower A,7th Floor,MEP,Tower MEP,Plumbing,,49833800.0,2026-10-09,2026-10-18,,,2026-03-19,,0
1.1.4.1.3.1.7.4,Internal Plumbing Works,Tower A,7th Floor,MEP,Tower MEP,Plumbing,,158400390.0,2026-10-09,2026-10-23,,,2026-03-17,,0
1.1.4.1.3.1.7.5,Waterproofing,Tower A,7th Floor,Finishing,Tower Civil Finishes,Waterproofing,,52629280.0,2026-10-24,2026-12-28,,,2026-04-01,,0
1.1.4.1.3.1.7.6,Internal Plaster,Tower A,7th Floor,Finishing,Tower Civil Finishes,Int Plaster,,180576380.0,2026-10-09,2026-10-23,,,2026-03-17,,0
1.1.4.1.3.1.7.7,IPS flooring work,Tower A,7th Floor,Finishing,Tower Finishing,Flooring,,25419250.0,2026-10-09,2026-10-21,,,2026-03-17,,0
1.1.4.1.3.1.7.8,Toilet dado work,Tower A,7th Floor,Finishing,Tower Finishing,Flooring,,25628690.0,2026-12-27,2027-01-20,,,2026-04-20,,0
1.1.4.1.3.1.7.9,Toilet flooring work,Tower A,7th Floor,Finishing,Tower Finishing,Flooring,,102514420.0,2027-01-21,2027-02-14,,,2026-05-15,,0
1.1.4.1.3.1.7.10,Living dinning flooring,Tower A,7th Floor,Finishing,Tower Finishing,Flooring,,261625410.0,2026-09-22,2026-10-22,,,2026-02-28,,0
1.1.4.1.3.1.7.11,Electrical wiring work,Tower A,7th Floor,MEP,Tower MEP,Electrical,,185758660.0,2026-10-13,2026-10-24,,,2026-03-21,,0
1.1.4.1.3.1.7.12,Aluminium door-window fixing,Tower A,7th Floor,Finishing,Tower Finishing,Window,,233614170.0,2027-01-08,2027-01-26,,,2026-03-25,,0
1.1.4.1.3.1.7.13,Putty primer coat,Tower A,7th Floor,Finishing,Tower Finishing,Paint,,16917210.0,2026-10-17,2026-10-26,,,2026-04-05,,0
1.1.4.1.3.1.7.14,Prehung door fixing,Tower A,7th Floor,Finishing,Tower Finishing,Door,,84020120.0,2026-10-22,2026-10-29,,,2026-04-10,,0
1.1.4.1.3.1.7.15,Painting 1st coat,Tower A,7th Floor,Finishing,Tower Finishing,Paint,,33834250.0,2026-10-30,2026-12-25,,,2026-04-18,,0
1.1.4.1.3.1.7.16,False Cieling panel fixing,Tower A,7th Floor,Finishing,Tower Finishing,False Ceiling,,34794750.0,2027-02-26,2027-03-07,,,2026-04-30,,0
1.1.4.1.3.1.8,8th floor,,,,,,,,2026-09-19,2027-03-17,,,2026-02-25,,
1.1.4.1.3.1.8.1,Block Work ,Tower A,8th Floor,,,NTA Finishing,,50200490.0,2026-10-09,2026-10-18,,,2026-03-17,,0
1.1.4.1.3.1.8.2,Installation of temporary Main door,Tower A,8th Floor,Finishing,Tower Finishing,Door,,2292450.0,2026-10-19,2026-10-22,,,2026-03-27,,0
1.1.4.1.3.1.8.3,Fire sprinkler pipe fixing,Tower A,8th Floor,MEP,Tower MEP,Plumbing,,49833800.0,2026-10-19,2026-10-28,,,2026-03-29,,0
1.1.4.1.3.1.8.4,Internal Plumbing Works,Tower A,8th Floor,MEP,Tower MEP,Plumbing,,158400390.0,2026-10-14,2026-10-28,,,2026-03-22,,0
1.1.4.1.3.1.8.5,Waterproofing,Tower A,8th Floor,Finishing,Tower Civil Finishes,Waterproofing,,52629280.0,2026-10-29,2027-01-02,,,2026-04-06,,0
1.1.4.1.3.1.8.6,Internal Plaster,Tower A,8th Floor,Finishing,Tower Civil Finishes,Int Plaster,,180576380.0,2026-10-04,2026-10-18,,,2026-03-12,,0
1.1.4.1.3.1.8.7,IPS flooring work,Tower A,8th Floor,Finishing,Tower Finishing,Flooring,,25419250.0,2026-10-19,2026-10-31,,,2026-03-27,,0
1.1.4.1.3.1.8.8,Toilet dado work,Tower A,8th Floor,Finishing,Tower Finishing,Flooring,,25628690.0,2027-01-01,2027-01-25,,,2026-04-25,,0
1.1.4.1.3.1.8.9,Toilet flooring work,Tower A,8th Floor,Finishing,Tower Finishing,Flooring,,102514420.0,2027-01-26,2027-02-19,,,2026-05-20,,0
1.1.4.1.3.1.8.10,Living dinning flooring,Tower A,8th Floor,Finishing,Tower Finishing,Flooring,,261625410.0,2026-09-19,2026-10-19,,,2026-02-25,,0
1.1.4.1.3.1.8.11,Electrical wiring work,Tower A,8th Floor,MEP,Tower MEP,Electrical,,185758660.0,2026-10-10,2026-10-21,,,2026-03-18,,0
1.1.4.1.3.1.8.12,Aluminium door-window fixing,Tower A,8th Floor,Finishing,Tower Finishing,Window,,233614170.0,2027-02-04,2027-02-22,,,2026-03-31,,0
1.1.4.1.3.1.8.13,Putty primer coat,Tower A,8th Floor,Finishing,Tower Finishing,Paint,,16917210.0,2026-10-14,2026-10-23,,,2026-04-11,,0
1.1.4.1.3.1.8.14,Prehung door fixing,Tower A,8th Floor,Finishing,Tower Finishing,Door,,84020120.0,2026-10-19,2026-10-26,,,2026-04-16,,0
1.1.4.1.3.1.8.15,Painting 1st coat,Tower A,8th Floor,Finishing,Tower Finishing,Paint,,33834250.0,2026-10-27,2026-12-22,,,2026-04-24,,0
1.1.4.1.3.1.8.16,False Cieling panel fixing,Tower A,8th Floor,Finishing,Tower Finishing,False Ceiling,,34794750.0,2027-03-08,2027-03-17,,,2026-05-10,,0
1.1.4.1.3.1.9,9th floor,,,,,,,,2026-09-21,2027-03-27,,,2026-02-27,,
1.1.4.1.3.1.9.1,Block Work ,Tower A,9th Floor,,,NTA Finishing,,50200490.0,2026-10-16,2026-10-23,,,2026-03-24,,0
1.1.4.1.3.1.9.2,Installation of temporary Main door,Tower A,9th Floor,Finishing,Tower Finishing,Door,,2292450.0,2026-10-24,2026-10-27,,,2026-04-01,,0
1.1.4.1.3.1.9.3,Fire sprinkler pipe fixing,Tower A,9th Floor,MEP,Tower MEP,Plumbing,,49833800.0,2026-10-29,2026-12-22,,,2026-04-08,,0
1.1.4.1.3.1.9.4,Internal Plumbing Works,Tower A,9th Floor,MEP,Tower MEP,Plumbing,,158400390.0,2026-10-19,2026-12-17,,,2026-03-27,,0
1.1.4.1.3.1.9.5,Waterproofing,Tower A,9th Floor,Finishing,Tower Civil Finishes,Waterproofing,,52629280.0,2026-12-18,2027-01-07,,,2026-04-11,,0
1.1.4.1.3.1.9.6,Internal Plaster,Tower A,9th Floor,Finishing,Tower Civil Finishes,Int Plaster,,180576380.0,2026-10-09,2026-10-23,,,2026-03-17,,0
1.1.4.1.3.1.9.7,IPS flooring work,Tower A,9th Floor,Finishing,Tower Finishing,Flooring,,25419250.0,2026-10-24,2026-12-20,,,2026-04-01,,0
1.1.4.1.3.1.9.8,Toilet dado work,Tower A,9th Floor,Finishing,Tower Finishing,Flooring,,25628690.0,2027-01-06,2027-01-30,,,2026-04-30,,0
1.1.4.1.3.1.9.9,Toilet flooring work,Tower A,9th Floor,Finishing,Tower Finishing,Flooring,,102514420.0,2027-01-31,2027-02-24,,,2026-05-25,,0
1.1.4.1.3.1.9.10,Living dinning flooring,Tower A,9th Floor,Finishing,Tower Finishing,Flooring,,261625410.0,2026-09-21,2026-10-21,,,2026-02-27,,0
1.1.4.1.3.1.9.11,Electrical wiring work,Tower A,9th Floor,MEP,Tower MEP,Electrical,,185758660.0,2026-10-12,2026-10-23,,,2026-03-20,,0
1.1.4.1.3.1.9.12,Aluminium door-window fixing,Tower A,9th Floor,Finishing,Tower Finishing,Window,,233614170.0,2027-02-06,2027-02-24,,,2026-04-05,,0
1.1.4.1.3.1.9.13,Putty primer coat,Tower A,9th Floor,Finishing,Tower Finishing,Paint,,16917210.0,2026-10-16,2026-10-25,,,2026-04-16,,0
1.1.4.1.3.1.9.14,Prehung door fixing,Tower A,9th Floor,Finishing,Tower Finishing,Door,,84020120.0,2026-10-21,2026-10-28,,,2026-04-21,,0
1.1.4.1.3.1.9.15,Painting 1st coat,Tower A,9th Floor,Finishing,Tower Finishing,Paint,,33834250.0,2026-10-29,2026-12-24,,,2026-04-29,,0
1.1.4.1.3.1.9.16,False Cieling panel fixing,Tower A,9th Floor,Finishing,Tower Finishing,False Ceiling,,34794750.0,2027-03-18,2027-03-27,,,2026-05-20,,0
1.1.4.1.3.1.10,10th floor,,,,,,,,2026-10-07,2027-04-06,,,2026-03-15,,
1.1.4.1.3.1.10.1,Block Work ,Tower A,10th Floor,,,NTA Finishing,,50200490.0,2026-10-14,2026-10-21,,,2026-03-22,,0
1.1.4.1.3.1.10.2,Installation of temporary Main door,Tower A,10th Floor,Finishing,Tower Finishing,Door,,2292450.0,2026-10-22,2026-10-25,,,2026-03-30,,0
1.1.4.1.3.1.10.3,Fire sprinkler pipe fixing,Tower A,10th Floor,MEP,Tower MEP,Plumbing,,49833800.0,2026-12-23,2027-01-01,,,2026-04-18,,0
1.1.4.1.3.1.10.4,Internal Plumbing Works,Tower A,10th Floor,MEP,Tower MEP,Plumbing,,158400390.0,2026-10-22,2026-12-20,,,2026-03-30,,0
1.1.4.1.3.1.10.5,Waterproofing,Tower A,10th Floor,Finishing,Tower Civil Finishes,Waterproofing,,52629280.0,2026-12-21,2027-01-10,,,2026-04-14,,0
1.1.4.1.3.1.10.6,Internal Plaster,Tower A,10th Floor,Finishing,Tower Civil Finishes,Int Plaster,,180576380.0,2026-10-07,2026-10-21,,,2026-03-15,,0
1.1.4.1.3.1.10.7,IPS flooring work,Tower A,10th Floor,Finishing,Tower Finishing,Flooring,,25419250.0,2026-10-22,2026-12-18,,,2026-03-30,,0
1.1.4.1.3.1.10.8,Toilet dado work,Tower A,10th Floor,Finishing,Tower Finishing,Flooring,,25628690.0,2027-01-09,2027-01-18,,,2026-05-03,,0
1.1.4.1.3.1.10.9,Toilet flooring work,Tower A,10th Floor,Finishing,Tower Finishing,Flooring,,102514420.0,2027-01-19,2027-01-30,,,2026-05-13,,0
1.1.4.1.3.1.10.10,Living dinning flooring,Tower A,10th Floor,Finishing,Tower Finishing,Flooring,,261625410.0,2026-10-07,2026-10-18,,,2026-03-15,,0
1.1.4.1.3.1.10.11,Electrical wiring work,Tower A,10th Floor,MEP,Tower MEP,Electrical,,185758660.0,2026-10-09,2026-10-20,,,2026-03-17,,0
1.1.4.1.3.1.10.12,Aluminium door-window fixing,Tower A,10th Floor,Finishing,Tower Finishing,Window,,233614170.0,2027-01-04,2027-01-22,,,2026-04-03,,0
1.1.4.1.3.1.10.13,Putty primer coat,Tower A,10th Floor,Finishing,Tower Finishing,Paint,,16917210.0,2026-10-13,2026-10-22,,,2026-04-14,,0
1.1.4.1.3.1.10.14,Prehung door fixing,Tower A,10th Floor,Finishing,Tower Finishing,Door,,84020120.0,2026-10-18,2026-10-25,,,2026-04-19,,0
1.1.4.1.3.1.10.15,Painting 1st coat,Tower A,10th Floor,Finishing,Tower Finishing,Paint,,33834250.0,2026-10-26,2026-12-21,,,2026-04-27,,0
1.1.4.1.3.1.10.16,False Cieling panel fixing,Tower A,10th Floor,Finishing,Tower Finishing,False Ceiling,,34794750.0,2027-03-28,2027-04-06,,,2026-05-30,,0
1.1.4.1.3.1.11,11th floor,,,,,,,,2026-10-07,2027-06-19,,,2026-03-15,,
1.1.4.1.3.1.11.1,Block Work ,Tower A,11th Floor,,,NTA Finishing,,50200490.0,2026-10-14,2026-10-21,,,2026-03-22,,0
1.1.4.1.3.1.11.2,Installation of temporary Main door,Tower A,11th Floor,Finishing,Tower Finishing,Door,,2292450.0,2026-10-22,2026-10-25,,,2026-03-30,,0
1.1.4.1.3.1.11.3,Fire sprinkler pipe fixing,Tower A,11th Floor,MEP,Tower MEP,Plumbing,,49833800.0,2027-01-02,2027-01-11,,,2026-04-28,,0
1.1.4.1.3.1.11.4,Internal Plumbing Works,Tower A,11th Floor,MEP,Tower MEP,Plumbing,,158400390.0,2026-10-22,2026-12-20,,,2026-03-30,,0
1.1.4.1.3.1.11.5,Waterproofing,Tower A,11th Floor,Finishing,Tower Civil Finishes,Waterproofing,,52629280.0,2026-12-21,2027-01-10,,,2026-04-14,,0
1.1.4.1.3.1.11.6,Internal Plaster,Tower A,11th Floor,Finishing,Tower Civil Finishes,Int Plaster,,180576380.0,2026-10-07,2026-10-21,,,2026-03-15,,0
1.1.4.1.3.1.11.7,IPS flooring work,Tower A,11th Floor,Finishing,Tower Finishing,Flooring,,25419250.0,2026-10-22,2026-12-18,,,2026-03-30,,0
1.1.4.1.3.1.11.8,Toilet dado work,Tower A,11th Floor,Finishing,Tower Finishing,Flooring,,25628690.0,2027-01-09,2027-02-02,,,2026-05-03,,0
1.1.4.1.3.1.11.9,Toilet flooring work,Tower A,11th Floor,Finishing,Tower Finishing,Flooring,,102514420.0,2027-02-03,2027-02-27,,,2026-05-28,,0
1.1.4.1.3.1.11.10,Living dinning flooring,Tower A,11th Floor,Finishing,Tower Finishing,Flooring,,261625410.0,2027-03-30,2027-04-29,,,2026-06-02,,0
1.1.4.1.3.1.11.11,Electrical wiring work,Tower A,11th Floor,MEP,Tower MEP,Electrical,,185758660.0,2027-04-20,2027-05-01,,,2026-06-23,,0
1.1.4.1.3.1.11.12,Aluminium door-window fixing,Tower A,11th Floor,Finishing,Tower Finishing,Window,,233614170.0,2027-06-01,2027-06-19,,,2026-06-27,,0
1.1.4.1.3.1.11.13,Putty primer coat,Tower A,11th Floor,Finishing,Tower Finishing,Paint,,16917210.0,2027-04-24,2027-05-03,,,2026-07-08,,0
1.1.4.1.3.1.11.14,Prehung door fixing,Tower A,11th Floor,Finishing,Tower Finishing,Door,,84020120.0,2027-04-29,2027-05-06,,,2026-07-13,,0
1.1.4.1.3.1.11.15,Painting 1st coat,Tower A,11th Floor,Finishing,Tower Finishing,Paint,,33834250.0,2027-05-07,2027-05-18,,,2026-07-21,,0
1.1.4.1.3.1.11.16,False Cieling panel fixing,Tower A,11th Floor,Finishing,Tower Finishing,False Ceiling,,34794750.0,2027-05-19,2027-05-28,,,2026-08-02,,0
1.1.4.1.3.1.12,12th floor,,,,,,,,2026-10-07,2027-06-08,,,2026-03-15,,
1.1.4.1.3.1.12.1,Block Work ,Tower A,12th Floor,,,NTA Finishing,,50200490.0,2026-10-14,2026-10-21,,,2026-03-22,,0
1.1.4.1.3.1.12.2,Installation of temporary Main door,Tower A,12th Floor,Finishing,Tower Finishing,Door,,2292450.0,2026-10-22,2026-10-25,,,2026-03-30,,0
1.1.4.1.3.1.12.3,Fire sprinkler pipe fixing,Tower A,12th Floor,MEP,Tower MEP,Plumbing,,49833800.0,2027-01-12,2027-01-21,,,2026-05-08,,0
1.1.4.1.3.1.12.4,Internal Plumbing Works,Tower A,12th Floor,MEP,Tower MEP,Plumbing,,158400390.0,2026-10-22,2026-12-20,,,2026-03-30,,0
1.1.4.1.3.1.12.5,Waterproofing,Tower A,12th Floor,Finishing,Tower Civil Finishes,Waterproofing,,52629280.0,2026-12-21,2027-01-10,,,2026-04-14,,0
1.1.4.1.3.1.12.6,Internal Plaster,Tower A,12th Floor,Finishing,Tower Civil Finishes,Int Plaster,,180576380.0,2026-10-07,2026-10-21,,,2026-03-15,,0
1.1.4.1.3.1.12.7,IPS flooring work,Tower A,12th Floor,Finishing,Tower Finishing,Flooring,,25419250.0,2026-10-22,2026-12-18,,,2026-03-30,,0
1.1.4.1.3.1.12.8,Toilet dado work,Tower A,12th Floor,Finishing,Tower Finishing,Flooring,,25628690.0,2027-01-09,2027-02-02,,,2026-05-03,,0
1.1.4.1.3.1.12.9,Toilet flooring work,Tower A,12th Floor,Finishing,Tower Finishing,Flooring,,102514420.0,2027-02-03,2027-02-27,,,2026-05-28,,0
1.1.4.1.3.1.12.10,Living dinning flooring,Tower A,12th Floor,Finishing,Tower Finishing,Flooring,,261625410.0,2027-03-30,2027-04-29,,,2026-06-02,,0
1.1.4.1.3.1.12.11,Electrical wiring work,Tower A,12th Floor,MEP,Tower MEP,Electrical,,185758660.0,2027-04-20,2027-05-01,,,2026-06-23,,0
1.1.4.1.3.1.12.12,Aluminium door-window fixing,Tower A,12th Floor,Finishing,Tower Finishing,Window,,233614170.0,2027-04-24,2027-05-12,,,2026-06-27,,0
1.1.4.1.3.1.12.13,Putty primer coat,Tower A,12th Floor,Finishing,Tower Finishing,Paint,,16917210.0,2027-05-05,2027-05-14,,,2026-07-08,,0
1.1.4.1.3.1.12.14,Prehung door fixing,Tower A,12th Floor,Finishing,Tower Finishing,Door,,84020120.0,2027-05-10,2027-05-17,,,2026-07-13,,0
1.1.4.1.3.1.12.15,Painting 1st coat,Tower A,12th Floor,Finishing,Tower Finishing,Paint,,33834250.0,2027-05-18,2027-05-29,,,2026-07-21,,0
1.1.4.1.3.1.12.16,False Cieling panel fixing,Tower A,12th Floor,Finishing,Tower Finishing,False Ceiling,,34794750.0,2027-05-30,2027-06-08,,,2026-08-12,,0
1.1.4.1.3.1.13,13th floor,,,,,,,,2026-10-14,2027-07-04,,,2026-03-22,,
1.1.4.1.3.1.13.1,Block Work ,Tower A,13th Floor,,,NTA Finishing,,50200490.0,2026-10-14,2026-10-21,,,2026-03-22,,0
1.1.4.1.3.1.13.2,Installation of temporary Main door,Tower A,13th Floor,Finishing,Tower Finishing,Door,,2292450.0,2026-10-22,2026-10-25,,,2026-03-30,,0
1.1.4.1.3.1.13.3,Fire sprinkler pipe fixing,Tower A,13th Floor,MEP,Tower MEP,Plumbing,,49833800.0,2027-01-22,2027-01-31,,,2026-05-18,,0
1.1.4.1.3.1.13.4,Internal Plumbing Works,Tower A,13th Floor,MEP,Tower MEP,Plumbing,,158400390.0,2026-10-22,2026-12-20,,,2026-03-30,,0
1.1.4.1.3.1.13.5,Waterproofing,Tower A,13th Floor,Finishing,Tower Civil Finishes,Waterproofing,,52629280.0,2026-12-21,2027-01-10,,,2026-04-14,,0
1.1.4.1.3.1.13.6,Internal Plaster,Tower A,13th Floor,Finishing,Tower Civil Finishes,Int Plaster,,180576380.0,2026-12-21,2027-01-04,,,2026-04-14,,0
1.1.4.1.3.1.13.7,IPS flooring work,Tower A,13th Floor,Finishing,Tower Finishing,Flooring,,25419250.0,2026-10-22,2026-12-18,,,2026-03-30,,0
1.1.4.1.3.1.13.8,Toilet dado work,Tower A,13th Floor,Finishing,Tower Finishing,Flooring,,25628690.0,2027-01-09,2027-02-02,,,2026-05-03,,0
1.1.4.1.3.1.13.9,Toilet flooring work,Tower A,13th Floor,Finishing,Tower Finishing,Flooring,,102514420.0,2027-02-03,2027-02-27,,,2026-05-28,,0
1.1.4.1.3.1.13.10,Living dinning flooring,Tower A,13th Floor,Finishing,Tower Finishing,Flooring,,261625410.0,2027-03-30,2027-04-29,,,2026-06-02,,0
1.1.4.1.3.1.13.11,Electrical wiring work,Tower A,13th Floor,MEP,Tower MEP,Electrical,,185758660.0,2027-04-20,2027-05-01,,,2026-06-23,,0
1.1.4.1.3.1.13.12,Aluminium door-window fixing,Tower A,13th Floor,Finishing,Tower Finishing,Window,,233614170.0,2027-05-20,2027-06-07,,,2026-06-27,,0
1.1.4.1.3.1.13.13,Putty primer coat,Tower A,13th Floor,Finishing,Tower Finishing,Paint,,16917210.0,2027-05-31,2027-06-09,,,2026-07-08,,0
1.1.4.1.3.1.13.14,Prehung door fixing,Tower A,13th Floor,Finishing,Tower Finishing,Door,,84020120.0,2027-06-05,2027-06-12,,,2026-07-13,,0
1.1.4.1.3.1.13.15,Painting 1st coat,Tower A,13th Floor,Finishing,Tower Finishing,Paint,,33834250.0,2027-06-13,2027-06-24,,,2026-07-21,,0
1.1.4.1.3.1.13.16,False Cieling panel fixing,Tower A,13th Floor,Finishing,Tower Finishing,False Ceiling,,34794750.0,2027-06-25,2027-07-04,,,2026-08-22,,0
1.1.4.1.3.1.14,14th floor,,,,,,,,2027-01-10,2027-07-14,,,2026-04-24,,
1.1.4.1.3.1.14.1,Block Work ,Tower A,14th Floor,,,NTA Finishing,,50200490.0,2027-01-10,2027-02-14,,,2026-04-24,,0
1.1.4.1.3.1.14.2,Installation of temporary Main door,Tower A,14th Floor,Finishing,Tower Finishing,Door,,2292450.0,2027-02-15,2027-02-18,,,2026-05-30,,0
1.1.4.1.3.1.14.3,Fire sprinkler pipe fixing,Tower A,14th Floor,MEP,Tower MEP,Plumbing,,49833800.0,2027-02-15,2027-02-24,,,2026-05-30,,0
1.1.4.1.3.1.14.4,Internal Plumbing Works,Tower A,14th Floor,MEP,Tower MEP,Plumbing,,158400390.0,2027-02-15,2027-03-01,,,2026-05-30,,0
1.1.4.1.3.1.14.5,Waterproofing,Tower A,14th Floor,Finishing,Tower Civil Finishes,Waterproofing,,52629280.0,2027-03-02,2027-03-22,,,2026-06-14,,0
1.1.4.1.3.1.14.6,Internal Plaster,Tower A,14th Floor,Finishing,Tower Civil Finishes,Int Plaster,,180576380.0,2027-03-02,2027-03-16,,,2026-06-14,,0
1.1.4.1.3.1.14.7,IPS flooring work,Tower A,14th Floor,Finishing,Tower Finishing,Flooring,,25419250.0,2027-02-15,2027-02-27,,,2026-05-30,,0
1.1.4.1.3.1.14.8,Toilet dado work,Tower A,14th Floor,Finishing,Tower Finishing,Flooring,,25628690.0,2027-03-21,2027-04-14,,,2026-07-03,,0
1.1.4.1.3.1.14.9,Toilet flooring work,Tower A,14th Floor,Finishing,Tower Finishing,Flooring,,102514420.0,2027-04-15,2027-05-09,,,2026-07-28,,0
1.1.4.1.3.1.14.10,Living dinning flooring,Tower A,14th Floor,Finishing,Tower Finishing,Flooring,,261625410.0,2027-04-20,2027-05-20,,,2026-08-02,,0
1.1.4.1.3.1.14.11,Electrical wiring work,Tower A,14th Floor,MEP,Tower MEP,Electrical,,185758660.0,2027-05-11,2027-05-22,,,2026-08-23,,0
1.1.4.1.3.1.14.12,Aluminium door-window fixing,Tower A,14th Floor,Finishing,Tower Finishing,Window,,233614170.0,2027-05-15,2027-06-02,,,2026-08-27,,0
1.1.4.1.3.1.14.13,Putty primer coat,Tower A,14th Floor,Finishing,Tower Finishing,Paint,,16917210.0,2027-05-26,2027-06-04,,,2026-09-07,,0
1.1.4.1.3.1.14.14,Prehung door fixing,Tower A,14th Floor,Finishing,Tower Finishing,Door,,84020120.0,2027-05-31,2027-06-07,,,2026-09-12,,0
1.1.4.1.3.1.14.15,Painting 1st coat,Tower A,14th Floor,Finishing,Tower Finishing,Paint,,33834250.0,2027-06-08,2027-06-19,,,2026-09-20,,0
1.1.4.1.3.1.14.16,False Cieling panel fixing,Tower A,14th Floor,Finishing,Tower Finishing,False Ceiling,,34794750.0,2027-07-05,2027-07-14,,,2026-10-02,,0
1.1.4.1.3.1.15,15th floor,,,,,,,,2027-01-23,2027-07-24,,,2026-05-03,,
1.1.4.1.3.1.15.1,Block Work ,Tower A,15th Floor,,,NTA Finishing,,50200490.0,2027-01-23,2027-02-27,,,2026-05-03,,0
1.1.4.1.3.1.15.2,Installation of temporary Main door,Tower A,15th Floor,Finishing,Tower Finishing,Door,,2292450.0,2027-02-28,2027-03-03,,,2026-06-08,,0
1.1.4.1.3.1.15.3,Fire sprinkler pipe fixing,Tower A,15th Floor,MEP,Tower MEP,Plumbing,,49833800.0,2027-02-28,2027-03-09,,,2026-06-09,,0
1.1.4.1.3.1.15.4,Internal Plumbing Works,Tower A,15th Floor,MEP,Tower MEP,Plumbing,,158400390.0,2027-02-28,2027-03-14,,,2026-06-08,,0
1.1.4.1.3.1.15.5,Waterproofing,Tower A,15th Floor,Finishing,Tower Civil Finishes,Waterproofing,,52629280.0,2027-03-15,2027-04-04,,,2026-06-23,,0
1.1.4.1.3.1.15.6,Internal Plaster,Tower A,15th Floor,Finishing,Tower Civil Finishes,Int Plaster,,180576380.0,2027-03-15,2027-03-29,,,2026-06-23,,0
1.1.4.1.3.1.15.7,IPS flooring work,Tower A,15th Floor,Finishing,Tower Finishing,Flooring,,25419250.0,2027-02-28,2027-03-12,,,2026-06-08,,0
1.1.4.1.3.1.15.8,Toilet dado work,Tower A,15th Floor,Finishing,Tower Finishing,Flooring,,25628690.0,2027-04-03,2027-04-27,,,2026-07-12,,0
1.1.4.1.3.1.15.9,Toilet flooring work,Tower A,15th Floor,Finishing,Tower Finishing,Flooring,,102514420.0,2027-04-28,2027-05-22,,,2026-08-06,,0
1.1.4.1.3.1.15.10,Living dinning flooring,Tower A,15th Floor,Finishing,Tower Finishing,Flooring,,261625410.0,2027-05-03,2027-06-02,,,2026-08-11,,0
1.1.4.1.3.1.15.11,Electrical wiring work,Tower A,15th Floor,MEP,Tower MEP,Electrical,,185758660.0,2027-05-24,2027-06-04,,,2026-09-01,,0
1.1.4.1.3.1.15.12,Aluminium door-window fixing,Tower A,15th Floor,Finishing,Tower Finishing,Window,,233614170.0,2027-05-28,2027-06-15,,,2026-09-05,,0
1.1.4.1.3.1.15.13,Putty primer coat,Tower A,15th Floor,Finishing,Tower Finishing,Paint,,16917210.0,2027-06-08,2027-06-17,,,2026-09-16,,0
1.1.4.1.3.1.15.14,Prehung door fixing,Tower A,15th Floor,Finishing,Tower Finishing,Door,,84020120.0,2027-06-13,2027-06-20,,,2026-09-21,,0
1.1.4.1.3.1.15.15,Painting 1st coat,Tower A,15th Floor,Finishing,Tower Finishing,Paint,,33834250.0,2027-06-21,2027-07-02,,,2026-09-29,,0
1.1.4.1.3.1.15.16,False Cieling panel fixing,Tower A,15th Floor,Finishing,Tower Finishing,False Ceiling,,34794750.0,2027-07-15,2027-07-24,,,2026-10-12,,0
1.1.4.1.3.1.16,16th floor,,,,,,,,2027-02-04,2027-08-23,,,2026-05-11,,
1.1.4.1.3.1.16.1,Block Work ,Tower A,16th Floor,,,NTA Finishing,,50200490.0,2027-02-04,2027-03-11,,,2026-05-11,,0
1.1.4.1.3.1.16.2,Installation of temporary Main door,Tower A,16th Floor,Finishing,Tower Finishing,Door,,2292450.0,2027-03-12,2027-03-15,,,2026-06-16,,0
1.1.4.1.3.1.16.3,Fire sprinkler pipe fixing,Tower A,16th Floor,MEP,Tower MEP,Plumbing,,49833800.0,2027-03-12,2027-03-21,,,2026-06-19,,0
1.1.4.1.3.1.16.4,Internal Plumbing Works,Tower A,16th Floor,MEP,Tower MEP,Plumbing,,158400390.0,2027-04-11,2027-04-25,,,2026-06-16,,0
1.1.4.1.3.1.16.5,Waterproofing,Tower A,16th Floor,Finishing,Tower Civil Finishes,Waterproofing,,52629280.0,2027-04-26,2027-05-16,,,2026-07-01,,0
1.1.4.1.3.1.16.6,Internal Plaster,Tower A,16th Floor,Finishing,Tower Civil Finishes,Int Plaster,,180576380.0,2027-04-26,2027-05-10,,,2026-07-01,,0
1.1.4.1.3.1.16.7,IPS flooring work,Tower A,16th Floor,Finishing,Tower Finishing,Flooring,,25419250.0,2027-03-12,2027-03-24,,,2026-06-16,,0
1.1.4.1.3.1.16.8,Toilet dado work,Tower A,16th Floor,Finishing,Tower Finishing,Flooring,,25628690.0,2027-05-15,2027-06-08,,,2026-07-20,,0
1.1.4.1.3.1.16.9,Toilet flooring work,Tower A,16th Floor,Finishing,Tower Finishing,Flooring,,102514420.0,2027-06-09,2027-07-03,,,2026-08-14,,0
1.1.4.1.3.1.16.10,Living dinning flooring,Tower A,16th Floor,Finishing,Tower Finishing,Flooring,,261625410.0,2027-06-14,2027-07-14,,,2026-08-19,,0
1.1.4.1.3.1.16.11,Electrical wiring work,Tower A,16th Floor,MEP,Tower MEP,Electrical,,185758660.0,2027-07-05,2027-07-16,,,2026-09-09,,0
1.1.4.1.3.1.16.12,Aluminium door-window fixing,Tower A,16th Floor,Finishing,Tower Finishing,Window,,233614170.0,2027-07-09,2027-07-27,,,2026-09-13,,0
1.1.4.1.3.1.16.13,Putty primer coat,Tower A,16th Floor,Finishing,Tower Finishing,Paint,,16917210.0,2027-07-20,2027-07-29,,,2026-09-24,,0
1.1.4.1.3.1.16.14,Prehung door fixing,Tower A,16th Floor,Finishing,Tower Finishing,Door,,84020120.0,2027-07-25,2027-08-01,,,2026-09-29,,0
1.1.4.1.3.1.16.15,Painting 1st coat,Tower A,16th Floor,Finishing,Tower Finishing,Paint,,33834250.0,2027-08-02,2027-08-13,,,2026-10-07,,0
1.1.4.1.3.1.16.16,False Cieling panel fixing,Tower A,16th Floor,Finishing,Tower Finishing,False Ceiling,,34794750.0,2027-08-14,2027-08-23,,,2026-10-22,,0
1.1.4.1.3.1.17,17th floor,,,,,,,,2027-02-16,2027-09-02,,,2026-05-19,,
1.1.4.1.3.1.17.1,Block Work ,Tower A,17th Floor,,,NTA Finishing,,50200490.0,2027-02-16,2027-03-23,,,2026-05-19,,0
1.1.4.1.3.1.17.2,Installation of temporary Main door,Tower A,17th Floor,Finishing,Tower Finishing,Door,,2292450.0,2027-03-24,2027-03-27,,,2026-06-24,,0
1.1.4.1.3.1.17.3,Fire sprinkler pipe fixing,Tower A,17th Floor,MEP,Tower MEP,Plumbing,,49833800.0,2027-03-24,2027-04-02,,,2026-06-29,,0
1.1.4.1.3.1.17.4,Internal Plumbing Works,Tower A,17th Floor,MEP,Tower MEP,Plumbing,,158400390.0,2027-03-24,2027-04-07,,,2026-06-24,,0
1.1.4.1.3.1.17.5,Waterproofing,Tower A,17th Floor,Finishing,Tower Civil Finishes,Waterproofing,,52629280.0,2027-04-08,2027-04-28,,,2026-07-09,,0
1.1.4.1.3.1.17.6,Internal Plaster,Tower A,17th Floor,Finishing,Tower Civil Finishes,Int Plaster,,180576380.0,2027-04-08,2027-04-22,,,2026-07-09,,0
1.1.4.1.3.1.17.7,IPS flooring work,Tower A,17th Floor,Finishing,Tower Finishing,Flooring,,25419250.0,2027-03-24,2027-04-05,,,2026-06-24,,0
1.1.4.1.3.1.17.8,Toilet dado work,Tower A,17th Floor,Finishing,Tower Finishing,Flooring,,25628690.0,2027-04-27,2027-05-21,,,2026-07-28,,0
1.1.4.1.3.1.17.9,Toilet flooring work,Tower A,17th Floor,Finishing,Tower Finishing,Flooring,,102514420.0,2027-05-22,2027-06-15,,,2026-08-22,,0
1.1.4.1.3.1.17.10,Living dinning flooring,Tower A,17th Floor,Finishing,Tower Finishing,Flooring,,261625410.0,2027-05-27,2027-06-26,,,2026-08-27,,0
1.1.4.1.3.1.17.11,Electrical wiring work,Tower A,17th Floor,MEP,Tower MEP,Electrical,,185758660.0,2027-06-17,2027-06-28,,,2026-09-17,,0
1.1.4.1.3.1.17.12,Aluminium door-window fixing,Tower A,17th Floor,Finishing,Tower Finishing,Window,,233614170.0,2027-06-21,2027-07-09,,,2026-09-21,,0
1.1.4.1.3.1.17.13,Putty primer coat,Tower A,17th Floor,Finishing,Tower Finishing,Paint,,16917210.0,2027-07-02,2027-07-11,,,2026-10-02,,0
1.1.4.1.3.1.17.14,Prehung door fixing,Tower A,17th Floor,Finishing,Tower Finishing,Door,,84020120.0,2027-07-07,2027-07-14,,,2026-10-07,,0
1.1.4.1.3.1.17.15,Painting 1st coat,Tower A,17th Floor,Finishing,Tower Finishing,Paint,,33834250.0,2027-07-15,2027-07-26,,,2026-10-15,,0
1.1.4.1.3.1.17.16,False Cieling panel fixing,Tower A,17th Floor,Finishing,Tower Finishing,False Ceiling,,34794750.0,2027-08-24,2027-09-02,,,2026-12-16,,0
1.1.4.1.3.1.18,18th floor,,,,,,,,2027-02-28,2027-09-12,,,2026-05-27,,
1.1.4.1.3.1.18.1,Block Work ,Tower A,18th Floor,,,NTA Finishing,,50200490.0,2027-02-28,2027-04-04,,,2026-05-27,,0
1.1.4.1.3.1.18.2,Installation of temporary Main door,Tower A,18th Floor,Finishing,Tower Finishing,Door,,2292450.0,2027-04-05,2027-04-08,,,2026-07-02,,0
1.1.4.1.3.1.18.3,Fire sprinkler pipe fixing,Tower A,18th Floor,MEP,Tower MEP,Plumbing,,49833800.0,2027-04-05,2027-04-14,,,2026-07-09,,0
1.1.4.1.3.1.18.4,Internal Plumbing Works,Tower A,18th Floor,MEP,Tower MEP,Plumbing,,158400390.0,2027-04-05,2027-04-19,,,2026-07-02,,0
1.1.4.1.3.1.18.5,Waterproofing,Tower A,18th Floor,Finishing,Tower Civil Finishes,Waterproofing,,52629280.0,2027-04-20,2027-05-10,,,2026-07-17,,0
1.1.4.1.3.1.18.6,Internal Plaster,Tower A,18th Floor,Finishing,Tower Civil Finishes,Int Plaster,,180576380.0,2027-04-20,2027-05-04,,,2026-07-17,,0
1.1.4.1.3.1.18.7,IPS flooring work,Tower A,18th Floor,Finishing,Tower Finishing,Flooring,,25419250.0,2027-04-05,2027-04-17,,,2026-07-02,,0
1.1.4.1.3.1.18.8,Toilet dado work,Tower A,18th Floor,Finishing,Tower Finishing,Flooring,,25628690.0,2027-05-09,2027-06-02,,,2026-08-05,,0
1.1.4.1.3.1.18.9,Toilet flooring work,Tower A,18th Floor,Finishing,Tower Finishing,Flooring,,102514420.0,2027-06-03,2027-06-27,,,2026-08-30,,0
1.1.4.1.3.1.18.10,Living dinning flooring,Tower A,18th Floor,Finishing,Tower Finishing,Flooring,,261625410.0,2027-06-08,2027-07-08,,,2026-09-04,,0
1.1.4.1.3.1.18.11,Electrical wiring work,Tower A,18th Floor,MEP,Tower MEP,Electrical,,185758660.0,2027-06-29,2027-07-10,,,2026-09-25,,0
1.1.4.1.3.1.18.12,Aluminium door-window fixing,Tower A,18th Floor,Finishing,Tower Finishing,Window,,233614170.0,2027-07-03,2027-07-21,,,2026-09-29,,0
1.1.4.1.3.1.18.13,Putty primer coat,Tower A,18th Floor,Finishing,Tower Finishing,Paint,,16917210.0,2027-07-14,2027-07-23,,,2026-10-10,,0
1.1.4.1.3.1.18.14,Prehung door fixing,Tower A,18th Floor,Finishing,Tower Finishing,Door,,84020120.0,2027-07-19,2027-07-26,,,2026-10-15,,0
1.1.4.1.3.1.18.15,Painting 1st coat,Tower A,18th Floor,Finishing,Tower Finishing,Paint,,33834250.0,2027-07-27,2027-08-07,,,2026-10-23,,0
1.1.4.1.3.1.18.16,False Cieling panel fixing,Tower A,18th Floor,Finishing,Tower Finishing,False Ceiling,,34794750.0,2027-09-03,2027-09-12,,,2026-12-26,,0
1.1.4.1.3.1.19,19th floor,,,,,,,,2027-03-12,2027-09-22,,,2026-06-04,,
1.1.4.1.3.1.19.1,Block Work ,Tower A,19th Floor,,,NTA Finishing,,50200490.0,2027-03-12,2027-04-16,,,2026-06-04,,0
1.1.4.1.3.1.19.2,Installation of temporary Main door,Tower A,19th Floor,Finishing,Tower Finishing,Door,,2292450.0,2027-04-17,2027-04-20,,,2026-07-10,,0
1.1.4.1.3.1.19.3,Fire sprinkler pipe fixing,Tower A,19th Floor,MEP,Tower MEP,Plumbing,,49833800.0,2027-04-17,2027-04-26,,,2026-07-19,,0
1.1.4.1.3.1.19.4,Internal Plumbing Works,Tower A,19th Floor,MEP,Tower MEP,Plumbing,,158400390.0,2027-04-17,2027-05-01,,,2026-07-10,,0
1.1.4.1.3.1.19.5,Waterproofing,Tower A,19th Floor,Finishing,Tower Civil Finishes,Waterproofing,,52629280.0,2027-05-02,2027-05-22,,,2026-07-25,,0
1.1.4.1.3.1.19.6,Internal Plaster,Tower A,19th Floor,Finishing,Tower Civil Finishes,Int Plaster,,180576380.0,2027-05-02,2027-05-16,,,2026-07-25,,0
1.1.4.1.3.1.19.7,IPS flooring work,Tower A,19th Floor,Finishing,Tower Finishing,Flooring,,25419250.0,2027-04-17,2027-04-29,,,2026-07-10,,0
1.1.4.1.3.1.19.8,Toilet dado work,Tower A,19th Floor,Finishing,Tower Finishing,Flooring,,25628690.0,2027-05-21,2027-06-14,,,2026-08-13,,0
1.1.4.1.3.1.19.9,Toilet flooring work,Tower A,19th Floor,Finishing,Tower Finishing,Flooring,,102514420.0,2027-06-15,2027-07-09,,,2026-09-07,,0
1.1.4.1.3.1.19.10,Living dinning flooring,Tower A,19th Floor,Finishing,Tower Finishing,Flooring,,261625410.0,2027-06-20,2027-07-20,,,2026-09-12,,0
1.1.4.1.3.1.19.11,Electrical wiring work,Tower A,19th Floor,MEP,Tower MEP,Electrical,,185758660.0,2027-07-11,2027-07-22,,,2026-10-03,,0
1.1.4.1.3.1.19.12,Aluminium door-window fixing,Tower A,19th Floor,Finishing,Tower Finishing,Window,,233614170.0,2027-07-15,2027-08-02,,,2026-10-07,,0
1.1.4.1.3.1.19.13,Putty primer coat,Tower A,19th Floor,Finishing,Tower Finishing,Paint,,16917210.0,2027-07-26,2027-08-04,,,2026-10-18,,0
1.1.4.1.3.1.19.14,Prehung door fixing,Tower A,19th Floor,Finishing,Tower Finishing,Door,,84020120.0,2027-07-31,2027-08-07,,,2026-10-23,,0
1.1.4.1.3.1.19.15,Painting 1st coat,Tower A,19th Floor,Finishing,Tower Finishing,Paint,,33834250.0,2027-08-08,2027-08-19,,,2026-10-31,,0
1.1.4.1.3.1.19.16,False Cieling panel fixing,Tower A,19th Floor,Finishing,Tower Finishing,False Ceiling,,34794750.0,2027-09-13,2027-09-22,,,2027-01-05,,0
1.1.4.1.3.1.20,20th floor,,,,,,,,2027-03-24,2027-10-02,,,2026-06-12,,
1.1.4.1.3.1.20.1,Block Work ,Tower A,20th Floor,,,NTA Finishing,,50200490.0,2027-03-24,2027-04-28,,,2026-06-12,,0
1.1.4.1.3.1.20.2,Installation of temporary Main door,Tower A,20th Floor,Finishing,Tower Finishing,Door,,2292450.0,2027-04-29,2027-05-02,,,2026-07-18,,0
1.1.4.1.3.1.20.3,Fire sprinkler pipe fixing,Tower A,20th Floor,MEP,Tower MEP,Plumbing,,49833800.0,2027-04-29,2027-05-08,,,2026-07-29,,0
1.1.4.1.3.1.20.4,Internal Plumbing Works,Tower A,20th Floor,MEP,Tower MEP,Plumbing,,158400390.0,2027-04-29,2027-05-13,,,2026-07-18,,0
1.1.4.1.3.1.20.5,Waterproofing,Tower A,20th Floor,Finishing,Tower Civil Finishes,Waterproofing,,52629280.0,2027-05-14,2027-06-03,,,2026-08-02,,0
1.1.4.1.3.1.20.6,Internal Plaster,Tower A,20th Floor,Finishing,Tower Civil Finishes,Int Plaster,,180576380.0,2027-05-14,2027-05-28,,,2026-08-02,,0
1.1.4.1.3.1.20.7,IPS flooring work,Tower A,20th Floor,Finishing,Tower Finishing,Flooring,,25419250.0,2027-04-29,2027-05-11,,,2026-07-18,,0
1.1.4.1.3.1.20.8,Toilet dado work,Tower A,20th Floor,Finishing,Tower Finishing,Flooring,,25628690.0,2027-06-02,2027-06-26,,,2026-08-21,,0
1.1.4.1.3.1.20.9,Toilet flooring work,Tower A,20th Floor,Finishing,Tower Finishing,Flooring,,102514420.0,2027-06-27,2027-07-21,,,2026-09-15,,0
1.1.4.1.3.1.20.10,Living dinning flooring,Tower A,20th Floor,Finishing,Tower Finishing,Flooring,,261625410.0,2027-07-02,2027-08-01,,,2026-09-20,,0
1.1.4.1.3.1.20.11,Electrical wiring work,Tower A,20th Floor,MEP,Tower MEP,Electrical,,185758660.0,2027-07-23,2027-08-03,,,2026-10-11,,0
1.1.4.1.3.1.20.12,Aluminium door-window fixing,Tower A,20th Floor,Finishing,Tower Finishing,Window,,233614170.0,2027-07-27,2027-08-14,,,2026-10-15,,0
1.1.4.1.3.1.20.13,Putty primer coat,Tower A,20th Floor,Finishing,Tower Finishing,Paint,,16917210.0,2027-08-07,2027-08-16,,,2026-10-26,,0
1.1.4.1.3.1.20.14,Prehung door fixing,Tower A,20th Floor,Finishing,Tower Finishing,Door,,84020120.0,2027-08-12,2027-08-19,,,2026-10-31,,0
1.1.4.1.3.1.20.15,Painting 1st coat,Tower A,20th Floor,Finishing,Tower Finishing,Paint,,33834250.0,2027-08-20,2027-08-31,,,2026-12-23,,0
1.1.4.1.3.1.20.16,False Cieling panel fixing,Tower A,20th Floor,Finishing,Tower Finishing,False Ceiling,,34794750.0,2027-09-23,2027-10-02,,,2027-01-15,,0
1.1.4.1.3.1.21,21st floor,,,,,,,,2027-04-05,2027-10-12,,,2026-06-20,,
1.1.4.1.3.1.21.1,Block Work ,Tower A,21st Floor,,,NTA Finishing,,50200490.0,2027-04-05,2027-05-10,,,2026-06-20,,0
1.1.4.1.3.1.21.2,Installation of temporary Main door,Tower A,21st Floor,Finishing,Tower Finishing,Door,,2292450.0,2027-05-11,2027-05-14,,,2026-07-26,,0
1.1.4.1.3.1.21.3,Fire sprinkler pipe fixing,Tower A,21st Floor,MEP,Tower MEP,Plumbing,,49833800.0,2027-05-11,2027-05-20,,,2026-08-08,,0
1.1.4.1.3.1.21.4,Internal Plumbing Works,Tower A,21st Floor,MEP,Tower MEP,Plumbing,,158400390.0,2027-05-11,2027-05-25,,,2026-07-26,,0
1.1.4.1.3.1.21.5,Waterproofing,Tower A,21st Floor,Finishing,Tower Civil Finishes,Waterproofing,,52629280.0,2027-05-26,2027-06-15,,,2026-08-10,,0
1.1.4.1.3.1.21.6,Internal Plaster,Tower A,21st Floor,Finishing,Tower Civil Finishes,Int Plaster,,180576380.0,2027-05-26,2027-06-09,,,2026-08-10,,0
1.1.4.1.3.1.21.7,IPS flooring work,Tower A,21st Floor,Finishing,Tower Finishing,Flooring,,25419250.0,2027-05-11,2027-05-23,,,2026-07-26,,0
1.1.4.1.3.1.21.8,Toilet dado work,Tower A,21st Floor,Finishing,Tower Finishing,Flooring,,25628690.0,2027-06-14,2027-07-08,,,2026-08-29,,0
1.1.4.1.3.1.21.9,Toilet flooring work,Tower A,21st Floor,Finishing,Tower Finishing,Flooring,,102514420.0,2027-07-09,2027-08-02,,,2026-09-23,,0
1.1.4.1.3.1.21.10,Living dinning flooring,Tower A,21st Floor,Finishing,Tower Finishing,Flooring,,261625410.0,2027-07-14,2027-08-13,,,2026-09-28,,0
1.1.4.1.3.1.21.11,Electrical wiring work,Tower A,21st Floor,MEP,Tower MEP,Electrical,,185758660.0,2027-08-04,2027-08-15,,,2026-10-19,,0
1.1.4.1.3.1.21.12,Aluminium door-window fixing,Tower A,21st Floor,Finishing,Tower Finishing,Window,,233614170.0,2027-08-08,2027-08-26,,,2026-10-23,,0
1.1.4.1.3.1.21.13,Putty primer coat,Tower A,21st Floor,Finishing,Tower Finishing,Paint,,16917210.0,2027-08-19,2027-08-28,,,2026-12-18,,0
1.1.4.1.3.1.21.14,Prehung door fixing,Tower A,21st Floor,Finishing,Tower Finishing,Door,,84020120.0,2027-08-24,2027-08-31,,,2026-12-23,,0
1.1.4.1.3.1.21.15,Painting 1st coat,Tower A,21st Floor,Finishing,Tower Finishing,Paint,,33834250.0,2027-09-01,2027-09-12,,,2026-12-31,,0
1.1.4.1.3.1.21.16,False Cieling panel fixing,Tower A,21st Floor,Finishing,Tower Finishing,False Ceiling,,34794750.0,2027-10-03,2027-10-12,,,2027-01-25,,0
1.1.4.1.3.1.22,22nd floor,,,,,,,,2027-04-23,2027-10-22,,,2026-07-02,,
1.1.4.1.3.1.22.1,Block Work ,Tower A,22nd Floor,,,NTA Finishing,,50200490.0,2027-04-23,2027-05-28,,,2026-07-02,,0
1.1.4.1.3.1.22.2,Installation of temporary Main door,Tower A,22nd Floor,Finishing,Tower Finishing,Door,,2292450.0,2027-05-29,2027-06-01,,,2026-08-07,,0
1.1.4.1.3.1.22.3,Fire sprinkler pipe fixing,Tower A,22nd Floor,MEP,Tower MEP,Plumbing,,49833800.0,2027-05-29,2027-06-07,,,2026-08-18,,0
1.1.4.1.3.1.22.4,Internal Plumbing Works,Tower A,22nd Floor,MEP,Tower MEP,Plumbing,,158400390.0,2027-05-29,2027-06-12,,,2026-08-07,,0
1.1.4.1.3.1.22.5,Waterproofing,Tower A,22nd Floor,Finishing,Tower Civil Finishes,Waterproofing,,52629280.0,2027-06-13,2027-07-03,,,2026-08-22,,0
1.1.4.1.3.1.22.6,Internal Plaster,Tower A,22nd Floor,Finishing,Tower Civil Finishes,Int Plaster,,180576380.0,2027-06-13,2027-06-27,,,2026-08-22,,0
1.1.4.1.3.1.22.7,IPS flooring work,Tower A,22nd Floor,Finishing,Tower Finishing,Flooring,,25419250.0,2027-05-29,2027-06-10,,,2026-08-07,,0
1.1.4.1.3.1.22.8,Toilet dado work,Tower A,22nd Floor,Finishing,Tower Finishing,Flooring,,25628690.0,2027-07-02,2027-07-26,,,2026-09-10,,0
1.1.4.1.3.1.22.9,Toilet flooring work,Tower A,22nd Floor,Finishing,Tower Finishing,Flooring,,102514420.0,2027-07-27,2027-08-20,,,2026-10-05,,0
1.1.4.1.3.1.22.10,Living dinning flooring,Tower A,22nd Floor,Finishing,Tower Finishing,Flooring,,261625410.0,2027-08-01,2027-08-31,,,2026-10-10,,0
1.1.4.1.3.1.22.11,Electrical wiring work,Tower A,22nd Floor,MEP,Tower MEP,Electrical,,185758660.0,2027-08-22,2027-09-02,,,2026-10-31,,0
1.1.4.1.3.1.22.12,Aluminium door-window fixing,Tower A,22nd Floor,Finishing,Tower Finishing,Window,,233614170.0,2027-08-26,2027-09-13,,,2026-12-19,,0
1.1.4.1.3.1.22.13,Putty primer coat,Tower A,22nd Floor,Finishing,Tower Finishing,Paint,,16917210.0,2027-09-06,2027-09-15,,,2026-12-30,,0
1.1.4.1.3.1.22.14,Prehung door fixing,Tower A,22nd Floor,Finishing,Tower Finishing,Door,,84020120.0,2027-09-11,2027-09-18,,,2027-01-04,,0
1.1.4.1.3.1.22.15,Painting 1st coat,Tower A,22nd Floor,Finishing,Tower Finishing,Paint,,33834250.0,2027-09-19,2027-09-30,,,2027-01-12,,0
1.1.4.1.3.1.22.16,False Cieling panel fixing,Tower A,22nd Floor,Finishing,Tower Finishing,False Ceiling,,34794750.0,2027-10-13,2027-10-22,,,2027-02-04,,0
1.1.4.1.3.1.23,23rd floor,,,,,,,,2027-05-05,2027-12-16,,,2026-07-10,,
1.1.4.1.3.1.23.1,Block Work ,Tower A,23rd Floor,,,NTA Finishing,,50200490.0,2027-05-05,2027-06-09,,,2026-07-10,,0
1.1.4.1.3.1.23.2,Installation of temporary Main door,Tower A,23rd Floor,Finishing,Tower Finishing,Door,,2292450.0,2027-06-10,2027-06-13,,,2026-08-15,,0
1.1.4.1.3.1.23.3,Fire sprinkler pipe fixing,Tower A,23rd Floor,MEP,Tower MEP,Plumbing,,49833800.0,2027-06-10,2027-06-19,,,2026-08-28,,0
1.1.4.1.3.1.23.4,Internal Plumbing Works,Tower A,23rd Floor,MEP,Tower MEP,Plumbing,,158400390.0,2027-06-10,2027-06-24,,,2026-08-15,,0
1.1.4.1.3.1.23.5,Waterproofing,Tower A,23rd Floor,Finishing,Tower Civil Finishes,Waterproofing,,52629280.0,2027-06-25,2027-07-15,,,2026-08-30,,0
1.1.4.1.3.1.23.6,Internal Plaster,Tower A,23rd Floor,Finishing,Tower Civil Finishes,Int Plaster,,180576380.0,2027-06-25,2027-07-09,,,2026-08-30,,0
1.1.4.1.3.1.23.7,IPS flooring work,Tower A,23rd Floor,Finishing,Tower Finishing,Flooring,,25419250.0,2027-06-10,2027-06-22,,,2026-08-15,,0
1.1.4.1.3.1.23.8,Toilet dado work,Tower A,23rd Floor,Finishing,Tower Finishing,Flooring,,25628690.0,2027-07-14,2027-08-07,,,2026-09-18,,0
1.1.4.1.3.1.23.9,Toilet flooring work,Tower A,23rd Floor,Finishing,Tower Finishing,Flooring,,102514420.0,2027-08-08,2027-09-01,,,2026-10-13,,0
1.1.4.1.3.1.23.10,Living dinning flooring,Tower A,23rd Floor,Finishing,Tower Finishing,Flooring,,261625410.0,2027-08-13,2027-09-12,,,2026-10-18,,0
1.1.4.1.3.1.23.11,Electrical wiring work,Tower A,23rd Floor,MEP,Tower MEP,Electrical,,185758660.0,2027-09-03,2027-09-14,,,2026-12-23,,0
1.1.4.1.3.1.23.12,Aluminium door-window fixing,Tower A,23rd Floor,Finishing,Tower Finishing,Window,,233614170.0,2027-09-07,2027-09-25,,,2026-12-27,,0
1.1.4.1.3.1.23.13,Putty primer coat,Tower A,23rd Floor,Finishing,Tower Finishing,Paint,,16917210.0,2027-09-18,2027-09-27,,,2027-01-07,,0
1.1.4.1.3.1.23.14,Prehung door fixing,Tower A,23rd Floor,Finishing,Tower Finishing,Door,,84020120.0,2027-09-23,2027-09-30,,,2027-01-12,,0
1.1.4.1.3.1.23.15,Painting 1st coat,Tower A,23rd Floor,Finishing,Tower Finishing,Paint,,33834250.0,2027-10-01,2027-10-12,,,2027-01-20,,0
1.1.4.1.3.1.23.16,False Cieling panel fixing,Tower A,23rd Floor,Finishing,Tower Finishing,False Ceiling,,34794750.0,2027-10-23,2027-12-16,,,2027-02-14,,0
1.1.4.1.3.1.24,24th floor,,,,,,,,2027-05-17,2027-12-26,,,2026-07-18,,
1.1.4.1.3.1.24.1,Block Work ,Tower A,24th Floor,,,NTA Finishing,,50200490.0,2027-05-17,2027-06-21,,,2026-07-18,,0
1.1.4.1.3.1.24.2,Installation of temporary Main door,Tower A,24th Floor,Finishing,Tower Finishing,Door,,2292450.0,2027-06-22,2027-06-25,,,2026-08-23,,0
1.1.4.1.3.1.24.3,Fire sprinkler pipe fixing,Tower A,24th Floor,MEP,Tower MEP,Plumbing,,49833800.0,2027-06-22,2027-07-01,,,2026-09-07,,0
1.1.4.1.3.1.24.4,Internal Plumbing Works,Tower A,24th Floor,MEP,Tower MEP,Plumbing,,158400390.0,2027-06-22,2027-07-06,,,2026-08-23,,0
1.1.4.1.3.1.24.5,Waterproofing,Tower A,24th Floor,Finishing,Tower Civil Finishes,Waterproofing,,52629280.0,2027-07-07,2027-07-27,,,2026-09-07,,0
1.1.4.1.3.1.24.6,Internal Plaster,Tower A,24th Floor,Finishing,Tower Civil Finishes,Int Plaster,,180576380.0,2027-07-07,2027-07-21,,,2026-09-07,,0
1.1.4.1.3.1.24.7,IPS flooring work,Tower A,24th Floor,Finishing,Tower Finishing,Flooring,,25419250.0,2027-06-22,2027-07-04,,,2026-08-23,,0
1.1.4.1.3.1.24.8,Toilet dado work,Tower A,24th Floor,Finishing,Tower Finishing,Flooring,,25628690.0,2027-07-26,2027-08-19,,,2026-09-26,,0
1.1.4.1.3.1.24.9,Toilet flooring work,Tower A,24th Floor,Finishing,Tower Finishing,Flooring,,102514420.0,2027-08-20,2027-09-13,,,2026-10-21,,0
1.1.4.1.3.1.24.10,Living dinning flooring,Tower A,24th Floor,Finishing,Tower Finishing,Flooring,,261625410.0,2027-08-25,2027-09-24,,,2026-10-26,,0
1.1.4.1.3.1.24.11,Electrical wiring work,Tower A,24th Floor,MEP,Tower MEP,Electrical,,185758660.0,2027-09-15,2027-09-26,,,2026-12-31,,0
1.1.4.1.3.1.24.12,Aluminium door-window fixing,Tower A,24th Floor,Finishing,Tower Finishing,Window,,233614170.0,2027-09-19,2027-10-07,,,2027-01-04,,0
1.1.4.1.3.1.24.13,Putty primer coat,Tower A,24th Floor,Finishing,Tower Finishing,Paint,,16917210.0,2027-09-30,2027-10-09,,,2027-01-15,,0
1.1.4.1.3.1.24.14,Prehung door fixing,Tower A,24th Floor,Finishing,Tower Finishing,Door,,84020120.0,2027-10-05,2027-10-12,,,2027-01-20,,0
1.1.4.1.3.1.24.15,Painting 1st coat,Tower A,24th Floor,Finishing,Tower Finishing,Paint,,33834250.0,2027-10-13,2027-10-24,,,2027-01-28,,0
1.1.4.1.3.1.24.16,False Cieling panel fixing,Tower A,24th Floor,Finishing,Tower Finishing,False Ceiling,,34794750.0,2027-12-17,2027-12-26,,,2027-02-24,,0
1.1.4.1.3.1.25,25th floor,,,,,,,,2027-05-29,2028-01-05,,,2026-07-26,,
1.1.4.1.3.1.25.1,Block Work ,Tower A,25th Floor,,,NTA Finishing,,50200490.0,2027-05-29,2027-07-03,,,2026-07-26,,0
1.1.4.1.3.1.25.2,Installation of temporary Main door,Tower A,25th Floor,Finishing,Tower Finishing,Door,,2292450.0,2027-07-04,2027-07-07,,,2026-08-31,,0
1.1.4.1.3.1.25.3,Fire sprinkler pipe fixing,Tower A,25th Floor,MEP,Tower MEP,Plumbing,,49833800.0,2027-07-04,2027-07-13,,,2026-09-17,,0
1.1.4.1.3.1.25.4,Internal Plumbing Works,Tower A,25th Floor,MEP,Tower MEP,Plumbing,,158400390.0,2027-07-04,2027-07-18,,,2026-08-31,,0
1.1.4.1.3.1.25.5,Waterproofing,Tower A,25th Floor,Finishing,Tower Civil Finishes,Waterproofing,,52629280.0,2027-07-19,2027-08-08,,,2026-09-15,,0
1.1.4.1.3.1.25.6,Internal Plaster,Tower A,25th Floor,Finishing,Tower Civil Finishes,Int Plaster,,180576380.0,2027-07-19,2027-08-02,,,2026-09-15,,0
1.1.4.1.3.1.25.7,IPS flooring work,Tower A,25th Floor,Finishing,Tower Finishing,Flooring,,25419250.0,2027-07-04,2027-07-16,,,2026-08-31,,0
1.1.4.1.3.1.25.8,Toilet dado work,Tower A,25th Floor,Finishing,Tower Finishing,Flooring,,25628690.0,2027-08-07,2027-08-31,,,2026-10-04,,0
1.1.4.1.3.1.25.9,Toilet flooring work,Tower A,25th Floor,Finishing,Tower Finishing,Flooring,,102514420.0,2027-09-01,2027-09-25,,,2026-10-29,,0
1.1.4.1.3.1.25.10,Living dinning flooring,Tower A,25th Floor,Finishing,Tower Finishing,Flooring,,261625410.0,2027-09-06,2027-10-06,,,2026-12-18,,0
1.1.4.1.3.1.25.11,Electrical wiring work,Tower A,25th Floor,MEP,Tower MEP,Electrical,,185758660.0,2027-09-27,2027-10-08,,,2027-01-08,,0
1.1.4.1.3.1.25.12,Aluminium door-window fixing,Tower A,25th Floor,Finishing,Tower Finishing,Window,,233614170.0,2027-10-01,2027-10-19,,,2027-01-12,,0
1.1.4.1.3.1.25.13,Putty primer coat,Tower A,25th Floor,Finishing,Tower Finishing,Paint,,16917210.0,2027-10-12,2027-10-21,,,2027-01-23,,0
1.1.4.1.3.1.25.14,Prehung door fixing,Tower A,25th Floor,Finishing,Tower Finishing,Door,,84020120.0,2027-10-17,2027-10-24,,,2027-01-28,,0
1.1.4.1.3.1.25.15,Painting 1st coat,Tower A,25th Floor,Finishing,Tower Finishing,Paint,,33834250.0,2027-10-25,2027-12-20,,,2027-02-05,,0
1.1.4.1.3.1.25.16,False Cieling panel fixing,Tower A,25th Floor,Finishing,Tower Finishing,False Ceiling,,34794750.0,2027-12-27,2028-01-05,,,2027-03-06,,0
1.1.4.1.3.1.26,26th floor,,,,,,,,2027-06-10,2028-01-15,,,2026-08-03,,
1.1.4.1.3.1.26.1,Block Work ,Tower A,26th Floor,,,NTA Finishing,,50200490.0,2027-06-10,2027-07-15,,,2026-08-03,,0
1.1.4.1.3.1.26.2,Installation of temporary Main door,Tower A,26th Floor,Finishing,Tower Finishing,Door,,2292450.0,2027-07-16,2027-07-19,,,2026-09-08,,0
1.1.4.1.3.1.26.3,Fire sprinkler pipe fixing,Tower A,26th Floor,MEP,Tower MEP,Plumbing,,49833800.0,2027-07-16,2027-07-25,,,2026-09-27,,0
1.1.4.1.3.1.26.4,Internal Plumbing Works,Tower A,26th Floor,MEP,Tower MEP,Plumbing,,158400390.0,2027-07-16,2027-07-30,,,2026-09-08,,0
1.1.4.1.3.1.26.5,Waterproofing,Tower A,26th Floor,Finishing,Tower Civil Finishes,Waterproofing,,52629280.0,2027-07-31,2027-08-20,,,2026-09-23,,0
1.1.4.1.3.1.26.6,Internal Plaster,Tower A,26th Floor,Finishing,Tower Civil Finishes,Int Plaster,,180576380.0,2027-07-31,2027-08-14,,,2026-09-23,,0
1.1.4.1.3.1.26.7,IPS flooring work,Tower A,26th Floor,Finishing,Tower Finishing,Flooring,,25419250.0,2027-07-16,2027-07-28,,,2026-09-08,,0
1.1.4.1.3.1.26.8,Toilet dado work,Tower A,26th Floor,Finishing,Tower Finishing,Flooring,,25628690.0,2027-08-19,2027-09-12,,,2026-10-12,,0
1.1.4.1.3.1.26.9,Toilet flooring work,Tower A,26th Floor,Finishing,Tower Finishing,Flooring,,102514420.0,2027-09-13,2027-10-07,,,2026-12-21,,0
1.1.4.1.3.1.26.10,Living dinning flooring,Tower A,26th Floor,Finishing,Tower Finishing,Flooring,,261625410.0,2027-09-18,2027-10-18,,,2026-12-26,,0
1.1.4.1.3.1.26.11,Electrical wiring work,Tower A,26th Floor,MEP,Tower MEP,Electrical,,185758660.0,2027-10-09,2027-10-20,,,2027-01-16,,0
1.1.4.1.3.1.26.12,Aluminium door-window fixing,Tower A,26th Floor,Finishing,Tower Finishing,Window,,233614170.0,2027-10-13,2027-10-31,,,2027-01-20,,0
1.1.4.1.3.1.26.13,Putty primer coat,Tower A,26th Floor,Finishing,Tower Finishing,Paint,,16917210.0,2027-10-24,2027-12-17,,,2027-01-31,,0
1.1.4.1.3.1.26.14,Prehung door fixing,Tower A,26th Floor,Finishing,Tower Finishing,Door,,84020120.0,2027-10-29,2027-12-20,,,2027-02-05,,0
1.1.4.1.3.1.26.15,Painting 1st coat,Tower A,26th Floor,Finishing,Tower Finishing,Paint,,33834250.0,2027-12-21,2028-01-01,,,2027-02-13,,0
1.1.4.1.3.1.26.16,False Cieling panel fixing,Tower A,26th Floor,Finishing,Tower Finishing,False Ceiling,,34794750.0,2028-01-06,2028-01-15,,,2027-03-16,,0
1.1.4.1.3.1.27,27th floor,,,,,,,,2027-06-22,2028-01-25,,,2026-08-11,,
1.1.4.1.3.1.27.1,Block Work ,Tower A,27th Floor,,,NTA Finishing,,50200490.0,2027-06-22,2027-07-27,,,2026-08-11,,0
1.1.4.1.3.1.27.2,Installation of temporary Main door,Tower A,27th Floor,Finishing,Tower Finishing,Door,,2292450.0,2027-07-28,2027-07-31,,,2026-09-16,,0
1.1.4.1.3.1.27.3,Fire sprinkler pipe fixing,Tower A,27th Floor,MEP,Tower MEP,Plumbing,,49833800.0,2027-07-28,2027-08-06,,,2026-10-07,,0
1.1.4.1.3.1.27.4,Internal Plumbing Works,Tower A,27th Floor,MEP,Tower MEP,Plumbing,,158400390.0,2027-07-28,2027-08-11,,,2026-09-16,,0
1.1.4.1.3.1.27.5,Waterproofing,Tower A,27th Floor,Finishing,Tower Civil Finishes,Waterproofing,,52629280.0,2027-08-12,2027-09-01,,,2026-10-01,,0
1.1.4.1.3.1.27.6,Internal Plaster,Tower A,27th Floor,Finishing,Tower Civil Finishes,Int Plaster,,180576380.0,2027-08-12,2027-08-26,,,2026-10-01,,0
1.1.4.1.3.1.27.7,IPS flooring work,Tower A,27th Floor,Finishing,Tower Finishing,Flooring,,25419250.0,2027-07-28,2027-08-09,,,2026-09-16,,0
1.1.4.1.3.1.27.8,Toilet dado work,Tower A,27th Floor,Finishing,Tower Finishing,Flooring,,25628690.0,2027-08-31,2027-09-24,,,2026-10-20,,0
1.1.4.1.3.1.27.9,Toilet flooring work,Tower A,27th Floor,Finishing,Tower Finishing,Flooring,,102514420.0,2027-09-25,2027-10-19,,,2026-12-29,,0
1.1.4.1.3.1.27.10,Living dinning flooring,Tower A,27th Floor,Finishing,Tower Finishing,Flooring,,261625410.0,2027-09-30,2027-10-30,,,2027-01-03,,0
1.1.4.1.3.1.27.11,Electrical wiring work,Tower A,27th Floor,MEP,Tower MEP,Electrical,,185758660.0,2027-10-21,2027-12-16,,,2027-01-24,,0
1.1.4.1.3.1.27.12,Aluminium door-window fixing,Tower A,27th Floor,Finishing,Tower Finishing,Window,,233614170.0,2027-10-25,2027-12-27,,,2027-01-28,,0
1.1.4.1.3.1.27.13,Putty primer coat,Tower A,27th Floor,Finishing,Tower Finishing,Paint,,16917210.0,2027-12-20,2027-12-29,,,2027-02-08,,0
1.1.4.1.3.1.27.14,Prehung door fixing,Tower A,27th Floor,Finishing,Tower Finishing,Door,,84020120.0,2027-12-25,2028-01-01,,,2027-02-13,,0
1.1.4.1.3.1.27.15,Painting 1st coat,Tower A,27th Floor,Finishing,Tower Finishing,Paint,,33834250.0,2028-01-02,2028-01-13,,,2027-02-21,,0
1.1.4.1.3.1.27.16,False Cieling panel fixing,Tower A,27th Floor,Finishing,Tower Finishing,False Ceiling,,34794750.0,2028-01-16,2028-01-25,,,2027-03-26,,0
1.1.4.1.3.1.28,28th floor,,,,,,,,2027-07-06,2028-03-12,,,2026-08-21,,
1.1.4.1.3.1.28.1,Block Work ,Tower A,28th Floor,,,NTA Finishing,,50200490.0,2027-07-06,2027-08-10,,,2026-08-21,,0
1.1.4.1.3.1.28.2,Installation of temporary Main door,Tower A,28th Floor,Finishing,Tower Finishing,Door,,2292450.0,2027-08-11,2027-08-14,,,2026-09-26,,0
1.1.4.1.3.1.28.3,Fire sprinkler pipe fixing,Tower A,28th Floor,MEP,Tower MEP,Plumbing,,49833800.0,2027-08-11,2027-08-20,,,2026-10-17,,0
1.1.4.1.3.1.28.4,Internal Plumbing Works,Tower A,28th Floor,MEP,Tower MEP,Plumbing,,158400390.0,2027-08-11,2027-08-25,,,2026-09-26,,0
1.1.4.1.3.1.28.5,Waterproofing,Tower A,28th Floor,Finishing,Tower Civil Finishes,Waterproofing,,52629280.0,2027-08-26,2027-09-15,,,2026-10-11,,0
1.1.4.1.3.1.28.6,Internal Plaster,Tower A,28th Floor,Finishing,Tower Civil Finishes,Int Plaster,,180576380.0,2027-08-26,2027-09-09,,,2026-10-11,,0
1.1.4.1.3.1.28.7,IPS flooring work,Tower A,28th Floor,Finishing,Tower Finishing,Flooring,,25419250.0,2027-08-11,2027-08-23,,,2026-09-26,,0
1.1.4.1.3.1.28.8,Toilet dado work,Tower A,28th Floor,Finishing,Tower Finishing,Flooring,,25628690.0,2027-09-14,2027-12-27,,,2026-10-30,,0
1.1.4.1.3.1.28.9,Toilet flooring work,Tower A,28th Floor,Finishing,Tower Finishing,Flooring,,102514420.0,2027-12-28,2028-01-21,,,2027-02-12,,0
1.1.4.1.3.1.28.10,Living dinning flooring,Tower A,28th Floor,Finishing,Tower Finishing,Flooring,,261625410.0,2028-01-02,2028-02-01,,,2027-02-17,,0
1.1.4.1.3.1.28.11,Electrical wiring work,Tower A,28th Floor,MEP,Tower MEP,Electrical,,185758660.0,2028-01-23,2028-02-03,,,2027-03-10,,0
1.1.4.1.3.1.28.12,Aluminium door-window fixing,Tower A,28th Floor,Finishing,Tower Finishing,Window,,233614170.0,2028-01-27,2028-02-14,,,2027-03-14,,0
1.1.4.1.3.1.28.13,Putty primer coat,Tower A,28th Floor,Finishing,Tower Finishing,Paint,,16917210.0,2028-02-07,2028-02-16,,,2027-03-25,,0
1.1.4.1.3.1.28.14,Prehung door fixing,Tower A,28th Floor,Finishing,Tower Finishing,Door,,84020120.0,2028-02-12,2028-02-19,,,2027-03-30,,0
1.1.4.1.3.1.28.15,Painting 1st coat,Tower A,28th Floor,Finishing,Tower Finishing,Paint,,33834250.0,2028-02-20,2028-03-02,,,2027-04-07,,0
1.1.4.1.3.1.28.16,False Cieling panel fixing,Tower A,28th Floor,Finishing,Tower Finishing,False Ceiling,,34794750.0,2028-03-03,2028-03-12,,,2027-04-19,,0
1.1.4.1.3.1.29,29th floor,,,,,,,,2027-07-13,2028-03-22,,,2026-08-28,,
1.1.4.1.3.1.29.1,Block Work ,Tower A,29th Floor,,,NTA Finishing,,50200490.0,2027-07-13,2027-08-17,,,2026-08-28,,0
1.1.4.1.3.1.29.2,Installation of temporary Main door,Tower A,29th Floor,Finishing,Tower Finishing,Door,,2292450.0,2027-08-18,2027-08-21,,,2026-10-03,,0
1.1.4.1.3.1.29.3,Fire sprinkler pipe fixing,Tower A,29th Floor,MEP,Tower MEP,Plumbing,,49833800.0,2027-08-21,2027-08-30,,,2026-10-27,,0
1.1.4.1.3.1.29.4,Internal Plumbing Works,Tower A,29th Floor,MEP,Tower MEP,Plumbing,,158400390.0,2027-08-18,2027-09-01,,,2026-10-03,,0
1.1.4.1.3.1.29.5,Waterproofing,Tower A,29th Floor,Finishing,Tower Civil Finishes,Waterproofing,,52629280.0,2027-09-02,2027-09-22,,,2026-10-18,,0
1.1.4.1.3.1.29.6,Internal Plaster,Tower A,29th Floor,Finishing,Tower Civil Finishes,Int Plaster,,180576380.0,2027-09-02,2027-09-16,,,2026-10-18,,0
1.1.4.1.3.1.29.7,IPS flooring work,Tower A,29th Floor,Finishing,Tower Finishing,Flooring,,25419250.0,2027-08-18,2027-08-30,,,2026-10-03,,0
1.1.4.1.3.1.29.8,Toilet dado work,Tower A,29th Floor,Finishing,Tower Finishing,Flooring,,25628690.0,2027-09-21,2027-10-15,,,2026-12-21,,0
1.1.4.1.3.1.29.9,Toilet flooring work,Tower A,29th Floor,Finishing,Tower Finishing,Flooring,,102514420.0,2027-10-16,2027-12-24,,,2027-01-15,,0
1.1.4.1.3.1.29.10,Living dinning flooring,Tower A,29th Floor,Finishing,Tower Finishing,Flooring,,261625410.0,2027-10-21,2028-01-04,,,2027-01-20,,0
1.1.4.1.3.1.29.11,Electrical wiring work,Tower A,29th Floor,MEP,Tower MEP,Electrical,,185758660.0,2027-12-26,2028-01-06,,,2027-02-10,,0
1.1.4.1.3.1.29.12,Aluminium door-window fixing,Tower A,29th Floor,Finishing,Tower Finishing,Window,,233614170.0,2027-12-30,2028-01-17,,,2027-02-14,,0
1.1.4.1.3.1.29.13,Putty primer coat,Tower A,29th Floor,Finishing,Tower Finishing,Paint,,16917210.0,2028-01-10,2028-01-19,,,2027-02-25,,0
1.1.4.1.3.1.29.14,Prehung door fixing,Tower A,29th Floor,Finishing,Tower Finishing,Door,,84020120.0,2028-01-15,2028-01-22,,,2027-03-02,,0
1.1.4.1.3.1.29.15,Painting 1st coat,Tower A,29th Floor,Finishing,Tower Finishing,Paint,,33834250.0,2028-01-23,2028-02-03,,,2027-03-10,,0
1.1.4.1.3.1.29.16,False Cieling panel fixing,Tower A,29th Floor,Finishing,Tower Finishing,False Ceiling,,34794750.0,2028-03-13,2028-03-22,,,2027-04-29,,0
1.1.4.1.3.1.30,30th floor,,,,,,,,2027-07-20,2028-04-01,,,2026-09-04,,
1.1.4.1.3.1.30.1,Block Work ,Tower A,30th Floor,,,NTA Finishing,,50200490.0,2027-07-20,2027-08-24,,,2026-09-04,,0
1.1.4.1.3.1.30.2,Installation of temporary Main door,Tower A,30th Floor,Finishing,Tower Finishing,Door,,2292450.0,2027-08-25,2027-08-28,,,2026-10-10,,0
1.1.4.1.3.1.30.3,Fire sprinkler pipe fixing,Tower A,30th Floor,MEP,Tower MEP,Plumbing,,49833800.0,2027-08-31,2027-09-09,,,2026-12-21,,0
1.1.4.1.3.1.30.4,Internal Plumbing Works,Tower A,30th Floor,MEP,Tower MEP,Plumbing,,158400390.0,2027-08-25,2027-09-08,,,2026-10-10,,0
1.1.4.1.3.1.30.5,Waterproofing,Tower A,30th Floor,Finishing,Tower Civil Finishes,Waterproofing,,52629280.0,2027-09-09,2027-09-29,,,2026-10-25,,0
1.1.4.1.3.1.30.6,Internal Plaster,Tower A,30th Floor,Finishing,Tower Civil Finishes,Int Plaster,,180576380.0,2027-09-09,2027-09-23,,,2026-10-25,,0
1.1.4.1.3.1.30.7,IPS flooring work,Tower A,30th Floor,Finishing,Tower Finishing,Flooring,,25419250.0,2027-08-25,2027-09-06,,,2026-10-10,,0
1.1.4.1.3.1.30.8,Toilet dado work,Tower A,30th Floor,Finishing,Tower Finishing,Flooring,,25628690.0,2027-09-28,2027-10-22,,,2026-12-28,,0
1.1.4.1.3.1.30.9,Toilet flooring work,Tower A,30th Floor,Finishing,Tower Finishing,Flooring,,102514420.0,2027-10-23,2027-12-31,,,2027-01-22,,0
1.1.4.1.3.1.30.10,Living dinning flooring,Tower A,30th Floor,Finishing,Tower Finishing,Flooring,,261625410.0,2027-10-28,2028-01-11,,,2027-01-27,,0
1.1.4.1.3.1.30.11,Electrical wiring work,Tower A,30th Floor,MEP,Tower MEP,Electrical,,185758660.0,2028-01-02,2028-01-13,,,2027-02-17,,0
1.1.4.1.3.1.30.12,Aluminium door-window fixing,Tower A,30th Floor,Finishing,Tower Finishing,Window,,233614170.0,2028-01-06,2028-01-24,,,2027-02-21,,0
1.1.4.1.3.1.30.13,Putty primer coat,Tower A,30th Floor,Finishing,Tower Finishing,Paint,,16917210.0,2028-01-17,2028-01-26,,,2027-03-04,,0
1.1.4.1.3.1.30.14,Prehung door fixing,Tower A,30th Floor,Finishing,Tower Finishing,Door,,84020120.0,2028-01-22,2028-01-29,,,2027-03-09,,0
1.1.4.1.3.1.30.15,Painting 1st coat,Tower A,30th Floor,Finishing,Tower Finishing,Paint,,33834250.0,2028-01-30,2028-02-10,,,2027-03-17,,0
1.1.4.1.3.1.30.16,False Cieling panel fixing,Tower A,30th Floor,Finishing,Tower Finishing,False Ceiling,,34794750.0,2028-03-23,2028-04-01,,,2027-05-09,,0
1.1.4.1.3.1.31,31st floor,,,,,,,,2027-07-27,2028-04-11,,,2026-09-11,,
1.1.4.1.3.1.31.1,Block Work ,Tower A,31st Floor,,,NTA Finishing,,50200490.0,2027-07-27,2027-08-31,,,2026-09-11,,0
1.1.4.1.3.1.31.2,Installation of temporary Main door,Tower A,31st Floor,Finishing,Tower Finishing,Door,,2292450.0,2027-09-01,2027-09-04,,,2026-10-17,,0
1.1.4.1.3.1.31.3,Fire sprinkler pipe fixing,Tower A,31st Floor,MEP,Tower MEP,Plumbing,,49833800.0,2027-09-10,2027-09-19,,,2026-12-31,,0
1.1.4.1.3.1.31.4,Internal Plumbing Works,Tower A,31st Floor,MEP,Tower MEP,Plumbing,,158400390.0,2027-09-01,2027-09-15,,,2026-10-17,,0
1.1.4.1.3.1.31.5,Waterproofing,Tower A,31st Floor,Finishing,Tower Civil Finishes,Waterproofing,,52629280.0,2027-09-16,2027-10-06,,,2026-12-16,,0
1.1.4.1.3.1.31.6,Internal Plaster,Tower A,31st Floor,Finishing,Tower Civil Finishes,Int Plaster,,180576380.0,2027-09-16,2027-09-30,,,2026-12-16,,0
1.1.4.1.3.1.31.7,IPS flooring work,Tower A,31st Floor,Finishing,Tower Finishing,Flooring,,25419250.0,2027-09-01,2027-09-13,,,2026-10-17,,0
1.1.4.1.3.1.31.8,Toilet dado work,Tower A,31st Floor,Finishing,Tower Finishing,Flooring,,25628690.0,2027-10-05,2027-10-29,,,2027-01-04,,0
1.1.4.1.3.1.31.9,Toilet flooring work,Tower A,31st Floor,Finishing,Tower Finishing,Flooring,,102514420.0,2027-10-30,2028-01-07,,,2027-01-29,,0
1.1.4.1.3.1.31.10,Living dinning flooring,Tower A,31st Floor,Finishing,Tower Finishing,Flooring,,261625410.0,2027-12-19,2028-01-18,,,2027-02-03,,0
1.1.4.1.3.1.31.11,Electrical wiring work,Tower A,31st Floor,MEP,Tower MEP,Electrical,,185758660.0,2028-01-09,2028-01-20,,,2027-02-24,,0
1.1.4.1.3.1.31.12,Aluminium door-window fixing,Tower A,31st Floor,Finishing,Tower Finishing,Window,,233614170.0,2028-01-13,2028-01-31,,,2027-02-28,,0
1.1.4.1.3.1.31.13,Putty primer coat,Tower A,31st Floor,Finishing,Tower Finishing,Paint,,16917210.0,2028-01-24,2028-02-02,,,2027-03-11,,0
1.1.4.1.3.1.31.14,Prehung door fixing,Tower A,31st Floor,Finishing,Tower Finishing,Door,,84020120.0,2028-01-29,2028-02-05,,,2027-03-16,,0
1.1.4.1.3.1.31.15,Painting 1st coat,Tower A,31st Floor,Finishing,Tower Finishing,Paint,,33834250.0,2028-02-06,2028-02-17,,,2027-03-24,,0
1.1.4.1.3.1.31.16,False Cieling panel fixing,Tower A,31st Floor,Finishing,Tower Finishing,False Ceiling,,34794750.0,2028-04-02,2028-04-11,,,2027-05-19,,0
1.1.4.1.3.2,Terrace finishing,,,,,,,,2028-03-18,2028-06-25,,,2027-05-04,,
1.1.4.1.3.2.1,Terrace waterproofing,Tower A,Terrace,Finishing,Tower Civil Finishes,Waterproofing,,440000000.0,2028-03-18,2028-04-26,,,2027-05-04,,0
1.1.4.1.3.2.2,Terrace finishing,Tower A,Terrace,Finishing,Common area finishes,CA-Flooring,,65000000.0,2028-04-27,2028-06-25,,,2027-06-13,,0
1.1.4.1.3.3,Common area finishing,,,,,,,,2027-07-24,2028-06-06,,,2026-09-08,,
1.1.4.1.3.3.1,Masonary Work ,Tower A,,Finishing,Common area finishes,CA-Blockwork,,236237600.0,2027-07-24,2027-09-21,,,2026-09-08,,0
1.1.4.1.3.3.2,Fire sprinkler pipe fixing,Tower A,,MEP,Common area-MEP,CA-Fire-fighting & FAPA,,234512000.0,2027-08-03,2027-10-31,,,2026-09-18,,0
1.1.4.1.3.3.3,"Corridoor, staircase, shaft Plaster & whitewash ",Tower A,,Finishing,Common area finishes,CA-Int Plaster,,849771200.0,2027-09-12,2028-01-24,,,2026-10-28,,0
1.1.4.1.3.3.4,Staircase railing fixing,Tower A,,Finishing,Common area finishes,CA-Railing,,163740000.0,2027-09-02,2027-10-16,,,2026-10-18,,0
1.1.4.1.3.3.5,Fire staircase flooring ,Tower A,,Finishing,Common area finishes,CA-Flooring,,119620000.0,2027-09-27,2028-01-09,,,2026-12-27,,0
1.1.4.1.3.3.6,Main staircase flooring,Tower A,,Finishing,Common area finishes,CA-Flooring,,482420800.0,2027-09-27,2028-01-09,,,2026-12-27,,0
1.1.4.1.3.3.7,Fire door work,Tower A,,Finishing,Common area finishes,CA-Door,,21576000.0,2027-10-27,2028-01-24,,,2027-01-26,,0
1.1.4.1.3.3.8,Lobby flooring & Corridor ,Tower A,,Finishing,Common area finishes,CA-Flooring,,1231178400.0,2027-10-07,2028-03-13,,,2027-01-06,,0
1.1.4.1.3.3.9,Ceiling & wall putty-primer,Tower A,,Finishing,Common area finishes,CA-Paint,,79610400.0,2028-01-29,2028-03-28,,,2027-03-16,,0
1.1.4.1.3.3.10,Ceiling & wall painting,Tower A,,Finishing,Common area finishes,CA-Paint,,163740000.0,2028-02-13,2028-05-12,,,2027-03-31,,0
1.1.4.1.3.3.11,Electrical wiring work,Tower A,,MEP,Common area-MEP,CA-Electrical,,874158400.0,2028-03-19,2028-05-17,,,2027-05-05,,0
1.1.4.1.3.3.12,Light fixture supply & installation,Tower A,,MEP,Common area-MEP,CA-Electrical,,611910900.0,2028-05-08,2028-06-06,,,2027-06-24,,0
1.1.4.1.3.3.13,Installation of fire signages including Basements,Tower A,,MEP,BRM-Security,BRM-Security,,10788000.0,2028-05-03,2028-06-01,,,2027-06-19,,0
1.1.4.1.3.4,Balcony Glass Railing,,,,,,,,2026-10-16,2027-07-04,,,2025-12-30,,
1.1.4.1.3.4.1,1st Floor,Tower A,1st Floor,Finishing,Tower Civil Finishes,Railing,,104516129.0,2026-10-16,2026-10-22,,,2025-12-30,,0
1.1.4.1.3.4.2,2nd Floor,Tower A,2nd Floor,Finishing,Tower Civil Finishes,Railing,,104516129.0,2026-10-23,2026-10-29,,,2026-01-06,,0
1.1.4.1.3.4.3,3rd Floor,Tower A,3rd Floor,Finishing,Tower Civil Finishes,Railing,,104516129.0,2026-10-30,2026-12-20,,,2026-01-13,,0
1.1.4.1.3.4.4,4th Floor,Tower A,4th Floor,Finishing,Tower Civil Finishes,Railing,,104516129.0,2026-12-21,2026-12-27,,,2026-01-20,,0
1.1.4.1.3.4.5,5th Floor ,Tower A,5th Floor,Finishing,Tower Civil Finishes,Railing,,104516129.0,2026-12-28,2027-01-03,,,2026-01-27,,0
1.1.4.1.3.4.6,6th Floor ,Tower A,6th Floor,Finishing,Tower Civil Finishes,Railing,,104516129.0,2027-01-04,2027-01-10,,,2026-02-03,,0
1.1.4.1.3.4.7,7th Floor ,Tower A,7th Floor,Finishing,Tower Civil Finishes,Railing,,104516129.0,2027-01-11,2027-01-17,,,2026-02-10,,0
1.1.4.1.3.4.8,8th Floor ,Tower A,8th Floor,Finishing,Tower Civil Finishes,Railing,,104516129.0,2027-01-18,2027-01-24,,,2026-02-17,,0
1.1.4.1.3.4.9,9th Floor ,Tower A,9th Floor,Finishing,Tower Civil Finishes,Railing,,104516129.0,2027-01-25,2027-01-31,,,2026-02-24,,0
1.1.4.1.3.4.10,10th Floor,Tower A,10th Floor,Finishing,Tower Civil Finishes,Railing,,104516129.0,2027-02-01,2027-02-07,,,2026-03-03,,0
1.1.4.1.3.4.11,11th Floor,Tower A,11th Floor,Finishing,Tower Civil Finishes,Railing,,104516129.0,2027-02-08,2027-02-14,,,2026-03-10,,0
1.1.4.1.3.4.12,12th Floor,Tower A,12th Floor,Finishing,Tower Civil Finishes,Railing,,104516129.0,2027-02-15,2027-02-21,,,2026-03-17,,0
1.1.4.1.3.4.13,13th Floor,Tower A,13th Floor,Finishing,Tower Civil Finishes,Railing,,104516129.0,2027-02-22,2027-02-28,,,2026-03-24,,0
1.1.4.1.3.4.14,14th Floor,Tower A,14th Floor,Finishing,Tower Civil Finishes,Railing,,104516129.0,2027-03-01,2027-03-07,,,2026-03-31,,0
1.1.4.1.3.4.15,15th Floor,Tower A,15th Floor,Finishing,Tower Civil Finishes,Railing,,104516129.0,2027-03-08,2027-03-14,,,2026-04-07,,0
1.1.4.1.3.4.16,16th Floor,Tower A,16th Floor,Finishing,Tower Civil Finishes,Railing,,104516129.0,2027-03-15,2027-03-21,,,2026-04-14,,0
1.1.4.1.3.4.17,17th Floor,Tower A,17th Floor,Finishing,Tower Civil Finishes,Railing,,104516129.0,2027-03-22,2027-03-28,,,2026-04-21,,0
1.1.4.1.3.4.18,18th Floor,Tower A,18th Floor,Finishing,Tower Civil Finishes,Railing,,104516129.0,2027-03-29,2027-04-04,,,2026-04-28,,0
1.1.4.1.3.4.19,19th Floor,Tower A,19th Floor,Finishing,Tower Civil Finishes,Railing,,104516129.0,2027-04-05,2027-04-11,,,2026-05-05,,0
1.1.4.1.3.4.20,20th Floor,Tower A,20th Floor,Finishing,Tower Civil Finishes,Railing,,104516129.0,2027-04-12,2027-04-18,,,2026-05-12,,0
1.1.4.1.3.4.21,21st Floor,Tower A,21st Floor,Finishing,Tower Civil Finishes,Railing,,104516129.0,2027-04-19,2027-04-25,,,2026-05-19,,0
1.1.4.1.3.4.22,22nd Floor,Tower A,22nd Floor,Finishing,Tower Civil Finishes,Railing,,104516129.0,2027-04-26,2027-05-02,,,2026-05-26,,0
1.1.4.1.3.4.23,23rd Floor,Tower A,23rd Floor,Finishing,Tower Civil Finishes,Railing,,104516129.0,2027-05-03,2027-05-09,,,2026-06-02,,0
1.1.4.1.3.4.24,24th Floor,Tower A,24th Floor,Finishing,Tower Civil Finishes,Railing,,104516129.0,2027-05-10,2027-05-16,,,2026-06-09,,0
1.1.4.1.3.4.25,25th Floor,Tower A,25th Floor,Finishing,Tower Civil Finishes,Railing,,104516129.0,2027-05-17,2027-05-23,,,2026-06-16,,0
1.1.4.1.3.4.26,26th Floor,Tower A,26th Floor,Finishing,Tower Civil Finishes,Railing,,104516129.0,2027-05-24,2027-05-30,,,2026-06-23,,0
1.1.4.1.3.4.27,27th Floor,Tower A,27th Floor,Finishing,Tower Civil Finishes,Railing,,104516129.0,2027-05-31,2027-06-06,,,2026-06-30,,0
1.1.4.1.3.4.28,28th Floor,Tower A,28th Floor,Finishing,Tower Civil Finishes,Railing,,104516129.0,2027-06-07,2027-06-13,,,2026-07-07,,0
1.1.4.1.3.4.29,29th Floor,Tower A,29th Floor,Finishing,Tower Civil Finishes,Railing,,104516129.0,2027-06-14,2027-06-20,,,2026-07-14,,0
1.1.4.1.3.4.30,30th Floor,Tower A,30th Floor,Finishing,Tower Civil Finishes,Railing,,104516129.0,2027-06-21,2027-06-27,,,2026-07-21,,0
1.1.4.1.3.4.31,31st Floor,Tower A,31st Floor,Finishing,Tower Civil Finishes,Railing,,104516129.0,2027-06-28,2027-07-04,,,2026-07-28,,0
1.1.4.1.4,MEP work,,,,,,,,2027-03-31,2028-08-16,,,2026-09-21,,
1.1.4.1.4.1,Electrical work,,,,,,,,2027-03-31,2028-08-09,,,2026-10-18,,
1.1.4.1.4.1.1,Cable Tray,Tower A,,MEP,Tower MEP,Electrical,,277038100.0,2027-03-31,2027-06-28,,,2026-10-18,,0
1.1.4.1.4.1.2,"Cable, main & sub main",Tower A,,MEP,Tower MEP,Electrical,,2778366300.0,2027-06-29,2027-09-26,,,2026-10-18,,0
1.1.4.1.4.1.3,LT panel & DB,Tower A,,MEP,Tower MEP,Electrical,,5001059300.0,2027-06-29,2027-09-26,,,2027-01-01,,0
1.1.4.1.4.1.4,Earthing Works ,Tower A,,MEP,Tower MEP,Electrical,,110815200.0,2027-06-29,2027-08-27,,,2027-03-02,,0
1.1.4.1.4.1.5,Advanced Lightening Protection system,Tower A,,MEP,Tower MEP,Electrical,,2778366300.0,2027-08-03,2027-09-16,,,2027-04-06,,0
1.1.4.1.4.1.6,Energy meter,Tower A,,MEP,Tower MEP,Electrical,,1944856400.0,2027-09-27,2028-01-09,,,2027-03-02,,0
1.1.4.1.4.1.7,Inverter / UPS,Tower A,,MEP,Tower MEP,Electrical,,1944856400.0,2028-01-05,2028-03-14,,,2027-04-26,,0
1.1.4.1.4.1.8,HVAC & Exhast fan,Tower A,,MEP,Common area-MEP,CA-HVAC,,9724282000.0,2027-05-30,2027-09-26,,,2027-01-31,,0
1.1.4.1.4.1.9,FTTH,Tower A,,MEP,Tower MEP,Electrical,,2431070500.0,2027-09-02,2027-10-16,,,2027-03-07,,0
1.1.4.1.4.1.10,Security System - FA & PA,Tower A,,MEP,BRM-Security,BRM-Security,,4862141000.0,2027-09-02,2027-10-16,,,2027-03-07,,0
1.1.4.1.4.1.11,T&C of complete system,Tower A,,Finishing,Miscellaneous,Misc,,277038100.0,2028-06-07,2028-08-09,,,2027-07-24,,0
1.1.4.1.4.2,Plumbing work,,,,,,,,2027-08-06,2028-08-16,,,2026-09-21,,
1.1.4.1.4.2.1,Terrace looping,Tower A,Terrace,MEP,Tower MEP,Plumbing,,292588000.0,2027-08-06,2027-09-19,,,2026-09-21,,0
1.1.4.1.4.2.2,Shaft Plumbing,Tower A,,MEP,Tower MEP,Plumbing,,336476200.0,2027-12-26,2028-04-23,,,2027-02-10,,0
1.1.4.1.4.2.3,CP sanitary fixture supply,Tower A,,MEP,Tower MEP,CP Sanitary,,5503760300.0,2028-04-24,2028-06-07,,,2027-06-10,,0
1.1.4.1.4.2.4,Cold & flushing water supply,Tower A,,MEP,Tower MEP,Plumbing,,2751880100.0,2028-04-24,2028-06-07,,,2027-06-10,,0
1.1.4.1.4.2.5,Misc work,Tower A,,Finishing,Miscellaneous,Misc,,0.0,2028-05-19,2028-06-17,,,2027-07-05,,0
1.1.4.1.4.2.6,Installation of PHE pumps,Tower A,,MEP,Tower MEP,Plumbing,,2751880100.0,2027-09-20,2028-01-02,,,2026-12-20,,0
1.1.4.1.4.2.7,T&C of complete system,Tower A,,Finishing,Miscellaneous,Misc,,292588000.0,2028-06-18,2028-08-16,,,2027-08-04,,0
1.1.4.1.4.3,Fire fighting work,,,,,,,,2027-12-26,2028-07-22,,,2027-02-10,,
1.1.4.1.4.3.1,Fire hydrant work,Tower A,,MEP,Tower MEP,Plumbing,,292588000.0,2027-12-26,2028-03-24,,,2027-02-10,,0
1.1.4.1.4.3.2,Pipe connection & sprinkler installation,Tower A,,MEP,Tower MEP,Plumbing,,336476200.0,2028-03-25,2028-05-23,,,2027-05-11,,0
1.1.4.1.4.3.3,Shaft Downtake works,Tower A,,MEP,Tower MEP,Plumbing,,5503760300.0,2027-12-26,2028-03-24,,,2027-02-10,,0
1.1.4.1.4.3.4,Connection to pump room,Tower A,,MEP,Tower MEP,Plumbing,,2751880100.0,2028-03-25,2028-05-08,,,2027-05-11,,0
1.1.4.1.4.3.5,Installation of FF pumps,Tower A,,MEP,Tower MEP,Plumbing,,1375940100.0,2028-03-25,2028-05-23,,,2027-05-11,,0
1.1.4.1.4.3.6,T&C of complete system,Tower A,,Finishing,Miscellaneous,Misc,,2751880100.0,2028-05-24,2028-07-22,,,2027-07-10,,0
1.1.4.1.4.4,Lift work,,,,,,,,2027-09-07,2028-01-28,,,2026-10-18,,
1.1.4.1.4.4.1,Lift Shaft/Pit Handover,Tower A,,MEP,Common area-MEP,Lift,,30866660.0,2027-09-07,2027-10-06,,,2026-10-18,,0
1.1.4.1.4.4.2,Lift installation work,Tower A,,MEP,Common area-MEP,Lift,,0.0,2027-09-26,2027-12-29,,,2026-12-21,,0
1.1.4.1.4.4.3,Lift testing and commissioning,Tower A,,MEP,Common area-MEP,Lift,,0.0,2027-12-30,2028-01-28,,,2027-02-09,,0
1.1.4.1.5,External Paint Works ,,,,,,,,2027-08-06,2028-03-07,,,2026-09-21,,
1.1.4.1.5.1,Surface prepration,Tower A,,Finishing,Tower Finishing,Ext Paint,,0.0,2027-08-06,2027-10-14,,,2026-09-21,,0
1.1.4.1.5.2,"External Painting (Primer, texture & first coat)",Tower A,,Finishing,Tower Finishing,Ext Paint,,0.0,2027-10-15,2028-02-26,,,2027-01-14,,0
1.1.4.1.5.3,Final coat of painting,Tower A,,Finishing,Tower Finishing,Ext Paint,,0.0,2027-12-19,2028-03-07,,,2027-02-03,,0
1.1.4.1.5.4,Misc. work,Tower A,,Finishing,Miscellaneous,Misc,,0.0,2027-10-15,2028-01-17,,,2027-01-14,,0
1.1.4.1.6,OC Application/Readiness ,Tower A,,Finishing,Miscellaneous,Misc,,0.0,2028-07-06,2028-07-06,,,2027-08-22,,0
1.1.4.1.7,OC Receipt,Tower A,,Finishing,Miscellaneous,Misc,,0.0,2028-07-07,2028-08-05,,,2027-08-23,,0
1.1.4.1.8,Post OC Activities,,,,,,,,2028-07-07,2029-03-13,,,2027-08-23,,
1.1.4.1.8.1,CP & Sanitaryware installation,Tower A,,MEP,Tower MEP,CP Sanitary,,7684350000.0,2028-07-07,2028-12-18,,,2027-08-23,,0
1.1.4.1.8.2,Electrical Fixtures And Fittings installations,Tower A,,MEP,Tower MEP,Electrical,,2689522500.0,2028-07-07,2028-12-18,,,2027-08-23,,0
1.1.4.1.8.3,Final Coat Paint Internal,Tower A,,Finishing,Tower Finishing,Paint,,134476125.0,2028-07-07,2028-10-04,,,2027-08-23,,0
1.1.4.1.8.4,Split AC Units installation,Tower A,,MEP,Common area-MEP,CA-HVAC,,6723806.0,2028-10-20,2029-03-13,,,2028-01-20,,0
1.1.4.1.8.5,Wooden Flooring,Tower A,,Finishing,Tower Finishing,Flooring,,336190.0,2028-07-07,2029-02-16,,,2027-08-23,,0
1.1.4.1.9,Offer to possession,Tower A,,Finishing,Miscellaneous,Misc,,7684350000.0,2029-03-14,2029-08-10,,,2028-04-29,,0
1.1.4.2,Tower B (2B+G+31),,,,,,,,2025-05-20,2029-07-30,,,2025-05-17,,
1.1.4.2.1,Sub structure Works,,,,,,,,2025-05-20,2026-07-28,,,2025-05-17,,
1.1.4.2.1.1,Soil bed preparation,,,,,,,,2025-05-20,2025-06-08,,,2025-05-24,,
1.1.4.2.1.1.1,Surface dressing,Tower B,,Civil Works- RCC,NTA RCC,NTA RCC,,9810000.0,2025-05-20,2025-05-25,2025-05-20,2025-05-25,2025-05-24,,100
1.1.4.2.1.1.2,ATT,Tower B,,Finishing,Miscellaneous,Misc,,38265500.0,2025-05-22,2025-06-03,2025-05-22,2025-06-03,2025-06-13,,100
1.1.4.2.1.1.3,PCC,Tower B,,Civil Works- RCC,RCC,Concreting,,164995200.0,2025-05-23,2025-06-08,2025-05-23,2025-06-08,2025-06-15,,100
1.1.4.2.1.2,RCC works,,,,,,,,2025-06-07,2026-01-29,,,2025-05-17,,
1.1.4.2.1.2.1,Raft including B2 slab,,,,,,,,2025-06-07,2026-01-03,,,2025-05-17,,
1.1.4.2.1.2.1.1,Reinforcement,Tower B,Basement 2,Civil Works- RCC,RCC,Reinforcement,,1256422500.0,2025-06-07,2025-08-23,2025-06-07,2025-08-23,2025-05-17,,100
1.1.4.2.1.2.1.2,Shuttering,Tower B,Basement 2,Civil Works- RCC,RCC,Shuttering- Conventional,,166240635.09,2025-06-07,2025-08-26,2025-06-07,2025-08-26,2025-05-19,,100
1.1.4.2.1.2.1.3,Concreting of Raft,Tower B,Basement 2,Civil Works- RCC,RCC,Concreting,,717549455.25,2025-08-09,2025-09-10,2025-08-09,2025-09-10,2025-05-21,,100
1.1.4.2.1.2.1.4,Column till bottom of B2 slab (stitch slab),Tower B,Basement 2,Civil Works- RCC,RCC,Concreting,,191346521.4,2025-08-13,2025-08-22,2025-08-13,2025-08-22,2025-05-18,,100
1.1.4.2.1.2.1.5,Backfilling till bottom of B2 slab,Tower B,Basement 2,Civil Works- RCC,NTA RCC,NTA RCC,,162719400.0,2025-08-11,2025-08-22,2025-08-11,2025-08-22,2025-05-28,,100
1.1.4.2.1.2.1.6,Reinforcement,Tower B,Basement 2,Civil Works- RCC,RCC,Reinforcement,,1785442500.0,2025-08-18,2026-01-03,2025-08-18,,2025-05-30,,28
1.1.4.2.1.2.1.7,Shuttering,Tower B,Basement 2,Civil Works- RCC,RCC,Shuttering- Conventional,,236236691.97,2025-09-09,2025-12-13,2025-09-09,,2025-06-02,,14
1.1.4.2.1.2.1.8,Concreting of B2 Slab,Tower B,Basement 2,Civil Works- RCC,RCC,Concreting,,1291589019.45,2025-08-02,2025-12-20,2025-08-02,,2025-06-12,,10
1.1.4.2.1.2.2,B1 slab,,,,,,,,2025-08-31,2025-12-25,,,2025-06-14,,
1.1.4.2.1.2.2.1,Shuttering,Tower B,Basement 1,Civil Works- RCC,RCC,Shuttering- Conventional,,236236691.97,2025-08-31,2025-12-09,2025-08-31,,2025-06-14,,88
1.1.4.2.1.2.2.2,Reinforcement,Tower B,Basement 1,Civil Works- RCC,RCC,Reinforcement,,1785442500.0,2025-09-05,2025-12-21,2025-09-05,,2025-06-19,,18
1.1.4.2.1.2.2.3,Concreting,Tower B,Basement 1,Civil Works- RCC,RCC,Concreting,,1291589019.45,2025-09-28,2025-12-25,2025-09-28,,2025-07-07,,66
1.1.4.2.1.2.3,Ground Floor Slab / NTA top,,,,,,,,2025-12-26,2026-01-29,,,2025-07-09,,
1.1.4.2.1.2.3.1,Shuttering,Tower B,Ground Floor,Civil Works- RCC,RCC,Shuttering- Conventional,,236236691.97,2025-12-26,2026-01-21,,,2025-07-09,,0
1.1.4.2.1.2.3.2,Reinforcement,Tower B,Ground Floor,Civil Works- RCC,RCC,Reinforcement,,1785442500.0,2026-01-07,2026-01-29,,,2025-07-17,,0
1.1.4.2.1.2.3.3,Concreting,Tower B,Ground Floor,Civil Works- RCC,RCC,Concreting,,1291589019.45,2026-01-28,2026-01-29,,,2025-08-07,,0
1.1.4.2.1.3,Sub structure finishing works,,,,,,,,2026-02-09,2026-07-28,,,2025-08-23,,
1.1.4.2.1.3.1,Basement 2,,,,,,,,2026-02-09,2026-06-23,,,2025-08-23,,
1.1.4.2.1.3.1.1,Masonary,Tower B,Basement 2,Finishing,Common area finishes,CA-Blockwork,,252110975.833333,2026-02-09,2026-03-10,,,2025-08-23,,0
1.1.4.2.1.3.1.2,Structural steel,Tower B,Basement 2,Civil Works- RCC,RCC,Reinforcement,,0.0,2026-02-09,2026-03-10,,,2025-08-23,,0
1.1.4.2.1.3.1.3,Plaster,Tower B,Basement 2,Finishing,Common area finishes,CA-Int Plaster,,201164146.3125,2026-03-11,2026-04-09,,,2025-09-22,,0
1.1.4.2.1.3.1.4,White wash,Tower B,Basement 2,Finishing,Common area finishes,CA-Paint,,122751260.116367,2026-04-10,2026-05-09,,,2025-10-22,,0
1.1.4.2.1.3.1.5,VDF,Tower B,Basement 2,Finishing,Common area finishes,CA-Flooring,,452636185.633333,2026-02-24,2026-04-24,,,2025-09-07,,0
1.1.4.2.1.3.1.6,Drain & Sump (incl. gratings),Tower B,Basement 2,MEP,Common area-MEP,CA-PHE,,0.0,2026-03-26,2026-05-24,,,2025-10-07,,0
1.1.4.2.1.3.1.7,Car parking marking,Tower B,Basement 2,Infra,Ext Infra,Ext Infra,,0.0,2026-05-25,2026-06-23,,,2026-01-20,,0
1.1.4.2.1.3.1.8,Signages,Tower B,Basement 2,MEP,BRM-Security,BRM-Security,,0.0,2026-04-30,2026-05-29,,,2025-12-26,,0
1.1.4.2.1.3.2,Basement 1,,,,,,,,2026-03-16,2026-07-28,,,2025-09-23,,
1.1.4.2.1.3.2.1,Masonary,Tower B,Basement 1,Finishing,Common area finishes,CA-Blockwork,,252110975.833333,2026-03-16,2026-04-14,,,2025-09-23,,0
1.1.4.2.1.3.2.2,Structural steel,Tower B,Basement 1,Civil Works- RCC,RCC,Reinforcement,,0.0,2026-03-16,2026-04-14,,,2025-09-23,,0
1.1.4.2.1.3.2.3,Plaster,Tower B,Basement 1,Finishing,Common area finishes,CA-Int Plaster,,201164146.3125,2026-04-15,2026-05-14,,,2025-10-23,,0
1.1.4.2.1.3.2.4,White wash,Tower B,Basement 1,Finishing,Common area finishes,CA-Paint,,122751260.116367,2026-05-15,2026-06-13,,,2026-01-06,,0
1.1.4.2.1.3.2.5,VDF,Tower B,Basement 1,Finishing,Common area finishes,CA-Flooring,,452636185.633333,2026-03-31,2026-05-29,,,2025-10-08,,0
1.1.4.2.1.3.2.6,Drain & Sump (incl. gratings),Tower B,Basement 1,MEP,Common area-MEP,CA-PHE,,0.0,2026-04-30,2026-06-28,,,2025-12-22,,0
1.1.4.2.1.3.2.7,Car parking marking,Tower B,Basement 1,Infra,Ext Infra,Ext Infra,,0.0,2026-06-29,2026-07-28,,,2026-02-20,,0
1.1.4.2.1.3.2.8,Signages,Tower B,Basement 1,MEP,BRM-Security,BRM-Security,,0.0,2026-06-04,2026-07-03,,,2026-01-26,,0
1.1.4.2.2,Super structure works,,,,,,,,2026-01-30,2027-08-27,,,2025-08-09,,
1.1.4.2.2.1,RCC works,,,,,,,,2026-01-30,2027-08-27,,,2025-08-09,,
1.1.4.2.2.1.1,1st floor,,,,,,,,2026-01-30,2026-03-07,,,2025-08-09,,
1.1.4.2.2.1.1.1,Reinforcement,Tower B,1st Floor,Civil Works- RCC,RCC,Reinforcement,,567072281.373529,2026-01-30,2026-03-03,,,2025-08-09,,0
1.1.4.2.2.1.1.2,Wall/slab conduiting,Tower B,1st Floor,MEP,Tower MEP,Electrical,,120288059.685294,2026-02-12,2026-03-05,,,2025-08-16,,0
1.1.4.2.2.1.1.3,Shuttering,Tower B,1st Floor,Civil Works- RCC,RCC,Shuttering- Conventional,,429600213.161765,2026-02-12,2026-03-05,,,2025-08-16,,0
1.1.4.2.2.1.1.4,Concreting,Tower B,1st Floor,Civil Works- RCC,RCC,Concreting,,601440298.426471,2026-03-06,2026-03-07,,,2025-09-07,,0
1.1.4.2.2.1.2,2nd floor,,,,,,,,2026-03-08,2026-03-28,,,2025-09-09,,
1.1.4.2.2.1.2.1,Reinforcement,Tower B,2nd Floor,Civil Works- RCC,RCC,Reinforcement,,567072281.373529,2026-03-08,2026-03-24,,,2025-09-09,,0
1.1.4.2.2.1.2.2,Wall/slab conduiting,Tower B,2nd Floor,MEP,Tower MEP,Electrical,,120288059.685294,2026-03-11,2026-03-26,,,2025-09-10,,0
1.1.4.2.2.1.2.3,Shuttering,Tower B,2nd Floor,Civil Works- RCC,RCC,Shuttering- Conventional,,429600213.161765,2026-03-11,2026-03-26,,,2025-09-10,,0
1.1.4.2.2.1.2.4,Concreting,Tower B,2nd Floor,Civil Works- RCC,RCC,Concreting,,601440298.426471,2026-03-27,2026-03-28,,,2025-09-26,,0
1.1.4.2.2.1.3,3rd floor,,,,,,,,2026-03-29,2026-04-27,,,2025-09-28,,
1.1.4.2.2.1.3.1,Reinforcement,Tower B,3rd Floor,Civil Works- RCC,RCC,Reinforcement,,473924321.853529,2026-03-29,2026-04-25,,,2025-09-28,,0
1.1.4.2.2.1.3.2,Wall/slab conduiting,Tower B,3rd Floor,MEP,Tower MEP,Electrical,,100529401.605294,2026-04-07,2026-04-25,,,2025-09-28,,0
1.1.4.2.2.1.3.3,Shuttering,Tower B,3rd Floor,Civil Works- RCC,RCC,Shuttering- Conventional,,359033577.161765,2026-04-07,2026-04-25,,,2025-09-28,,0
1.1.4.2.2.1.3.4,Concreting,Tower B,3rd Floor,Civil Works- RCC,RCC,Concreting,,502647008.026471,2026-04-26,2026-04-27,,,2025-10-17,,0
1.1.4.2.2.1.4,4th floor,,,,,,,,2026-04-28,2026-05-18,,,2025-10-19,,
1.1.4.2.2.1.4.1,Reinforcement,Tower B,4th Floor,Civil Works- RCC,RCC,Reinforcement,,473924321.853529,2026-04-28,2026-05-16,,,2025-10-19,,0
1.1.4.2.2.1.4.2,Wall/slab conduiting,Tower B,4th Floor,MEP,Tower MEP,Electrical,,100529401.605294,2026-05-05,2026-05-16,,,2025-10-20,,0
1.1.4.2.2.1.4.3,Shuttering,Tower B,4th Floor,Civil Works- RCC,RCC,Shuttering- Conventional,,359033577.161765,2026-05-05,2026-05-16,,,2025-10-20,,0
1.1.4.2.2.1.4.4,Concreting,Tower B,4th Floor,Civil Works- RCC,RCC,Concreting,,502647008.026471,2026-05-17,2026-05-18,,,2025-12-16,,0
1.1.4.2.2.1.5,5th floor,,,,,,,,2026-05-19,2026-05-31,,,2025-12-18,,
1.1.4.2.2.1.5.1,Reinforcement,Tower B,5th Floor,Civil Works- RCC,RCC,Reinforcement,,473924321.853529,2026-05-19,2026-05-29,,,2025-12-18,,0
1.1.4.2.2.1.5.2,Wall/slab conduiting,Tower B,5th Floor,MEP,Tower MEP,Electrical,,100529401.605294,2026-05-25,2026-05-29,,,2025-12-20,,0
1.1.4.2.2.1.5.3,Shuttering,Tower B,5th Floor,Civil Works- RCC,RCC,Shuttering- Conventional,,359033577.161765,2026-05-25,2026-05-29,,,2025-12-20,,0
1.1.4.2.2.1.5.4,Concreting,Tower B,5th Floor,Civil Works- RCC,RCC,Concreting,,502647008.026471,2026-05-30,2026-05-31,,,2025-12-25,,0
1.1.4.2.2.1.6,6th floor,,,,,,,,2026-06-01,2026-06-13,,,2025-12-27,,
1.1.4.2.2.1.6.1,Reinforcement,Tower B,6th Floor,Civil Works- RCC,RCC,Reinforcement,,476111051.0,2026-06-01,2026-06-11,,,2025-12-27,,0
1.1.4.2.2.1.6.2,Wall/slab conduiting,Tower B,6th Floor,MEP,Tower MEP,Electrical,,100993253.0,2026-06-07,2026-06-11,,,2025-12-29,,0
1.1.4.2.2.1.6.3,Shuttering,Tower B,6th Floor,Civil Works- RCC,RCC,Shuttering- Conventional,,360690190.0,2026-06-07,2026-06-11,,,2025-12-29,,0
1.1.4.2.2.1.6.4,Concreting,Tower B,6th Floor,Civil Works- RCC,RCC,Concreting,,504966266.0,2026-06-12,2026-06-13,,,2026-01-03,,0
1.1.4.2.2.1.7,7th floor,,,,,,,,2026-06-14,2026-06-26,,,2026-01-05,,
1.1.4.2.2.1.7.1,Reinforcement,Tower B,7th Floor,Civil Works- RCC,RCC,Reinforcement,,476111051.0,2026-06-14,2026-06-24,,,2026-01-05,,0
1.1.4.2.2.1.7.2,Wall/slab conduiting,Tower B,7th Floor,MEP,Tower MEP,Electrical,,100993253.0,2026-06-20,2026-06-24,,,2026-01-07,,0
1.1.4.2.2.1.7.3,Shuttering,Tower B,7th Floor,Civil Works- RCC,RCC,Shuttering- Conventional,,360690190.0,2026-06-20,2026-06-24,,,2026-01-07,,0
1.1.4.2.2.1.7.4,Concreting,Tower B,7th Floor,Civil Works- RCC,RCC,Concreting,,504966266.0,2026-06-25,2026-06-26,,,2026-01-12,,0
1.1.4.2.2.1.8,8th floor,,,,,,,,2026-06-27,2026-07-09,,,2026-01-14,,
1.1.4.2.2.1.8.1,Reinforcement,Tower B,8th Floor,Civil Works- RCC,RCC,Reinforcement,,476111051.0,2026-06-27,2026-07-07,,,2026-01-14,,0
1.1.4.2.2.1.8.2,Wall/slab conduiting,Tower B,8th Floor,MEP,Tower MEP,Electrical,,100993253.0,2026-07-03,2026-07-07,,,2026-01-16,,0
1.1.4.2.2.1.8.3,Shuttering,Tower B,8th Floor,Civil Works- RCC,RCC,Shuttering- Conventional,,360690190.0,2026-07-03,2026-07-07,,,2026-01-16,,0
1.1.4.2.2.1.8.4,Concreting,Tower B,8th Floor,Civil Works- RCC,RCC,Concreting,,504966266.0,2026-07-08,2026-07-09,,,2026-01-21,,0
1.1.4.2.2.1.9,9th floor,,,,,,,,2026-07-10,2026-07-22,,,2026-01-23,,
1.1.4.2.2.1.9.1,Reinforcement,Tower B,9th Floor,Civil Works- RCC,RCC,Reinforcement,,476111051.0,2026-07-10,2026-07-20,,,2026-01-23,,0
1.1.4.2.2.1.9.2,Wall/slab conduiting,Tower B,9th Floor,MEP,Tower MEP,Electrical,,100993253.0,2026-07-16,2026-07-20,,,2026-01-25,,0
1.1.4.2.2.1.9.3,Shuttering,Tower B,9th Floor,Civil Works- RCC,RCC,Shuttering- Conventional,,360690190.0,2026-07-16,2026-07-20,,,2026-01-25,,0
1.1.4.2.2.1.9.4,Concreting,Tower B,9th Floor,Civil Works- RCC,RCC,Concreting,,504966266.0,2026-07-21,2026-07-22,,,2026-01-30,,0
1.1.4.2.2.1.10,10th floor,,,,,,,,2026-07-23,2026-08-04,,,2026-02-01,,
1.1.4.2.2.1.10.1,Reinforcement,Tower B,10th Floor,Civil Works- RCC,RCC,Reinforcement,,476111051.0,2026-07-23,2026-08-02,,,2026-02-01,,0
1.1.4.2.2.1.10.2,Wall/slab conduiting,Tower B,10th Floor,MEP,Tower MEP,Electrical,,100993253.0,2026-07-29,2026-08-02,,,2026-02-03,,0
1.1.4.2.2.1.10.3,Shuttering,Tower B,10th Floor,Civil Works- RCC,RCC,Shuttering- Conventional,,360690190.0,2026-07-29,2026-08-02,,,2026-02-03,,0
1.1.4.2.2.1.10.4,Concreting,Tower B,10th Floor,Civil Works- RCC,RCC,Concreting,,504966266.0,2026-08-03,2026-08-04,,,2026-02-08,,0
1.1.4.2.2.1.11,11th floor,,,,,,,,2026-08-05,2026-08-17,,,2026-02-10,,
1.1.4.2.2.1.11.1,Reinforcement,Tower B,11th Floor,Civil Works- RCC,RCC,Reinforcement,,476111051.0,2026-08-05,2026-08-15,,,2026-02-10,,0
1.1.4.2.2.1.11.2,Wall/slab conduiting,Tower B,11th Floor,MEP,Tower MEP,Electrical,,100993253.0,2026-08-11,2026-08-15,,,2026-02-12,,0
1.1.4.2.2.1.11.3,Shuttering,Tower B,11th Floor,Civil Works- RCC,RCC,Shuttering- Conventional,,360690190.0,2026-08-11,2026-08-15,,,2026-02-12,,0
1.1.4.2.2.1.11.4,Concreting,Tower B,11th Floor,Civil Works- RCC,RCC,Concreting,,504966266.0,2026-08-16,2026-08-17,,,2026-02-17,,0
1.1.4.2.2.1.12,12th floor,,,,,,,,2026-08-18,2026-08-30,,,2026-02-19,,
1.1.4.2.2.1.12.1,Reinforcement,Tower B,12th Floor,Civil Works- RCC,RCC,Reinforcement,,476111051.0,2026-08-18,2026-08-28,,,2026-02-19,,0
1.1.4.2.2.1.12.2,Wall/slab conduiting,Tower B,12th Floor,MEP,Tower MEP,Electrical,,100993253.0,2026-08-24,2026-08-28,,,2026-02-21,,0
1.1.4.2.2.1.12.3,Shuttering,Tower B,12th Floor,Civil Works- RCC,RCC,Shuttering- Conventional,,360690190.0,2026-08-24,2026-08-28,,,2026-02-21,,0
1.1.4.2.2.1.12.4,Concreting,Tower B,12th Floor,Civil Works- RCC,RCC,Concreting,,504966266.0,2026-08-29,2026-08-30,,,2026-02-26,,0
1.1.4.2.2.1.13,13th floor,,,,,,,,2026-08-31,2026-09-12,,,2026-02-28,,
1.1.4.2.2.1.13.1,Reinforcement,Tower B,13th Floor,Civil Works- RCC,RCC,Reinforcement,,476111051.0,2026-08-31,2026-09-10,,,2026-02-28,,0
1.1.4.2.2.1.13.2,Wall/slab conduiting,Tower B,13th Floor,MEP,Tower MEP,Electrical,,100993253.0,2026-09-06,2026-09-10,,,2026-03-02,,0
1.1.4.2.2.1.13.3,Shuttering,Tower B,13th Floor,Civil Works- RCC,RCC,Shuttering- Conventional,,360690190.0,2026-09-06,2026-09-10,,,2026-03-02,,0
1.1.4.2.2.1.13.4,Concreting,Tower B,13th Floor,Civil Works- RCC,RCC,Concreting,,504966266.0,2026-09-11,2026-09-12,,,2026-03-07,,0
1.1.4.2.2.1.14,14th floor,,,,,,,,2026-09-13,2026-09-25,,,2026-03-09,,
1.1.4.2.2.1.14.1,Reinforcement,Tower B,14th Floor,Civil Works- RCC,RCC,Reinforcement,,476111051.0,2026-09-13,2026-09-23,,,2026-03-09,,0
1.1.4.2.2.1.14.2,Wall/slab conduiting,Tower B,14th Floor,MEP,Tower MEP,Electrical,,100993253.0,2026-09-19,2026-09-23,,,2026-03-11,,0
1.1.4.2.2.1.14.3,Shuttering,Tower B,14th Floor,Civil Works- RCC,RCC,Shuttering- Conventional,,360690190.0,2026-09-19,2026-09-23,,,2026-03-11,,0
1.1.4.2.2.1.14.4,Concreting,Tower B,14th Floor,Civil Works- RCC,RCC,Concreting,,504966266.0,2026-09-24,2026-09-25,,,2026-03-16,,0
1.1.4.2.2.1.15,15th floor,,,,,,,,2026-09-26,2026-10-08,,,2026-03-18,,
1.1.4.2.2.1.15.1,Reinforcement,Tower B,15th Floor,Civil Works- RCC,RCC,Reinforcement,,476111051.0,2026-09-26,2026-10-06,,,2026-03-18,,0
1.1.4.2.2.1.15.2,Wall/slab conduiting,Tower B,15th Floor,MEP,Tower MEP,Electrical,,100993253.0,2026-10-02,2026-10-06,,,2026-03-20,,0
1.1.4.2.2.1.15.3,Shuttering,Tower B,15th Floor,Civil Works- RCC,RCC,Shuttering- Conventional,,360690190.0,2026-10-02,2026-10-06,,,2026-03-20,,0
1.1.4.2.2.1.15.4,Concreting,Tower B,15th Floor,Civil Works- RCC,RCC,Concreting,,504966266.0,2026-10-07,2026-10-08,,,2026-03-25,,0
1.1.4.2.2.1.16,16th floor,,,,,,,,2026-10-09,2026-10-21,,,2026-03-27,,
1.1.4.2.2.1.16.1,Reinforcement,Tower B,16th Floor,Civil Works- RCC,RCC,Reinforcement,,476111051.0,2026-10-09,2026-10-19,,,2026-03-27,,0
1.1.4.2.2.1.16.2,Wall/slab conduiting,Tower B,16th Floor,MEP,Tower MEP,Electrical,,100993253.0,2026-10-15,2026-10-19,,,2026-03-29,,0
1.1.4.2.2.1.16.3,Shuttering,Tower B,16th Floor,Civil Works- RCC,RCC,Shuttering- Conventional,,360690190.0,2026-10-15,2026-10-19,,,2026-03-29,,0
1.1.4.2.2.1.16.4,Concreting,Tower B,16th Floor,Civil Works- RCC,RCC,Concreting,,504966266.0,2026-10-20,2026-10-21,,,2026-04-03,,0
1.1.4.2.2.1.17,17th floor - Refuge Floor,,,,,,,,2026-10-22,2026-12-23,,,2026-04-05,,
1.1.4.2.2.1.17.1,Reinforcement,Tower B,17th Floor,Civil Works- RCC,RCC,Reinforcement,,476111051.0,2026-10-22,2026-12-21,,,2026-04-05,,0
1.1.4.2.2.1.17.2,Wall/slab conduiting,Tower B,17th Floor,MEP,Tower MEP,Electrical,,100993253.0,2026-10-29,2026-12-21,,,2026-04-06,,0
1.1.4.2.2.1.17.3,Shuttering,Tower B,17th Floor,Civil Works- RCC,RCC,Shuttering- Conventional,,360690190.0,2026-10-29,2026-12-21,,,2026-04-06,,0
1.1.4.2.2.1.17.4,Concreting,Tower B,17th Floor,Civil Works- RCC,RCC,Concreting,,504966266.0,2026-12-22,2026-12-23,,,2026-04-15,,0
1.1.4.2.2.1.18,18th floor,,,,,,,,2026-12-24,2027-01-05,,,2026-04-17,,
1.1.4.2.2.1.18.1,Reinforcement,Tower B,18th Floor,Civil Works- RCC,RCC,Reinforcement,,476111051.0,2026-12-24,2027-01-03,,,2026-04-17,,0
1.1.4.2.2.1.18.2,Wall/slab conduiting,Tower B,18th Floor,MEP,Tower MEP,Electrical,,100993253.0,2026-12-30,2027-01-03,,,2026-04-19,,0
1.1.4.2.2.1.18.3,Shuttering,Tower B,18th Floor,Civil Works- RCC,RCC,Shuttering- Conventional,,360690190.0,2026-12-30,2027-01-03,,,2026-04-19,,0
1.1.4.2.2.1.18.4,Concreting,Tower B,18th Floor,Civil Works- RCC,RCC,Concreting,,504966266.0,2027-01-04,2027-01-05,,,2026-04-24,,0
1.1.4.2.2.1.19,19th floor,,,,,,,,2027-01-06,2027-01-17,,,2026-04-26,,
1.1.4.2.2.1.19.1,Reinforcement,Tower B,19th Floor,Civil Works- RCC,RCC,Reinforcement,,476111051.0,2027-01-06,2027-01-15,,,2026-04-26,,0
1.1.4.2.2.1.19.2,Wall/slab conduiting,Tower B,19th Floor,MEP,Tower MEP,Electrical,,100993253.0,2027-01-10,2027-01-15,,,2026-04-26,,0
1.1.4.2.2.1.19.3,Shuttering,Tower B,19th Floor,Civil Works- RCC,RCC,Shuttering- Conventional,,360690190.0,2027-01-10,2027-01-15,,,2026-04-26,,0
1.1.4.2.2.1.19.4,Concreting,Tower B,19th Floor,Civil Works- RCC,RCC,Concreting,,504966266.0,2027-01-16,2027-01-17,,,2026-05-02,,0
1.1.4.2.2.1.20,20th floor,,,,,,,,2027-01-18,2027-01-29,,,2026-05-04,,
1.1.4.2.2.1.20.1,Reinforcement,Tower B,20th Floor,Civil Works- RCC,RCC,Reinforcement,,476111051.0,2027-01-18,2027-01-27,,,2026-05-04,,0
1.1.4.2.2.1.20.2,Wall/slab conduiting,Tower B,20th Floor,MEP,Tower MEP,Electrical,,100993253.0,2027-01-22,2027-01-27,,,2026-05-04,,0
1.1.4.2.2.1.20.3,Shuttering,Tower B,20th Floor,Civil Works- RCC,RCC,Shuttering- Conventional,,360690190.0,2027-01-22,2027-01-27,,,2026-05-04,,0
1.1.4.2.2.1.20.4,Concreting,Tower B,20th Floor,Civil Works- RCC,RCC,Concreting,,504966266.0,2027-01-28,2027-01-29,,,2026-05-10,,0
1.1.4.2.2.1.21,21st floor,,,,,,,,2027-01-30,2027-02-10,,,2026-05-12,,
1.1.4.2.2.1.21.1,Reinforcement,Tower B,21st Floor,Civil Works- RCC,RCC,Reinforcement,,476111051.0,2027-01-30,2027-02-08,,,2026-05-12,,0
1.1.4.2.2.1.21.2,Wall/slab conduiting,Tower B,21st Floor,MEP,Tower MEP,Electrical,,100993253.0,2027-02-03,2027-02-08,,,2026-05-12,,0
1.1.4.2.2.1.21.3,Shuttering,Tower B,21st Floor,Civil Works- RCC,RCC,Shuttering- Conventional,,360690190.0,2027-02-03,2027-02-08,,,2026-05-12,,0
1.1.4.2.2.1.21.4,Concreting,Tower B,21st Floor,Civil Works- RCC,RCC,Concreting,,504966266.0,2027-02-09,2027-02-10,,,2026-05-18,,0
1.1.4.2.2.1.22,22nd floor,,,,,,,,2027-02-11,2027-02-22,,,2026-05-20,,
1.1.4.2.2.1.22.1,Reinforcement,Tower B,22nd Floor,Civil Works- RCC,RCC,Reinforcement,,476111051.0,2027-02-11,2027-02-20,,,2026-05-20,,0
1.1.4.2.2.1.22.2,Wall/slab conduiting,Tower B,22nd Floor,MEP,Tower MEP,Electrical,,100993253.0,2027-02-15,2027-02-20,,,2026-05-20,,0
1.1.4.2.2.1.22.3,Shuttering,Tower B,22nd Floor,Civil Works- RCC,RCC,Shuttering- Conventional,,360690190.0,2027-02-15,2027-02-20,,,2026-05-20,,0
1.1.4.2.2.1.22.4,Concreting,Tower B,22nd Floor,Civil Works- RCC,RCC,Concreting,,504966266.0,2027-02-21,2027-02-22,,,2026-05-26,,0
1.1.4.2.2.1.23,23rd floor,,,,,,,,2027-02-23,2027-03-06,,,2026-05-28,,
1.1.4.2.2.1.23.1,Reinforcement,Tower B,23rd Floor,Civil Works- RCC,RCC,Reinforcement,,476111051.0,2027-02-23,2027-03-04,,,2026-05-28,,0
1.1.4.2.2.1.23.2,Wall/slab conduiting,Tower B,23rd Floor,MEP,Tower MEP,Electrical,,100993253.0,2027-02-27,2027-03-04,,,2026-05-28,,0
1.1.4.2.2.1.23.3,Shuttering,Tower B,23rd Floor,Civil Works- RCC,RCC,Shuttering- Conventional,,360690190.0,2027-02-27,2027-03-04,,,2026-05-28,,0
1.1.4.2.2.1.23.4,Concreting,Tower B,23rd Floor,Civil Works- RCC,RCC,Concreting,,504966266.0,2027-03-05,2027-03-06,,,2026-06-03,,0
1.1.4.2.2.1.24,24th floor,,,,,,,,2027-03-07,2027-03-18,,,2026-06-05,,
1.1.4.2.2.1.24.1,Reinforcement,Tower B,24th Floor,Civil Works- RCC,RCC,Reinforcement,,476111051.0,2027-03-07,2027-03-16,,,2026-06-05,,0
1.1.4.2.2.1.24.2,Wall/slab conduiting,Tower B,24th Floor,MEP,Tower MEP,Electrical,,100993253.0,2027-03-11,2027-03-16,,,2026-06-05,,0
1.1.4.2.2.1.24.3,Shuttering,Tower B,24th Floor,Civil Works- RCC,RCC,Shuttering- Conventional,,360690190.0,2027-03-11,2027-03-16,,,2026-06-05,,0
1.1.4.2.2.1.24.4,Concreting,Tower B,24th Floor,Civil Works- RCC,RCC,Concreting,,504966266.0,2027-03-17,2027-03-18,,,2026-06-11,,0
1.1.4.2.2.1.25,25th floor - Refuge Floor,,,,,,,,2027-03-19,2027-04-05,,,2026-06-13,,
1.1.4.2.2.1.25.1,Reinforcement,Tower B,25th Floor,Civil Works- RCC,RCC,Reinforcement,,476111051.0,2027-03-19,2027-04-03,,,2026-06-13,,0
1.1.4.2.2.1.25.2,Wall/slab conduiting,Tower B,25th Floor,MEP,Tower MEP,Electrical,,100993253.0,2027-03-26,2027-04-01,,,2026-06-14,,0
1.1.4.2.2.1.25.3,Shuttering,Tower B,25th Floor,Civil Works- RCC,RCC,Shuttering- Conventional,,360690190.0,2027-03-26,2027-04-01,,,2026-06-14,,0
1.1.4.2.2.1.25.4,Concreting,Tower B,25th Floor,Civil Works- RCC,RCC,Concreting,,504966266.0,2027-04-04,2027-04-05,,,2026-06-23,,0
1.1.4.2.2.1.26,26th floor,,,,,,,,2027-04-06,2027-04-17,,,2026-06-25,,
1.1.4.2.2.1.26.1,Reinforcement,Tower B,26th Floor,Civil Works- RCC,RCC,Reinforcement,,476111051.0,2027-04-06,2027-04-15,,,2026-06-25,,0
1.1.4.2.2.1.26.2,Wall/slab conduiting,Tower B,26th Floor,MEP,Tower MEP,Electrical,,100993253.0,2027-04-10,2027-04-15,,,2026-06-25,,0
1.1.4.2.2.1.26.3,Shuttering,Tower B,26th Floor,Civil Works- RCC,RCC,Shuttering- Conventional,,360690190.0,2027-04-10,2027-04-15,,,2026-06-25,,0
1.1.4.2.2.1.26.4,Concreting,Tower B,26th Floor,Civil Works- RCC,RCC,Concreting,,504966266.0,2027-04-16,2027-04-17,,,2026-07-01,,0
1.1.4.2.2.1.27,27th floor,,,,,,,,2027-04-18,2027-04-29,,,2026-07-03,,
1.1.4.2.2.1.27.1,Reinforcement,Tower B,27th Floor,Civil Works- RCC,RCC,Reinforcement,,476111051.0,2027-04-18,2027-04-27,,,2026-07-03,,0
1.1.4.2.2.1.27.2,Wall/slab conduiting,Tower B,27th Floor,MEP,Tower MEP,Electrical,,100993253.0,2027-04-22,2027-04-27,,,2026-07-03,,0
1.1.4.2.2.1.27.3,Shuttering,Tower B,27th Floor,Civil Works- RCC,RCC,Shuttering- Conventional,,360690190.0,2027-04-22,2027-04-27,,,2026-07-03,,0
1.1.4.2.2.1.27.4,Concreting,Tower B,27th Floor,Civil Works- RCC,RCC,Concreting,,504966266.0,2027-04-28,2027-04-29,,,2026-07-09,,0
1.1.4.2.2.1.28,28th floor,,,,,,,,2027-04-30,2027-05-11,,,2026-07-11,,
1.1.4.2.2.1.28.1,Reinforcement,Tower B,28th Floor,Civil Works- RCC,RCC,Reinforcement,,476111051.0,2027-04-30,2027-05-09,,,2026-07-11,,0
1.1.4.2.2.1.28.2,Wall/slab conduiting,Tower B,28th Floor,MEP,Tower MEP,Electrical,,100993253.0,2027-05-04,2027-05-09,,,2026-07-11,,0
1.1.4.2.2.1.28.3,Shuttering,Tower B,28th Floor,Civil Works- RCC,RCC,Shuttering- Conventional,,360690190.0,2027-05-04,2027-05-09,,,2026-07-11,,0
1.1.4.2.2.1.28.4,Concreting,Tower B,28th Floor,Civil Works- RCC,RCC,Concreting,,504966266.0,2027-05-10,2027-05-11,,,2026-07-17,,0
1.1.4.2.2.1.29,29th floor,,,,,,,,2027-05-12,2027-05-23,,,2026-07-19,,
1.1.4.2.2.1.29.1,Reinforcement,Tower B,29th Floor,Civil Works- RCC,RCC,Reinforcement,,476111051.0,2027-05-12,2027-05-21,,,2026-07-19,,0
1.1.4.2.2.1.29.2,Wall/slab conduiting,Tower B,29th Floor,MEP,Tower MEP,Electrical,,100993253.0,2027-05-16,2027-05-21,,,2026-07-19,,0
1.1.4.2.2.1.29.3,Shuttering,Tower B,29th Floor,Civil Works- RCC,RCC,Shuttering- Conventional,,360690190.0,2027-05-16,2027-05-21,,,2026-07-19,,0
1.1.4.2.2.1.29.4,Concreting,Tower B,29th Floor,Civil Works- RCC,RCC,Concreting,,504966266.0,2027-05-22,2027-05-23,,,2026-07-25,,0
1.1.4.2.2.1.30,30th floor,,,,,,,,2027-05-24,2027-06-04,,,2026-07-27,,
1.1.4.2.2.1.30.1,Reinforcement,Tower B,30th Floor,Civil Works- RCC,RCC,Reinforcement,,476111051.0,2027-05-24,2027-06-02,,,2026-07-27,,0
1.1.4.2.2.1.30.2,Wall/slab conduiting,Tower B,30th Floor,MEP,Tower MEP,Electrical,,100993253.0,2027-05-28,2027-06-02,,,2026-07-27,,0
1.1.4.2.2.1.30.3,Shuttering,Tower B,30th Floor,Civil Works- RCC,RCC,Shuttering- Conventional,,360690190.0,2027-05-28,2027-06-02,,,2026-07-27,,0
1.1.4.2.2.1.30.4,Concreting,Tower B,30th Floor,Civil Works- RCC,RCC,Concreting,,504966266.0,2027-06-03,2027-06-04,,,2026-08-02,,0
1.1.4.2.2.1.31,31st floor,,,,,,,,2027-06-05,2027-06-18,,,2026-08-04,,
1.1.4.2.2.1.31.1,Reinforcement,Tower B,31st Floor,Civil Works- RCC,RCC,Reinforcement,,476111051.0,2027-06-05,2027-06-16,,,2026-08-04,,0
1.1.4.2.2.1.31.2,Wall/slab conduiting,Tower B,31st Floor,MEP,Tower MEP,Electrical,,100993253.0,2027-06-11,2027-06-16,,,2026-08-06,,0
1.1.4.2.2.1.31.3,Shuttering,Tower B,31st Floor,Civil Works- RCC,RCC,Shuttering- Conventional,,360690190.0,2027-06-11,2027-06-16,,,2026-08-06,,0
1.1.4.2.2.1.31.4,Concreting,Tower B,31st Floor,Civil Works- RCC,RCC,Concreting,,504966266.0,2027-06-17,2027-06-18,,,2026-08-12,,0
1.1.4.2.2.1.32,Terrace floor,,,,,,,,2027-06-19,2027-07-13,,,2026-08-14,,
1.1.4.2.2.1.32.1,Reinforcement,Tower B,Terrace,Civil Works- RCC,RCC,Reinforcement,,476111051.0,2027-06-19,2027-07-11,,,2026-08-14,,0
1.1.4.2.2.1.32.2,Wall/slab conduiting,Tower B,Terrace,MEP,Common area-MEP,CA-Electrical,,100993253.0,2027-06-21,2027-07-10,,,2026-08-16,,0
1.1.4.2.2.1.32.3,Shuttering,Tower B,Terrace,Civil Works- RCC,RCC,Shuttering- Conventional,,360690190.0,2027-06-21,2027-07-10,,,2026-08-16,,0
1.1.4.2.2.1.32.4,Concreting,Tower B,Terrace,Civil Works- RCC,RCC,Concreting,,504966266.0,2027-07-12,2027-07-13,,,2026-09-06,,0
1.1.4.2.2.1.33,"LMR, OHT & Mumty",,,,,,,,2027-07-14,2027-08-27,,,2026-09-08,,
1.1.4.2.2.1.33.1,Reinforcement,Tower B,,Civil Works- RCC,RCC,Reinforcement,,0.0,2027-07-14,2027-08-23,,,2026-09-08,,0
1.1.4.2.2.1.33.2,Wall conduiting,Tower B,,MEP,Common area-MEP,CA-Electrical,,0.0,2027-07-25,2027-08-13,,,2026-09-14,,0
1.1.4.2.2.1.33.3,Shuttering,Tower B,,Civil Works- RCC,RCC,Shuttering- Conventional,,0.0,2027-07-25,2027-08-13,,,2026-09-14,,0
1.1.4.2.2.1.33.4,Concreting,Tower B,,Civil Works- RCC,RCC,Concreting,,0.0,2027-08-24,2027-08-27,,,2026-10-14,,0
1.1.4.2.2.2,Post pour works,,,,,,,,2026-05-19,2027-08-05,,,2025-12-18,,
1.1.4.2.2.2.1,1st floor,Tower B,1st Floor,Civil Works- RCC,RCC,Post Pour,,6959175.574,2026-05-19,2026-05-25,,,2025-12-18,,0
1.1.4.2.2.2.2,2nd floor,Tower B,2nd Floor,Civil Works- RCC,RCC,Post Pour,,6959175.574,2026-06-01,2026-06-07,,,2025-12-27,,0
1.1.4.2.2.2.3,3rd floor,Tower B,3rd Floor,Civil Works- RCC,RCC,Post Pour,,6959175.574,2026-06-14,2026-06-20,,,2026-01-05,,0
1.1.4.2.2.2.4,4th floor,Tower B,4th Floor,Civil Works- RCC,RCC,Post Pour,,6959175.574,2026-06-27,2026-07-03,,,2026-01-14,,0
1.1.4.2.2.2.5,5th floor,Tower B,5th Floor,Civil Works- RCC,RCC,Post Pour,,6959175.574,2026-07-10,2026-07-16,,,2026-01-23,,0
1.1.4.2.2.2.6,6th floor,Tower B,6th Floor,Civil Works- RCC,RCC,Post Pour,,6959175.574,2026-07-23,2026-07-29,,,2026-02-01,,0
1.1.4.2.2.2.7,7th floor,Tower B,7th Floor,Civil Works- RCC,RCC,Post Pour,,6959175.574,2026-08-05,2026-08-11,,,2026-02-10,,0
1.1.4.2.2.2.8,8th floor,Tower B,8th Floor,Civil Works- RCC,RCC,Post Pour,,6959175.574,2026-08-18,2026-08-24,,,2026-02-19,,0
1.1.4.2.2.2.9,9th floor,Tower B,9th Floor,Civil Works- RCC,RCC,Post Pour,,6959175.574,2026-08-31,2026-09-06,,,2026-02-28,,0
1.1.4.2.2.2.10,10th floor,Tower B,10th Floor,Civil Works- RCC,RCC,Post Pour,,6959175.574,2026-09-13,2026-09-19,,,2026-03-09,,0
1.1.4.2.2.2.11,11th floor,Tower B,11th Floor,Civil Works- RCC,RCC,Post Pour,,6959175.574,2026-09-26,2026-10-02,,,2026-03-18,,0
1.1.4.2.2.2.12,12th floor,Tower B,12th Floor,Civil Works- RCC,RCC,Post Pour,,6959175.574,2026-10-09,2026-10-15,,,2026-03-27,,0
1.1.4.2.2.2.13,13th floor,Tower B,13th Floor,Civil Works- RCC,RCC,Post Pour,,6959175.574,2026-10-22,2026-10-28,,,2026-04-05,,0
1.1.4.2.2.2.14,14th floor,Tower B,14th Floor,Civil Works- RCC,RCC,Post Pour,,6959175.574,2026-12-24,2026-12-30,,,2026-04-17,,0
1.1.4.2.2.2.15,15th floor,Tower B,15th Floor,Civil Works- RCC,RCC,Post Pour,,6959175.574,2027-01-06,2027-01-12,,,2026-04-26,,0
1.1.4.2.2.2.16,16th floor,Tower B,16th Floor,Civil Works- RCC,RCC,Post Pour,,6959175.574,2027-01-18,2027-01-24,,,2026-05-04,,0
1.1.4.2.2.2.17,17th floor - Refuge Floor,Tower B,17th Floor,Civil Works- RCC,RCC,Concreting,,6959175.574,2027-01-30,2027-02-05,,,2026-05-12,,0
1.1.4.2.2.2.18,18th floor,Tower B,18th Floor,Civil Works- RCC,RCC,Post Pour,,6959175.574,2027-02-11,2027-02-17,,,2026-05-20,,0
1.1.4.2.2.2.19,19th floor,Tower B,19th Floor,Civil Works- RCC,RCC,Post Pour,,6959175.574,2027-02-23,2027-03-01,,,2026-05-28,,0
1.1.4.2.2.2.20,20th floor,Tower B,20th Floor,Civil Works- RCC,RCC,Post Pour,,6959175.574,2027-03-07,2027-03-13,,,2026-06-05,,0
1.1.4.2.2.2.21,21st floor,Tower B,21st Floor,Civil Works- RCC,RCC,Post Pour,,6959175.574,2027-03-19,2027-03-25,,,2026-06-13,,0
1.1.4.2.2.2.22,22nd floor,Tower B,22nd Floor,Civil Works- RCC,RCC,Post Pour,,6959175.574,2027-04-06,2027-04-12,,,2026-06-25,,0
1.1.4.2.2.2.23,23rd floor,Tower B,23rd Floor,Civil Works- RCC,RCC,Post Pour,,6959175.574,2027-04-18,2027-04-24,,,2026-07-03,,0
1.1.4.2.2.2.24,24th floor,Tower B,24th Floor,Civil Works- RCC,RCC,Post Pour,,6959175.574,2027-04-30,2027-05-06,,,2026-07-11,,0
1.1.4.2.2.2.25,25th floor - Refuge Floor,Tower B,25th Floor,Civil Works- RCC,RCC,Concreting,,6959175.574,2027-05-12,2027-05-18,,,2026-07-19,,0
1.1.4.2.2.2.26,26th floor,Tower B,26th Floor,Civil Works- RCC,RCC,Post Pour,,6959175.574,2027-05-24,2027-05-30,,,2026-07-27,,0
1.1.4.2.2.2.27,27th floor,Tower B,27th Floor,Civil Works- RCC,RCC,Post Pour,,6959175.574,2027-06-05,2027-06-11,,,2026-08-04,,0
1.1.4.2.2.2.28,28th floor,Tower B,28th Floor,Civil Works- RCC,RCC,Post Pour,,6959175.574,2027-06-19,2027-06-25,,,2026-08-14,,0
1.1.4.2.2.2.29,29th floor,Tower B,29th Floor,Civil Works- RCC,RCC,Post Pour,,6959175.574,2027-06-26,2027-07-02,,,2026-08-21,,0
1.1.4.2.2.2.30,30th floor,Tower B,30th Floor,Civil Works- RCC,RCC,Post Pour,,6959175.574,2027-07-03,2027-07-09,,,2026-08-28,,0
1.1.4.2.2.2.31,31st floor,Tower B,31st Floor,Civil Works- RCC,RCC,Post Pour,,6959175.574,2027-07-10,2027-07-16,,,2026-09-04,,0
1.1.4.2.2.2.32,Terrace floor,Tower B,Terrace,Civil Works- RCC,RCC,Concreting,,6959175.574,2027-07-17,2027-07-26,,,2026-09-11,,0
1.1.4.2.2.2.33,"LMR, OHT & Mumty",Tower B,,Civil Works- RCC,RCC,Concreting,,6959175.574,2027-07-27,2027-08-05,,,2026-09-21,,0
1.1.4.2.3,Finishing works,,,,,,,,2026-06-11,2028-06-20,,,2025-12-30,,
1.1.4.2.3.1,Flat finishings,,,,,,,,2026-06-11,2028-06-20,,,2025-12-30,,
1.1.4.2.3.1.1,1st floor,,,,,,,,2026-06-11,2027-01-14,,,2025-12-30,,
1.1.4.2.3.1.1.1,Block Work ,Tower B,1st Floor,,,NTA Finishing,,50200490.0,2026-06-11,2026-06-30,,,2025-12-30,,0
1.1.4.2.3.1.1.2,Installation of temporary Main door,Tower B,1st Floor,Finishing,Tower Finishing,Door,,2292450.0,2026-07-01,2026-07-04,,,2026-01-09,,0
1.1.4.2.3.1.1.3,Fire sprinkler pipe fixing,Tower B,1st Floor,MEP,Tower MEP,Plumbing,,49833800.0,2026-07-01,2026-07-10,,,2026-01-09,,0
1.1.4.2.3.1.1.4,Internal Plumbing Works,Tower B,1st Floor,MEP,Tower MEP,Plumbing,,158400390.0,2026-07-01,2026-07-10,,,2026-01-09,,0
1.1.4.2.3.1.1.5,Waterproofing,Tower B,1st Floor,Finishing,Tower Civil Finishes,Waterproofing,,52629280.0,2026-07-01,2026-07-21,,,2026-01-09,,0
1.1.4.2.3.1.1.6,Internal Plaster,Tower B,1st Floor,Finishing,Tower Civil Finishes,Int Plaster,,180576380.0,2026-07-01,2026-07-11,,,2026-01-09,,0
1.1.4.2.3.1.1.7,IPS flooring work,Tower B,1st Floor,Finishing,Tower Finishing,Flooring,,25419250.0,2026-07-01,2026-07-13,,,2026-01-09,,0
1.1.4.2.3.1.1.8,Toilet dado work,Tower B,1st Floor,Finishing,Tower Finishing,Flooring,,25628690.0,2026-07-20,2026-07-29,,,2026-01-28,,0
1.1.4.2.3.1.1.9,Toilet flooring work,Tower B,1st Floor,Finishing,Tower Finishing,Flooring,,102514420.0,2026-07-30,2026-08-08,,,2026-02-07,,0
1.1.4.2.3.1.1.10,Living dinning flooring,Tower B,1st Floor,Finishing,Tower Finishing,Flooring,,261625410.0,2026-08-02,2026-08-11,,,2026-02-10,,0
1.1.4.2.3.1.1.11,Electrical wiring work,Tower B,1st Floor,MEP,Tower MEP,Electrical,,185758660.0,2026-08-02,2026-08-13,,,2026-02-10,,0
1.1.4.2.3.1.1.12,Aluminium door-window fixing,Tower B,1st Floor,Finishing,Tower Finishing,Window,,233614170.0,2026-12-27,2027-01-14,,,2026-02-14,,0
1.1.4.2.3.1.1.13,Putty primer coat,Tower B,1st Floor,Finishing,Tower Finishing,Paint,,16917210.0,2026-08-06,2026-08-15,,,2026-02-25,,0
1.1.4.2.3.1.1.14,Prehung door fixing,Tower B,1st Floor,Finishing,Tower Finishing,Door,,84020120.0,2026-08-11,2026-08-18,,,2026-03-02,,0
1.1.4.2.3.1.1.15,Painting 1st coat,Tower B,1st Floor,Finishing,Tower Finishing,Paint,,33834250.0,2026-08-19,2026-08-30,,,2026-03-10,,0
1.1.4.2.3.1.1.16,False Cieling panel fixing,Tower B,1st Floor,Finishing,Tower Finishing,False Ceiling,,34794750.0,2026-08-31,2026-09-09,,,2026-03-22,,0
1.1.4.2.3.1.2,2nd floor,,,,,,,,2026-09-29,2027-03-22,,,2026-01-09,,
1.1.4.2.3.1.2.1,Block Work ,Tower B,2nd Floor,,,NTA Finishing,,50200490.0,2026-09-29,2026-10-08,,,2026-01-09,,0
1.1.4.2.3.1.2.2,Installation of temporary Main door,Tower B,2nd Floor,Finishing,Tower Finishing,Door,,2292450.0,2026-10-09,2026-10-12,,,2026-01-19,,0
1.1.4.2.3.1.2.3,Fire sprinkler pipe fixing,Tower B,2nd Floor,MEP,Tower MEP,Plumbing,,49833800.0,2026-10-09,2026-10-18,,,2026-01-19,,0
1.1.4.2.3.1.2.4,Internal Plumbing Works,Tower B,2nd Floor,MEP,Tower MEP,Plumbing,,158400390.0,2026-10-09,2026-10-18,,,2026-01-19,,0
1.1.4.2.3.1.2.5,Waterproofing,Tower B,2nd Floor,Finishing,Tower Civil Finishes,Waterproofing,,52629280.0,2026-10-09,2026-10-29,,,2026-01-19,,0
1.1.4.2.3.1.2.6,Internal Plaster,Tower B,2nd Floor,Finishing,Tower Civil Finishes,Int Plaster,,180576380.0,2026-10-09,2026-10-23,,,2026-01-19,,0
1.1.4.2.3.1.2.7,IPS flooring work,Tower B,2nd Floor,Finishing,Tower Finishing,Flooring,,25419250.0,2026-10-09,2026-10-18,,,2026-01-19,,0
1.1.4.2.3.1.2.8,Toilet dado work,Tower B,2nd Floor,Finishing,Tower Finishing,Flooring,,25628690.0,2026-10-28,2026-12-23,,,2026-02-07,,0
1.1.4.2.3.1.2.9,Toilet flooring work,Tower B,2nd Floor,Finishing,Tower Finishing,Flooring,,102514420.0,2026-12-19,2026-12-28,,,2026-02-14,,0
1.1.4.2.3.1.2.10,Living dinning flooring,Tower B,2nd Floor,Finishing,Tower Finishing,Flooring,,261625410.0,2026-12-22,2026-12-31,,,2026-02-17,,0
1.1.4.2.3.1.2.11,Electrical wiring work,Tower B,2nd Floor,MEP,Tower MEP,Electrical,,185758660.0,2026-12-22,2027-01-02,,,2026-02-17,,0
1.1.4.2.3.1.2.12,Aluminium door-window fixing,Tower B,2nd Floor,Finishing,Tower Finishing,Window,,233614170.0,2027-03-04,2027-03-22,,,2026-02-21,,0
1.1.4.2.3.1.2.13,Putty primer coat,Tower B,2nd Floor,Finishing,Tower Finishing,Paint,,16917210.0,2026-12-26,2027-01-04,,,2026-03-04,,0
1.1.4.2.3.1.2.14,Prehung door fixing,Tower B,2nd Floor,Finishing,Tower Finishing,Door,,84020120.0,2026-12-31,2027-01-07,,,2026-03-09,,0
1.1.4.2.3.1.2.15,Painting 1st coat,Tower B,2nd Floor,Finishing,Tower Finishing,Paint,,33834250.0,2027-01-08,2027-01-19,,,2026-03-17,,0
1.1.4.2.3.1.2.16,False Cieling panel fixing,Tower B,2nd Floor,Finishing,Tower Finishing,False Ceiling,,34794750.0,2027-01-20,2027-01-29,,,2026-04-01,,0
1.1.4.2.3.1.3,3rd floor,,,,,,,,2027-02-21,2027-05-13,,,2026-01-19,,
1.1.4.2.3.1.3.1,Block Work ,Tower B,3rd Floor,,,NTA Finishing,,50200490.0,2027-02-21,2027-03-02,,,2026-01-19,,0
1.1.4.2.3.1.3.2,Installation of temporary Main door,Tower B,3rd Floor,Finishing,Tower Finishing,Door,,2292450.0,2027-03-03,2027-03-06,,,2026-01-29,,0
1.1.4.2.3.1.3.3,Fire sprinkler pipe fixing,Tower B,3rd Floor,MEP,Tower MEP,Plumbing,,49833800.0,2027-03-03,2027-03-12,,,2026-01-29,,0
1.1.4.2.3.1.3.4,Internal Plumbing Works,Tower B,3rd Floor,MEP,Tower MEP,Plumbing,,158400390.0,2027-03-03,2027-03-12,,,2026-01-29,,0
1.1.4.2.3.1.3.5,Waterproofing,Tower B,3rd Floor,Finishing,Tower Civil Finishes,Waterproofing,,52629280.0,2027-03-13,2027-04-02,,,2026-02-08,,0
1.1.4.2.3.1.3.6,Internal Plaster,Tower B,3rd Floor,Finishing,Tower Civil Finishes,Int Plaster,,180576380.0,2027-03-05,2027-03-15,,,2026-01-31,,0
1.1.4.2.3.1.3.7,IPS flooring work,Tower B,3rd Floor,Finishing,Tower Finishing,Flooring,,25419250.0,2027-03-03,2027-03-15,,,2026-01-29,,0
1.1.4.2.3.1.3.8,Toilet dado work,Tower B,3rd Floor,Finishing,Tower Finishing,Flooring,,25628690.0,2027-04-01,2027-04-10,,,2026-02-27,,0
1.1.4.2.3.1.3.9,Toilet flooring work,Tower B,3rd Floor,Finishing,Tower Finishing,Flooring,,102514420.0,2027-04-11,2027-04-22,,,2026-03-09,,0
1.1.4.2.3.1.3.10,Living dinning flooring,Tower B,3rd Floor,Finishing,Tower Finishing,Flooring,,261625410.0,2027-04-03,2027-04-14,,,2026-03-01,,0
1.1.4.2.3.1.3.11,Electrical wiring work,Tower B,3rd Floor,MEP,Tower MEP,Electrical,,185758660.0,2027-04-05,2027-04-16,,,2026-03-03,,0
1.1.4.2.3.1.3.12,Aluminium door-window fixing,Tower B,3rd Floor,Finishing,Tower Finishing,Window,,233614170.0,2027-03-18,2027-04-05,,,2026-03-07,,0
1.1.4.2.3.1.3.13,Putty primer coat,Tower B,3rd Floor,Finishing,Tower Finishing,Paint,,16917210.0,2027-04-09,2027-04-18,,,2026-03-18,,0
1.1.4.2.3.1.3.14,Prehung door fixing,Tower B,3rd Floor,Finishing,Tower Finishing,Door,,84020120.0,2027-04-14,2027-04-21,,,2026-03-23,,0
1.1.4.2.3.1.3.15,Painting 1st coat,Tower B,3rd Floor,Finishing,Tower Finishing,Paint,,33834250.0,2027-04-22,2027-05-03,,,2026-03-31,,0
1.1.4.2.3.1.3.16,False Cieling panel fixing,Tower B,3rd Floor,Finishing,Tower Finishing,False Ceiling,,34794750.0,2027-05-04,2027-05-13,,,2026-04-12,,0
1.1.4.2.3.1.4,4th floor,,,,,,,,2026-07-21,2027-02-14,,,2026-01-29,,
1.1.4.2.3.1.4.1,Block Work ,Tower B,4th Floor,,,NTA Finishing,,50200490.0,2026-07-21,2026-07-30,,,2026-01-29,,0
1.1.4.2.3.1.4.2,Installation of temporary Main door,Tower B,4th Floor,Finishing,Tower Finishing,Door,,2292450.0,2026-07-31,2026-08-03,,,2026-02-08,,0
1.1.4.2.3.1.4.3,Fire sprinkler pipe fixing,Tower B,4th Floor,MEP,Tower MEP,Plumbing,,49833800.0,2026-07-31,2026-08-09,,,2026-02-08,,0
1.1.4.2.3.1.4.4,Internal Plumbing Works,Tower B,4th Floor,MEP,Tower MEP,Plumbing,,158400390.0,2026-07-31,2026-08-09,,,2026-02-08,,0
1.1.4.2.3.1.4.5,Waterproofing,Tower B,4th Floor,Finishing,Tower Civil Finishes,Waterproofing,,52629280.0,2026-08-10,2026-08-30,,,2026-02-18,,0
1.1.4.2.3.1.4.6,Internal Plaster,Tower B,4th Floor,Finishing,Tower Civil Finishes,Int Plaster,,180576380.0,2026-08-03,2026-08-12,,,2026-02-11,,0
1.1.4.2.3.1.4.7,IPS flooring work,Tower B,4th Floor,Finishing,Tower Finishing,Flooring,,25419250.0,2026-07-31,2026-08-12,,,2026-02-08,,0
1.1.4.2.3.1.4.8,Toilet dado work,Tower B,4th Floor,Finishing,Tower Finishing,Flooring,,25628690.0,2026-08-29,2026-09-07,,,2026-03-09,,0
1.1.4.2.3.1.4.9,Toilet flooring work,Tower B,4th Floor,Finishing,Tower Finishing,Flooring,,102514420.0,2026-09-08,2026-09-19,,,2026-03-19,,0
1.1.4.2.3.1.4.10,Living dinning flooring,Tower B,4th Floor,Finishing,Tower Finishing,Flooring,,261625410.0,2026-08-31,2026-09-11,,,2026-03-11,,0
1.1.4.2.3.1.4.11,Electrical wiring work,Tower B,4th Floor,MEP,Tower MEP,Electrical,,185758660.0,2026-09-02,2026-09-13,,,2026-03-13,,0
1.1.4.2.3.1.4.12,Aluminium door-window fixing,Tower B,4th Floor,Finishing,Tower Finishing,Window,,233614170.0,2027-01-27,2027-02-14,,,2026-03-10,,0
1.1.4.2.3.1.4.13,Putty primer coat,Tower B,4th Floor,Finishing,Tower Finishing,Paint,,16917210.0,2026-09-11,2026-09-20,,,2026-03-21,,0
1.1.4.2.3.1.4.14,Prehung door fixing,Tower B,4th Floor,Finishing,Tower Finishing,Door,,84020120.0,2026-09-16,2026-09-23,,,2026-03-26,,0
1.1.4.2.3.1.4.15,Painting 1st coat,Tower B,4th Floor,Finishing,Tower Finishing,Paint,,33834250.0,2026-09-24,2026-10-05,,,2026-04-03,,0
1.1.4.2.3.1.4.16,False Cieling panel fixing,Tower B,4th Floor,Finishing,Tower Finishing,False Ceiling,,34794750.0,2026-10-06,2026-10-15,,,2026-04-22,,0
1.1.4.2.3.1.5,5th floor,,,,,,,,2026-09-14,2027-01-05,,,2026-02-08,,
1.1.4.2.3.1.5.1,Block Work ,Tower B,5th Floor,,,NTA Finishing,,50200490.0,2026-09-14,2026-09-23,,,2026-02-08,,0
1.1.4.2.3.1.5.2,Installation of temporary Main door,Tower B,5th Floor,Finishing,Tower Finishing,Door,,2292450.0,2026-09-24,2026-09-27,,,2026-02-18,,0
1.1.4.2.3.1.5.3,Fire sprinkler pipe fixing,Tower B,5th Floor,MEP,Tower MEP,Plumbing,,49833800.0,2026-09-24,2026-10-03,,,2026-02-18,,0
1.1.4.2.3.1.5.4,Internal Plumbing Works,Tower B,5th Floor,MEP,Tower MEP,Plumbing,,158400390.0,2026-09-24,2026-10-08,,,2026-02-18,,0
1.1.4.2.3.1.5.5,Waterproofing,Tower B,5th Floor,Finishing,Tower Civil Finishes,Waterproofing,,52629280.0,2026-10-09,2026-10-29,,,2026-03-05,,0
1.1.4.2.3.1.5.6,Internal Plaster,Tower B,5th Floor,Finishing,Tower Civil Finishes,Int Plaster,,180576380.0,2026-10-09,2026-10-23,,,2026-03-05,,0
1.1.4.2.3.1.5.7,IPS flooring work,Tower B,5th Floor,Finishing,Tower Finishing,Flooring,,25419250.0,2026-09-24,2026-10-06,,,2026-02-18,,0
1.1.4.2.3.1.5.8,Toilet dado work,Tower B,5th Floor,Finishing,Tower Finishing,Flooring,,25628690.0,2026-10-28,2026-12-21,,,2026-03-24,,0
1.1.4.2.3.1.5.9,Toilet flooring work,Tower B,5th Floor,Finishing,Tower Finishing,Flooring,,102514420.0,2026-10-28,2026-12-23,,,2026-04-03,,0
1.1.4.2.3.1.5.10,Living dinning flooring,Tower B,5th Floor,Finishing,Tower Finishing,Flooring,,261625410.0,2026-10-14,2026-10-25,,,2026-03-10,,0
1.1.4.2.3.1.5.11,Electrical wiring work,Tower B,5th Floor,MEP,Tower MEP,Electrical,,185758660.0,2026-10-16,2026-10-27,,,2026-03-12,,0
1.1.4.2.3.1.5.12,Aluminium door-window fixing,Tower B,5th Floor,Finishing,Tower Finishing,Window,,233614170.0,2026-10-28,2026-12-30,,,2026-03-09,,0
1.1.4.2.3.1.5.13,Putty primer coat,Tower B,5th Floor,Finishing,Tower Finishing,Paint,,16917210.0,2026-10-18,2026-10-27,,,2026-03-20,,0
1.1.4.2.3.1.5.14,Prehung door fixing,Tower B,5th Floor,Finishing,Tower Finishing,Door,,84020120.0,2026-10-23,2026-10-30,,,2026-03-25,,0
1.1.4.2.3.1.5.15,Painting 1st coat,Tower B,5th Floor,Finishing,Tower Finishing,Paint,,33834250.0,2026-10-31,2026-12-26,,,2026-04-02,,0
1.1.4.2.3.1.5.16,False Cieling panel fixing,Tower B,5th Floor,Finishing,Tower Finishing,False Ceiling,,34794750.0,2026-12-27,2027-01-05,,,2026-05-02,,0
1.1.4.2.3.1.6,6th floor,,,,,,,,2026-10-24,2027-04-27,,,2026-02-18,,
1.1.4.2.3.1.6.1,Block Work ,Tower B,6th Floor,,,NTA Finishing,,50200490.0,2026-10-24,2026-12-17,,,2026-02-18,,0
1.1.4.2.3.1.6.2,Installation of temporary Main door,Tower B,6th Floor,Finishing,Tower Finishing,Door,,2292450.0,2026-12-18,2026-12-21,,,2026-02-28,,0
1.1.4.2.3.1.6.3,Fire sprinkler pipe fixing,Tower B,6th Floor,MEP,Tower MEP,Plumbing,,49833800.0,2026-12-18,2026-12-27,,,2026-02-28,,0
1.1.4.2.3.1.6.4,Internal Plumbing Works,Tower B,6th Floor,MEP,Tower MEP,Plumbing,,158400390.0,2026-12-18,2027-01-01,,,2026-02-28,,0
1.1.4.2.3.1.6.5,Waterproofing,Tower B,6th Floor,Finishing,Tower Civil Finishes,Waterproofing,,52629280.0,2027-01-02,2027-01-22,,,2026-03-15,,0
1.1.4.2.3.1.6.6,Internal Plaster,Tower B,6th Floor,Finishing,Tower Civil Finishes,Int Plaster,,180576380.0,2026-12-18,2027-01-01,,,2026-02-28,,0
1.1.4.2.3.1.6.7,IPS flooring work,Tower B,6th Floor,Finishing,Tower Finishing,Flooring,,25419250.0,2026-12-18,2026-12-30,,,2026-02-28,,0
1.1.4.2.3.1.6.8,Toilet dado work,Tower B,6th Floor,Finishing,Tower Finishing,Flooring,,25628690.0,2027-01-21,2027-01-30,,,2026-04-03,,0
1.1.4.2.3.1.6.9,Toilet flooring work,Tower B,6th Floor,Finishing,Tower Finishing,Flooring,,102514420.0,2027-01-31,2027-02-09,,,2026-04-13,,0
1.1.4.2.3.1.6.10,Living dinning flooring,Tower B,6th Floor,Finishing,Tower Finishing,Flooring,,261625410.0,2026-12-28,2027-01-06,,,2026-03-10,,0
1.1.4.2.3.1.6.11,Electrical wiring work,Tower B,6th Floor,MEP,Tower MEP,Electrical,,185758660.0,2026-12-28,2027-01-08,,,2026-03-10,,0
1.1.4.2.3.1.6.12,Aluminium door-window fixing,Tower B,6th Floor,Finishing,Tower Finishing,Window,,233614170.0,2027-04-09,2027-04-27,,,2026-03-14,,0
1.1.4.2.3.1.6.13,Putty primer coat,Tower B,6th Floor,Finishing,Tower Finishing,Paint,,16917210.0,2027-01-01,2027-01-10,,,2026-03-25,,0
1.1.4.2.3.1.6.14,Prehung door fixing,Tower B,6th Floor,Finishing,Tower Finishing,Door,,84020120.0,2027-01-06,2027-01-13,,,2026-03-30,,0
1.1.4.2.3.1.6.15,Painting 1st coat,Tower B,6th Floor,Finishing,Tower Finishing,Paint,,33834250.0,2027-01-14,2027-01-25,,,2026-04-07,,0
1.1.4.2.3.1.6.16,False Cieling panel fixing,Tower B,6th Floor,Finishing,Tower Finishing,False Ceiling,,34794750.0,2027-01-26,2027-02-04,,,2026-05-12,,0
1.1.4.2.3.1.7,7th floor,,,,,,,,2027-03-18,2027-09-04,,,2026-02-28,,
1.1.4.2.3.1.7.1,Block Work ,Tower B,7th Floor,,,NTA Finishing,,50200490.0,2027-03-18,2027-03-27,,,2026-02-28,,0
1.1.4.2.3.1.7.2,Installation of temporary Main door,Tower B,7th Floor,Finishing,Tower Finishing,Door,,2292450.0,2027-03-28,2027-03-31,,,2026-03-10,,0
1.1.4.2.3.1.7.3,Fire sprinkler pipe fixing,Tower B,7th Floor,MEP,Tower MEP,Plumbing,,49833800.0,2027-03-28,2027-04-06,,,2026-03-10,,0
1.1.4.2.3.1.7.4,Internal Plumbing Works,Tower B,7th Floor,MEP,Tower MEP,Plumbing,,158400390.0,2027-03-28,2027-04-11,,,2026-03-10,,0
1.1.4.2.3.1.7.5,Waterproofing,Tower B,7th Floor,Finishing,Tower Civil Finishes,Waterproofing,,52629280.0,2027-04-12,2027-05-02,,,2026-03-25,,0
1.1.4.2.3.1.7.6,Internal Plaster,Tower B,7th Floor,Finishing,Tower Civil Finishes,Int Plaster,,180576380.0,2027-03-29,2027-04-12,,,2026-03-11,,0
1.1.4.2.3.1.7.7,IPS flooring work,Tower B,7th Floor,Finishing,Tower Finishing,Flooring,,25419250.0,2027-03-28,2027-04-09,,,2026-03-10,,0
1.1.4.2.3.1.7.8,Toilet dado work,Tower B,7th Floor,Finishing,Tower Finishing,Flooring,,25628690.0,2027-05-01,2027-05-10,,,2026-04-13,,0
1.1.4.2.3.1.7.9,Toilet flooring work,Tower B,7th Floor,Finishing,Tower Finishing,Flooring,,102514420.0,2027-05-11,2027-05-20,,,2026-04-23,,0
1.1.4.2.3.1.7.10,Living dinning flooring,Tower B,7th Floor,Finishing,Tower Finishing,Flooring,,261625410.0,2027-04-07,2027-04-16,,,2026-03-20,,0
1.1.4.2.3.1.7.11,Electrical wiring work,Tower B,7th Floor,MEP,Tower MEP,Electrical,,185758660.0,2027-04-07,2027-04-18,,,2026-03-20,,0
1.1.4.2.3.1.7.12,Aluminium door-window fixing,Tower B,7th Floor,Finishing,Tower Finishing,Window,,233614170.0,2027-08-17,2027-09-04,,,2026-03-24,,0
1.1.4.2.3.1.7.13,Putty primer coat,Tower B,7th Floor,Finishing,Tower Finishing,Paint,,16917210.0,2027-04-11,2027-04-20,,,2026-04-04,,0
1.1.4.2.3.1.7.14,Prehung door fixing,Tower B,7th Floor,Finishing,Tower Finishing,Door,,84020120.0,2027-04-16,2027-04-23,,,2026-04-09,,0
1.1.4.2.3.1.7.15,Painting 1st coat,Tower B,7th Floor,Finishing,Tower Finishing,Paint,,33834250.0,2027-04-24,2027-05-05,,,2026-04-17,,0
1.1.4.2.3.1.7.16,False Cieling panel fixing,Tower B,7th Floor,Finishing,Tower Finishing,False Ceiling,,34794750.0,2027-05-06,2027-05-15,,,2026-05-22,,0
1.1.4.2.3.1.8,8th floor,,,,,,,,2027-06-21,2028-01-17,,,2026-03-05,,
1.1.4.2.3.1.8.1,Block Work ,Tower B,8th Floor,,,NTA Finishing,,50200490.0,2027-06-26,2027-07-05,,,2026-03-10,,0
1.1.4.2.3.1.8.2,Installation of temporary Main door,Tower B,8th Floor,Finishing,Tower Finishing,Door,,2292450.0,2027-07-06,2027-07-09,,,2026-03-20,,0
1.1.4.2.3.1.8.3,Fire sprinkler pipe fixing,Tower B,8th Floor,MEP,Tower MEP,Plumbing,,49833800.0,2027-07-06,2027-07-15,,,2026-03-20,,0
1.1.4.2.3.1.8.4,Internal Plumbing Works,Tower B,8th Floor,MEP,Tower MEP,Plumbing,,158400390.0,2027-07-06,2027-07-20,,,2026-03-20,,0
1.1.4.2.3.1.8.5,Waterproofing,Tower B,8th Floor,Finishing,Tower Civil Finishes,Waterproofing,,52629280.0,2027-07-21,2027-08-10,,,2026-04-04,,0
1.1.4.2.3.1.8.6,Internal Plaster,Tower B,8th Floor,Finishing,Tower Civil Finishes,Int Plaster,,180576380.0,2027-06-21,2027-07-05,,,2026-03-05,,0
1.1.4.2.3.1.8.7,IPS flooring work,Tower B,8th Floor,Finishing,Tower Finishing,Flooring,,25419250.0,2027-07-06,2027-07-18,,,2026-03-20,,0
1.1.4.2.3.1.8.8,Toilet dado work,Tower B,8th Floor,Finishing,Tower Finishing,Flooring,,25628690.0,2027-08-09,2027-08-18,,,2026-04-23,,0
1.1.4.2.3.1.8.9,Toilet flooring work,Tower B,8th Floor,Finishing,Tower Finishing,Flooring,,102514420.0,2027-08-19,2027-08-28,,,2026-05-03,,0
1.1.4.2.3.1.8.10,Living dinning flooring,Tower B,8th Floor,Finishing,Tower Finishing,Flooring,,261625410.0,2027-07-06,2027-07-15,,,2026-03-20,,0
1.1.4.2.3.1.8.11,Electrical wiring work,Tower B,8th Floor,MEP,Tower MEP,Electrical,,185758660.0,2027-07-06,2027-07-17,,,2026-03-20,,0
1.1.4.2.3.1.8.12,Aluminium door-window fixing,Tower B,8th Floor,Finishing,Tower Finishing,Window,,233614170.0,2027-12-30,2028-01-17,,,2026-03-24,,0
1.1.4.2.3.1.8.13,Putty primer coat,Tower B,8th Floor,Finishing,Tower Finishing,Paint,,16917210.0,2027-07-10,2027-07-19,,,2026-04-04,,0
1.1.4.2.3.1.8.14,Prehung door fixing,Tower B,8th Floor,Finishing,Tower Finishing,Door,,84020120.0,2027-07-15,2027-07-22,,,2026-04-09,,0
1.1.4.2.3.1.8.15,Painting 1st coat,Tower B,8th Floor,Finishing,Tower Finishing,Paint,,33834250.0,2027-07-23,2027-08-03,,,2026-04-17,,0
1.1.4.2.3.1.8.16,False Cieling panel fixing,Tower B,8th Floor,Finishing,Tower Finishing,False Ceiling,,34794750.0,2027-08-04,2027-08-13,,,2026-06-01,,0
1.1.4.2.3.1.9,9th floor,,,,,,,,2027-06-26,2028-01-27,,,2026-03-10,,
1.1.4.2.3.1.9.1,Block Work ,Tower B,9th Floor,,,NTA Finishing,,50200490.0,2027-07-06,2027-07-15,,,2026-03-20,,0
1.1.4.2.3.1.9.2,Installation of temporary Main door,Tower B,9th Floor,Finishing,Tower Finishing,Door,,2292450.0,2027-07-16,2027-07-19,,,2026-03-30,,0
1.1.4.2.3.1.9.3,Fire sprinkler pipe fixing,Tower B,9th Floor,MEP,Tower MEP,Plumbing,,49833800.0,2027-07-16,2027-07-25,,,2026-03-30,,0
1.1.4.2.3.1.9.4,Internal Plumbing Works,Tower B,9th Floor,MEP,Tower MEP,Plumbing,,158400390.0,2027-07-11,2027-07-25,,,2026-03-25,,0
1.1.4.2.3.1.9.5,Waterproofing,Tower B,9th Floor,Finishing,Tower Civil Finishes,Waterproofing,,52629280.0,2027-07-26,2027-08-15,,,2026-04-09,,0
1.1.4.2.3.1.9.6,Internal Plaster,Tower B,9th Floor,Finishing,Tower Civil Finishes,Int Plaster,,180576380.0,2027-06-26,2027-07-10,,,2026-03-10,,0
1.1.4.2.3.1.9.7,IPS flooring work,Tower B,9th Floor,Finishing,Tower Finishing,Flooring,,25419250.0,2027-07-16,2027-07-28,,,2026-03-30,,0
1.1.4.2.3.1.9.8,Toilet dado work,Tower B,9th Floor,Finishing,Tower Finishing,Flooring,,25628690.0,2027-08-14,2027-08-23,,,2026-04-28,,0
1.1.4.2.3.1.9.9,Toilet flooring work,Tower B,9th Floor,Finishing,Tower Finishing,Flooring,,102514420.0,2027-08-24,2027-09-02,,,2026-05-08,,0
1.1.4.2.3.1.9.10,Living dinning flooring,Tower B,9th Floor,Finishing,Tower Finishing,Flooring,,261625410.0,2027-07-06,2027-07-15,,,2026-03-20,,0
1.1.4.2.3.1.9.11,Electrical wiring work,Tower B,9th Floor,MEP,Tower MEP,Electrical,,185758660.0,2027-07-06,2027-07-17,,,2026-03-20,,0
1.1.4.2.3.1.9.12,Aluminium door-window fixing,Tower B,9th Floor,Finishing,Tower Finishing,Window,,233614170.0,2028-01-09,2028-01-27,,,2026-04-03,,0
1.1.4.2.3.1.9.13,Putty primer coat,Tower B,9th Floor,Finishing,Tower Finishing,Paint,,16917210.0,2027-07-10,2027-07-19,,,2026-04-14,,0
1.1.4.2.3.1.9.14,Prehung door fixing,Tower B,9th Floor,Finishing,Tower Finishing,Door,,84020120.0,2027-07-15,2027-07-22,,,2026-04-19,,0
1.1.4.2.3.1.9.15,Painting 1st coat,Tower B,9th Floor,Finishing,Tower Finishing,Paint,,33834250.0,2027-07-23,2027-08-03,,,2026-04-27,,0
1.1.4.2.3.1.9.16,False Cieling panel fixing,Tower B,9th Floor,Finishing,Tower Finishing,False Ceiling,,34794750.0,2027-08-14,2027-08-23,,,2026-06-11,,0
1.1.4.2.3.1.10,10th floor,,,,,,,,2027-09-29,2028-06-20,,,2026-03-15,,
1.1.4.2.3.1.10.1,Block Work ,Tower B,10th Floor,,,NTA Finishing,,50200490.0,2027-10-04,2027-10-13,,,2026-03-20,,0
1.1.4.2.3.1.10.2,Installation of temporary Main door,Tower B,10th Floor,Finishing,Tower Finishing,Door,,2292450.0,2027-10-14,2027-10-17,,,2026-03-30,,0
1.1.4.2.3.1.10.3,Fire sprinkler pipe fixing,Tower B,10th Floor,MEP,Tower MEP,Plumbing,,49833800.0,2027-10-14,2027-10-23,,,2026-04-09,,0
1.1.4.2.3.1.10.4,Internal Plumbing Works,Tower B,10th Floor,MEP,Tower MEP,Plumbing,,158400390.0,2027-10-14,2027-10-28,,,2026-03-30,,0
1.1.4.2.3.1.10.5,Waterproofing,Tower B,10th Floor,Finishing,Tower Civil Finishes,Waterproofing,,52629280.0,2027-10-29,2028-01-02,,,2026-04-14,,0
1.1.4.2.3.1.10.6,Internal Plaster,Tower B,10th Floor,Finishing,Tower Civil Finishes,Int Plaster,,180576380.0,2027-09-29,2027-10-13,,,2026-03-15,,0
1.1.4.2.3.1.10.7,IPS flooring work,Tower B,10th Floor,Finishing,Tower Finishing,Flooring,,25419250.0,2027-10-14,2027-10-26,,,2026-03-30,,0
1.1.4.2.3.1.10.8,Toilet dado work,Tower B,10th Floor,Finishing,Tower Finishing,Flooring,,25628690.0,2028-01-01,2028-01-25,,,2026-05-03,,0
1.1.4.2.3.1.10.9,Toilet flooring work,Tower B,10th Floor,Finishing,Tower Finishing,Flooring,,102514420.0,2028-01-26,2028-02-19,,,2026-05-28,,0
1.1.4.2.3.1.10.10,Living dinning flooring,Tower B,10th Floor,Finishing,Tower Finishing,Flooring,,261625410.0,2028-01-31,2028-03-01,,,2026-06-02,,0
1.1.4.2.3.1.10.11,Electrical wiring work,Tower B,10th Floor,MEP,Tower MEP,Electrical,,185758660.0,2028-02-21,2028-03-03,,,2026-06-23,,0
1.1.4.2.3.1.10.12,Aluminium door-window fixing,Tower B,10th Floor,Finishing,Tower Finishing,Window,,233614170.0,2028-06-02,2028-06-20,,,2026-06-27,,0
1.1.4.2.3.1.10.13,Putty primer coat,Tower B,10th Floor,Finishing,Tower Finishing,Paint,,16917210.0,2028-02-25,2028-03-05,,,2026-07-08,,0
1.1.4.2.3.1.10.14,Prehung door fixing,Tower B,10th Floor,Finishing,Tower Finishing,Door,,84020120.0,2028-03-01,2028-03-08,,,2026-07-13,,0
1.1.4.2.3.1.10.15,Painting 1st coat,Tower B,10th Floor,Finishing,Tower Finishing,Paint,,33834250.0,2028-03-09,2028-03-20,,,2026-07-21,,0
1.1.4.2.3.1.10.16,False Cieling panel fixing,Tower B,10th Floor,Finishing,Tower Finishing,False Ceiling,,34794750.0,2028-03-21,2028-03-30,,,2026-08-02,,0
1.1.4.2.3.1.11,11th floor,,,,,,,,2027-09-29,2028-06-20,,,2026-03-15,,
1.1.4.2.3.1.11.1,Block Work ,Tower B,11th Floor,,,NTA Finishing,,50200490.0,2027-10-04,2027-10-13,,,2026-03-20,,0
1.1.4.2.3.1.11.2,Installation of temporary Main door,Tower B,11th Floor,Finishing,Tower Finishing,Door,,2292450.0,2027-10-14,2027-10-17,,,2026-03-30,,0
1.1.4.2.3.1.11.3,Fire sprinkler pipe fixing,Tower B,11th Floor,MEP,Tower MEP,Plumbing,,49833800.0,2027-10-24,2027-12-17,,,2026-04-19,,0
1.1.4.2.3.1.11.4,Internal Plumbing Works,Tower B,11th Floor,MEP,Tower MEP,Plumbing,,158400390.0,2027-10-14,2027-10-28,,,2026-03-30,,0
1.1.4.2.3.1.11.5,Waterproofing,Tower B,11th Floor,Finishing,Tower Civil Finishes,Waterproofing,,52629280.0,2027-10-29,2028-01-02,,,2026-04-14,,0
1.1.4.2.3.1.11.6,Internal Plaster,Tower B,11th Floor,Finishing,Tower Civil Finishes,Int Plaster,,180576380.0,2027-09-29,2027-10-13,,,2026-03-15,,0
1.1.4.2.3.1.11.7,IPS flooring work,Tower B,11th Floor,Finishing,Tower Finishing,Flooring,,25419250.0,2027-10-14,2027-10-26,,,2026-03-30,,0
1.1.4.2.3.1.11.8,Toilet dado work,Tower B,11th Floor,Finishing,Tower Finishing,Flooring,,25628690.0,2028-01-01,2028-01-25,,,2026-05-03,,0
1.1.4.2.3.1.11.9,Toilet flooring work,Tower B,11th Floor,Finishing,Tower Finishing,Flooring,,102514420.0,2028-01-26,2028-02-19,,,2026-05-28,,0
1.1.4.2.3.1.11.10,Living dinning flooring,Tower B,11th Floor,Finishing,Tower Finishing,Flooring,,261625410.0,2028-01-31,2028-03-01,,,2026-06-02,,0
1.1.4.2.3.1.11.11,Electrical wiring work,Tower B,11th Floor,MEP,Tower MEP,Electrical,,185758660.0,2028-02-21,2028-03-03,,,2026-06-23,,0
1.1.4.2.3.1.11.12,Aluminium door-window fixing,Tower B,11th Floor,Finishing,Tower Finishing,Window,,233614170.0,2028-06-02,2028-06-20,,,2026-06-27,,0
1.1.4.2.3.1.11.13,Putty primer coat,Tower B,11th Floor,Finishing,Tower Finishing,Paint,,16917210.0,2028-02-23,2028-03-03,,,2026-07-08,,0
1.1.4.2.3.1.11.14,Prehung door fixing,Tower B,11th Floor,Finishing,Tower Finishing,Door,,84020120.0,2028-02-28,2028-03-06,,,2026-07-13,,0
1.1.4.2.3.1.11.15,Painting 1st coat,Tower B,11th Floor,Finishing,Tower Finishing,Paint,,33834250.0,2028-03-07,2028-03-18,,,2026-07-21,,0
1.1.4.2.3.1.11.16,False Cieling panel fixing,Tower B,11th Floor,Finishing,Tower Finishing,False Ceiling,,34794750.0,2028-03-31,2028-04-09,,,2026-08-12,,0
1.1.4.2.3.1.12,12th floor,,,,,,,,2027-10-04,2028-06-20,,,2026-03-20,,
1.1.4.2.3.1.12.1,Block Work ,Tower B,12th Floor,,,NTA Finishing,,50200490.0,2027-10-04,2027-10-13,,,2026-03-20,,0
1.1.4.2.3.1.12.2,Installation of temporary Main door,Tower B,12th Floor,Finishing,Tower Finishing,Door,,2292450.0,2027-10-14,2027-10-17,,,2026-03-30,,0
1.1.4.2.3.1.12.3,Fire sprinkler pipe fixing,Tower B,12th Floor,MEP,Tower MEP,Plumbing,,49833800.0,2027-12-18,2027-12-27,,,2026-04-29,,0
1.1.4.2.3.1.12.4,Internal Plumbing Works,Tower B,12th Floor,MEP,Tower MEP,Plumbing,,158400390.0,2027-10-14,2027-10-28,,,2026-03-30,,0
1.1.4.2.3.1.12.5,Waterproofing,Tower B,12th Floor,Finishing,Tower Civil Finishes,Waterproofing,,52629280.0,2027-10-29,2028-01-02,,,2026-04-14,,0
1.1.4.2.3.1.12.6,Internal Plaster,Tower B,12th Floor,Finishing,Tower Civil Finishes,Int Plaster,,180576380.0,2027-10-29,2027-12-27,,,2026-04-14,,0
1.1.4.2.3.1.12.7,IPS flooring work,Tower B,12th Floor,Finishing,Tower Finishing,Flooring,,25419250.0,2027-10-14,2027-10-26,,,2026-03-30,,0
1.1.4.2.3.1.12.8,Toilet dado work,Tower B,12th Floor,Finishing,Tower Finishing,Flooring,,25628690.0,2028-01-01,2028-01-25,,,2026-05-03,,0
1.1.4.2.3.1.12.9,Toilet flooring work,Tower B,12th Floor,Finishing,Tower Finishing,Flooring,,102514420.0,2028-01-26,2028-02-19,,,2026-05-28,,0
1.1.4.2.3.1.12.10,Living dinning flooring,Tower B,12th Floor,Finishing,Tower Finishing,Flooring,,261625410.0,2028-01-31,2028-03-01,,,2026-06-02,,0
1.1.4.2.3.1.12.11,Electrical wiring work,Tower B,12th Floor,MEP,Tower MEP,Electrical,,185758660.0,2028-02-21,2028-03-03,,,2026-06-23,,0
1.1.4.2.3.1.12.12,Aluminium door-window fixing,Tower B,12th Floor,Finishing,Tower Finishing,Window,,233614170.0,2028-06-02,2028-06-20,,,2026-06-27,,0
1.1.4.2.3.1.12.13,Putty primer coat,Tower B,12th Floor,Finishing,Tower Finishing,Paint,,16917210.0,2028-02-25,2028-03-05,,,2026-07-08,,0
1.1.4.2.3.1.12.14,Prehung door fixing,Tower B,12th Floor,Finishing,Tower Finishing,Door,,84020120.0,2028-03-01,2028-03-08,,,2026-07-13,,0
1.1.4.2.3.1.12.15,Painting 1st coat,Tower B,12th Floor,Finishing,Tower Finishing,Paint,,33834250.0,2028-03-09,2028-03-20,,,2026-07-21,,0
1.1.4.2.3.1.12.16,False Cieling panel fixing,Tower B,12th Floor,Finishing,Tower Finishing,False Ceiling,,34794750.0,2028-04-10,2028-04-19,,,2026-08-22,,0
1.1.4.2.3.1.13,13th floor,,,,,,,,2026-10-29,2027-08-11,,,2026-04-12,,
1.1.4.2.3.1.13.1,Block Work ,Tower B,13th Floor,,,NTA Finishing,,50200490.0,2026-10-29,2027-01-17,,,2026-04-12,,0
1.1.4.2.3.1.13.2,Installation of temporary Main door,Tower B,13th Floor,Finishing,Tower Finishing,Door,,2292450.0,2027-01-18,2027-01-21,,,2026-05-18,,0
1.1.4.2.3.1.13.3,Fire sprinkler pipe fixing,Tower B,13th Floor,MEP,Tower MEP,Plumbing,,49833800.0,2027-01-18,2027-01-27,,,2026-05-18,,0
1.1.4.2.3.1.13.4,Internal Plumbing Works,Tower B,13th Floor,MEP,Tower MEP,Plumbing,,158400390.0,2027-01-18,2027-02-01,,,2026-05-18,,0
1.1.4.2.3.1.13.5,Waterproofing,Tower B,13th Floor,Finishing,Tower Civil Finishes,Waterproofing,,52629280.0,2027-02-02,2027-02-22,,,2026-06-02,,0
1.1.4.2.3.1.13.6,Internal Plaster,Tower B,13th Floor,Finishing,Tower Civil Finishes,Int Plaster,,180576380.0,2027-02-02,2027-02-16,,,2026-06-02,,0
1.1.4.2.3.1.13.7,IPS flooring work,Tower B,13th Floor,Finishing,Tower Finishing,Flooring,,25419250.0,2027-01-18,2027-01-30,,,2026-05-18,,0
1.1.4.2.3.1.13.8,Toilet dado work,Tower B,13th Floor,Finishing,Tower Finishing,Flooring,,25628690.0,2027-02-21,2027-03-17,,,2026-06-21,,0
1.1.4.2.3.1.13.9,Toilet flooring work,Tower B,13th Floor,Finishing,Tower Finishing,Flooring,,102514420.0,2027-03-18,2027-04-11,,,2026-07-16,,0
1.1.4.2.3.1.13.10,Living dinning flooring,Tower B,13th Floor,Finishing,Tower Finishing,Flooring,,261625410.0,2027-03-23,2027-04-22,,,2026-07-21,,0
1.1.4.2.3.1.13.11,Electrical wiring work,Tower B,13th Floor,MEP,Tower MEP,Electrical,,185758660.0,2027-04-13,2027-04-24,,,2026-08-11,,0
1.1.4.2.3.1.13.12,Aluminium door-window fixing,Tower B,13th Floor,Finishing,Tower Finishing,Window,,233614170.0,2027-07-24,2027-08-11,,,2026-08-15,,0
1.1.4.2.3.1.13.13,Putty primer coat,Tower B,13th Floor,Finishing,Tower Finishing,Paint,,16917210.0,2027-04-17,2027-04-26,,,2026-08-26,,0
1.1.4.2.3.1.13.14,Prehung door fixing,Tower B,13th Floor,Finishing,Tower Finishing,Door,,84020120.0,2027-04-22,2027-04-29,,,2026-08-31,,0
1.1.4.2.3.1.13.15,Painting 1st coat,Tower B,13th Floor,Finishing,Tower Finishing,Paint,,33834250.0,2027-04-30,2027-05-11,,,2026-09-08,,0
1.1.4.2.3.1.13.16,False Cieling panel fixing,Tower B,13th Floor,Finishing,Tower Finishing,False Ceiling,,34794750.0,2027-05-12,2027-05-21,,,2026-09-20,,0
1.1.4.2.3.1.14,14th floor,,,,,,,,2026-12-31,2027-09-25,,,2026-04-24,,
1.1.4.2.3.1.14.1,Block Work ,Tower B,14th Floor,,,NTA Finishing,,50200490.0,2026-12-31,2027-02-04,,,2026-04-24,,0
1.1.4.2.3.1.14.2,Installation of temporary Main door,Tower B,14th Floor,Finishing,Tower Finishing,Door,,2292450.0,2027-02-05,2027-02-08,,,2026-05-30,,0
1.1.4.2.3.1.14.3,Fire sprinkler pipe fixing,Tower B,14th Floor,MEP,Tower MEP,Plumbing,,49833800.0,2027-02-05,2027-02-14,,,2026-05-30,,0
1.1.4.2.3.1.14.4,Internal Plumbing Works,Tower B,14th Floor,MEP,Tower MEP,Plumbing,,158400390.0,2027-02-05,2027-02-19,,,2026-05-30,,0
1.1.4.2.3.1.14.5,Waterproofing,Tower B,14th Floor,Finishing,Tower Civil Finishes,Waterproofing,,52629280.0,2027-02-20,2027-03-12,,,2026-06-14,,0
1.1.4.2.3.1.14.6,Internal Plaster,Tower B,14th Floor,Finishing,Tower Civil Finishes,Int Plaster,,180576380.0,2027-02-20,2027-03-06,,,2026-06-14,,0
1.1.4.2.3.1.14.7,IPS flooring work,Tower B,14th Floor,Finishing,Tower Finishing,Flooring,,25419250.0,2027-02-05,2027-02-17,,,2026-05-30,,0
1.1.4.2.3.1.14.8,Toilet dado work,Tower B,14th Floor,Finishing,Tower Finishing,Flooring,,25628690.0,2027-03-11,2027-04-04,,,2026-07-03,,0
1.1.4.2.3.1.14.9,Toilet flooring work,Tower B,14th Floor,Finishing,Tower Finishing,Flooring,,102514420.0,2027-04-05,2027-04-29,,,2026-07-28,,0
1.1.4.2.3.1.14.10,Living dinning flooring,Tower B,14th Floor,Finishing,Tower Finishing,Flooring,,261625410.0,2027-04-10,2027-05-10,,,2026-08-02,,0
1.1.4.2.3.1.14.11,Electrical wiring work,Tower B,14th Floor,MEP,Tower MEP,Electrical,,185758660.0,2027-05-01,2027-05-12,,,2026-08-23,,0
1.1.4.2.3.1.14.12,Aluminium door-window fixing,Tower B,14th Floor,Finishing,Tower Finishing,Window,,233614170.0,2027-08-11,2027-08-29,,,2026-08-27,,0
1.1.4.2.3.1.14.13,Putty primer coat,Tower B,14th Floor,Finishing,Tower Finishing,Paint,,16917210.0,2027-08-22,2027-08-31,,,2026-09-07,,0
1.1.4.2.3.1.14.14,Prehung door fixing,Tower B,14th Floor,Finishing,Tower Finishing,Door,,84020120.0,2027-08-27,2027-09-03,,,2026-09-12,,0
1.1.4.2.3.1.14.15,Painting 1st coat,Tower B,14th Floor,Finishing,Tower Finishing,Paint,,33834250.0,2027-09-04,2027-09-15,,,2026-09-20,,0
1.1.4.2.3.1.14.16,False Cieling panel fixing,Tower B,14th Floor,Finishing,Tower Finishing,False Ceiling,,34794750.0,2027-09-16,2027-09-25,,,2026-10-02,,0
1.1.4.2.3.1.15,15th floor,,,,,,,,2027-01-13,2027-10-05,,,2026-05-03,,
1.1.4.2.3.1.15.1,Block Work ,Tower B,15th Floor,,,NTA Finishing,,50200490.0,2027-01-13,2027-02-17,,,2026-05-03,,0
1.1.4.2.3.1.15.2,Installation of temporary Main door,Tower B,15th Floor,Finishing,Tower Finishing,Door,,2292450.0,2027-02-18,2027-02-21,,,2026-06-08,,0
1.1.4.2.3.1.15.3,Fire sprinkler pipe fixing,Tower B,15th Floor,MEP,Tower MEP,Plumbing,,49833800.0,2027-02-18,2027-02-27,,,2026-06-09,,0
1.1.4.2.3.1.15.4,Internal Plumbing Works,Tower B,15th Floor,MEP,Tower MEP,Plumbing,,158400390.0,2027-02-18,2027-03-04,,,2026-06-08,,0
1.1.4.2.3.1.15.5,Waterproofing,Tower B,15th Floor,Finishing,Tower Civil Finishes,Waterproofing,,52629280.0,2027-03-05,2027-03-25,,,2026-06-23,,0
1.1.4.2.3.1.15.6,Internal Plaster,Tower B,15th Floor,Finishing,Tower Civil Finishes,Int Plaster,,180576380.0,2027-03-05,2027-03-19,,,2026-06-23,,0
1.1.4.2.3.1.15.7,IPS flooring work,Tower B,15th Floor,Finishing,Tower Finishing,Flooring,,25419250.0,2027-02-18,2027-03-02,,,2026-06-08,,0
1.1.4.2.3.1.15.8,Toilet dado work,Tower B,15th Floor,Finishing,Tower Finishing,Flooring,,25628690.0,2027-03-24,2027-04-17,,,2026-07-12,,0
1.1.4.2.3.1.15.9,Toilet flooring work,Tower B,15th Floor,Finishing,Tower Finishing,Flooring,,102514420.0,2027-04-18,2027-05-12,,,2026-08-06,,0
1.1.4.2.3.1.15.10,Living dinning flooring,Tower B,15th Floor,Finishing,Tower Finishing,Flooring,,261625410.0,2027-04-23,2027-05-23,,,2026-08-11,,0
1.1.4.2.3.1.15.11,Electrical wiring work,Tower B,15th Floor,MEP,Tower MEP,Electrical,,185758660.0,2027-05-14,2027-05-25,,,2026-09-01,,0
1.1.4.2.3.1.15.12,Aluminium door-window fixing,Tower B,15th Floor,Finishing,Tower Finishing,Window,,233614170.0,2027-08-24,2027-09-11,,,2026-09-05,,0
1.1.4.2.3.1.15.13,Putty primer coat,Tower B,15th Floor,Finishing,Tower Finishing,Paint,,16917210.0,2027-05-16,2027-05-25,,,2026-09-16,,0
1.1.4.2.3.1.15.14,Prehung door fixing,Tower B,15th Floor,Finishing,Tower Finishing,Door,,84020120.0,2027-05-21,2027-05-28,,,2026-09-21,,0
1.1.4.2.3.1.15.15,Painting 1st coat,Tower B,15th Floor,Finishing,Tower Finishing,Paint,,33834250.0,2027-05-29,2027-06-09,,,2026-09-29,,0
1.1.4.2.3.1.15.16,False Cieling panel fixing,Tower B,15th Floor,Finishing,Tower Finishing,False Ceiling,,34794750.0,2027-09-26,2027-10-05,,,2026-10-12,,0
1.1.4.2.3.1.16,16th floor,,,,,,,,2027-01-25,2027-10-15,,,2026-05-11,,
1.1.4.2.3.1.16.1,Block Work ,Tower B,16th Floor,,,NTA Finishing,,50200490.0,2027-01-25,2027-03-01,,,2026-05-11,,0
1.1.4.2.3.1.16.2,Installation of temporary Main door,Tower B,16th Floor,Finishing,Tower Finishing,Door,,2292450.0,2027-03-02,2027-03-05,,,2026-06-16,,0
1.1.4.2.3.1.16.3,Fire sprinkler pipe fixing,Tower B,16th Floor,MEP,Tower MEP,Plumbing,,49833800.0,2027-03-02,2027-03-11,,,2026-06-19,,0
1.1.4.2.3.1.16.4,Internal Plumbing Works,Tower B,16th Floor,MEP,Tower MEP,Plumbing,,158400390.0,2027-03-02,2027-03-16,,,2026-06-16,,0
1.1.4.2.3.1.16.5,Waterproofing,Tower B,16th Floor,Finishing,Tower Civil Finishes,Waterproofing,,52629280.0,2027-03-17,2027-04-06,,,2026-07-01,,0
1.1.4.2.3.1.16.6,Internal Plaster,Tower B,16th Floor,Finishing,Tower Civil Finishes,Int Plaster,,180576380.0,2027-03-17,2027-03-31,,,2026-07-01,,0
1.1.4.2.3.1.16.7,IPS flooring work,Tower B,16th Floor,Finishing,Tower Finishing,Flooring,,25419250.0,2027-03-02,2027-03-14,,,2026-06-16,,0
1.1.4.2.3.1.16.8,Toilet dado work,Tower B,16th Floor,Finishing,Tower Finishing,Flooring,,25628690.0,2027-04-05,2027-04-29,,,2026-07-20,,0
1.1.4.2.3.1.16.9,Toilet flooring work,Tower B,16th Floor,Finishing,Tower Finishing,Flooring,,102514420.0,2027-04-30,2027-05-24,,,2026-08-14,,0
1.1.4.2.3.1.16.10,Living dinning flooring,Tower B,16th Floor,Finishing,Tower Finishing,Flooring,,261625410.0,2027-05-05,2027-06-04,,,2026-08-19,,0
1.1.4.2.3.1.16.11,Electrical wiring work,Tower B,16th Floor,MEP,Tower MEP,Electrical,,185758660.0,2027-05-26,2027-06-06,,,2026-09-09,,0
1.1.4.2.3.1.16.12,Aluminium door-window fixing,Tower B,16th Floor,Finishing,Tower Finishing,Window,,233614170.0,2027-09-05,2027-09-23,,,2026-09-13,,0
1.1.4.2.3.1.16.13,Putty primer coat,Tower B,16th Floor,Finishing,Tower Finishing,Paint,,16917210.0,2027-05-28,2027-06-06,,,2026-09-24,,0
1.1.4.2.3.1.16.14,Prehung door fixing,Tower B,16th Floor,Finishing,Tower Finishing,Door,,84020120.0,2027-06-02,2027-06-09,,,2026-09-29,,0
1.1.4.2.3.1.16.15,Painting 1st coat,Tower B,16th Floor,Finishing,Tower Finishing,Paint,,33834250.0,2027-06-10,2027-06-21,,,2026-10-07,,0
1.1.4.2.3.1.16.16,False Cieling panel fixing,Tower B,16th Floor,Finishing,Tower Finishing,False Ceiling,,34794750.0,2027-10-06,2027-10-15,,,2026-10-22,,0
1.1.4.2.3.1.17,17th floor,,,,,,,,2027-02-06,2027-10-25,,,2026-05-19,,
1.1.4.2.3.1.17.1,Block Work ,Tower B,17th Floor,,,NTA Finishing,,50200490.0,2027-02-06,2027-03-13,,,2026-05-19,,0
1.1.4.2.3.1.17.2,Installation of temporary Main door,Tower B,17th Floor,Finishing,Tower Finishing,Door,,2292450.0,2027-03-14,2027-03-17,,,2026-06-24,,0
1.1.4.2.3.1.17.3,Fire sprinkler pipe fixing,Tower B,17th Floor,MEP,Tower MEP,Plumbing,,49833800.0,2027-03-14,2027-03-23,,,2026-06-29,,0
1.1.4.2.3.1.17.4,Internal Plumbing Works,Tower B,17th Floor,MEP,Tower MEP,Plumbing,,158400390.0,2027-03-14,2027-03-28,,,2026-06-24,,0
1.1.4.2.3.1.17.5,Waterproofing,Tower B,17th Floor,Finishing,Tower Civil Finishes,Waterproofing,,52629280.0,2027-03-29,2027-04-18,,,2026-07-09,,0
1.1.4.2.3.1.17.6,Internal Plaster,Tower B,17th Floor,Finishing,Tower Civil Finishes,Int Plaster,,180576380.0,2027-03-29,2027-04-12,,,2026-07-09,,0
1.1.4.2.3.1.17.7,IPS flooring work,Tower B,17th Floor,Finishing,Tower Finishing,Flooring,,25419250.0,2027-03-14,2027-03-26,,,2026-06-24,,0
1.1.4.2.3.1.17.8,Toilet dado work,Tower B,17th Floor,Finishing,Tower Finishing,Flooring,,25628690.0,2027-04-17,2027-05-11,,,2026-07-28,,0
1.1.4.2.3.1.17.9,Toilet flooring work,Tower B,17th Floor,Finishing,Tower Finishing,Flooring,,102514420.0,2027-05-12,2027-06-05,,,2026-08-22,,0
1.1.4.2.3.1.17.10,Living dinning flooring,Tower B,17th Floor,Finishing,Tower Finishing,Flooring,,261625410.0,2027-05-17,2027-06-16,,,2026-08-27,,0
1.1.4.2.3.1.17.11,Electrical wiring work,Tower B,17th Floor,MEP,Tower MEP,Electrical,,185758660.0,2027-06-07,2027-06-18,,,2026-09-17,,0
1.1.4.2.3.1.17.12,Aluminium door-window fixing,Tower B,17th Floor,Finishing,Tower Finishing,Window,,233614170.0,2027-09-17,2027-10-05,,,2026-09-21,,0
1.1.4.2.3.1.17.13,Putty primer coat,Tower B,17th Floor,Finishing,Tower Finishing,Paint,,16917210.0,2027-06-09,2027-06-18,,,2026-10-02,,0
1.1.4.2.3.1.17.14,Prehung door fixing,Tower B,17th Floor,Finishing,Tower Finishing,Door,,84020120.0,2027-06-14,2027-06-21,,,2026-10-07,,0
1.1.4.2.3.1.17.15,Painting 1st coat,Tower B,17th Floor,Finishing,Tower Finishing,Paint,,33834250.0,2027-06-22,2027-07-03,,,2026-10-15,,0
1.1.4.2.3.1.17.16,False Cieling panel fixing,Tower B,17th Floor,Finishing,Tower Finishing,False Ceiling,,34794750.0,2027-10-16,2027-10-25,,,2026-12-16,,0
1.1.4.2.3.1.18,18th floor,,,,,,,,2027-02-18,2027-12-19,,,2026-05-27,,
1.1.4.2.3.1.18.1,Block Work ,Tower B,18th Floor,,,NTA Finishing,,50200490.0,2027-02-18,2027-03-25,,,2026-05-27,,0
1.1.4.2.3.1.18.2,Installation of temporary Main door,Tower B,18th Floor,Finishing,Tower Finishing,Door,,2292450.0,2027-03-26,2027-03-29,,,2026-07-02,,0
1.1.4.2.3.1.18.3,Fire sprinkler pipe fixing,Tower B,18th Floor,MEP,Tower MEP,Plumbing,,49833800.0,2027-03-26,2027-04-04,,,2026-07-09,,0
1.1.4.2.3.1.18.4,Internal Plumbing Works,Tower B,18th Floor,MEP,Tower MEP,Plumbing,,158400390.0,2027-03-26,2027-04-09,,,2026-07-02,,0
1.1.4.2.3.1.18.5,Waterproofing,Tower B,18th Floor,Finishing,Tower Civil Finishes,Waterproofing,,52629280.0,2027-04-10,2027-04-30,,,2026-07-17,,0
1.1.4.2.3.1.18.6,Internal Plaster,Tower B,18th Floor,Finishing,Tower Civil Finishes,Int Plaster,,180576380.0,2027-04-10,2027-04-24,,,2026-07-17,,0
1.1.4.2.3.1.18.7,IPS flooring work,Tower B,18th Floor,Finishing,Tower Finishing,Flooring,,25419250.0,2027-03-26,2027-04-07,,,2026-07-02,,0
1.1.4.2.3.1.18.8,Toilet dado work,Tower B,18th Floor,Finishing,Tower Finishing,Flooring,,25628690.0,2027-04-29,2027-05-23,,,2026-08-05,,0
1.1.4.2.3.1.18.9,Toilet flooring work,Tower B,18th Floor,Finishing,Tower Finishing,Flooring,,102514420.0,2027-05-24,2027-06-17,,,2026-08-30,,0
1.1.4.2.3.1.18.10,Living dinning flooring,Tower B,18th Floor,Finishing,Tower Finishing,Flooring,,261625410.0,2027-05-29,2027-06-28,,,2026-09-04,,0
1.1.4.2.3.1.18.11,Electrical wiring work,Tower B,18th Floor,MEP,Tower MEP,Electrical,,185758660.0,2027-06-19,2027-06-30,,,2026-09-25,,0
1.1.4.2.3.1.18.12,Aluminium door-window fixing,Tower B,18th Floor,Finishing,Tower Finishing,Window,,233614170.0,2027-09-29,2027-10-17,,,2026-09-29,,0
1.1.4.2.3.1.18.13,Putty primer coat,Tower B,18th Floor,Finishing,Tower Finishing,Paint,,16917210.0,2027-06-21,2027-06-30,,,2026-10-10,,0
1.1.4.2.3.1.18.14,Prehung door fixing,Tower B,18th Floor,Finishing,Tower Finishing,Door,,84020120.0,2027-06-26,2027-07-03,,,2026-10-15,,0
1.1.4.2.3.1.18.15,Painting 1st coat,Tower B,18th Floor,Finishing,Tower Finishing,Paint,,33834250.0,2027-07-04,2027-07-15,,,2026-10-23,,0
1.1.4.2.3.1.18.16,False Cieling panel fixing,Tower B,18th Floor,Finishing,Tower Finishing,False Ceiling,,34794750.0,2027-10-26,2027-12-19,,,2026-12-26,,0
1.1.4.2.3.1.19,19th floor,,,,,,,,2027-03-02,2027-12-29,,,2026-06-04,,
1.1.4.2.3.1.19.1,Block Work ,Tower B,19th Floor,,,NTA Finishing,,50200490.0,2027-03-02,2027-04-06,,,2026-06-04,,0
1.1.4.2.3.1.19.2,Installation of temporary Main door,Tower B,19th Floor,Finishing,Tower Finishing,Door,,2292450.0,2027-04-07,2027-04-10,,,2026-07-10,,0
1.1.4.2.3.1.19.3,Fire sprinkler pipe fixing,Tower B,19th Floor,MEP,Tower MEP,Plumbing,,49833800.0,2027-04-07,2027-04-16,,,2026-07-19,,0
1.1.4.2.3.1.19.4,Internal Plumbing Works,Tower B,19th Floor,MEP,Tower MEP,Plumbing,,158400390.0,2027-04-07,2027-04-21,,,2026-07-10,,0
1.1.4.2.3.1.19.5,Waterproofing,Tower B,19th Floor,Finishing,Tower Civil Finishes,Waterproofing,,52629280.0,2027-04-22,2027-05-12,,,2026-07-25,,0
1.1.4.2.3.1.19.6,Internal Plaster,Tower B,19th Floor,Finishing,Tower Civil Finishes,Int Plaster,,180576380.0,2027-04-22,2027-05-06,,,2026-07-25,,0
1.1.4.2.3.1.19.7,IPS flooring work,Tower B,19th Floor,Finishing,Tower Finishing,Flooring,,25419250.0,2027-04-07,2027-04-19,,,2026-07-10,,0
1.1.4.2.3.1.19.8,Toilet dado work,Tower B,19th Floor,Finishing,Tower Finishing,Flooring,,25628690.0,2027-05-11,2027-06-04,,,2026-08-13,,0
1.1.4.2.3.1.19.9,Toilet flooring work,Tower B,19th Floor,Finishing,Tower Finishing,Flooring,,102514420.0,2027-06-05,2027-06-29,,,2026-09-07,,0
1.1.4.2.3.1.19.10,Living dinning flooring,Tower B,19th Floor,Finishing,Tower Finishing,Flooring,,261625410.0,2027-06-10,2027-07-10,,,2026-09-12,,0
1.1.4.2.3.1.19.11,Electrical wiring work,Tower B,19th Floor,MEP,Tower MEP,Electrical,,185758660.0,2027-07-01,2027-07-12,,,2026-10-03,,0
1.1.4.2.3.1.19.12,Aluminium door-window fixing,Tower B,19th Floor,Finishing,Tower Finishing,Window,,233614170.0,2027-07-05,2027-07-23,,,2026-10-07,,0
1.1.4.2.3.1.19.13,Putty primer coat,Tower B,19th Floor,Finishing,Tower Finishing,Paint,,16917210.0,2027-07-16,2027-07-25,,,2026-10-18,,0
1.1.4.2.3.1.19.14,Prehung door fixing,Tower B,19th Floor,Finishing,Tower Finishing,Door,,84020120.0,2027-07-21,2027-07-28,,,2026-10-23,,0
1.1.4.2.3.1.19.15,Painting 1st coat,Tower B,19th Floor,Finishing,Tower Finishing,Paint,,33834250.0,2027-07-29,2027-08-09,,,2026-10-31,,0
1.1.4.2.3.1.19.16,False Cieling panel fixing,Tower B,19th Floor,Finishing,Tower Finishing,False Ceiling,,34794750.0,2027-12-20,2027-12-29,,,2027-01-05,,0
1.1.4.2.3.1.20,20th floor,,,,,,,,2027-03-14,2028-01-08,,,2026-06-12,,
1.1.4.2.3.1.20.1,Block Work ,Tower B,20th Floor,,,NTA Finishing,,50200490.0,2027-03-14,2027-04-18,,,2026-06-12,,0
1.1.4.2.3.1.20.2,Installation of temporary Main door,Tower B,20th Floor,Finishing,Tower Finishing,Door,,2292450.0,2027-04-19,2027-04-22,,,2026-07-18,,0
1.1.4.2.3.1.20.3,Fire sprinkler pipe fixing,Tower B,20th Floor,MEP,Tower MEP,Plumbing,,49833800.0,2027-04-19,2027-04-28,,,2026-07-29,,0
1.1.4.2.3.1.20.4,Internal Plumbing Works,Tower B,20th Floor,MEP,Tower MEP,Plumbing,,158400390.0,2027-04-19,2027-05-03,,,2026-07-18,,0
1.1.4.2.3.1.20.5,Waterproofing,Tower B,20th Floor,Finishing,Tower Civil Finishes,Waterproofing,,52629280.0,2027-05-04,2027-05-24,,,2026-08-02,,0
1.1.4.2.3.1.20.6,Internal Plaster,Tower B,20th Floor,Finishing,Tower Civil Finishes,Int Plaster,,180576380.0,2027-05-04,2027-05-18,,,2026-08-02,,0
1.1.4.2.3.1.20.7,IPS flooring work,Tower B,20th Floor,Finishing,Tower Finishing,Flooring,,25419250.0,2027-04-19,2027-05-01,,,2026-07-18,,0
1.1.4.2.3.1.20.8,Toilet dado work,Tower B,20th Floor,Finishing,Tower Finishing,Flooring,,25628690.0,2027-05-23,2027-06-16,,,2026-08-21,,0
1.1.4.2.3.1.20.9,Toilet flooring work,Tower B,20th Floor,Finishing,Tower Finishing,Flooring,,102514420.0,2027-06-17,2027-07-11,,,2026-09-15,,0
1.1.4.2.3.1.20.10,Living dinning flooring,Tower B,20th Floor,Finishing,Tower Finishing,Flooring,,261625410.0,2027-06-22,2027-07-22,,,2026-09-20,,0
1.1.4.2.3.1.20.11,Electrical wiring work,Tower B,20th Floor,MEP,Tower MEP,Electrical,,185758660.0,2027-07-13,2027-07-24,,,2026-10-11,,0
1.1.4.2.3.1.20.12,Aluminium door-window fixing,Tower B,20th Floor,Finishing,Tower Finishing,Window,,233614170.0,2027-07-17,2027-08-04,,,2026-10-15,,0
1.1.4.2.3.1.20.13,Putty primer coat,Tower B,20th Floor,Finishing,Tower Finishing,Paint,,16917210.0,2027-07-28,2027-08-06,,,2026-10-26,,0
1.1.4.2.3.1.20.14,Prehung door fixing,Tower B,20th Floor,Finishing,Tower Finishing,Door,,84020120.0,2027-08-02,2027-08-09,,,2026-10-31,,0
1.1.4.2.3.1.20.15,Painting 1st coat,Tower B,20th Floor,Finishing,Tower Finishing,Paint,,33834250.0,2027-08-10,2027-08-21,,,2026-12-23,,0
1.1.4.2.3.1.20.16,False Cieling panel fixing,Tower B,20th Floor,Finishing,Tower Finishing,False Ceiling,,34794750.0,2027-12-30,2028-01-08,,,2027-01-15,,0
1.1.4.2.3.1.21,21st floor,,,,,,,,2027-03-26,2028-01-18,,,2026-06-20,,
1.1.4.2.3.1.21.1,Block Work ,Tower B,21st Floor,,,NTA Finishing,,50200490.0,2027-03-26,2027-04-30,,,2026-06-20,,0
1.1.4.2.3.1.21.2,Installation of temporary Main door,Tower B,21st Floor,Finishing,Tower Finishing,Door,,2292450.0,2027-05-01,2027-05-04,,,2026-07-26,,0
1.1.4.2.3.1.21.3,Fire sprinkler pipe fixing,Tower B,21st Floor,MEP,Tower MEP,Plumbing,,49833800.0,2027-05-01,2027-05-10,,,2026-08-08,,0
1.1.4.2.3.1.21.4,Internal Plumbing Works,Tower B,21st Floor,MEP,Tower MEP,Plumbing,,158400390.0,2027-05-01,2027-05-15,,,2026-07-26,,0
1.1.4.2.3.1.21.5,Waterproofing,Tower B,21st Floor,Finishing,Tower Civil Finishes,Waterproofing,,52629280.0,2027-05-16,2027-06-05,,,2026-08-10,,0
1.1.4.2.3.1.21.6,Internal Plaster,Tower B,21st Floor,Finishing,Tower Civil Finishes,Int Plaster,,180576380.0,2027-05-16,2027-05-30,,,2026-08-10,,0
1.1.4.2.3.1.21.7,IPS flooring work,Tower B,21st Floor,Finishing,Tower Finishing,Flooring,,25419250.0,2027-05-01,2027-05-13,,,2026-07-26,,0
1.1.4.2.3.1.21.8,Toilet dado work,Tower B,21st Floor,Finishing,Tower Finishing,Flooring,,25628690.0,2027-06-04,2027-06-28,,,2026-08-29,,0
1.1.4.2.3.1.21.9,Toilet flooring work,Tower B,21st Floor,Finishing,Tower Finishing,Flooring,,102514420.0,2027-06-29,2027-07-23,,,2026-09-23,,0
1.1.4.2.3.1.21.10,Living dinning flooring,Tower B,21st Floor,Finishing,Tower Finishing,Flooring,,261625410.0,2027-07-04,2027-08-03,,,2026-09-28,,0
1.1.4.2.3.1.21.11,Electrical wiring work,Tower B,21st Floor,MEP,Tower MEP,Electrical,,185758660.0,2027-07-25,2027-08-05,,,2026-10-19,,0
1.1.4.2.3.1.21.12,Aluminium door-window fixing,Tower B,21st Floor,Finishing,Tower Finishing,Window,,233614170.0,2027-07-29,2027-08-16,,,2026-10-23,,0
1.1.4.2.3.1.21.13,Putty primer coat,Tower B,21st Floor,Finishing,Tower Finishing,Paint,,16917210.0,2027-08-09,2027-08-18,,,2026-12-18,,0
1.1.4.2.3.1.21.14,Prehung door fixing,Tower B,21st Floor,Finishing,Tower Finishing,Door,,84020120.0,2027-08-14,2027-08-21,,,2026-12-23,,0
1.1.4.2.3.1.21.15,Painting 1st coat,Tower B,21st Floor,Finishing,Tower Finishing,Paint,,33834250.0,2027-08-22,2027-09-02,,,2026-12-31,,0
1.1.4.2.3.1.21.16,False Cieling panel fixing,Tower B,21st Floor,Finishing,Tower Finishing,False Ceiling,,34794750.0,2028-01-09,2028-01-18,,,2027-01-25,,0
1.1.4.2.3.1.22,22nd floor,,,,,,,,2027-04-13,2028-01-28,,,2026-07-02,,
1.1.4.2.3.1.22.1,Block Work ,Tower B,22nd Floor,,,NTA Finishing,,50200490.0,2027-04-13,2027-05-18,,,2026-07-02,,0
1.1.4.2.3.1.22.2,Installation of temporary Main door,Tower B,22nd Floor,Finishing,Tower Finishing,Door,,2292450.0,2027-05-19,2027-05-22,,,2026-08-07,,0
1.1.4.2.3.1.22.3,Fire sprinkler pipe fixing,Tower B,22nd Floor,MEP,Tower MEP,Plumbing,,49833800.0,2027-05-19,2027-05-28,,,2026-08-18,,0
1.1.4.2.3.1.22.4,Internal Plumbing Works,Tower B,22nd Floor,MEP,Tower MEP,Plumbing,,158400390.0,2027-05-19,2027-06-02,,,2026-08-07,,0
1.1.4.2.3.1.22.5,Waterproofing,Tower B,22nd Floor,Finishing,Tower Civil Finishes,Waterproofing,,52629280.0,2027-06-03,2027-06-23,,,2026-08-22,,0
1.1.4.2.3.1.22.6,Internal Plaster,Tower B,22nd Floor,Finishing,Tower Civil Finishes,Int Plaster,,180576380.0,2027-06-03,2027-06-17,,,2026-08-22,,0
1.1.4.2.3.1.22.7,IPS flooring work,Tower B,22nd Floor,Finishing,Tower Finishing,Flooring,,25419250.0,2027-05-19,2027-05-31,,,2026-08-07,,0
1.1.4.2.3.1.22.8,Toilet dado work,Tower B,22nd Floor,Finishing,Tower Finishing,Flooring,,25628690.0,2027-06-22,2027-07-16,,,2026-09-10,,0
1.1.4.2.3.1.22.9,Toilet flooring work,Tower B,22nd Floor,Finishing,Tower Finishing,Flooring,,102514420.0,2027-07-17,2027-08-10,,,2026-10-05,,0
1.1.4.2.3.1.22.10,Living dinning flooring,Tower B,22nd Floor,Finishing,Tower Finishing,Flooring,,261625410.0,2027-07-22,2027-08-21,,,2026-10-10,,0
1.1.4.2.3.1.22.11,Electrical wiring work,Tower B,22nd Floor,MEP,Tower MEP,Electrical,,185758660.0,2027-08-12,2027-08-23,,,2026-10-31,,0
1.1.4.2.3.1.22.12,Aluminium door-window fixing,Tower B,22nd Floor,Finishing,Tower Finishing,Window,,233614170.0,2027-08-16,2027-09-03,,,2026-12-19,,0
1.1.4.2.3.1.22.13,Putty primer coat,Tower B,22nd Floor,Finishing,Tower Finishing,Paint,,16917210.0,2027-08-27,2027-09-05,,,2026-12-30,,0
1.1.4.2.3.1.22.14,Prehung door fixing,Tower B,22nd Floor,Finishing,Tower Finishing,Door,,84020120.0,2027-09-01,2027-09-08,,,2027-01-04,,0
1.1.4.2.3.1.22.15,Painting 1st coat,Tower B,22nd Floor,Finishing,Tower Finishing,Paint,,33834250.0,2027-09-09,2027-09-20,,,2027-01-12,,0
1.1.4.2.3.1.22.16,False Cieling panel fixing,Tower B,22nd Floor,Finishing,Tower Finishing,False Ceiling,,34794750.0,2028-01-19,2028-01-28,,,2027-02-04,,0
1.1.4.2.3.1.23,23rd floor,,,,,,,,2027-04-25,2028-02-07,,,2026-07-10,,
1.1.4.2.3.1.23.1,Block Work ,Tower B,23rd Floor,,,NTA Finishing,,50200490.0,2027-04-25,2027-05-30,,,2026-07-10,,0
1.1.4.2.3.1.23.2,Installation of temporary Main door,Tower B,23rd Floor,Finishing,Tower Finishing,Door,,2292450.0,2027-05-31,2027-06-03,,,2026-08-15,,0
1.1.4.2.3.1.23.3,Fire sprinkler pipe fixing,Tower B,23rd Floor,MEP,Tower MEP,Plumbing,,49833800.0,2027-05-31,2027-06-09,,,2026-08-28,,0
1.1.4.2.3.1.23.4,Internal Plumbing Works,Tower B,23rd Floor,MEP,Tower MEP,Plumbing,,158400390.0,2027-05-31,2027-06-14,,,2026-08-15,,0
1.1.4.2.3.1.23.5,Waterproofing,Tower B,23rd Floor,Finishing,Tower Civil Finishes,Waterproofing,,52629280.0,2027-06-15,2027-07-05,,,2026-08-30,,0
1.1.4.2.3.1.23.6,Internal Plaster,Tower B,23rd Floor,Finishing,Tower Civil Finishes,Int Plaster,,180576380.0,2027-06-15,2027-06-29,,,2026-08-30,,0
1.1.4.2.3.1.23.7,IPS flooring work,Tower B,23rd Floor,Finishing,Tower Finishing,Flooring,,25419250.0,2027-05-31,2027-06-12,,,2026-08-15,,0
1.1.4.2.3.1.23.8,Toilet dado work,Tower B,23rd Floor,Finishing,Tower Finishing,Flooring,,25628690.0,2027-07-04,2027-07-28,,,2026-09-18,,0
1.1.4.2.3.1.23.9,Toilet flooring work,Tower B,23rd Floor,Finishing,Tower Finishing,Flooring,,102514420.0,2027-07-29,2027-08-22,,,2026-10-13,,0
1.1.4.2.3.1.23.10,Living dinning flooring,Tower B,23rd Floor,Finishing,Tower Finishing,Flooring,,261625410.0,2027-08-03,2027-09-02,,,2026-10-18,,0
1.1.4.2.3.1.23.11,Electrical wiring work,Tower B,23rd Floor,MEP,Tower MEP,Electrical,,185758660.0,2027-08-24,2027-09-04,,,2026-12-23,,0
1.1.4.2.3.1.23.12,Aluminium door-window fixing,Tower B,23rd Floor,Finishing,Tower Finishing,Window,,233614170.0,2027-08-28,2027-09-15,,,2026-12-27,,0
1.1.4.2.3.1.23.13,Putty primer coat,Tower B,23rd Floor,Finishing,Tower Finishing,Paint,,16917210.0,2027-09-08,2027-09-17,,,2027-01-07,,0
1.1.4.2.3.1.23.14,Prehung door fixing,Tower B,23rd Floor,Finishing,Tower Finishing,Door,,84020120.0,2027-09-13,2027-09-20,,,2027-01-12,,0
1.1.4.2.3.1.23.15,Painting 1st coat,Tower B,23rd Floor,Finishing,Tower Finishing,Paint,,33834250.0,2027-09-21,2027-10-02,,,2027-01-20,,0
1.1.4.2.3.1.23.16,False Cieling panel fixing,Tower B,23rd Floor,Finishing,Tower Finishing,False Ceiling,,34794750.0,2028-01-29,2028-02-07,,,2027-02-14,,0
1.1.4.2.3.1.24,24th floor,,,,,,,,2027-05-07,2028-02-17,,,2026-07-18,,
1.1.4.2.3.1.24.1,Block Work ,Tower B,24th Floor,,,NTA Finishing,,50200490.0,2027-05-07,2027-06-11,,,2026-07-18,,0
1.1.4.2.3.1.24.2,Installation of temporary Main door,Tower B,24th Floor,Finishing,Tower Finishing,Door,,2292450.0,2027-06-12,2027-06-15,,,2026-08-23,,0
1.1.4.2.3.1.24.3,Fire sprinkler pipe fixing,Tower B,24th Floor,MEP,Tower MEP,Plumbing,,49833800.0,2027-06-12,2027-06-21,,,2026-09-07,,0
1.1.4.2.3.1.24.4,Internal Plumbing Works,Tower B,24th Floor,MEP,Tower MEP,Plumbing,,158400390.0,2027-06-12,2027-06-26,,,2026-08-23,,0
1.1.4.2.3.1.24.5,Waterproofing,Tower B,24th Floor,Finishing,Tower Civil Finishes,Waterproofing,,52629280.0,2027-06-27,2027-07-17,,,2026-09-07,,0
1.1.4.2.3.1.24.6,Internal Plaster,Tower B,24th Floor,Finishing,Tower Civil Finishes,Int Plaster,,180576380.0,2027-06-27,2027-07-11,,,2026-09-07,,0
1.1.4.2.3.1.24.7,Internal Plaster,Tower B,24th Floor,Finishing,Tower Civil Finishes,Int Plaster,,0.0,2027-08-11,2027-08-25,,,2026-08-23,,0
1.1.4.2.3.1.24.8,IPS flooring work,Tower B,24th Floor,Finishing,Tower Finishing,Flooring,,25419250.0,2027-06-12,2027-06-24,,,2026-09-26,,0
1.1.4.2.3.1.24.9,Toilet dado work,Tower B,24th Floor,Finishing,Tower Finishing,Flooring,,25628690.0,2027-07-16,2027-08-09,,,2026-10-21,,0
1.1.4.2.3.1.24.10,Toilet flooring work,Tower B,24th Floor,Finishing,Tower Finishing,Flooring,,102514420.0,2027-08-10,2027-09-03,,,2026-10-26,,0
1.1.4.2.3.1.24.11,Living dinning flooring,Tower B,24th Floor,Finishing,Tower Finishing,Flooring,,261625410.0,2027-08-15,2027-09-14,,,2026-12-31,,0
1.1.4.2.3.1.24.12,Electrical wiring work,Tower B,24th Floor,MEP,Tower MEP,Electrical,,185758660.0,2027-09-05,2027-09-16,,,2027-01-04,,0
1.1.4.2.3.1.24.13,Aluminium door-window fixing,Tower B,24th Floor,Finishing,Tower Finishing,Window,,233614170.0,2027-09-09,2027-09-27,,,2027-01-15,,0
1.1.4.2.3.1.24.14,Putty primer coat,Tower B,24th Floor,Finishing,Tower Finishing,Paint,,16917210.0,2027-09-20,2027-09-29,,,2027-01-20,,0
1.1.4.2.3.1.24.15,Prehung door fixing,Tower B,24th Floor,Finishing,Tower Finishing,Door,,84020120.0,2027-09-25,2027-10-02,,,2027-01-28,,0
1.1.4.2.3.1.24.16,Painting 1st coat,Tower B,24th Floor,Finishing,Tower Finishing,Paint,,33834250.0,2027-10-03,2027-10-14,,,2027-02-24,,0
1.1.4.2.3.1.24.17,False Cieling panel fixing,Tower B,24th Floor,Finishing,Tower Finishing,False Ceiling,,34794750.0,2028-02-08,2028-02-17,,,,,0
1.1.4.2.3.1.25,25th floor,,,,,,,,2027-05-19,2028-02-27,,,2026-07-26,,
1.1.4.2.3.1.25.1,Block Work ,Tower B,25th Floor,,,NTA Finishing,,50200490.0,2027-05-19,2027-06-23,,,2026-07-26,,0
1.1.4.2.3.1.25.2,Installation of temporary Main door,Tower B,25th Floor,Finishing,Tower Finishing,Door,,2292450.0,2027-06-24,2027-06-27,,,2026-08-31,,0
1.1.4.2.3.1.25.3,Fire sprinkler pipe fixing,Tower B,25th Floor,MEP,Tower MEP,Plumbing,,49833800.0,2027-06-24,2027-07-03,,,2026-09-17,,0
1.1.4.2.3.1.25.4,Internal Plumbing Works,Tower B,25th Floor,MEP,Tower MEP,Plumbing,,158400390.0,2027-06-24,2027-07-08,,,2026-08-31,,0
1.1.4.2.3.1.25.5,Waterproofing,Tower B,25th Floor,Finishing,Tower Civil Finishes,Waterproofing,,52629280.0,2027-07-09,2027-07-29,,,2026-09-15,,0
1.1.4.2.3.1.25.6,Internal Plaster,Tower B,25th Floor,Finishing,Tower Civil Finishes,Int Plaster,,180576380.0,2027-07-09,2027-07-23,,,2026-09-15,,0
1.1.4.2.3.1.25.7,IPS flooring work,Tower B,25th Floor,Finishing,Tower Finishing,Flooring,,25419250.0,2027-06-24,2027-07-06,,,2026-08-31,,0
1.1.4.2.3.1.25.8,Toilet dado work,Tower B,25th Floor,Finishing,Tower Finishing,Flooring,,25628690.0,2027-07-28,2027-08-21,,,2026-10-04,,0
1.1.4.2.3.1.25.9,Toilet flooring work,Tower B,25th Floor,Finishing,Tower Finishing,Flooring,,102514420.0,2027-08-22,2027-09-15,,,2026-10-29,,0
1.1.4.2.3.1.25.10,Living dinning flooring,Tower B,25th Floor,Finishing,Tower Finishing,Flooring,,261625410.0,2027-08-27,2027-09-26,,,2026-12-18,,0
1.1.4.2.3.1.25.11,Electrical wiring work,Tower B,25th Floor,MEP,Tower MEP,Electrical,,185758660.0,2027-09-17,2027-09-28,,,2027-01-08,,0
1.1.4.2.3.1.25.12,Aluminium door-window fixing,Tower B,25th Floor,Finishing,Tower Finishing,Window,,233614170.0,2027-09-21,2027-10-09,,,2027-01-12,,0
1.1.4.2.3.1.25.13,Putty primer coat,Tower B,25th Floor,Finishing,Tower Finishing,Paint,,16917210.0,2027-10-02,2027-10-11,,,2027-01-23,,0
1.1.4.2.3.1.25.14,Prehung door fixing,Tower B,25th Floor,Finishing,Tower Finishing,Door,,84020120.0,2027-10-07,2027-10-14,,,2027-01-28,,0
1.1.4.2.3.1.25.15,Painting 1st coat,Tower B,25th Floor,Finishing,Tower Finishing,Paint,,33834250.0,2027-10-15,2027-10-26,,,2027-02-05,,0
1.1.4.2.3.1.25.16,False Cieling panel fixing,Tower B,25th Floor,Finishing,Tower Finishing,False Ceiling,,34794750.0,2028-02-18,2028-02-27,,,2027-03-06,,0
1.1.4.2.3.1.26,26th floor,,,,,,,,2027-05-31,2028-03-08,,,2026-08-03,,
1.1.4.2.3.1.26.1,Block Work ,Tower B,26th Floor,,,NTA Finishing,,50200490.0,2027-05-31,2027-07-05,,,2026-08-03,,0
1.1.4.2.3.1.26.2,Installation of temporary Main door,Tower B,26th Floor,Finishing,Tower Finishing,Door,,2292450.0,2027-07-06,2027-07-09,,,2026-09-08,,0
1.1.4.2.3.1.26.3,Fire sprinkler pipe fixing,Tower B,26th Floor,MEP,Tower MEP,Plumbing,,49833800.0,2027-07-06,2027-07-15,,,2026-09-27,,0
1.1.4.2.3.1.26.4,Internal Plumbing Works,Tower B,26th Floor,MEP,Tower MEP,Plumbing,,158400390.0,2027-07-06,2027-07-20,,,2026-09-08,,0
1.1.4.2.3.1.26.5,Waterproofing,Tower B,26th Floor,Finishing,Tower Civil Finishes,Waterproofing,,52629280.0,2027-07-21,2027-08-10,,,2026-09-23,,0
1.1.4.2.3.1.26.6,Internal Plaster,Tower B,26th Floor,Finishing,Tower Civil Finishes,Int Plaster,,180576380.0,2027-07-21,2027-08-04,,,2026-09-23,,0
1.1.4.2.3.1.26.7,IPS flooring work,Tower B,26th Floor,Finishing,Tower Finishing,Flooring,,25419250.0,2027-07-06,2027-07-18,,,2026-09-08,,0
1.1.4.2.3.1.26.8,Toilet dado work,Tower B,26th Floor,Finishing,Tower Finishing,Flooring,,25628690.0,2027-08-09,2027-09-02,,,2026-10-12,,0
1.1.4.2.3.1.26.9,Toilet flooring work,Tower B,26th Floor,Finishing,Tower Finishing,Flooring,,102514420.0,2027-09-03,2027-09-27,,,2026-12-21,,0
1.1.4.2.3.1.26.10,Living dinning flooring,Tower B,26th Floor,Finishing,Tower Finishing,Flooring,,261625410.0,2027-09-08,2027-10-08,,,2026-12-26,,0
1.1.4.2.3.1.26.11,Electrical wiring work,Tower B,26th Floor,MEP,Tower MEP,Electrical,,185758660.0,2027-09-29,2027-10-10,,,2027-01-16,,0
1.1.4.2.3.1.26.12,Aluminium door-window fixing,Tower B,26th Floor,Finishing,Tower Finishing,Window,,233614170.0,2027-10-03,2027-10-21,,,2027-01-20,,0
1.1.4.2.3.1.26.13,Putty primer coat,Tower B,26th Floor,Finishing,Tower Finishing,Paint,,16917210.0,2027-10-14,2027-10-23,,,2027-01-31,,0
1.1.4.2.3.1.26.14,Prehung door fixing,Tower B,26th Floor,Finishing,Tower Finishing,Door,,84020120.0,2027-10-19,2027-10-26,,,2027-02-05,,0
1.1.4.2.3.1.26.15,Painting 1st coat,Tower B,26th Floor,Finishing,Tower Finishing,Paint,,33834250.0,2027-10-27,2027-12-22,,,2027-02-13,,0
1.1.4.2.3.1.26.16,False Cieling panel fixing,Tower B,26th Floor,Finishing,Tower Finishing,False Ceiling,,34794750.0,2028-02-28,2028-03-08,,,2027-03-16,,0
1.1.4.2.3.1.27,27th floor,,,,,,,,2027-06-12,2028-03-18,,,2026-08-11,,
1.1.4.2.3.1.27.1,Block Work ,Tower B,27th Floor,,,NTA Finishing,,50200490.0,2027-06-12,2027-07-17,,,2026-08-11,,0
1.1.4.2.3.1.27.2,Installation of temporary Main door,Tower B,27th Floor,Finishing,Tower Finishing,Door,,2292450.0,2027-07-18,2027-07-21,,,2026-09-16,,0
1.1.4.2.3.1.27.3,Fire sprinkler pipe fixing,Tower B,27th Floor,MEP,Tower MEP,Plumbing,,49833800.0,2027-07-18,2027-07-27,,,2026-10-07,,0
1.1.4.2.3.1.27.4,Internal Plumbing Works,Tower B,27th Floor,MEP,Tower MEP,Plumbing,,158400390.0,2027-07-18,2027-08-01,,,2026-09-16,,0
1.1.4.2.3.1.27.5,Waterproofing,Tower B,27th Floor,Finishing,Tower Civil Finishes,Waterproofing,,52629280.0,2027-08-02,2027-08-22,,,2026-10-01,,0
1.1.4.2.3.1.27.6,Internal Plaster,Tower B,27th Floor,Finishing,Tower Civil Finishes,Int Plaster,,180576380.0,2027-08-02,2027-08-16,,,2026-10-01,,0
1.1.4.2.3.1.27.7,IPS flooring work,Tower B,27th Floor,Finishing,Tower Finishing,Flooring,,25419250.0,2027-07-18,2027-07-30,,,2026-09-16,,0
1.1.4.2.3.1.27.8,Toilet dado work,Tower B,27th Floor,Finishing,Tower Finishing,Flooring,,25628690.0,2027-08-21,2027-09-14,,,2026-10-20,,0
1.1.4.2.3.1.27.9,Toilet flooring work,Tower B,27th Floor,Finishing,Tower Finishing,Flooring,,102514420.0,2027-09-15,2027-10-09,,,2026-12-29,,0
1.1.4.2.3.1.27.10,Living dinning flooring,Tower B,27th Floor,Finishing,Tower Finishing,Flooring,,261625410.0,2027-09-20,2027-10-20,,,2027-01-03,,0
1.1.4.2.3.1.27.11,Electrical wiring work,Tower B,27th Floor,MEP,Tower MEP,Electrical,,185758660.0,2027-10-11,2027-10-22,,,2027-01-24,,0
1.1.4.2.3.1.27.12,Aluminium door-window fixing,Tower B,27th Floor,Finishing,Tower Finishing,Window,,233614170.0,2027-10-15,2027-12-17,,,2027-01-28,,0
1.1.4.2.3.1.27.13,Putty primer coat,Tower B,27th Floor,Finishing,Tower Finishing,Paint,,16917210.0,2027-10-26,2027-12-19,,,2027-02-08,,0
1.1.4.2.3.1.27.14,Prehung door fixing,Tower B,27th Floor,Finishing,Tower Finishing,Door,,84020120.0,2027-10-31,2027-12-22,,,2027-02-13,,0
1.1.4.2.3.1.27.15,Painting 1st coat,Tower B,27th Floor,Finishing,Tower Finishing,Paint,,33834250.0,2027-12-23,2028-01-03,,,2027-02-21,,0
1.1.4.2.3.1.27.16,False Cieling panel fixing,Tower B,27th Floor,Finishing,Tower Finishing,False Ceiling,,34794750.0,2028-03-09,2028-03-18,,,2027-03-26,,0
1.1.4.2.3.1.28,28th floor,,,,,,,,2027-06-26,2028-03-28,,,2026-08-21,,
1.1.4.2.3.1.28.1,Block Work ,Tower B,28th Floor,,,NTA Finishing,,50200490.0,2027-06-26,2027-07-31,,,2026-08-21,,0
1.1.4.2.3.1.28.2,Installation of temporary Main door,Tower B,28th Floor,Finishing,Tower Finishing,Door,,2292450.0,2027-08-01,2027-08-04,,,2026-09-26,,0
1.1.4.2.3.1.28.3,Fire sprinkler pipe fixing,Tower B,28th Floor,MEP,Tower MEP,Plumbing,,49833800.0,2027-08-01,2027-08-10,,,2026-10-17,,0
1.1.4.2.3.1.28.4,Internal Plumbing Works,Tower B,28th Floor,MEP,Tower MEP,Plumbing,,158400390.0,2027-08-01,2027-08-15,,,2026-09-26,,0
1.1.4.2.3.1.28.5,Waterproofing,Tower B,28th Floor,Finishing,Tower Civil Finishes,Waterproofing,,52629280.0,2027-08-16,2027-09-05,,,2026-10-11,,0
1.1.4.2.3.1.28.6,Internal Plaster,Tower B,28th Floor,Finishing,Tower Civil Finishes,Int Plaster,,180576380.0,2027-08-16,2027-08-30,,,2026-10-11,,0
1.1.4.2.3.1.28.7,IPS flooring work,Tower B,28th Floor,Finishing,Tower Finishing,Flooring,,25419250.0,2027-08-01,2027-08-13,,,2026-09-26,,0
1.1.4.2.3.1.28.8,Toilet dado work,Tower B,28th Floor,Finishing,Tower Finishing,Flooring,,25628690.0,2027-09-04,2027-12-17,,,2026-10-30,,0
1.1.4.2.3.1.28.9,Toilet flooring work,Tower B,28th Floor,Finishing,Tower Finishing,Flooring,,102514420.0,2027-12-18,2028-01-11,,,2027-02-12,,0
1.1.4.2.3.1.28.10,Living dinning flooring,Tower B,28th Floor,Finishing,Tower Finishing,Flooring,,261625410.0,2027-12-23,2028-01-22,,,2027-02-17,,0
1.1.4.2.3.1.28.11,Electrical wiring work,Tower B,28th Floor,MEP,Tower MEP,Electrical,,185758660.0,2028-01-13,2028-01-24,,,2027-03-10,,0
1.1.4.2.3.1.28.12,Aluminium door-window fixing,Tower B,28th Floor,Finishing,Tower Finishing,Window,,233614170.0,2028-01-17,2028-02-04,,,2027-03-14,,0
1.1.4.2.3.1.28.13,Putty primer coat,Tower B,28th Floor,Finishing,Tower Finishing,Paint,,16917210.0,2028-01-28,2028-02-06,,,2027-03-25,,0
1.1.4.2.3.1.28.14,Prehung door fixing,Tower B,28th Floor,Finishing,Tower Finishing,Door,,84020120.0,2028-02-02,2028-02-09,,,2027-03-30,,0
1.1.4.2.3.1.28.15,Painting 1st coat,Tower B,28th Floor,Finishing,Tower Finishing,Paint,,33834250.0,2028-02-10,2028-02-21,,,2027-04-07,,0
1.1.4.2.3.1.28.16,False Cieling panel fixing,Tower B,28th Floor,Finishing,Tower Finishing,False Ceiling,,34794750.0,2028-03-19,2028-03-28,,,2027-04-19,,0
1.1.4.2.3.1.29,29th floor,,,,,,,,2027-07-03,2028-04-07,,,2026-08-28,,
1.1.4.2.3.1.29.1,Block Work ,Tower B,29th Floor,,,NTA Finishing,,50200490.0,2027-07-03,2027-08-07,,,2026-08-28,,0
1.1.4.2.3.1.29.2,Installation of temporary Main door,Tower B,29th Floor,Finishing,Tower Finishing,Door,,2292450.0,2027-08-08,2027-08-11,,,2026-10-03,,0
1.1.4.2.3.1.29.3,Fire sprinkler pipe fixing,Tower B,29th Floor,MEP,Tower MEP,Plumbing,,49833800.0,2027-08-11,2027-08-20,,,2026-10-27,,0
1.1.4.2.3.1.29.4,Internal Plumbing Works,Tower B,29th Floor,MEP,Tower MEP,Plumbing,,158400390.0,2027-08-08,2027-08-22,,,2026-10-03,,0
1.1.4.2.3.1.29.5,Waterproofing,Tower B,29th Floor,Finishing,Tower Civil Finishes,Waterproofing,,52629280.0,2027-08-23,2027-09-12,,,2026-10-18,,0
1.1.4.2.3.1.29.6,Internal Plaster,Tower B,29th Floor,Finishing,Tower Civil Finishes,Int Plaster,,180576380.0,2027-08-23,2027-09-06,,,2026-10-18,,0
1.1.4.2.3.1.29.7,IPS flooring work,Tower B,29th Floor,Finishing,Tower Finishing,Flooring,,25419250.0,2027-08-08,2027-08-20,,,2026-10-03,,0
1.1.4.2.3.1.29.8,Toilet dado work,Tower B,29th Floor,Finishing,Tower Finishing,Flooring,,25628690.0,2027-09-11,2027-10-05,,,2026-12-21,,0
1.1.4.2.3.1.29.9,Toilet flooring work,Tower B,29th Floor,Finishing,Tower Finishing,Flooring,,102514420.0,2027-10-06,2027-10-30,,,2027-01-15,,0
1.1.4.2.3.1.29.10,Living dinning flooring,Tower B,29th Floor,Finishing,Tower Finishing,Flooring,,261625410.0,2027-10-11,2027-12-25,,,2027-01-20,,0
1.1.4.2.3.1.29.11,Electrical wiring work,Tower B,29th Floor,MEP,Tower MEP,Electrical,,185758660.0,2027-12-16,2027-12-27,,,2027-02-10,,0
1.1.4.2.3.1.29.12,Aluminium door-window fixing,Tower B,29th Floor,Finishing,Tower Finishing,Window,,233614170.0,2027-12-20,2028-01-07,,,2027-02-14,,0
1.1.4.2.3.1.29.13,Putty primer coat,Tower B,29th Floor,Finishing,Tower Finishing,Paint,,16917210.0,2027-12-31,2028-01-09,,,2027-02-25,,0
1.1.4.2.3.1.29.14,Prehung door fixing,Tower B,29th Floor,Finishing,Tower Finishing,Door,,84020120.0,2028-01-05,2028-01-12,,,2027-03-02,,0
1.1.4.2.3.1.29.15,Painting 1st coat,Tower B,29th Floor,Finishing,Tower Finishing,Paint,,33834250.0,2028-01-13,2028-01-24,,,2027-03-10,,0
1.1.4.2.3.1.29.16,False Cieling panel fixing,Tower B,29th Floor,Finishing,Tower Finishing,False Ceiling,,34794750.0,2028-03-29,2028-04-07,,,2027-04-29,,0
1.1.4.2.3.1.30,30th floor,,,,,,,,2027-07-10,2028-04-17,,,2026-09-04,,
1.1.4.2.3.1.30.1,Block Work ,Tower B,30th Floor,,,NTA Finishing,,50200490.0,2027-07-10,2027-08-14,,,2026-09-04,,0
1.1.4.2.3.1.30.2,Installation of temporary Main door,Tower B,30th Floor,Finishing,Tower Finishing,Door,,2292450.0,2027-08-15,2027-08-18,,,2026-10-10,,0
1.1.4.2.3.1.30.3,Fire sprinkler pipe fixing,Tower B,30th Floor,MEP,Tower MEP,Plumbing,,49833800.0,2027-08-21,2027-08-30,,,2026-12-21,,0
1.1.4.2.3.1.30.4,Internal Plumbing Works,Tower B,30th Floor,MEP,Tower MEP,Plumbing,,158400390.0,2027-08-15,2027-08-29,,,2026-10-10,,0
1.1.4.2.3.1.30.5,Waterproofing,Tower B,30th Floor,Finishing,Tower Civil Finishes,Waterproofing,,52629280.0,2027-08-30,2027-09-19,,,2026-10-25,,0
1.1.4.2.3.1.30.6,Internal Plaster,Tower B,30th Floor,Finishing,Tower Civil Finishes,Int Plaster,,180576380.0,2027-08-30,2027-09-13,,,2026-10-25,,0
1.1.4.2.3.1.30.7,IPS flooring work,Tower B,30th Floor,Finishing,Tower Finishing,Flooring,,25419250.0,2027-08-15,2027-08-27,,,2026-10-10,,0
1.1.4.2.3.1.30.8,Toilet dado work,Tower B,30th Floor,Finishing,Tower Finishing,Flooring,,25628690.0,2027-09-18,2027-10-12,,,2026-12-28,,0
1.1.4.2.3.1.30.9,Toilet flooring work,Tower B,30th Floor,Finishing,Tower Finishing,Flooring,,102514420.0,2027-10-13,2027-12-21,,,2027-01-22,,0
1.1.4.2.3.1.30.10,Living dinning flooring,Tower B,30th Floor,Finishing,Tower Finishing,Flooring,,261625410.0,2027-10-18,2028-01-01,,,2027-01-27,,0
1.1.4.2.3.1.30.11,Electrical wiring work,Tower B,30th Floor,MEP,Tower MEP,Electrical,,185758660.0,2027-12-23,2028-01-03,,,2027-02-17,,0
1.1.4.2.3.1.30.12,Aluminium door-window fixing,Tower B,30th Floor,Finishing,Tower Finishing,Window,,233614170.0,2027-12-27,2028-01-14,,,2027-02-21,,0
1.1.4.2.3.1.30.13,Putty primer coat,Tower B,30th Floor,Finishing,Tower Finishing,Paint,,16917210.0,2028-01-07,2028-01-16,,,2027-03-04,,0
1.1.4.2.3.1.30.14,Prehung door fixing,Tower B,30th Floor,Finishing,Tower Finishing,Door,,84020120.0,2028-01-12,2028-01-19,,,2027-03-09,,0
1.1.4.2.3.1.30.15,Painting 1st coat,Tower B,30th Floor,Finishing,Tower Finishing,Paint,,33834250.0,2028-01-20,2028-01-31,,,2027-03-17,,0
1.1.4.2.3.1.30.16,False Cieling panel fixing,Tower B,30th Floor,Finishing,Tower Finishing,False Ceiling,,34794750.0,2028-04-08,2028-04-17,,,2027-05-09,,0
1.1.4.2.3.1.31,31st Floor,,,,,,,,2027-07-17,2028-04-27,,,2026-09-11,,
1.1.4.2.3.1.31.1,Block Work ,Tower B,31st Floor,,,NTA Finishing,,50200490.0,2027-07-17,2027-08-22,,,2026-09-11,,0
1.1.4.2.3.1.31.2,Installation of temporary Main door,Tower B,31st Floor,Finishing,Tower Finishing,Door,,2292450.0,2027-08-23,2027-08-26,,,2026-10-18,,0
1.1.4.2.3.1.31.3,Fire sprinkler pipe fixing,Tower B,31st Floor,MEP,Tower MEP,Plumbing,,49833800.0,2027-08-31,2027-09-09,,,2026-12-31,,0
1.1.4.2.3.1.31.4,Internal Plumbing Works,Tower B,31st Floor,MEP,Tower MEP,Plumbing,,158400390.0,2027-08-23,2027-09-06,,,2026-10-18,,0
1.1.4.2.3.1.31.5,Waterproofing,Tower B,31st Floor,Finishing,Tower Civil Finishes,Waterproofing,,52629280.0,2027-09-07,2027-09-27,,,2026-12-17,,0
1.1.4.2.3.1.31.6,Internal Plaster,Tower B,31st Floor,Finishing,Tower Civil Finishes,Int Plaster,,180576380.0,2027-09-07,2027-09-21,,,2026-12-17,,0
1.1.4.2.3.1.31.7,IPS flooring work,Tower B,31st Floor,Finishing,Tower Finishing,Flooring,,25419250.0,2027-08-23,2027-09-04,,,2026-10-18,,0
1.1.4.2.3.1.31.8,Toilet dado work,Tower B,31st Floor,Finishing,Tower Finishing,Flooring,,25628690.0,2027-09-26,2027-10-20,,,2027-01-05,,0
1.1.4.2.3.1.31.9,Toilet flooring work,Tower B,31st Floor,Finishing,Tower Finishing,Flooring,,102514420.0,2027-10-21,2027-12-29,,,2027-01-30,,0
1.1.4.2.3.1.31.10,Living dinning flooring,Tower B,31st Floor,Finishing,Tower Finishing,Flooring,,261625410.0,2027-10-26,2028-01-09,,,2027-02-04,,0
1.1.4.2.3.1.31.11,Electrical wiring work,Tower B,31st Floor,MEP,Tower MEP,Electrical,,185758660.0,2027-12-31,2028-01-11,,,2027-02-25,,0
1.1.4.2.3.1.31.12,Aluminium door-window fixing,Tower B,31st Floor,Finishing,Tower Finishing,Window,,233614170.0,2028-01-04,2028-01-22,,,2027-03-01,,0
1.1.4.2.3.1.31.13,Putty primer coat,Tower B,31st Floor,Finishing,Tower Finishing,Paint,,16917210.0,2028-01-15,2028-01-24,,,2027-03-12,,0
1.1.4.2.3.1.31.14,Prehung door fixing,Tower B,31st Floor,Finishing,Tower Finishing,Door,,84020120.0,2028-01-20,2028-01-27,,,2027-03-17,,0
1.1.4.2.3.1.31.15,Painting 1st coat,Tower B,31st Floor,Finishing,Tower Finishing,Paint,,33834250.0,2028-01-28,2028-02-08,,,2027-03-25,,0
1.1.4.2.3.1.31.16,False Cieling panel fixing,Tower B,31st Floor,Finishing,Tower Finishing,False Ceiling,,34794750.0,2028-04-18,2028-04-27,,,2027-05-19,,0
1.1.4.2.3.2,Terrace finishing,,,,,,,,2028-03-08,2028-06-15,,,2027-05-04,,
1.1.4.2.3.2.1,Terrace waterproofing,Tower B,Terrace,Finishing,Tower Civil Finishes,Waterproofing,,440000000.0,2028-03-08,2028-04-16,,,2027-05-04,,0
1.1.4.2.3.2.2,Terrace finishing,Tower B,Terrace,Finishing,Common area finishes,CA-Flooring,,65000000.0,2028-04-17,2028-06-15,,,2027-06-13,,0
1.1.4.2.3.3,Common area finishing,,,,,,,,2027-07-14,2028-05-27,,,2026-09-08,,
1.1.4.2.3.3.1,Masonary Work ,Tower B,,Finishing,Common area finishes,CA-Blockwork,,236237600.0,2027-07-14,2027-09-11,,,2026-09-08,,0
1.1.4.2.3.3.2,Fire sprinkler pipe fixing,Tower B,,MEP,Common area-MEP,CA-Fire-fighting & FAPA,,234512000.0,2027-07-24,2027-10-21,,,2026-09-18,,0
1.1.4.2.3.3.3,"Corridoor, staircase, shaft Plaster & whitewash ",Tower B,,Finishing,Common area finishes,CA-Int Plaster,,849771200.0,2027-09-02,2028-01-14,,,2026-10-28,,0
1.1.4.2.3.3.4,Staircase railing fixing,Tower B,,Finishing,Common area finishes,CA-Railing,,163740000.0,2027-08-23,2027-10-06,,,2026-10-18,,0
1.1.4.2.3.3.5,Fire staircase flooring ,Tower B,,Finishing,Common area finishes,CA-Flooring,,119620000.0,2027-09-17,2027-12-30,,,2026-12-27,,0
1.1.4.2.3.3.6,Main staircase flooring,Tower B,,Finishing,Common area finishes,CA-Flooring,,482420800.0,2027-09-17,2027-12-30,,,2026-12-27,,0
1.1.4.2.3.3.7,Fire door work,Tower B,,Finishing,Common area finishes,CA-Door,,21576000.0,2027-10-17,2028-01-14,,,2027-01-26,,0
1.1.4.2.3.3.8,Lobby flooring & Corridor ,Tower B,,Finishing,Common area finishes,CA-Flooring,,1231178400.0,2027-09-27,2028-03-03,,,2027-01-06,,0
1.1.4.2.3.3.9,Ceiling & wall putty-primer,Tower B,,Finishing,Common area finishes,CA-Paint,,79610400.0,2028-01-19,2028-03-18,,,2027-03-16,,0
1.1.4.2.3.3.10,Ceiling & wall painting,Tower B,,Finishing,Common area finishes,CA-Paint,,163740000.0,2028-02-03,2028-05-02,,,2027-03-31,,0
1.1.4.2.3.3.11,Electrical wiring work,Tower B,,MEP,Common area-MEP,CA-Electrical,,874158400.0,2028-03-09,2028-05-07,,,2027-05-05,,0
1.1.4.2.3.3.12,Light fixture supply & installation,Tower B,,MEP,Common area-MEP,CA-Electrical,,611910900.0,2028-04-28,2028-05-27,,,2027-06-24,,0
1.1.4.2.3.3.13,Installation of fire signages including Basements,Tower B,,MEP,BRM-Security,BRM-Security,,10788000.0,2028-04-23,2028-05-22,,,2027-06-19,,0
1.1.4.2.3.4,Balcony Glass Railing,,,,,,,,2026-09-29,2027-06-17,,,2026-01-09,,
1.1.4.2.3.4.1,1st Floor,Tower B,1st Floor,Finishing,Tower Civil Finishes,Railing,,104516129.0,2026-09-29,2026-10-05,,,2026-01-09,,0
1.1.4.2.3.4.2,2nd Floor,Tower B,2nd Floor,Finishing,Tower Civil Finishes,Railing,,104516129.0,2026-10-06,2026-10-12,,,2026-01-16,,0
1.1.4.2.3.4.3,3rd Floor,Tower B,3rd Floor,Finishing,Tower Civil Finishes,Railing,,104516129.0,2026-10-13,2026-10-19,,,2026-01-23,,0
1.1.4.2.3.4.4,4th Floor,Tower B,4th Floor,Finishing,Tower Civil Finishes,Railing,,104516129.0,2026-10-20,2026-10-26,,,2026-01-30,,0
1.1.4.2.3.4.5,5th Floor ,Tower B,5th Floor,Finishing,Tower Civil Finishes,Railing,,104516129.0,2026-10-27,2026-12-17,,,2026-02-06,,0
1.1.4.2.3.4.6,6th Floor ,Tower B,6th Floor,Finishing,Tower Civil Finishes,Railing,,104516129.0,2026-12-18,2026-12-24,,,2026-02-13,,0
1.1.4.2.3.4.7,7th Floor ,Tower B,7th Floor,Finishing,Tower Civil Finishes,Railing,,104516129.0,2026-12-25,2026-12-31,,,2026-02-20,,0
1.1.4.2.3.4.8,8th Floor ,Tower B,8th Floor,Finishing,Tower Civil Finishes,Railing,,104516129.0,2027-01-01,2027-01-07,,,2026-02-27,,0
1.1.4.2.3.4.9,9th Floor ,Tower B,9th Floor,Finishing,Tower Civil Finishes,Railing,,104516129.0,2027-01-08,2027-01-14,,,2026-03-06,,0
1.1.4.2.3.4.10,10th Floor,Tower B,10th Floor,Finishing,Tower Civil Finishes,Railing,,104516129.0,2027-01-15,2027-01-21,,,2026-03-13,,0
1.1.4.2.3.4.11,11th Floor,Tower B,11th Floor,Finishing,Tower Civil Finishes,Railing,,104516129.0,2027-01-22,2027-01-28,,,2026-03-20,,0
1.1.4.2.3.4.12,12th Floor,Tower B,12th Floor,Finishing,Tower Civil Finishes,Railing,,104516129.0,2027-01-29,2027-02-04,,,2026-03-27,,0
1.1.4.2.3.4.13,13th Floor,Tower B,13th Floor,Finishing,Tower Civil Finishes,Railing,,104516129.0,2027-02-05,2027-02-11,,,2026-04-03,,0
1.1.4.2.3.4.14,14th Floor,Tower B,14th Floor,Finishing,Tower Civil Finishes,Railing,,104516129.0,2027-02-12,2027-02-18,,,2026-04-10,,0
1.1.4.2.3.4.15,15th Floor,Tower B,15th Floor,Finishing,Tower Civil Finishes,Railing,,104516129.0,2027-02-19,2027-02-25,,,2026-04-17,,0
1.1.4.2.3.4.16,16th Floor,Tower B,16th Floor,Finishing,Tower Civil Finishes,Railing,,104516129.0,2027-02-26,2027-03-04,,,2026-04-24,,0
1.1.4.2.3.4.17,17th Floor,Tower B,17th Floor,Finishing,Tower Civil Finishes,Railing,,104516129.0,2027-03-05,2027-03-11,,,2026-05-01,,0
1.1.4.2.3.4.18,18th Floor,Tower B,18th Floor,Finishing,Tower Civil Finishes,Railing,,104516129.0,2027-03-12,2027-03-18,,,2026-05-08,,0
1.1.4.2.3.4.19,19th Floor,Tower B,19th Floor,Finishing,Tower Civil Finishes,Railing,,104516129.0,2027-03-19,2027-03-25,,,2026-05-15,,0
1.1.4.2.3.4.20,20th Floor,Tower B,20th Floor,Finishing,Tower Civil Finishes,Railing,,104516129.0,2027-03-26,2027-04-01,,,2026-05-22,,0
1.1.4.2.3.4.21,21st Floor,Tower B,21st Floor,Finishing,Tower Civil Finishes,Railing,,104516129.0,2027-04-02,2027-04-08,,,2026-05-29,,0
1.1.4.2.3.4.22,22nd Floor,Tower B,22nd Floor,Finishing,Tower Civil Finishes,Railing,,104516129.0,2027-04-09,2027-04-15,,,2026-06-05,,0
1.1.4.2.3.4.23,23rd Floor,Tower B,23rd Floor,Finishing,Tower Civil Finishes,Railing,,104516129.0,2027-04-16,2027-04-22,,,2026-06-12,,0
1.1.4.2.3.4.24,24th Floor,Tower B,24th Floor,Finishing,Tower Civil Finishes,Railing,,104516129.0,2027-04-23,2027-04-29,,,2026-06-19,,0
1.1.4.2.3.4.25,25th Floor,Tower B,25th Floor,Finishing,Tower Civil Finishes,Railing,,104516129.0,2027-04-30,2027-05-06,,,2026-06-26,,0
1.1.4.2.3.4.26,26th Floor,Tower B,26th Floor,Finishing,Tower Civil Finishes,Railing,,104516129.0,2027-05-07,2027-05-13,,,2026-07-03,,0
1.1.4.2.3.4.27,27th Floor,Tower B,27th Floor,Finishing,Tower Civil Finishes,Railing,,104516129.0,2027-05-14,2027-05-20,,,2026-07-10,,0
1.1.4.2.3.4.28,28th Floor,Tower B,28th Floor,Finishing,Tower Civil Finishes,Railing,,104516129.0,2027-05-21,2027-05-27,,,2026-07-17,,0
1.1.4.2.3.4.29,29th Floor,Tower B,29th Floor,Finishing,Tower Civil Finishes,Railing,,104516129.0,2027-05-28,2027-06-03,,,2026-07-24,,0
1.1.4.2.3.4.30,30th Floor,Tower B,30th Floor,Finishing,Tower Civil Finishes,Railing,,104516129.0,2027-06-04,2027-06-10,,,2026-07-31,,0
1.1.4.2.3.4.31,31st Floor,Tower B,31st Floor,Finishing,Tower Civil Finishes,Railing,,104516129.0,2027-06-11,2027-06-17,,,2026-08-07,,0
1.1.4.2.4,MEP work,,,,,,,,2026-12-31,2028-08-06,,,2026-09-21,,
1.1.4.2.4.1,Electrical work,,,,,,,,2026-12-31,2028-07-30,,,2026-10-18,,
1.1.4.2.4.1.1,Cable Tray,Tower B,,MEP,Tower MEP,Electrical,,277038100.0,2026-12-31,2027-03-30,,,2026-10-18,,0
1.1.4.2.4.1.2,"Cable, main & sub main",Tower B,,MEP,Tower MEP,Electrical,,2778366300.0,2027-06-29,2027-09-26,,,2026-10-18,,0
1.1.4.2.4.1.3,LT panel & DB,Tower B,,MEP,Tower MEP,Electrical,,5001059300.0,2027-03-31,2027-06-28,,,2027-01-01,,0
1.1.4.2.4.1.4,Earthing Works ,Tower B,,MEP,Tower MEP,Electrical,,110815200.0,2027-03-31,2027-05-29,,,2027-03-02,,0
1.1.4.2.4.1.5,Advanced Lightening Protection system,Tower B,,MEP,Tower MEP,Electrical,,2778366300.0,2027-05-05,2027-06-18,,,2027-04-06,,0
1.1.4.2.4.1.6,Energy meter,Tower B,,MEP,Tower MEP,Electrical,,1944856400.0,2027-09-27,2028-01-09,,,2027-03-02,,0
1.1.4.2.4.1.7,Inverter / UPS,Tower B,,MEP,Tower MEP,Electrical,,1944856400.0,2028-01-05,2028-03-14,,,2027-04-26,,0
1.1.4.2.4.1.8,HVAC & Exhast fan,Tower B,,MEP,Common area-MEP,CA-HVAC,,9724282000.0,2027-03-31,2027-07-28,,,2027-01-31,,0
1.1.4.2.4.1.9,FTTH,Tower B,,MEP,Tower MEP,Electrical,,2431070500.0,2027-06-04,2027-07-18,,,2027-03-07,,0
1.1.4.2.4.1.10,Security System - FA & PA,Tower B,,MEP,BRM-Security,BRM-Security,,4862141000.0,2027-06-04,2027-07-18,,,2027-03-07,,0
1.1.4.2.4.1.11,T&C of complete system,Tower B,,Finishing,Miscellaneous,Misc,,277038100.0,2028-05-28,2028-07-30,,,2027-07-24,,0
1.1.4.2.4.2,Plumbing work,,,,,,,,2027-07-27,2028-08-06,,,2026-09-21,,
1.1.4.2.4.2.1,Terrace looping,Tower B,Terrace,MEP,Tower MEP,Plumbing,,292588000.0,2027-07-27,2027-09-09,,,2026-09-21,,0
1.1.4.2.4.2.2,Shaft Plumbing,Tower B,,MEP,Tower MEP,Plumbing,,336476200.0,2027-12-16,2028-04-13,,,2027-02-10,,0
1.1.4.2.4.2.3,CP sanitary fixture supply,Tower B,,MEP,Tower MEP,CP Sanitary,,5503760300.0,2028-04-14,2028-05-28,,,2027-06-10,,0
1.1.4.2.4.2.4,Cold & flushing water supply,Tower B,,MEP,Tower MEP,Plumbing,,2751880100.0,2028-04-14,2028-05-28,,,2027-06-10,,0
1.1.4.2.4.2.5,Misc work,Tower B,,Finishing,Miscellaneous,Misc,,0.0,2028-05-09,2028-06-07,,,2027-07-05,,0
1.1.4.2.4.2.6,Installation of PHE pumps,Tower B,,MEP,Tower MEP,Plumbing,,2751880100.0,2027-09-10,2027-12-23,,,2026-12-20,,0
1.1.4.2.4.2.7,T&C of complete system,Tower B,,Finishing,Miscellaneous,Misc,,292588000.0,2028-06-08,2028-08-06,,,2027-08-04,,0
1.1.4.2.4.3,Fire fighting work,,,,,,,,2027-12-16,2028-07-12,,,2027-02-10,,
1.1.4.2.4.3.1,Fire hydrant work,Tower B,,MEP,Tower MEP,Plumbing,,292588000.0,2027-12-16,2028-03-14,,,2027-02-10,,0
1.1.4.2.4.3.2,Pipe connection & sprinkler installation,Tower B,,MEP,Tower MEP,Plumbing,,336476200.0,2028-03-15,2028-05-13,,,2027-05-11,,0
1.1.4.2.4.3.3,Shaft Downtake works,Tower B,,MEP,Tower MEP,Plumbing,,5503760300.0,2027-12-16,2028-03-14,,,2027-02-10,,0
1.1.4.2.4.3.4,Connection to pump room,Tower B,,MEP,Tower MEP,Plumbing,,2751880100.0,2028-03-15,2028-04-28,,,2027-05-11,,0
1.1.4.2.4.3.5,Installation of FF pumps,Tower B,,MEP,Tower MEP,Plumbing,,1375940100.0,2028-03-15,2028-05-13,,,2027-05-11,,0
1.1.4.2.4.3.6,T&C of complete system,Tower B,,Finishing,Miscellaneous,Misc,,2751880100.0,2028-05-14,2028-07-12,,,2027-07-10,,0
1.1.4.2.4.4,Lift work,,,,,,,,2027-08-28,2028-01-18,,,2026-10-18,,
1.1.4.2.4.4.1,Lift Shaft/Pit Handover,Tower B,,MEP,Common area-MEP,Lift,,30866666.0,2027-08-28,2027-09-26,,,2026-10-18,,0
1.1.4.2.4.4.2,Lift installation work,Tower B,,MEP,Common area-MEP,Lift,,0.0,2027-09-16,2027-12-19,,,2026-12-21,,0
1.1.4.2.4.4.3,Lift testing and commissioning,Tower B,,MEP,Common area-MEP,Lift,,0.0,2027-12-20,2028-01-18,,,2027-02-09,,0
1.1.4.2.5,External Paint Works ,,,,,,,,2027-07-27,2028-02-26,,,2026-09-21,,
1.1.4.2.5.1,Surface prepration,Tower B,,Finishing,Tower Finishing,Ext Paint,,0.0,2027-07-27,2027-10-04,,,2026-09-21,,0
1.1.4.2.5.2,"External Painting (Primer, texture & first coat)",Tower B,,Finishing,Tower Finishing,Ext Paint,,0.0,2027-10-05,2028-02-16,,,2027-01-14,,0
1.1.4.2.5.3,Final coat of painting,Tower B,,Finishing,Tower Finishing,Ext Paint,,0.0,2027-10-25,2028-02-26,,,2027-02-03,,0
1.1.4.2.5.4,Misc. work,Tower B,,Finishing,Miscellaneous,Misc,,0.0,2027-10-05,2028-01-07,,,2027-01-14,,0
1.1.4.2.6,OC Application/Readiness ,Tower B,,Finishing,Miscellaneous,Misc,,0.0,2028-06-25,2028-06-25,,,2027-08-21,,0
1.1.4.2.7,OC Receipt,Tower B,,Finishing,Miscellaneous,Misc,,0.0,2028-06-26,2028-07-25,,,2027-08-22,,0
1.1.4.2.8,Post OC Activities,,,,,,,,2028-06-26,2029-03-02,,,2027-08-22,,
1.1.4.2.8.1,CP & Sanitaryware installation,Tower B,,MEP,Tower MEP,CP Sanitary,,7684350000.0,2028-06-26,2028-10-23,,,2027-08-22,,0
1.1.4.2.8.2,Electrical Fixtures And Fittings installations,Tower B,,MEP,Tower MEP,Electrical,,2689522500.0,2028-06-26,2028-10-23,,,2027-08-22,,0
1.1.4.2.8.3,Final Coat Paint Internal,Tower B,,Finishing,Tower Finishing,Paint,,134476125.0,2028-06-26,2028-09-23,,,2027-08-22,,0
1.1.4.2.8.4,Split AC Units installation,Tower B,,MEP,Common area-MEP,CA-HVAC,,6723806.0,2028-10-09,2029-03-02,,,2028-01-19,,0
1.1.4.2.8.5,Wooden Flooring,Tower B,,Finishing,Tower Finishing,Flooring,,336190.0,2028-06-26,2029-02-05,,,2027-08-22,,0
1.1.4.2.9,Offer to possession,Tower B,,Finishing,Miscellaneous,Misc,,7684350000.0,2029-03-03,2029-07-30,,,2028-04-28,,0
1.1.4.3,Tower C (2B+G+32),,,,,,,,2025-05-26,2029-09-06,,,2025-05-24,,
1.1.4.3.1,Sub structure Works,,,,,,,,2025-05-26,2026-07-25,,,2025-05-24,,
1.1.4.3.1.1,Soil bed preparation,,,,,,,,2025-05-26,2025-06-18,,,2025-05-24,,
1.1.4.3.1.1.1,Surface dressing,Tower C,,Civil Works- RCC,NTA RCC,NTA RCC,,10878200.0,2025-05-26,2025-06-02,2025-05-26,2025-06-02,2025-05-24,,100
1.1.4.3.1.1.2,ATT,Tower C,,Finishing,Miscellaneous,Misc,,41310500.0,2025-06-02,2025-06-06,2025-06-02,2025-06-06,2025-05-25,,100
1.1.4.3.1.1.3,PCC,Tower C,,Civil Works- RCC,RCC,Concreting,,175635600.0,2025-06-01,2025-06-18,2025-06-01,2025-06-18,2025-05-27,,100
1.1.4.3.1.2,RCC works,,,,,,,,2025-07-04,2026-01-26,,,2025-05-27,,
1.1.4.3.1.2.1,Raft including B2 slab (234.150 AMSL),,,,,,,,2025-07-04,2026-01-14,,,2025-05-27,,
1.1.4.3.1.2.1.1,Reinforcement,Tower C,Basement 2,Civil Works- RCC,RCC,Reinforcement,,1228258800.0,2025-07-04,2025-08-14,2025-07-04,2025-08-14,2025-05-27,,100
1.1.4.3.1.2.1.2,Shuttering,Tower C,Basement 2,Civil Works- RCC,RCC,Shuttering- Conventional,,148836671.76,2025-07-06,2025-08-17,2025-07-06,2025-08-17,2025-05-29,,100
1.1.4.3.1.2.1.3,Concreting of Raft,Tower C,Basement 2,Civil Works- RCC,RCC,Concreting,,692326097.4,2025-08-01,2025-08-25,2025-08-01,2025-08-25,2025-06-03,,100
1.1.4.3.1.2.1.4,Column till bottom of B2 slab (stitch slab),Tower C,Basement 2,Civil Works- RCC,RCC,Concreting,,184620292.64,2025-08-25,2025-08-29,2025-08-25,2025-08-29,2025-06-03,,100
1.1.4.3.1.2.1.5,Backfilling till bottom of B2 slab,Tower C,Basement 2,Civil Works- RCC,NTA RCC,NTA RCC,,175635600.0,2025-08-28,2025-08-30,2025-08-28,2025-08-30,2025-06-09,,100
1.1.4.3.1.2.1.6,Reinforcement,Tower C,Basement 2,Civil Works- RCC,RCC,Reinforcement,,1745420400.0,2025-08-20,2026-01-14,2025-08-20,,2025-06-02,,16
1.1.4.3.1.2.1.7,Shuttering,Tower C,Basement 2,Civil Works- RCC,RCC,Shuttering- Conventional,,211504744.08,2025-09-08,2025-12-18,2025-09-08,,2025-06-02,,14
1.1.4.3.1.2.1.8,Concreting of B2 Slab,Tower C,Basement 2,Civil Works- RCC,RCC,Concreting,,1246186975.32,2025-08-23,2025-12-22,2025-08-23,,2025-06-12,,16
1.1.4.3.1.2.2,B1 slab (238.050 AMSL),,,,,,,,2025-08-31,2025-12-22,,,2025-06-14,,
1.1.4.3.1.2.2.1,Shuttering,Tower C,Basement 1,Civil Works- RCC,RCC,Shuttering- Conventional,,211504744.08,2025-08-31,2025-12-20,2025-08-31,,2025-06-14,,50
1.1.4.3.1.2.2.2,Reinforcement,Tower C,Basement 1,Civil Works- RCC,RCC,Reinforcement,,1745420400.0,2025-09-03,2025-12-21,2025-09-03,,2025-06-19,,19
1.1.4.3.1.2.2.3,Concreting,Tower C,Basement 1,Civil Works- RCC,RCC,Concreting,,1246186975.32,2025-09-14,2025-12-22,2025-09-14,,2025-07-07,,81
1.1.4.3.1.2.3,Ground Floor Slab / NTA top - 243.850 AMSL,,,,,,,,2025-12-23,2026-01-26,,,2025-07-09,,
1.1.4.3.1.2.3.1,Shuttering,Tower C,Ground Floor,Civil Works- RCC,RCC,Shuttering- Conventional,,211504744.08,2025-12-23,2026-01-18,,,2025-07-09,,0
1.1.4.3.1.2.3.2,Reinforcement,Tower C,Ground Floor,Civil Works- RCC,RCC,Reinforcement,,1745420400.0,2026-01-04,2026-01-26,,,2025-07-17,,0
1.1.4.3.1.2.3.3,Concreting,Tower C,Ground Floor,Civil Works- RCC,RCC,Concreting,,1246186975.32,2026-01-25,2026-01-26,,,2025-08-07,,0
1.1.4.3.1.3,Sub structure finishing works,,,,,,,,2026-02-06,2026-07-25,,,2025-08-23,,
1.1.4.3.1.3.1,Basement 2,,,,,,,,2026-02-06,2026-06-20,,,2025-08-23,,
1.1.4.3.1.3.1.1,Masonary,Tower C,Basement 2,Finishing,Common area finishes,CA-Blockwork,,251574463.333333,2026-02-06,2026-03-07,,,2025-08-23,,0
1.1.4.3.1.3.1.2,Structural steel,Tower C,Basement 2,Civil Works- RCC,RCC,Reinforcement,,0.0,2026-02-06,2026-03-07,,,2025-08-23,,0
1.1.4.3.1.3.1.3,Plaster,Tower C,Basement 2,Finishing,Common area finishes,CA-Int Plaster,,138602273.5125,2026-03-08,2026-04-06,,,2025-09-22,,0
1.1.4.3.1.3.1.4,White wash,Tower C,Basement 2,Finishing,Common area finishes,CA-Paint,,110375567.559967,2026-04-07,2026-05-06,,,2025-10-22,,0
1.1.4.3.1.3.1.5,VDF,Tower C,Basement 2,Finishing,Common area finishes,CA-Flooring,,447700333.873333,2026-02-21,2026-04-21,,,2025-09-07,,0
1.1.4.3.1.3.1.6,Drain & Sump (incl. gratings),Tower C,Basement 2,MEP,Common area-MEP,CA-PHE,,0.0,2026-03-23,2026-05-21,,,2025-10-07,,0
1.1.4.3.1.3.1.7,Car parking marking,Tower C,Basement 2,Infra,Ext Infra,Ext Infra,,0.0,2026-05-22,2026-06-20,,,2026-01-20,,0
1.1.4.3.1.3.1.8,Signages,Tower C,Basement 2,MEP,BRM-Security,BRM-Security,,0.0,2026-04-27,2026-05-26,,,2025-12-26,,0
1.1.4.3.1.3.2,Basement 1,,,,,,,,2026-03-13,2026-07-25,,,2025-09-23,,
1.1.4.3.1.3.2.1,Masonary,Tower C,Basement 1,Finishing,Common area finishes,CA-Blockwork,,251574463.333333,2026-03-13,2026-04-11,,,2025-09-23,,0
1.1.4.3.1.3.2.2,Structural steel,Tower C,Basement 1,Civil Works- RCC,RCC,Reinforcement,,0.0,2026-03-13,2026-04-11,,,2025-09-23,,0
1.1.4.3.1.3.2.3,Plaster,Tower C,Basement 1,Finishing,Common area finishes,CA-Int Plaster,,138602273.5125,2026-04-12,2026-05-11,,,2025-10-23,,0
1.1.4.3.1.3.2.4,White wash,Tower C,Basement 1,Finishing,Common area finishes,CA-Paint,,110375567.559967,2026-05-12,2026-06-10,,,2026-01-06,,0
1.1.4.3.1.3.2.5,VDF,Tower C,Basement 1,Finishing,Common area finishes,CA-Flooring,,447700333.873333,2026-03-28,2026-05-26,,,2025-10-08,,0
1.1.4.3.1.3.2.6,Drain & Sump (incl. gratings),Tower C,Basement 1,MEP,Common area-MEP,CA-PHE,,0.0,2026-04-27,2026-06-25,,,2025-12-22,,0
1.1.4.3.1.3.2.7,Car parking marking,Tower C,Basement 1,Infra,Ext Infra,Ext Infra,,0.0,2026-06-26,2026-07-25,,,2026-02-20,,0
1.1.4.3.1.3.2.8,Signages,Tower C,Basement 1,MEP,BRM-Security,BRM-Security,,0.0,2026-06-01,2026-06-30,,,2026-01-26,,0
1.1.4.3.2,Super structure works,,,,,,,,2026-01-27,2027-10-03,,,2025-08-09,,
1.1.4.3.2.1,RCC works,,,,,,,,2026-01-27,2027-10-03,,,2025-08-09,,
1.1.4.3.2.1.1,1st floor,,,,,,,,2026-01-27,2026-03-04,,,2025-08-09,,
1.1.4.3.2.1.1.1,Reinforcement,Tower C,1st Floor,Civil Works- RCC,RCC,Reinforcement,,487388369.961429,2026-01-27,2026-02-28,,,2025-08-09,,0
1.1.4.3.2.1.1.2,Wall/slab conduiting,Tower C,1st Floor,MEP,Tower MEP,Electrical,,103385411.81,2026-02-09,2026-03-02,,,2025-08-16,,0
1.1.4.3.2.1.1.3,Shuttering,Tower C,1st Floor,Civil Works- RCC,RCC,Shuttering- Conventional,,369233613.607143,2026-02-09,2026-03-02,,,2025-08-16,,0
1.1.4.3.2.1.1.4,Concreting,Tower C,1st Floor,Civil Works- RCC,RCC,Concreting,,516927059.05,2026-03-03,2026-03-04,,,2025-09-07,,0
1.1.4.3.2.1.2,2nd floor,,,,,,,,2026-03-05,2026-03-25,,,2025-09-09,,
1.1.4.3.2.1.2.1,Reinforcement,Tower C,2nd Floor,Civil Works- RCC,RCC,Reinforcement,,487388369.961429,2026-03-05,2026-03-21,,,2025-09-09,,0
1.1.4.3.2.1.2.2,Wall/slab conduiting,Tower C,2nd Floor,MEP,Tower MEP,Electrical,,103385411.81,2026-03-08,2026-03-23,,,2025-09-10,,0
1.1.4.3.2.1.2.3,Shuttering,Tower C,2nd Floor,Civil Works- RCC,RCC,Shuttering- Conventional,,369233613.607143,2026-03-08,2026-03-22,,,2025-09-10,,0
1.1.4.3.2.1.2.4,Concreting,Tower C,2nd Floor,Civil Works- RCC,RCC,Concreting,,516927059.05,2026-03-24,2026-03-25,,,2025-09-26,,0
1.1.4.3.2.1.3,3rd floor,,,,,,,,2026-03-26,2026-04-24,,,2025-09-28,,
1.1.4.3.2.1.3.1,Reinforcement,Tower C,3rd Floor,Civil Works- RCC,RCC,Reinforcement,,403833284.732074,2026-03-26,2026-04-22,,,2025-09-28,,0
1.1.4.3.2.1.3.2,Wall/slab conduiting,Tower C,3rd Floor,MEP,Tower MEP,Electrical,,103385411.81,2026-04-04,2026-04-22,,,2025-09-28,,0
1.1.4.3.2.1.3.3,Shuttering,Tower C,3rd Floor,Civil Works- RCC,RCC,Shuttering- Conventional,,369233613.607143,2026-04-04,2026-04-22,,,2025-09-28,,0
1.1.4.3.2.1.3.4,Concreting,Tower C,3rd Floor,Civil Works- RCC,RCC,Concreting,,516927059.05,2026-04-23,2026-04-24,,,2025-10-17,,0
1.1.4.3.2.1.4,4th floor,,,,,,,,2026-04-25,2026-05-15,,,2025-10-19,,
1.1.4.3.2.1.4.1,Reinforcement,Tower C,4th Floor,Civil Works- RCC,RCC,Reinforcement,,403833284.732074,2026-04-25,2026-05-13,,,2025-10-19,,0
1.1.4.3.2.1.4.2,Wall/slab conduiting,Tower C,4th Floor,MEP,Tower MEP,Electrical,,85661605.8522581,2026-05-02,2026-05-13,,,2025-10-20,,0
1.1.4.3.2.1.4.3,Shuttering,Tower C,4th Floor,Civil Works- RCC,RCC,Shuttering- Conventional,,305934306.615207,2026-05-02,2026-05-13,,,2025-10-20,,0
1.1.4.3.2.1.4.4,Concreting,Tower C,4th Floor,Civil Works- RCC,RCC,Concreting,,428308029.26129,2026-05-14,2026-05-15,,,2025-12-16,,0
1.1.4.3.2.1.5,5th floor,,,,,,,,2026-05-16,2026-05-28,,,2025-12-18,,
1.1.4.3.2.1.5.1,Reinforcement,Tower C,5th Floor,Civil Works- RCC,RCC,Reinforcement,,403833284.732074,2026-05-16,2026-05-24,,,2025-12-18,,0
1.1.4.3.2.1.5.2,Wall/slab conduiting,Tower C,5th Floor,MEP,Tower MEP,Electrical,,85661605.8522581,2026-05-20,2026-05-26,,,2025-12-18,,0
1.1.4.3.2.1.5.3,Shuttering,Tower C,5th Floor,Civil Works- RCC,RCC,Shuttering- Conventional,,305934306.615207,2026-05-20,2026-05-26,,,2025-12-18,,0
1.1.4.3.2.1.5.4,Concreting,Tower C,5th Floor,Civil Works- RCC,RCC,Concreting,,428308029.26129,2026-05-27,2026-05-28,,,2025-12-25,,0
1.1.4.3.2.1.6,6th floor,,,,,,,,2026-05-29,2026-06-10,,,2025-12-27,,
1.1.4.3.2.1.6.1,Reinforcement,Tower C,6th Floor,Civil Works- RCC,RCC,Reinforcement,,403833285.0,2026-05-29,2026-06-06,,,2025-12-27,,0
1.1.4.3.2.1.6.2,Wall/slab conduiting,Tower C,6th Floor,MEP,Tower MEP,Electrical,,85661606.0,2026-06-02,2026-06-08,,,2025-12-27,,0
1.1.4.3.2.1.6.3,Shuttering,Tower C,6th Floor,Civil Works- RCC,RCC,Shuttering- Conventional,,305934307.0,2026-06-02,2026-06-08,,,2025-12-27,,0
1.1.4.3.2.1.6.4,Concreting,Tower C,6th Floor,Civil Works- RCC,RCC,Concreting,,428308029.0,2026-06-09,2026-06-10,,,2026-01-03,,0
1.1.4.3.2.1.7,7th floor,,,,,,,,2026-06-11,2026-06-23,,,2026-01-05,,
1.1.4.3.2.1.7.1,Reinforcement,Tower C,7th Floor,Civil Works- RCC,RCC,Reinforcement,,403833285.0,2026-06-11,2026-06-19,,,2026-01-05,,0
1.1.4.3.2.1.7.2,Wall/slab conduiting,Tower C,7th Floor,MEP,Tower MEP,Electrical,,85661606.0,2026-06-15,2026-06-21,,,2026-01-05,,0
1.1.4.3.2.1.7.3,Shuttering,Tower C,7th Floor,Civil Works- RCC,RCC,Shuttering- Conventional,,305934307.0,2026-06-15,2026-06-21,,,2026-01-05,,0
1.1.4.3.2.1.7.4,Concreting,Tower C,7th Floor,Civil Works- RCC,RCC,Concreting,,428308029.0,2026-06-22,2026-06-23,,,2026-01-12,,0
1.1.4.3.2.1.8,8th floor,,,,,,,,2026-06-24,2026-07-06,,,2026-01-14,,
1.1.4.3.2.1.8.1,Reinforcement,Tower C,8th Floor,Civil Works- RCC,RCC,Reinforcement,,403833285.0,2026-06-24,2026-07-02,,,2026-01-14,,0
1.1.4.3.2.1.8.2,Wall/slab conduiting,Tower C,8th Floor,MEP,Tower MEP,Electrical,,85661606.0,2026-06-28,2026-07-04,,,2026-01-14,,0
1.1.4.3.2.1.8.3,Shuttering,Tower C,8th Floor,Civil Works- RCC,RCC,Shuttering- Conventional,,305934307.0,2026-06-28,2026-07-04,,,2026-01-14,,0
1.1.4.3.2.1.8.4,Concreting,Tower C,8th Floor,Civil Works- RCC,RCC,Concreting,,428308029.0,2026-07-05,2026-07-06,,,2026-01-21,,0
1.1.4.3.2.1.9,9th floor,,,,,,,,2026-07-07,2026-07-19,,,2026-01-23,,
1.1.4.3.2.1.9.1,Reinforcement,Tower C,9th Floor,Civil Works- RCC,RCC,Reinforcement,,403833285.0,2026-07-07,2026-07-15,,,2026-01-23,,0
1.1.4.3.2.1.9.2,Wall/slab conduiting,Tower C,9th Floor,MEP,Tower MEP,Electrical,,85661606.0,2026-07-11,2026-07-17,,,2026-01-23,,0
1.1.4.3.2.1.9.3,Shuttering,Tower C,9th Floor,Civil Works- RCC,RCC,Shuttering- Conventional,,305934307.0,2026-07-11,2026-07-17,,,2026-01-23,,0
1.1.4.3.2.1.9.4,Concreting,Tower C,9th Floor,Civil Works- RCC,RCC,Concreting,,428308029.0,2026-07-18,2026-07-19,,,2026-01-30,,0
1.1.4.3.2.1.10,10th floor,,,,,,,,2026-07-20,2026-08-01,,,2026-02-01,,
1.1.4.3.2.1.10.1,Reinforcement,Tower C,10th Floor,Civil Works- RCC,RCC,Reinforcement,,403833285.0,2026-07-20,2026-07-28,,,2026-02-01,,0
1.1.4.3.2.1.10.2,Wall/slab conduiting,Tower C,10th Floor,MEP,Tower MEP,Electrical,,85661606.0,2026-07-24,2026-07-30,,,2026-02-01,,0
1.1.4.3.2.1.10.3,Shuttering,Tower C,10th Floor,Civil Works- RCC,RCC,Shuttering- Conventional,,305934307.0,2026-07-24,2026-07-30,,,2026-02-01,,0
1.1.4.3.2.1.10.4,Concreting,Tower C,10th Floor,Civil Works- RCC,RCC,Concreting,,428308029.0,2026-07-31,2026-08-01,,,2026-02-08,,0
1.1.4.3.2.1.11,11th floor,,,,,,,,2026-08-02,2026-08-14,,,2026-02-10,,
1.1.4.3.2.1.11.1,Reinforcement,Tower C,11th Floor,Civil Works- RCC,RCC,Reinforcement,,403833285.0,2026-08-02,2026-08-10,,,2026-02-10,,0
1.1.4.3.2.1.11.2,Wall/slab conduiting,Tower C,11th Floor,MEP,Tower MEP,Electrical,,85661606.0,2026-08-06,2026-08-12,,,2026-02-10,,0
1.1.4.3.2.1.11.3,Shuttering,Tower C,11th Floor,Civil Works- RCC,RCC,Shuttering- Conventional,,305934307.0,2026-08-06,2026-08-12,,,2026-02-10,,0
1.1.4.3.2.1.11.4,Concreting,Tower C,11th Floor,Civil Works- RCC,RCC,Concreting,,428308029.0,2026-08-13,2026-08-14,,,2026-02-17,,0
1.1.4.3.2.1.12,12th floor,,,,,,,,2026-08-15,2026-08-27,,,2026-02-19,,
1.1.4.3.2.1.12.1,Reinforcement,Tower C,12th Floor,Civil Works- RCC,RCC,Reinforcement,,403833285.0,2026-08-15,2026-08-23,,,2026-02-19,,0
1.1.4.3.2.1.12.2,Wall/slab conduiting,Tower C,12th Floor,MEP,Tower MEP,Electrical,,85661606.0,2026-08-19,2026-08-25,,,2026-02-19,,0
1.1.4.3.2.1.12.3,Shuttering,Tower C,12th Floor,Civil Works- RCC,RCC,Shuttering- Conventional,,305934307.0,2026-08-19,2026-08-25,,,2026-02-19,,0
1.1.4.3.2.1.12.4,Concreting,Tower C,12th Floor,Civil Works- RCC,RCC,Concreting,,428308029.0,2026-08-26,2026-08-27,,,2026-02-26,,0
1.1.4.3.2.1.13,13th floor,,,,,,,,2026-08-28,2026-09-09,,,2026-02-28,,
1.1.4.3.2.1.13.1,Reinforcement,Tower C,13th Floor,Civil Works- RCC,RCC,Reinforcement,,403833285.0,2026-08-28,2026-09-05,,,2026-02-28,,0
1.1.4.3.2.1.13.2,Wall/slab conduiting,Tower C,13th Floor,MEP,Tower MEP,Electrical,,85661606.0,2026-09-01,2026-09-07,,,2026-02-28,,0
1.1.4.3.2.1.13.3,Shuttering,Tower C,13th Floor,Civil Works- RCC,RCC,Shuttering- Conventional,,305934307.0,2026-09-01,2026-09-07,,,2026-02-28,,0
1.1.4.3.2.1.13.4,Concreting,Tower C,13th Floor,Civil Works- RCC,RCC,Concreting,,428308029.0,2026-09-08,2026-09-09,,,2026-03-07,,0
1.1.4.3.2.1.14,14th floor,,,,,,,,2026-09-10,2026-09-22,,,2026-03-09,,
1.1.4.3.2.1.14.1,Reinforcement,Tower C,14th Floor,Civil Works- RCC,RCC,Reinforcement,,403833285.0,2026-09-10,2026-09-18,,,2026-03-09,,0
1.1.4.3.2.1.14.2,Wall/slab conduiting,Tower C,14th Floor,MEP,Tower MEP,Electrical,,85661606.0,2026-09-14,2026-09-20,,,2026-03-09,,0
1.1.4.3.2.1.14.3,Shuttering,Tower C,14th Floor,Civil Works- RCC,RCC,Shuttering- Conventional,,305934307.0,2026-09-14,2026-09-20,,,2026-03-09,,0
1.1.4.3.2.1.14.4,Concreting,Tower C,14th Floor,Civil Works- RCC,RCC,Concreting,,428308029.0,2026-09-21,2026-09-22,,,2026-03-16,,0
1.1.4.3.2.1.15,15th floor,,,,,,,,2026-09-23,2026-10-05,,,2026-03-18,,
1.1.4.3.2.1.15.1,Reinforcement,Tower C,15th Floor,Civil Works- RCC,RCC,Reinforcement,,403833285.0,2026-09-23,2026-10-01,,,2026-03-18,,0
1.1.4.3.2.1.15.2,Wall/slab conduiting,Tower C,15th Floor,MEP,Tower MEP,Electrical,,85661606.0,2026-09-27,2026-10-03,,,2026-03-18,,0
1.1.4.3.2.1.15.3,Shuttering,Tower C,15th Floor,Civil Works- RCC,RCC,Shuttering- Conventional,,305934307.0,2026-09-27,2026-10-03,,,2026-03-18,,0
1.1.4.3.2.1.15.4,Concreting,Tower C,15th Floor,Civil Works- RCC,RCC,Concreting,,428308029.0,2026-10-04,2026-10-05,,,2026-03-25,,0
1.1.4.3.2.1.16,16th floor,,,,,,,,2026-10-06,2026-10-18,,,2026-03-27,,
1.1.4.3.2.1.16.1,Reinforcement,Tower C,16th Floor,Civil Works- RCC,RCC,Reinforcement,,403833285.0,2026-10-06,2026-10-14,,,2026-03-27,,0
1.1.4.3.2.1.16.2,Wall/slab conduiting,Tower C,16th Floor,MEP,Tower MEP,Electrical,,85661606.0,2026-10-10,2026-10-16,,,2026-03-27,,0
1.1.4.3.2.1.16.3,Shuttering,Tower C,16th Floor,Civil Works- RCC,RCC,Shuttering- Conventional,,305934307.0,2026-10-10,2026-10-16,,,2026-03-27,,0
1.1.4.3.2.1.16.4,Concreting,Tower C,16th Floor,Civil Works- RCC,RCC,Concreting,,428308029.0,2026-10-17,2026-10-18,,,2026-04-03,,0
1.1.4.3.2.1.17,17th floor - Refuge Floor,,,,,,,,2026-10-19,2026-12-20,,,2026-04-05,,
1.1.4.3.2.1.17.1,Reinforcement,Tower C,17th Floor,Civil Works- RCC,RCC,Reinforcement,,403833285.0,2026-10-19,2026-12-18,,,2026-04-05,,0
1.1.4.3.2.1.17.2,Wall/slab conduiting,Tower C,17th Floor,MEP,Tower MEP,Electrical,,85661606.0,2026-10-26,2026-12-18,,,2026-04-06,,0
1.1.4.3.2.1.17.3,Shuttering,Tower C,17th Floor,Civil Works- RCC,RCC,Shuttering- Conventional,,305934307.0,2026-10-26,2026-12-18,,,2026-04-06,,0
1.1.4.3.2.1.17.4,Concreting,Tower C,17th Floor,Civil Works- RCC,RCC,Concreting,,428308029.0,2026-12-19,2026-12-20,,,2026-04-15,,0
1.1.4.3.2.1.18,18th floor,,,,,,,,2026-09-07,2026-09-19,,,2026-04-17,,
1.1.4.3.2.1.18.1,Reinforcement,Tower C,18th Floor,Civil Works- RCC,RCC,Reinforcement,,403833285.0,2026-09-07,2026-09-15,,,2026-04-17,,0
1.1.4.3.2.1.18.2,Wall/slab conduiting,Tower C,18th Floor,MEP,Tower MEP,Electrical,,85661606.0,2026-09-11,2026-09-17,,,2026-04-17,,0
1.1.4.3.2.1.18.3,Shuttering,Tower C,18th Floor,Civil Works- RCC,RCC,Shuttering- Conventional,,305934307.0,2026-09-11,2026-09-17,,,2026-04-17,,0
1.1.4.3.2.1.18.4,Concreting,Tower C,18th Floor,Civil Works- RCC,RCC,Concreting,,428308029.0,2026-09-18,2026-09-19,,,2026-04-24,,0
1.1.4.3.2.1.19,19th floor,,,,,,,,2027-01-03,2027-01-14,,,2026-04-25,,
1.1.4.3.2.1.19.1,Reinforcement,Tower C,19th Floor,Civil Works- RCC,RCC,Reinforcement,,403833285.0,2027-01-03,2027-01-11,,,2026-04-26,,0
1.1.4.3.2.1.19.2,Wall/slab conduiting,Tower C,19th Floor,MEP,Tower MEP,Electrical,,85661606.0,2027-01-06,2027-01-12,,,2026-04-25,,0
1.1.4.3.2.1.19.3,Shuttering,Tower C,19th Floor,Civil Works- RCC,RCC,Shuttering- Conventional,,305934307.0,2027-01-06,2027-01-12,,,2026-04-25,,0
1.1.4.3.2.1.19.4,Concreting,Tower C,19th Floor,Civil Works- RCC,RCC,Concreting,,428308029.0,2027-01-13,2027-01-14,,,2026-05-02,,0
1.1.4.3.2.1.20,20th floor,,,,,,,,2027-01-15,2027-01-26,,,2026-05-03,,
1.1.4.3.2.1.20.1,Reinforcement,Tower C,20th Floor,Civil Works- RCC,RCC,Reinforcement,,403833285.0,2027-01-15,2027-01-23,,,2026-05-04,,0
1.1.4.3.2.1.20.2,Wall/slab conduiting,Tower C,20th Floor,MEP,Tower MEP,Electrical,,85661606.0,2027-01-18,2027-01-24,,,2026-05-03,,0
1.1.4.3.2.1.20.3,Shuttering,Tower C,20th Floor,Civil Works- RCC,RCC,Shuttering- Conventional,,305934307.0,2027-01-18,2027-01-24,,,2026-05-03,,0
1.1.4.3.2.1.20.4,Concreting,Tower C,20th Floor,Civil Works- RCC,RCC,Concreting,,428308029.0,2027-01-25,2027-01-26,,,2026-05-10,,0
1.1.4.3.2.1.21,21st floor,,,,,,,,2027-01-27,2027-02-07,,,2026-05-11,,
1.1.4.3.2.1.21.1,Reinforcement,Tower C,21st Floor,Civil Works- RCC,RCC,Reinforcement,,403833285.0,2027-01-27,2027-02-04,,,2026-05-12,,0
1.1.4.3.2.1.21.2,Wall/slab conduiting,Tower C,21st Floor,MEP,Tower MEP,Electrical,,85661606.0,2027-01-30,2027-02-05,,,2026-05-11,,0
1.1.4.3.2.1.21.3,Shuttering,Tower C,21st Floor,Civil Works- RCC,RCC,Shuttering- Conventional,,305934307.0,2027-01-30,2027-02-05,,,2026-05-11,,0
1.1.4.3.2.1.21.4,Concreting,Tower C,21st Floor,Civil Works- RCC,RCC,Concreting,,428308029.0,2027-02-06,2027-02-07,,,2026-05-18,,0
1.1.4.3.2.1.22,22nd floor,,,,,,,,2027-02-08,2027-02-19,,,2026-05-19,,
1.1.4.3.2.1.22.1,Reinforcement,Tower C,22nd Floor,Civil Works- RCC,RCC,Reinforcement,,403833285.0,2027-02-08,2027-02-16,,,2026-05-20,,0
1.1.4.3.2.1.22.2,Wall/slab conduiting,Tower C,22nd Floor,MEP,Tower MEP,Electrical,,85661606.0,2027-02-11,2027-02-17,,,2026-05-19,,0
1.1.4.3.2.1.22.3,Shuttering,Tower C,22nd Floor,Civil Works- RCC,RCC,Shuttering- Conventional,,305934307.0,2027-02-11,2027-02-17,,,2026-05-19,,0
1.1.4.3.2.1.22.4,Concreting,Tower C,22nd Floor,Civil Works- RCC,RCC,Concreting,,428308029.0,2027-02-18,2027-02-19,,,2026-05-26,,0
1.1.4.3.2.1.23,23rd floor,,,,,,,,2027-02-20,2027-03-03,,,2026-05-27,,
1.1.4.3.2.1.23.1,Reinforcement,Tower C,23rd Floor,Civil Works- RCC,RCC,Reinforcement,,403833285.0,2027-02-20,2027-02-28,,,2026-05-28,,0
1.1.4.3.2.1.23.2,Wall/slab conduiting,Tower C,23rd Floor,MEP,Tower MEP,Electrical,,85661606.0,2027-02-23,2027-03-01,,,2026-05-27,,0
1.1.4.3.2.1.23.3,Shuttering,Tower C,23rd Floor,Civil Works- RCC,RCC,Shuttering- Conventional,,305934307.0,2027-02-23,2027-03-01,,,2026-05-27,,0
1.1.4.3.2.1.23.4,Concreting,Tower C,23rd Floor,Civil Works- RCC,RCC,Concreting,,428308029.0,2027-03-02,2027-03-03,,,2026-06-03,,0
1.1.4.3.2.1.24,24th floor,,,,,,,,2027-03-04,2027-04-10,,,2026-06-04,,
1.1.4.3.2.1.24.1,Reinforcement,Tower C,24th Floor,Civil Works- RCC,RCC,Reinforcement,,403833285.0,2027-03-04,2027-03-12,,,2026-06-05,,0
1.1.4.3.2.1.24.2,Wall/slab conduiting,Tower C,24th Floor,MEP,Tower MEP,Electrical,,85661606.0,2027-04-02,2027-04-08,,,2026-06-04,,0
1.1.4.3.2.1.24.3,Shuttering,Tower C,24th Floor,Civil Works- RCC,RCC,Shuttering- Conventional,,305934307.0,2027-04-02,2027-04-08,,,2026-06-04,,0
1.1.4.3.2.1.24.4,Concreting,Tower C,24th Floor,Civil Works- RCC,RCC,Concreting,,428308029.0,2027-04-09,2027-04-10,,,2026-06-11,,0
1.1.4.3.2.1.25,25th floor - Refuge Floor,,,,,,,,2027-04-11,2027-04-28,,,2026-06-13,,
1.1.4.3.2.1.25.1,Reinforcement,Tower C,25th Floor,Civil Works- RCC,RCC,Reinforcement,,403833285.0,2027-04-11,2027-04-26,,,2026-06-13,,0
1.1.4.3.2.1.25.2,Wall/slab conduiting,Tower C,25th Floor,MEP,Tower MEP,Electrical,,85661606.0,2027-04-18,2027-04-24,,,2026-06-14,,0
1.1.4.3.2.1.25.3,Shuttering,Tower C,25th Floor,Civil Works- RCC,RCC,Shuttering- Conventional,,305934307.0,2027-04-18,2027-04-24,,,2026-06-14,,0
1.1.4.3.2.1.25.4,Concreting,Tower C,25th Floor,Civil Works- RCC,RCC,Concreting,,428308029.0,2027-04-27,2027-04-28,,,2026-06-23,,0
1.1.4.3.2.1.26,26th floor,,,,,,,,2027-04-29,2027-05-10,,,2026-06-24,,
1.1.4.3.2.1.26.1,Reinforcement,Tower C,26th Floor,Civil Works- RCC,RCC,Reinforcement,,403833285.0,2027-04-29,2027-05-07,,,2026-06-25,,0
1.1.4.3.2.1.26.2,Wall/slab conduiting,Tower C,26th Floor,MEP,Tower MEP,Electrical,,85661606.0,2027-05-02,2027-05-08,,,2026-06-24,,0
1.1.4.3.2.1.26.3,Shuttering,Tower C,26th Floor,Civil Works- RCC,RCC,Shuttering- Conventional,,305934307.0,2027-05-02,2027-05-08,,,2026-06-24,,0
1.1.4.3.2.1.26.4,Concreting,Tower C,26th Floor,Civil Works- RCC,RCC,Concreting,,428308029.0,2027-05-09,2027-05-10,,,2026-07-01,,0
1.1.4.3.2.1.27,27th floor,,,,,,,,2027-05-11,2027-05-22,,,2026-07-02,,
1.1.4.3.2.1.27.1,Reinforcement,Tower C,27th Floor,Civil Works- RCC,RCC,Reinforcement,,403833285.0,2027-05-11,2027-05-19,,,2026-07-03,,0
1.1.4.3.2.1.27.2,Wall/slab conduiting,Tower C,27th Floor,MEP,Tower MEP,Electrical,,85661606.0,2027-05-14,2027-05-20,,,2026-07-02,,0
1.1.4.3.2.1.27.3,Shuttering,Tower C,27th Floor,Civil Works- RCC,RCC,Shuttering- Conventional,,305934307.0,2027-05-14,2027-05-20,,,2026-07-02,,0
1.1.4.3.2.1.27.4,Concreting,Tower C,27th Floor,Civil Works- RCC,RCC,Concreting,,428308029.0,2027-05-21,2027-05-22,,,2026-07-09,,0
1.1.4.3.2.1.28,28th floor,,,,,,,,2027-05-23,2027-06-03,,,2026-07-10,,
1.1.4.3.2.1.28.1,Reinforcement,Tower C,28th Floor,Civil Works- RCC,RCC,Reinforcement,,403833285.0,2027-05-23,2027-05-31,,,2026-07-11,,0
1.1.4.3.2.1.28.2,Wall/slab conduiting,Tower C,28th Floor,MEP,Tower MEP,Electrical,,85661606.0,2027-05-26,2027-06-01,,,2026-07-10,,0
1.1.4.3.2.1.28.3,Shuttering,Tower C,28th Floor,Civil Works- RCC,RCC,Shuttering- Conventional,,305934307.0,2027-05-26,2027-06-01,,,2026-07-10,,0
1.1.4.3.2.1.28.4,Concreting,Tower C,28th Floor,Civil Works- RCC,RCC,Concreting,,428308029.0,2027-06-02,2027-06-03,,,2026-07-17,,0
1.1.4.3.2.1.29,29th floor,,,,,,,,2027-06-04,2027-06-15,,,2026-07-18,,
1.1.4.3.2.1.29.1,Reinforcement,Tower C,29th Floor,Civil Works- RCC,RCC,Reinforcement,,403833285.0,2027-06-04,2027-06-12,,,2026-07-19,,0
1.1.4.3.2.1.29.2,Wall/slab conduiting,Tower C,29th Floor,MEP,Tower MEP,Electrical,,85661606.0,2027-06-07,2027-06-13,,,2026-07-18,,0
1.1.4.3.2.1.29.3,Shuttering,Tower C,29th Floor,Civil Works- RCC,RCC,Shuttering- Conventional,,305934307.0,2027-06-07,2027-06-13,,,2026-07-18,,0
1.1.4.3.2.1.29.4,Concreting,Tower C,29th Floor,Civil Works- RCC,RCC,Concreting,,428308029.0,2027-06-14,2027-06-15,,,2026-07-25,,0
1.1.4.3.2.1.30,30th floor,,,,,,,,2027-06-16,2027-06-27,,,2026-07-26,,
1.1.4.3.2.1.30.1,Reinforcement,Tower C,30th Floor,Civil Works- RCC,RCC,Reinforcement,,403833285.0,2027-06-16,2027-06-24,,,2026-07-27,,0
1.1.4.3.2.1.30.2,Wall/slab conduiting,Tower C,30th Floor,MEP,Tower MEP,Electrical,,85661606.0,2027-06-19,2027-06-25,,,2026-07-26,,0
1.1.4.3.2.1.30.3,Shuttering,Tower C,30th Floor,Civil Works- RCC,RCC,Shuttering- Conventional,,305934307.0,2027-06-19,2027-06-25,,,2026-07-26,,0
1.1.4.3.2.1.30.4,Concreting,Tower C,30th Floor,Civil Works- RCC,RCC,Concreting,,428308029.0,2027-06-26,2027-06-27,,,2026-08-02,,0
1.1.4.3.2.1.31,31st floor,,,,,,,,2027-06-28,2027-07-11,,,2026-08-04,,
1.1.4.3.2.1.31.1,Reinforcement,Tower C,31st Floor,Civil Works- RCC,RCC,Reinforcement,,403833285.0,2027-06-28,2027-07-08,,,2026-08-04,,0
1.1.4.3.2.1.31.2,Wall/slab conduiting,Tower C,31st Floor,MEP,Tower MEP,Electrical,,85661606.0,2027-07-03,2027-07-09,,,2026-08-05,,0
1.1.4.3.2.1.31.3,Shuttering,Tower C,31st Floor,Civil Works- RCC,RCC,Shuttering- Conventional,,305934307.0,2027-07-03,2027-07-09,,,2026-08-05,,0
1.1.4.3.2.1.31.4,Concreting,Tower C,31st Floor,Civil Works- RCC,RCC,Concreting,,428308029.0,2027-07-10,2027-07-11,,,2026-08-12,,0
1.1.4.3.2.1.32,32nd floor,,,,,,,,2027-07-12,2027-07-25,,,2026-08-14,,
1.1.4.3.2.1.32.1,Reinforcement,Tower C,32nd Floor,Civil Works- RCC,RCC,Reinforcement,,403833285.0,2027-07-12,2027-07-21,,,2026-08-14,,0
1.1.4.3.2.1.32.2,Wall/slab conduiting,Tower C,32nd Floor,MEP,Tower MEP,Electrical,,85661606.0,2027-07-16,2027-07-22,,,2026-08-14,,0
1.1.4.3.2.1.32.3,Shuttering,Tower C,32nd Floor,Civil Works- RCC,RCC,Shuttering- Conventional,,305934307.0,2027-07-17,2027-07-23,,,2026-08-15,,0
1.1.4.3.2.1.32.4,Concreting,Tower C,32nd Floor,Civil Works- RCC,RCC,Concreting,,428308029.0,2027-07-24,2027-07-25,,,2026-08-22,,0
1.1.4.3.2.1.33,Terrace floor,,,,,,,,2027-07-26,2027-08-19,,,2026-08-24,,
1.1.4.3.2.1.33.1,Reinforcement,Tower C,Terrace,Civil Works- RCC,RCC,Reinforcement,,403833285.0,2027-07-26,2027-08-17,,,2026-08-24,,0
1.1.4.3.2.1.33.2,Wall/slab conduiting,Tower C,Terrace,MEP,Common area-MEP,CA-Electrical,,85661606.0,2027-07-28,2027-08-16,,,2026-08-26,,0
1.1.4.3.2.1.33.3,Shuttering,Tower C,Terrace,Civil Works- RCC,RCC,Shuttering- Conventional,,305934307.0,2027-07-28,2027-08-16,,,2026-08-26,,0
1.1.4.3.2.1.33.4,Concreting,Tower C,Terrace,Civil Works- RCC,RCC,Concreting,,428308029.0,2027-08-18,2027-08-19,,,2026-09-16,,0
1.1.4.3.2.1.34,"LMR, OHT & Mumty",,,,,,,,2027-08-20,2027-10-03,,,2026-09-18,,
1.1.4.3.2.1.34.1,Reinforcement,Tower C,,Civil Works- RCC,RCC,Reinforcement,,0.0,2027-08-20,2027-09-29,,,2026-09-18,,0
1.1.4.3.2.1.34.2,Wall conduiting,Tower C,,MEP,Common area-MEP,CA-Electrical,,0.0,2027-08-31,2027-09-19,,,2026-09-24,,0
1.1.4.3.2.1.34.3,Shuttering,Tower C,,Civil Works- RCC,RCC,Shuttering- Conventional,,0.0,2027-08-31,2027-09-19,,,2026-09-24,,0
1.1.4.3.2.1.34.4,Concreting,Tower C,,Civil Works- RCC,RCC,Concreting,,0.0,2027-09-30,2027-10-03,,,2026-10-24,,0
1.1.4.3.2.2,Post pour works,,,,,,,,2026-05-16,2027-09-11,,,2025-12-18,,
1.1.4.3.2.2.1,1st floor,Tower C,1st Floor,Civil Works- RCC,RCC,Post Pour,,6959175.574,2026-05-16,2026-05-22,,,2025-12-18,,0
1.1.4.3.2.2.2,2nd floor,Tower C,2nd Floor,Civil Works- RCC,RCC,Post Pour,,6959175.574,2026-05-29,2026-06-04,,,2025-12-27,,0
1.1.4.3.2.2.3,3rd floor,Tower C,3rd Floor,Civil Works- RCC,RCC,Post Pour,,6959175.574,2026-06-11,2026-06-17,,,2026-01-05,,0
1.1.4.3.2.2.4,4th floor,Tower C,4th Floor,Civil Works- RCC,RCC,Post Pour,,6959175.574,2026-06-24,2026-06-30,,,2026-01-14,,0
1.1.4.3.2.2.5,5th floor,Tower C,5th Floor,Civil Works- RCC,RCC,Post Pour,,6959175.574,2026-07-07,2026-07-13,,,2026-01-23,,0
1.1.4.3.2.2.6,6th floor,Tower C,6th Floor,Civil Works- RCC,RCC,Post Pour,,6959175.574,2026-07-20,2026-07-26,,,2026-02-01,,0
1.1.4.3.2.2.7,7th floor,Tower C,7th Floor,Civil Works- RCC,RCC,Post Pour,,6959175.574,2026-08-02,2026-08-08,,,2026-02-10,,0
1.1.4.3.2.2.8,8th floor,Tower C,8th Floor,Civil Works- RCC,RCC,Post Pour,,6959175.574,2026-08-15,2026-08-21,,,2026-02-19,,0
1.1.4.3.2.2.9,9th floor,Tower C,9th Floor,Civil Works- RCC,RCC,Post Pour,,6959175.574,2026-08-28,2026-09-03,,,2026-02-28,,0
1.1.4.3.2.2.10,10th floor,Tower C,10th Floor,Civil Works- RCC,RCC,Post Pour,,6959175.574,2026-09-10,2026-09-16,,,2026-03-09,,0
1.1.4.3.2.2.11,11th floor,Tower C,11th Floor,Civil Works- RCC,RCC,Post Pour,,6959175.574,2026-09-23,2026-09-29,,,2026-03-18,,0
1.1.4.3.2.2.12,12th floor,Tower C,12th Floor,Civil Works- RCC,RCC,Post Pour,,6959175.574,2026-10-06,2026-10-12,,,2026-03-27,,0
1.1.4.3.2.2.13,13th floor,Tower C,13th Floor,Civil Works- RCC,RCC,Post Pour,,6959175.574,2026-10-19,2026-10-25,,,2026-04-05,,0
1.1.4.3.2.2.14,14th floor,Tower C,14th Floor,Civil Works- RCC,RCC,Post Pour,,6959175.574,2026-12-21,2026-12-27,,,2026-04-17,,0
1.1.4.3.2.2.15,15th floor,Tower C,15th Floor,Civil Works- RCC,RCC,Post Pour,,6959175.574,2027-01-03,2027-01-09,,,2026-04-26,,0
1.1.4.3.2.2.16,16th floor,Tower C,16th Floor,Civil Works- RCC,RCC,Post Pour,,6959175.574,2027-01-15,2027-01-21,,,2026-05-04,,0
1.1.4.3.2.2.17,17th floor - Refuge Floor,Tower C,17th Floor,Civil Works- RCC,RCC,Concreting,,6959175.574,2027-01-27,2027-02-02,,,2026-05-12,,0
1.1.4.3.2.2.18,18th floor,Tower C,18th Floor,Civil Works- RCC,RCC,Post Pour,,6959175.574,2027-02-08,2027-02-14,,,2026-05-20,,0
1.1.4.3.2.2.19,19th floor,Tower C,19th Floor,Civil Works- RCC,RCC,Post Pour,,6959175.574,2027-02-20,2027-02-26,,,2026-05-28,,0
1.1.4.3.2.2.20,20th floor,Tower C,20th Floor,Civil Works- RCC,RCC,Post Pour,,6959175.574,2027-03-04,2027-03-10,,,2026-06-05,,0
1.1.4.3.2.2.21,21st floor,Tower C,21st Floor,Civil Works- RCC,RCC,Post Pour,,6959175.574,2027-04-11,2027-04-17,,,2026-06-13,,0
1.1.4.3.2.2.22,22nd floor,Tower C,22nd Floor,Civil Works- RCC,RCC,Post Pour,,6959175.574,2027-04-29,2027-05-05,,,2026-06-25,,0
1.1.4.3.2.2.23,23rd floor,Tower C,23rd Floor,Civil Works- RCC,RCC,Post Pour,,6959175.574,2027-05-11,2027-05-17,,,2026-07-03,,0
1.1.4.3.2.2.24,24th floor,Tower C,24th Floor,Civil Works- RCC,RCC,Post Pour,,6959175.574,2027-05-23,2027-05-29,,,2026-07-11,,0
1.1.4.3.2.2.25,25th floor - Refuge Floor,Tower C,25th Floor,Civil Works- RCC,RCC,Concreting,,6959175.574,2027-06-04,2027-06-10,,,2026-07-19,,0
1.1.4.3.2.2.26,26th floor,Tower C,26th Floor,Civil Works- RCC,RCC,Post Pour,,6959175.574,2027-06-16,2027-06-22,,,2026-07-27,,0
1.1.4.3.2.2.27,27th floor,Tower C,27th Floor,Civil Works- RCC,RCC,Post Pour,,6959175.574,2027-06-28,2027-07-04,,,2026-08-04,,0
1.1.4.3.2.2.28,28th floor,Tower C,28th Floor,Civil Works- RCC,RCC,Post Pour,,6959175.574,2027-07-12,2027-07-18,,,2026-08-14,,0
1.1.4.3.2.2.29,29th floor,Tower C,29th Floor,Civil Works- RCC,RCC,Post Pour,,6959175.574,2027-07-26,2027-08-01,,,2026-08-24,,0
1.1.4.3.2.2.30,30th floor,Tower C,30th Floor,Civil Works- RCC,RCC,Post Pour,,6959175.574,2027-08-02,2027-08-08,,,2026-08-31,,0
1.1.4.3.2.2.31,31st floor,Tower C,31st Floor,Civil Works- RCC,RCC,Post Pour,,6959175.574,2027-08-09,2027-08-15,,,2026-09-07,,0
1.1.4.3.2.2.32,32nd floor,Tower C,32nd Floor,Civil Works- RCC,RCC,Post Pour,,6959175.574,2027-08-16,2027-08-22,,,2026-09-14,,0
1.1.4.3.2.2.33,Terrace floor,Tower C,Terrace,Civil Works- RCC,RCC,Concreting,,6959175.574,2027-08-23,2027-09-01,,,2026-09-21,,0
1.1.4.3.2.2.34,"LMR, OHT & Mumty",Tower C,,Civil Works- RCC,RCC,Concreting,,6959175.574,2027-09-02,2027-09-11,,,2026-10-01,,0
1.1.4.3.3,Finishing works,,,,,,,,2026-04-17,2028-07-22,,,2025-10-26,,
1.1.4.3.3.1,Flat finishings,,,,,,,,2026-04-17,2028-05-04,,,2025-10-26,,
1.1.4.3.3.1.1,1st floor,,,,,,,,2026-06-04,2026-10-17,,,2025-10-26,,
1.1.4.3.3.1.1.1,Block Work ,Tower C,1st Floor,,,NTA Finishing,,50200490.0,2026-06-04,2026-06-23,,,2025-10-26,,0
1.1.4.3.3.1.1.2,Installation of temporary Main door,Tower C,1st Floor,Finishing,Tower Finishing,Door,,2292450.0,2026-06-24,2026-06-27,,,2025-12-20,,0
1.1.4.3.3.1.1.3,Fire sprinkler pipe fixing,Tower C,1st Floor,MEP,Tower MEP,Plumbing,,49833800.0,2026-06-24,2026-07-03,,,2025-12-20,,0
1.1.4.3.3.1.1.4,Internal Plumbing Works,Tower C,1st Floor,MEP,Tower MEP,Plumbing,,158400390.0,2026-06-24,2026-07-03,,,2025-12-20,,0
1.1.4.3.3.1.1.5,Waterproofing,Tower C,1st Floor,Finishing,Tower Civil Finishes,Waterproofing,,52629280.0,2026-07-04,2026-07-24,,,2025-12-30,,0
1.1.4.3.3.1.1.6,Internal Plaster,Tower C,1st Floor,Finishing,Tower Civil Finishes,Int Plaster,,180576380.0,2026-06-24,2026-07-03,,,2025-12-20,,0
1.1.4.3.3.1.1.7,IPS flooring work,Tower C,1st Floor,Finishing,Tower Finishing,Flooring,,25419250.0,2026-06-24,2026-07-06,,,2025-12-20,,0
1.1.4.3.3.1.1.8,Toilet dado work,Tower C,1st Floor,Finishing,Tower Finishing,Flooring,,25628690.0,2026-07-23,2026-08-03,,,2026-01-18,,0
1.1.4.3.3.1.1.9,Toilet flooring work,Tower C,1st Floor,Finishing,Tower Finishing,Flooring,,102514420.0,2026-07-28,2026-08-08,,,2026-01-23,,0
1.1.4.3.3.1.1.10,Living dinning flooring,Tower C,1st Floor,Finishing,Tower Finishing,Flooring,,261625410.0,2026-07-20,2026-07-31,,,2026-01-15,,0
1.1.4.3.3.1.1.11,Electrical wiring work,Tower C,1st Floor,MEP,Tower MEP,Electrical,,185758660.0,2026-07-22,2026-08-02,,,2026-01-17,,0
1.1.4.3.3.1.1.12,Aluminium door-window fixing,Tower C,1st Floor,Finishing,Tower Finishing,Window,,233614170.0,2026-09-02,2026-09-20,,,2026-01-21,,0
1.1.4.3.3.1.1.13,Putty primer coat,Tower C,1st Floor,Finishing,Tower Finishing,Paint,,16917210.0,2026-09-13,2026-09-22,,,2026-02-01,,0
1.1.4.3.3.1.1.14,Prehung door fixing,Tower C,1st Floor,Finishing,Tower Finishing,Door,,84020120.0,2026-09-18,2026-09-25,,,2026-02-06,,0
1.1.4.3.3.1.1.15,Painting 1st coat,Tower C,1st Floor,Finishing,Tower Finishing,Paint,,33834250.0,2026-09-26,2026-10-07,,,2026-02-14,,0
1.1.4.3.3.1.1.16,False Cieling panel fixing,Tower C,1st Floor,Finishing,Tower Finishing,False Ceiling,,34794750.0,2026-10-08,2026-10-17,,,2026-02-26,,0
1.1.4.3.3.1.2,2nd floor,,,,,,,,2026-06-24,2026-10-29,,,2025-12-20,,
1.1.4.3.3.1.2.1,Block Work ,Tower C,2nd Floor,,,NTA Finishing,,50200490.0,2026-06-24,2026-07-03,,,2025-12-20,,0
1.1.4.3.3.1.2.2,Installation of temporary Main door,Tower C,2nd Floor,Finishing,Tower Finishing,Door,,2292450.0,2026-07-04,2026-07-07,,,2025-12-30,,0
1.1.4.3.3.1.2.3,Fire sprinkler pipe fixing,Tower C,2nd Floor,MEP,Tower MEP,Plumbing,,49833800.0,2026-07-04,2026-07-13,,,2025-12-30,,0
1.1.4.3.3.1.2.4,Internal Plumbing Works,Tower C,2nd Floor,MEP,Tower MEP,Plumbing,,158400390.0,2026-07-04,2026-07-18,,,2025-12-30,,0
1.1.4.3.3.1.2.5,Waterproofing,Tower C,2nd Floor,Finishing,Tower Civil Finishes,Waterproofing,,52629280.0,2026-07-19,2026-08-08,,,2026-01-14,,0
1.1.4.3.3.1.2.6,Internal Plaster,Tower C,2nd Floor,Finishing,Tower Civil Finishes,Int Plaster,,180576380.0,2026-07-04,2026-07-15,,,2025-12-30,,0
1.1.4.3.3.1.2.7,IPS flooring work,Tower C,2nd Floor,Finishing,Tower Finishing,Flooring,,25419250.0,2026-07-04,2026-07-16,,,2025-12-30,,0
1.1.4.3.3.1.2.8,Toilet dado work,Tower C,2nd Floor,Finishing,Tower Finishing,Flooring,,25628690.0,2026-08-07,2026-08-18,,,2026-02-02,,0
1.1.4.3.3.1.2.9,Toilet flooring work,Tower C,2nd Floor,Finishing,Tower Finishing,Flooring,,102514420.0,2026-08-09,2026-08-20,,,2026-02-04,,0
1.1.4.3.3.1.2.10,Living dinning flooring,Tower C,2nd Floor,Finishing,Tower Finishing,Flooring,,261625410.0,2026-08-01,2026-08-12,,,2026-01-27,,0
1.1.4.3.3.1.2.11,Electrical wiring work,Tower C,2nd Floor,MEP,Tower MEP,Electrical,,185758660.0,2026-08-03,2026-08-14,,,2026-01-29,,0
1.1.4.3.3.1.2.12,Aluminium door-window fixing,Tower C,2nd Floor,Finishing,Tower Finishing,Window,,233614170.0,2026-09-14,2026-10-02,,,2026-02-02,,0
1.1.4.3.3.1.2.13,Putty primer coat,Tower C,2nd Floor,Finishing,Tower Finishing,Paint,,16917210.0,2026-09-25,2026-10-04,,,2026-02-13,,0
1.1.4.3.3.1.2.14,Prehung door fixing,Tower C,2nd Floor,Finishing,Tower Finishing,Door,,84020120.0,2026-09-30,2026-10-07,,,2026-02-18,,0
1.1.4.3.3.1.2.15,Painting 1st coat,Tower C,2nd Floor,Finishing,Tower Finishing,Paint,,33834250.0,2026-10-08,2026-10-19,,,2026-02-26,,0
1.1.4.3.3.1.2.16,False Cieling panel fixing,Tower C,2nd Floor,Finishing,Tower Finishing,False Ceiling,,34794750.0,2026-10-20,2026-10-29,,,2026-03-10,,0
1.1.4.3.3.1.3,3rd floor,,,,,,,,2026-07-04,2026-12-25,,,2025-12-30,,
1.1.4.3.3.1.3.1,Block Work ,Tower C,3rd Floor,,,NTA Finishing,,50200490.0,2026-07-04,2026-07-13,,,2025-12-30,,0
1.1.4.3.3.1.3.2,Installation of temporary Main door,Tower C,3rd Floor,Finishing,Tower Finishing,Door,,2292450.0,2026-07-14,2026-07-17,,,2026-01-09,,0
1.1.4.3.3.1.3.3,Fire sprinkler pipe fixing,Tower C,3rd Floor,MEP,Tower MEP,Plumbing,,49833800.0,2026-07-14,2026-07-23,,,2026-01-09,,0
1.1.4.3.3.1.3.4,Internal Plumbing Works,Tower C,3rd Floor,MEP,Tower MEP,Plumbing,,158400390.0,2026-07-14,2026-07-28,,,2026-01-09,,0
1.1.4.3.3.1.3.5,Waterproofing,Tower C,3rd Floor,Finishing,Tower Civil Finishes,Waterproofing,,52629280.0,2026-07-29,2026-08-18,,,2026-01-24,,0
1.1.4.3.3.1.3.6,Internal Plaster,Tower C,3rd Floor,Finishing,Tower Civil Finishes,Int Plaster,,180576380.0,2026-07-14,2026-07-25,,,2026-01-09,,0
1.1.4.3.3.1.3.7,IPS flooring work,Tower C,3rd Floor,Finishing,Tower Finishing,Flooring,,25419250.0,2026-07-14,2026-07-26,,,2026-01-09,,0
1.1.4.3.3.1.3.8,Toilet dado work,Tower C,3rd Floor,Finishing,Tower Finishing,Flooring,,25628690.0,2026-08-17,2026-08-28,,,2026-02-12,,0
1.1.4.3.3.1.3.9,Toilet flooring work,Tower C,3rd Floor,Finishing,Tower Finishing,Flooring,,102514420.0,2026-08-21,2026-09-01,,,2026-02-16,,0
1.1.4.3.3.1.3.10,Living dinning flooring,Tower C,3rd Floor,Finishing,Tower Finishing,Flooring,,261625410.0,2026-08-13,2026-08-24,,,2026-02-08,,0
1.1.4.3.3.1.3.11,Electrical wiring work,Tower C,3rd Floor,MEP,Tower MEP,Electrical,,185758660.0,2026-08-15,2026-08-26,,,2026-02-10,,0
1.1.4.3.3.1.3.12,Aluminium door-window fixing,Tower C,3rd Floor,Finishing,Tower Finishing,Window,,233614170.0,2026-09-26,2026-10-14,,,2026-02-14,,0
1.1.4.3.3.1.3.13,Putty primer coat,Tower C,3rd Floor,Finishing,Tower Finishing,Paint,,16917210.0,2026-10-07,2026-10-16,,,2026-02-25,,0
1.1.4.3.3.1.3.14,Prehung door fixing,Tower C,3rd Floor,Finishing,Tower Finishing,Door,,84020120.0,2026-10-12,2026-10-19,,,2026-03-02,,0
1.1.4.3.3.1.3.15,Painting 1st coat,Tower C,3rd Floor,Finishing,Tower Finishing,Paint,,33834250.0,2026-10-20,2026-10-31,,,2026-03-10,,0
1.1.4.3.3.1.3.16,False Cieling panel fixing,Tower C,3rd Floor,Finishing,Tower Finishing,False Ceiling,,34794750.0,2026-12-16,2026-12-25,,,2026-03-22,,0
1.1.4.3.3.1.4,4th floor,,,,,,,,2026-07-14,2027-01-05,,,2026-01-09,,
1.1.4.3.3.1.4.1,Block Work ,Tower C,4th Floor,,,NTA Finishing,,50200490.0,2026-07-14,2026-07-23,,,2026-01-09,,0
1.1.4.3.3.1.4.2,Installation of temporary Main door,Tower C,4th Floor,Finishing,Tower Finishing,Door,,2292450.0,2026-07-24,2026-07-27,,,2026-01-19,,0
1.1.4.3.3.1.4.3,Fire sprinkler pipe fixing,Tower C,4th Floor,MEP,Tower MEP,Plumbing,,49833800.0,2026-07-24,2026-08-02,,,2026-01-19,,0
1.1.4.3.3.1.4.4,Internal Plumbing Works,Tower C,4th Floor,MEP,Tower MEP,Plumbing,,158400390.0,2026-07-24,2026-08-07,,,2026-01-19,,0
1.1.4.3.3.1.4.5,Waterproofing,Tower C,4th Floor,Finishing,Tower Civil Finishes,Waterproofing,,52629280.0,2026-08-08,2026-08-28,,,2026-02-03,,0
1.1.4.3.3.1.4.6,Internal Plaster,Tower C,4th Floor,Finishing,Tower Civil Finishes,Int Plaster,,180576380.0,2026-07-27,2026-08-05,,,2026-01-22,,0
1.1.4.3.3.1.4.7,IPS flooring work,Tower C,4th Floor,Finishing,Tower Finishing,Flooring,,25419250.0,2026-07-24,2026-08-05,,,2026-01-19,,0
1.1.4.3.3.1.4.8,Toilet dado work,Tower C,4th Floor,Finishing,Tower Finishing,Flooring,,25628690.0,2026-08-27,2026-09-07,,,2026-02-22,,0
1.1.4.3.3.1.4.9,Toilet flooring work,Tower C,4th Floor,Finishing,Tower Finishing,Flooring,,102514420.0,2026-09-01,2026-09-12,,,2026-02-27,,0
1.1.4.3.3.1.4.10,Living dinning flooring,Tower C,4th Floor,Finishing,Tower Finishing,Flooring,,261625410.0,2026-08-24,2026-09-04,,,2026-02-19,,0
1.1.4.3.3.1.4.11,Electrical wiring work,Tower C,4th Floor,MEP,Tower MEP,Electrical,,185758660.0,2026-08-26,2026-09-06,,,2026-02-21,,0
1.1.4.3.3.1.4.12,Aluminium door-window fixing,Tower C,4th Floor,Finishing,Tower Finishing,Window,,233614170.0,2026-10-07,2026-10-25,,,2026-02-25,,0
1.1.4.3.3.1.4.13,Putty primer coat,Tower C,4th Floor,Finishing,Tower Finishing,Paint,,16917210.0,2026-10-18,2026-10-27,,,2026-03-08,,0
1.1.4.3.3.1.4.14,Prehung door fixing,Tower C,4th Floor,Finishing,Tower Finishing,Door,,84020120.0,2026-10-23,2026-10-30,,,2026-03-13,,0
1.1.4.3.3.1.4.15,Painting 1st coat,Tower C,4th Floor,Finishing,Tower Finishing,Paint,,33834250.0,2026-10-31,2026-12-26,,,2026-03-21,,0
1.1.4.3.3.1.4.16,False Cieling panel fixing,Tower C,4th Floor,Finishing,Tower Finishing,False Ceiling,,34794750.0,2026-12-27,2027-01-05,,,2026-04-02,,0
1.1.4.3.3.1.5,5th floor,,,,,,,,2026-07-24,2027-01-23,,,2026-01-19,,
1.1.4.3.3.1.5.1,Block Work ,Tower C,5th Floor,,,NTA Finishing,,50200490.0,2026-07-24,2026-08-02,,,2026-01-19,,0
1.1.4.3.3.1.5.2,Installation of temporary Main door,Tower C,5th Floor,Finishing,Tower Finishing,Door,,2292450.0,2026-08-03,2026-08-06,,,2026-01-29,,0
1.1.4.3.3.1.5.3,Fire sprinkler pipe fixing,Tower C,5th Floor,MEP,Tower MEP,Plumbing,,49833800.0,2026-08-03,2026-08-12,,,2026-01-29,,0
1.1.4.3.3.1.5.4,Internal Plumbing Works,Tower C,5th Floor,MEP,Tower MEP,Plumbing,,158400390.0,2026-08-03,2026-08-17,,,2026-01-29,,0
1.1.4.3.3.1.5.5,Waterproofing,Tower C,5th Floor,Finishing,Tower Civil Finishes,Waterproofing,,52629280.0,2026-08-18,2026-09-07,,,2026-02-13,,0
1.1.4.3.3.1.5.6,Internal Plaster,Tower C,5th Floor,Finishing,Tower Civil Finishes,Int Plaster,,180576380.0,2026-08-07,2026-08-16,,,2026-02-02,,0
1.1.4.3.3.1.5.7,IPS flooring work,Tower C,5th Floor,Finishing,Tower Finishing,Flooring,,25419250.0,2026-08-03,2026-08-15,,,2026-01-29,,0
1.1.4.3.3.1.5.8,Toilet dado work,Tower C,5th Floor,Finishing,Tower Finishing,Flooring,,25628690.0,2026-09-06,2026-09-17,,,2026-03-04,,0
1.1.4.3.3.1.5.9,Toilet flooring work,Tower C,5th Floor,Finishing,Tower Finishing,Flooring,,102514420.0,2026-09-13,2026-09-24,,,2026-03-11,,0
1.1.4.3.3.1.5.10,Living dinning flooring,Tower C,5th Floor,Finishing,Tower Finishing,Flooring,,261625410.0,2026-09-05,2026-09-16,,,2026-03-03,,0
1.1.4.3.3.1.5.11,Electrical wiring work,Tower C,5th Floor,MEP,Tower MEP,Electrical,,185758660.0,2026-09-07,2026-09-18,,,2026-03-05,,0
1.1.4.3.3.1.5.12,Aluminium door-window fixing,Tower C,5th Floor,Finishing,Tower Finishing,Window,,233614170.0,2026-10-19,2026-12-27,,,2026-03-09,,0
1.1.4.3.3.1.5.13,Putty primer coat,Tower C,5th Floor,Finishing,Tower Finishing,Paint,,16917210.0,2026-12-20,2026-12-29,,,2026-03-26,,0
1.1.4.3.3.1.5.14,Prehung door fixing,Tower C,5th Floor,Finishing,Tower Finishing,Door,,84020120.0,2026-12-25,2027-01-01,,,2026-03-31,,0
1.1.4.3.3.1.5.15,Painting 1st coat,Tower C,5th Floor,Finishing,Tower Finishing,Paint,,33834250.0,2027-01-02,2027-01-13,,,2026-04-08,,0
1.1.4.3.3.1.5.16,False Cieling panel fixing,Tower C,5th Floor,Finishing,Tower Finishing,False Ceiling,,34794750.0,2027-01-14,2027-01-23,,,2026-04-20,,0
1.1.4.3.3.1.6,6th floor,,,,,,,,2026-08-03,2027-02-02,,,2026-01-29,,
1.1.4.3.3.1.6.1,Block Work ,Tower C,6th Floor,,,NTA Finishing,,50200490.0,2026-08-03,2026-08-12,,,2026-01-29,,0
1.1.4.3.3.1.6.2,Installation of temporary Main door,Tower C,6th Floor,Finishing,Tower Finishing,Door,,2292450.0,2026-08-13,2026-08-16,,,2026-02-08,,0
1.1.4.3.3.1.6.3,Fire sprinkler pipe fixing,Tower C,6th Floor,MEP,Tower MEP,Plumbing,,49833800.0,2026-08-13,2026-08-22,,,2026-02-08,,0
1.1.4.3.3.1.6.4,Internal Plumbing Works,Tower C,6th Floor,MEP,Tower MEP,Plumbing,,158400390.0,2026-08-13,2026-08-27,,,2026-02-08,,0
1.1.4.3.3.1.6.5,Waterproofing,Tower C,6th Floor,Finishing,Tower Civil Finishes,Waterproofing,,52629280.0,2026-08-28,2026-09-17,,,2026-02-23,,0
1.1.4.3.3.1.6.6,Internal Plaster,Tower C,6th Floor,Finishing,Tower Civil Finishes,Int Plaster,,180576380.0,2026-08-18,2026-08-27,,,2026-02-13,,0
1.1.4.3.3.1.6.7,IPS flooring work,Tower C,6th Floor,Finishing,Tower Finishing,Flooring,,25419250.0,2026-08-13,2026-08-22,,,2026-02-08,,0
1.1.4.3.3.1.6.8,Toilet dado work,Tower C,6th Floor,Finishing,Tower Finishing,Flooring,,25628690.0,2026-09-16,2026-09-27,,,2026-03-14,,0
1.1.4.3.3.1.6.9,Toilet flooring work,Tower C,6th Floor,Finishing,Tower Finishing,Flooring,,102514420.0,2026-09-28,2026-10-09,,,2026-03-26,,0
1.1.4.3.3.1.6.10,Living dinning flooring,Tower C,6th Floor,Finishing,Tower Finishing,Flooring,,261625410.0,2026-09-20,2026-10-01,,,2026-03-18,,0
1.1.4.3.3.1.6.11,Electrical wiring work,Tower C,6th Floor,MEP,Tower MEP,Electrical,,185758660.0,2026-09-22,2026-10-03,,,2026-03-20,,0
1.1.4.3.3.1.6.12,Aluminium door-window fixing,Tower C,6th Floor,Finishing,Tower Finishing,Window,,233614170.0,2026-12-18,2027-01-05,,,2026-03-24,,0
1.1.4.3.3.1.6.13,Putty primer coat,Tower C,6th Floor,Finishing,Tower Finishing,Paint,,16917210.0,2026-12-29,2027-01-07,,,2026-04-04,,0
1.1.4.3.3.1.6.14,Prehung door fixing,Tower C,6th Floor,Finishing,Tower Finishing,Door,,84020120.0,2027-01-03,2027-01-10,,,2026-04-09,,0
1.1.4.3.3.1.6.15,Painting 1st coat,Tower C,6th Floor,Finishing,Tower Finishing,Paint,,33834250.0,2027-01-11,2027-01-22,,,2026-04-17,,0
1.1.4.3.3.1.6.16,False Cieling panel fixing,Tower C,6th Floor,Finishing,Tower Finishing,False Ceiling,,34794750.0,2027-01-24,2027-02-02,,,2026-04-30,,0
1.1.4.3.3.1.7,7th floor,,,,,,,,2026-08-13,2027-02-12,,,2026-02-08,,
1.1.4.3.3.1.7.1,Block Work ,Tower C,7th Floor,,,NTA Finishing,,50200490.0,2026-08-13,2026-08-22,,,2026-02-08,,0
1.1.4.3.3.1.7.2,Installation of temporary Main door,Tower C,7th Floor,Finishing,Tower Finishing,Door,,2292450.0,2026-08-23,2026-08-26,,,2026-02-18,,0
1.1.4.3.3.1.7.3,Fire sprinkler pipe fixing,Tower C,7th Floor,MEP,Tower MEP,Plumbing,,49833800.0,2026-08-23,2026-09-01,,,2026-02-18,,0
1.1.4.3.3.1.7.4,Internal Plumbing Works,Tower C,7th Floor,MEP,Tower MEP,Plumbing,,158400390.0,2026-08-23,2026-09-06,,,2026-02-18,,0
1.1.4.3.3.1.7.5,Waterproofing,Tower C,7th Floor,Finishing,Tower Civil Finishes,Waterproofing,,52629280.0,2026-09-07,2026-09-27,,,2026-03-05,,0
1.1.4.3.3.1.7.6,Internal Plaster,Tower C,7th Floor,Finishing,Tower Civil Finishes,Int Plaster,,180576380.0,2026-08-28,2026-09-06,,,2026-02-23,,0
1.1.4.3.3.1.7.7,IPS flooring work,Tower C,7th Floor,Finishing,Tower Finishing,Flooring,,25419250.0,2026-08-23,2026-09-01,,,2026-02-18,,0
1.1.4.3.3.1.7.8,Toilet dado work,Tower C,7th Floor,Finishing,Tower Finishing,Flooring,,25628690.0,2026-09-26,2026-10-07,,,2026-03-24,,0
1.1.4.3.3.1.7.9,Toilet flooring work,Tower C,7th Floor,Finishing,Tower Finishing,Flooring,,102514420.0,2026-10-08,2026-10-19,,,2026-04-05,,0
1.1.4.3.3.1.7.10,Living dinning flooring,Tower C,7th Floor,Finishing,Tower Finishing,Flooring,,261625410.0,2026-09-19,2026-09-30,,,2026-03-17,,0
1.1.4.3.3.1.7.11,Electrical wiring work,Tower C,7th Floor,MEP,Tower MEP,Electrical,,185758660.0,2026-09-21,2026-10-02,,,2026-03-19,,0
1.1.4.3.3.1.7.12,Aluminium door-window fixing,Tower C,7th Floor,Finishing,Tower Finishing,Window,,233614170.0,2026-12-17,2027-01-04,,,2026-03-23,,0
1.1.4.3.3.1.7.13,Putty primer coat,Tower C,7th Floor,Finishing,Tower Finishing,Paint,,16917210.0,2026-12-28,2027-01-06,,,2026-04-03,,0
1.1.4.3.3.1.7.14,Prehung door fixing,Tower C,7th Floor,Finishing,Tower Finishing,Door,,84020120.0,2027-01-02,2027-01-09,,,2026-04-08,,0
1.1.4.3.3.1.7.15,Painting 1st coat,Tower C,7th Floor,Finishing,Tower Finishing,Paint,,33834250.0,2027-01-10,2027-01-21,,,2026-04-16,,0
1.1.4.3.3.1.7.16,False Cieling panel fixing,Tower C,7th Floor,Finishing,Tower Finishing,False Ceiling,,34794750.0,2027-02-03,2027-02-12,,,2026-05-10,,0
1.1.4.3.3.1.8,8th floor,,,,,,,,2026-08-23,2027-02-22,,,2026-02-18,,
1.1.4.3.3.1.8.1,Block Work ,Tower C,8th Floor,,,NTA Finishing,,50200490.0,2026-08-23,2026-09-01,,,2026-02-18,,0
1.1.4.3.3.1.8.2,Installation of temporary Main door,Tower C,8th Floor,Finishing,Tower Finishing,Door,,2292450.0,2026-09-02,2026-09-05,,,2026-02-28,,0
1.1.4.3.3.1.8.3,Fire sprinkler pipe fixing,Tower C,8th Floor,MEP,Tower MEP,Plumbing,,49833800.0,2026-09-02,2026-09-11,,,2026-02-28,,0
1.1.4.3.3.1.8.4,Internal Plumbing Works,Tower C,8th Floor,MEP,Tower MEP,Plumbing,,158400390.0,2026-09-02,2026-09-16,,,2026-02-28,,0
1.1.4.3.3.1.8.5,Waterproofing,Tower C,8th Floor,Finishing,Tower Civil Finishes,Waterproofing,,52629280.0,2026-09-17,2026-10-07,,,2026-03-15,,0
1.1.4.3.3.1.8.6,Internal Plaster,Tower C,8th Floor,Finishing,Tower Civil Finishes,Int Plaster,,180576380.0,2026-09-09,2026-09-18,,,2026-03-07,,0
1.1.4.3.3.1.8.7,IPS flooring work,Tower C,8th Floor,Finishing,Tower Finishing,Flooring,,25419250.0,2026-09-02,2026-09-14,,,2026-02-28,,0
1.1.4.3.3.1.8.8,Toilet dado work,Tower C,8th Floor,Finishing,Tower Finishing,Flooring,,25628690.0,2026-10-06,2026-10-15,,,2026-04-03,,0
1.1.4.3.3.1.8.9,Toilet flooring work,Tower C,8th Floor,Finishing,Tower Finishing,Flooring,,102514420.0,2026-10-16,2026-10-25,,,2026-04-13,,0
1.1.4.3.3.1.8.10,Living dinning flooring,Tower C,8th Floor,Finishing,Tower Finishing,Flooring,,261625410.0,2026-09-02,2026-10-02,,,2026-02-28,,0
1.1.4.3.3.1.8.11,Electrical wiring work,Tower C,8th Floor,MEP,Tower MEP,Electrical,,185758660.0,2026-09-23,2026-10-04,,,2026-03-21,,0
1.1.4.3.3.1.8.12,Aluminium door-window fixing,Tower C,8th Floor,Finishing,Tower Finishing,Window,,233614170.0,2026-12-19,2027-01-06,,,2026-03-25,,0
1.1.4.3.3.1.8.13,Putty primer coat,Tower C,8th Floor,Finishing,Tower Finishing,Paint,,16917210.0,2026-12-30,2027-01-08,,,2026-04-05,,0
1.1.4.3.3.1.8.14,Prehung door fixing,Tower C,8th Floor,Finishing,Tower Finishing,Door,,84020120.0,2027-01-04,2027-01-11,,,2026-04-10,,0
1.1.4.3.3.1.8.15,Painting 1st coat,Tower C,8th Floor,Finishing,Tower Finishing,Paint,,33834250.0,2027-01-12,2027-01-23,,,2026-04-18,,0
1.1.4.3.3.1.8.16,False Cieling panel fixing,Tower C,8th Floor,Finishing,Tower Finishing,False Ceiling,,34794750.0,2027-02-13,2027-02-22,,,2026-05-20,,0
1.1.4.3.3.1.9,9th floor,,,,,,,,2026-09-02,2027-04-12,,,2026-02-28,,
1.1.4.3.3.1.9.1,Block Work ,Tower C,9th Floor,,,NTA Finishing,,50200490.0,2026-09-02,2026-09-11,,,2026-02-28,,0
1.1.4.3.3.1.9.2,Installation of temporary Main door,Tower C,9th Floor,Finishing,Tower Finishing,Door,,2292450.0,2026-09-12,2026-09-15,,,2026-03-10,,0
1.1.4.3.3.1.9.3,Fire sprinkler pipe fixing,Tower C,9th Floor,MEP,Tower MEP,Plumbing,,49833800.0,2026-09-12,2026-09-21,,,2026-03-10,,0
1.1.4.3.3.1.9.4,Internal Plumbing Works,Tower C,9th Floor,MEP,Tower MEP,Plumbing,,158400390.0,2026-09-07,2026-09-21,,,2026-03-05,,0
1.1.4.3.3.1.9.5,Waterproofing,Tower C,9th Floor,Finishing,Tower Civil Finishes,Waterproofing,,52629280.0,2026-09-22,2026-10-12,,,2026-03-20,,0
1.1.4.3.3.1.9.6,Internal Plaster,Tower C,9th Floor,Finishing,Tower Civil Finishes,Int Plaster,,180576380.0,2026-09-13,2026-09-27,,,2026-03-11,,0
1.1.4.3.3.1.9.7,IPS flooring work,Tower C,9th Floor,Finishing,Tower Finishing,Flooring,,25419250.0,2026-09-12,2026-09-24,,,2026-03-10,,0
1.1.4.3.3.1.9.8,Toilet dado work,Tower C,9th Floor,Finishing,Tower Finishing,Flooring,,25628690.0,2026-10-11,2026-12-19,,,2026-04-08,,0
1.1.4.3.3.1.9.9,Toilet flooring work,Tower C,9th Floor,Finishing,Tower Finishing,Flooring,,102514420.0,2026-12-20,2027-01-13,,,2026-05-03,,0
1.1.4.3.3.1.9.10,Living dinning flooring,Tower C,9th Floor,Finishing,Tower Finishing,Flooring,,261625410.0,2026-12-25,2027-01-24,,,2026-05-08,,0
1.1.4.3.3.1.9.11,Electrical wiring work,Tower C,9th Floor,MEP,Tower MEP,Electrical,,185758660.0,2027-01-15,2027-01-26,,,2026-05-29,,0
1.1.4.3.3.1.9.12,Aluminium door-window fixing,Tower C,9th Floor,Finishing,Tower Finishing,Window,,233614170.0,2027-02-26,2027-03-16,,,2026-06-02,,0
1.1.4.3.3.1.9.13,Putty primer coat,Tower C,9th Floor,Finishing,Tower Finishing,Paint,,16917210.0,2027-03-09,2027-03-18,,,2026-06-13,,0
1.1.4.3.3.1.9.14,Prehung door fixing,Tower C,9th Floor,Finishing,Tower Finishing,Door,,84020120.0,2027-03-14,2027-03-21,,,2026-06-18,,0
1.1.4.3.3.1.9.15,Painting 1st coat,Tower C,9th Floor,Finishing,Tower Finishing,Paint,,33834250.0,2027-03-22,2027-04-02,,,2026-06-26,,0
1.1.4.3.3.1.9.16,False Cieling panel fixing,Tower C,9th Floor,Finishing,Tower Finishing,False Ceiling,,34794750.0,2027-04-03,2027-04-12,,,2026-07-08,,0
1.1.4.3.3.1.10,10th floor,,,,,,,,2026-09-12,2027-04-22,,,2026-03-10,,
1.1.4.3.3.1.10.1,Block Work ,Tower C,10th Floor,,,NTA Finishing,,50200490.0,2026-09-12,2026-09-21,,,2026-03-10,,0
1.1.4.3.3.1.10.2,Installation of temporary Main door,Tower C,10th Floor,Finishing,Tower Finishing,Door,,2292450.0,2026-09-22,2026-09-25,,,2026-03-20,,0
1.1.4.3.3.1.10.3,Fire sprinkler pipe fixing,Tower C,10th Floor,MEP,Tower MEP,Plumbing,,49833800.0,2026-09-22,2026-10-01,,,2026-03-20,,0
1.1.4.3.3.1.10.4,Internal Plumbing Works,Tower C,10th Floor,MEP,Tower MEP,Plumbing,,158400390.0,2026-09-22,2026-09-26,,,2026-03-20,,0
1.1.4.3.3.1.10.5,Waterproofing,Tower C,10th Floor,Finishing,Tower Civil Finishes,Waterproofing,,52629280.0,2026-09-27,2026-10-17,,,2026-03-25,,0
1.1.4.3.3.1.10.6,Internal Plaster,Tower C,10th Floor,Finishing,Tower Civil Finishes,Int Plaster,,180576380.0,2026-09-18,2026-10-02,,,2026-03-16,,0
1.1.4.3.3.1.10.7,IPS flooring work,Tower C,10th Floor,Finishing,Tower Finishing,Flooring,,25419250.0,2026-09-22,2026-10-04,,,2026-03-20,,0
1.1.4.3.3.1.10.8,Toilet dado work,Tower C,10th Floor,Finishing,Tower Finishing,Flooring,,25628690.0,2026-10-16,2026-12-24,,,2026-04-13,,0
1.1.4.3.3.1.10.9,Toilet flooring work,Tower C,10th Floor,Finishing,Tower Finishing,Flooring,,102514420.0,2026-12-25,2027-01-18,,,2026-05-08,,0
1.1.4.3.3.1.10.10,Living dinning flooring,Tower C,10th Floor,Finishing,Tower Finishing,Flooring,,261625410.0,2026-12-30,2027-01-29,,,2026-05-13,,0
1.1.4.3.3.1.10.11,Electrical wiring work,Tower C,10th Floor,MEP,Tower MEP,Electrical,,185758660.0,2027-01-20,2027-01-31,,,2026-06-03,,0
1.1.4.3.3.1.10.12,Aluminium door-window fixing,Tower C,10th Floor,Finishing,Tower Finishing,Window,,233614170.0,2027-01-24,2027-02-11,,,2026-06-07,,0
1.1.4.3.3.1.10.13,Putty primer coat,Tower C,10th Floor,Finishing,Tower Finishing,Paint,,16917210.0,2027-02-04,2027-02-13,,,2026-06-18,,0
1.1.4.3.3.1.10.14,Prehung door fixing,Tower C,10th Floor,Finishing,Tower Finishing,Door,,84020120.0,2027-02-09,2027-02-16,,,2026-06-23,,0
1.1.4.3.3.1.10.15,Painting 1st coat,Tower C,10th Floor,Finishing,Tower Finishing,Paint,,33834250.0,2027-02-17,2027-02-28,,,2026-07-01,,0
1.1.4.3.3.1.10.16,False Cieling panel fixing,Tower C,10th Floor,Finishing,Tower Finishing,False Ceiling,,34794750.0,2027-04-13,2027-04-22,,,2026-07-18,,0
1.1.4.3.3.1.11,11th floor,,,,,,,,2026-09-22,2027-05-02,,,2026-03-20,,
1.1.4.3.3.1.11.1,Block Work ,Tower C,11th Floor,,,NTA Finishing,,50200490.0,2026-09-22,2026-10-01,,,2026-03-20,,0
1.1.4.3.3.1.11.2,Installation of temporary Main door,Tower C,11th Floor,Finishing,Tower Finishing,Door,,2292450.0,2026-10-02,2026-10-05,,,2026-03-30,,0
1.1.4.3.3.1.11.3,Fire sprinkler pipe fixing,Tower C,11th Floor,MEP,Tower MEP,Plumbing,,49833800.0,2026-10-02,2026-10-11,,,2026-03-30,,0
1.1.4.3.3.1.11.4,Internal Plumbing Works,Tower C,11th Floor,MEP,Tower MEP,Plumbing,,158400390.0,2026-10-02,2026-10-16,,,2026-03-30,,0
1.1.4.3.3.1.11.5,Waterproofing,Tower C,11th Floor,Finishing,Tower Civil Finishes,Waterproofing,,52629280.0,2026-10-17,2026-12-21,,,2026-04-14,,0
1.1.4.3.3.1.11.6,Internal Plaster,Tower C,11th Floor,Finishing,Tower Civil Finishes,Int Plaster,,180576380.0,2026-10-17,2026-10-31,,,2026-04-14,,0
1.1.4.3.3.1.11.7,IPS flooring work,Tower C,11th Floor,Finishing,Tower Finishing,Flooring,,25419250.0,2026-10-02,2026-10-14,,,2026-03-30,,0
1.1.4.3.3.1.11.8,Toilet dado work,Tower C,11th Floor,Finishing,Tower Finishing,Flooring,,25628690.0,2026-12-20,2027-01-13,,,2026-05-03,,0
1.1.4.3.3.1.11.9,Toilet flooring work,Tower C,11th Floor,Finishing,Tower Finishing,Flooring,,102514420.0,2027-01-14,2027-02-07,,,2026-05-28,,0
1.1.4.3.3.1.11.10,Living dinning flooring,Tower C,11th Floor,Finishing,Tower Finishing,Flooring,,261625410.0,2027-01-19,2027-02-18,,,2026-06-02,,0
1.1.4.3.3.1.11.11,Electrical wiring work,Tower C,11th Floor,MEP,Tower MEP,Electrical,,185758660.0,2027-02-09,2027-02-20,,,2026-06-23,,0
1.1.4.3.3.1.11.12,Aluminium door-window fixing,Tower C,11th Floor,Finishing,Tower Finishing,Window,,233614170.0,2027-02-13,2027-03-03,,,2026-06-27,,0
1.1.4.3.3.1.11.13,Putty primer coat,Tower C,11th Floor,Finishing,Tower Finishing,Paint,,16917210.0,2027-02-24,2027-03-05,,,2026-07-08,,0
1.1.4.3.3.1.11.14,Prehung door fixing,Tower C,11th Floor,Finishing,Tower Finishing,Door,,84020120.0,2027-03-01,2027-03-08,,,2026-07-13,,0
1.1.4.3.3.1.11.15,Painting 1st coat,Tower C,11th Floor,Finishing,Tower Finishing,Paint,,33834250.0,2027-03-09,2027-03-20,,,2026-07-21,,0
1.1.4.3.3.1.11.16,False Cieling panel fixing,Tower C,11th Floor,Finishing,Tower Finishing,False Ceiling,,34794750.0,2027-04-23,2027-05-02,,,2026-08-02,,0
1.1.4.3.3.1.12,12th floor,,,,,,,,2026-10-13,2027-05-16,,,2026-04-03,,
1.1.4.3.3.1.12.1,Block Work ,Tower C,12th Floor,,,NTA Finishing,,50200490.0,2026-10-13,2027-01-01,,,2026-04-03,,0
1.1.4.3.3.1.12.2,Installation of temporary Main door,Tower C,12th Floor,Finishing,Tower Finishing,Door,,2292450.0,2027-01-02,2027-01-05,,,2026-05-09,,0
1.1.4.3.3.1.12.3,Fire sprinkler pipe fixing,Tower C,12th Floor,MEP,Tower MEP,Plumbing,,49833800.0,2027-01-02,2027-01-11,,,2026-05-09,,0
1.1.4.3.3.1.12.4,Internal Plumbing Works,Tower C,12th Floor,MEP,Tower MEP,Plumbing,,158400390.0,2027-01-02,2027-01-16,,,2026-05-09,,0
1.1.4.3.3.1.12.5,Waterproofing,Tower C,12th Floor,Finishing,Tower Civil Finishes,Waterproofing,,52629280.0,2027-01-17,2027-02-06,,,2026-05-24,,0
1.1.4.3.3.1.12.6,Internal Plaster,Tower C,12th Floor,Finishing,Tower Civil Finishes,Int Plaster,,180576380.0,2027-01-17,2027-01-31,,,2026-05-24,,0
1.1.4.3.3.1.12.7,IPS flooring work,Tower C,12th Floor,Finishing,Tower Finishing,Flooring,,25419250.0,2027-01-02,2027-01-14,,,2026-05-09,,0
1.1.4.3.3.1.12.8,Toilet dado work,Tower C,12th Floor,Finishing,Tower Finishing,Flooring,,25628690.0,2027-02-05,2027-03-01,,,2026-06-12,,0
1.1.4.3.3.1.12.9,Toilet flooring work,Tower C,12th Floor,Finishing,Tower Finishing,Flooring,,102514420.0,2027-03-02,2027-03-26,,,2026-07-07,,0
1.1.4.3.3.1.12.10,Living dinning flooring,Tower C,12th Floor,Finishing,Tower Finishing,Flooring,,261625410.0,2027-03-07,2027-04-06,,,2026-07-12,,0
1.1.4.3.3.1.12.11,Electrical wiring work,Tower C,12th Floor,MEP,Tower MEP,Electrical,,185758660.0,2027-03-28,2027-04-08,,,2026-08-02,,0
1.1.4.3.3.1.12.12,Aluminium door-window fixing,Tower C,12th Floor,Finishing,Tower Finishing,Window,,233614170.0,2027-04-01,2027-04-19,,,2026-08-06,,0
1.1.4.3.3.1.12.13,Putty primer coat,Tower C,12th Floor,Finishing,Tower Finishing,Paint,,16917210.0,2027-04-12,2027-04-21,,,2026-08-17,,0
1.1.4.3.3.1.12.14,Prehung door fixing,Tower C,12th Floor,Finishing,Tower Finishing,Door,,84020120.0,2027-04-17,2027-04-24,,,2026-08-22,,0
1.1.4.3.3.1.12.15,Painting 1st coat,Tower C,12th Floor,Finishing,Tower Finishing,Paint,,33834250.0,2027-04-25,2027-05-06,,,2026-08-30,,0
1.1.4.3.3.1.12.16,False Cieling panel fixing,Tower C,12th Floor,Finishing,Tower Finishing,False Ceiling,,34794750.0,2027-05-07,2027-05-16,,,2026-09-11,,0
1.1.4.3.3.1.13,13th floor,,,,,,,,2026-04-17,2027-05-29,,,2026-04-12,,
1.1.4.3.3.1.13.1,Block Work ,Tower C,13th Floor,,,NTA Finishing,,50200490.0,2026-10-26,2027-01-14,,,2026-04-12,,0
1.1.4.3.3.1.13.2,Installation of temporary Main door,Tower C,13th Floor,Finishing,Tower Finishing,Door,,2292450.0,2027-01-15,2027-01-18,,,2026-05-18,,0
1.1.4.3.3.1.13.3,Fire sprinkler pipe fixing,Tower C,13th Floor,MEP,Tower MEP,Plumbing,,49833800.0,2027-01-15,2027-01-24,,,2026-05-19,,0
1.1.4.3.3.1.13.4,Internal Plumbing Works,Tower C,13th Floor,MEP,Tower MEP,Plumbing,,158400390.0,2027-01-15,2027-01-29,,,2026-05-18,,0
1.1.4.3.3.1.13.5,Waterproofing,Tower C,13th Floor,Finishing,Tower Civil Finishes,Waterproofing,,52629280.0,2027-01-30,2027-02-19,,,2026-06-02,,0
1.1.4.3.3.1.13.6,Internal Plaster,Tower C,13th Floor,Finishing,Tower Civil Finishes,Int Plaster,,180576380.0,2027-01-30,2027-02-13,,,2026-06-02,,0
1.1.4.3.3.1.13.7,IPS flooring work,Tower C,13th Floor,Finishing,Tower Finishing,Flooring,,25419250.0,2027-01-15,2027-01-27,,,2026-05-18,,0
1.1.4.3.3.1.13.8,Toilet dado work,Tower C,13th Floor,Finishing,Tower Finishing,Flooring,,25628690.0,2027-02-18,2027-03-14,,,2026-06-21,,0
1.1.4.3.3.1.13.9,Toilet flooring work,Tower C,13th Floor,Finishing,Tower Finishing,Flooring,,102514420.0,2027-03-15,2027-04-08,,,2026-07-16,,0
1.1.4.3.3.1.13.10,Living dinning flooring,Tower C,13th Floor,Finishing,Tower Finishing,Flooring,,261625410.0,2027-03-20,2027-04-19,,,2026-07-21,,0
1.1.4.3.3.1.13.11,Electrical wiring work,Tower C,13th Floor,MEP,Tower MEP,Electrical,,185758660.0,2027-04-10,2027-04-21,,,2026-08-11,,0
1.1.4.3.3.1.13.12,Aluminium door-window fixing,Tower C,13th Floor,Finishing,Tower Finishing,Window,,233614170.0,2027-04-14,2027-05-02,,,2026-08-15,,0
1.1.4.3.3.1.13.13,Putty primer coat,Tower C,13th Floor,Finishing,Tower Finishing,Paint,,16917210.0,2027-04-25,2027-05-04,,,2026-08-26,,0
1.1.4.3.3.1.13.14,Prehung door fixing,Tower C,13th Floor,Finishing,Tower Finishing,Door,,84020120.0,2027-04-30,2027-05-07,,,2026-08-31,,0
1.1.4.3.3.1.13.15,Painting 1st coat,Tower C,13th Floor,Finishing,Tower Finishing,Paint,,33834250.0,2027-05-08,2027-05-19,,,2026-09-08,,0
1.1.4.3.3.1.13.16,False Cieling panel fixing,Tower C,13th Floor,Finishing,Tower Finishing,False Ceiling,,17397375.0,2026-04-17,2026-04-21,,,2026-09-21,,0
1.1.4.3.3.1.13.17,False Cieling panel fixing,Tower C,13th Floor,Finishing,Tower Finishing,False Ceiling,,17397375.0,2027-05-20,2027-05-29,,,,,0
1.1.4.3.3.1.14,14th floor,,,,,,,,2026-12-28,2027-06-16,,,2026-04-24,,
1.1.4.3.3.1.14.1,Block Work ,Tower C,14th Floor,,,NTA Finishing,,50200490.0,2026-12-28,2027-02-01,,,2026-04-24,,0
1.1.4.3.3.1.14.2,Installation of temporary Main door,Tower C,14th Floor,Finishing,Tower Finishing,Door,,2292450.0,2027-02-02,2027-02-05,,,2026-05-30,,0
1.1.4.3.3.1.14.3,Fire sprinkler pipe fixing,Tower C,14th Floor,MEP,Tower MEP,Plumbing,,49833800.0,2027-02-02,2027-02-11,,,2026-05-30,,0
1.1.4.3.3.1.14.4,Internal Plumbing Works,Tower C,14th Floor,MEP,Tower MEP,Plumbing,,158400390.0,2027-02-02,2027-02-16,,,2026-05-30,,0
1.1.4.3.3.1.14.5,Waterproofing,Tower C,14th Floor,Finishing,Tower Civil Finishes,Waterproofing,,52629280.0,2027-02-17,2027-03-09,,,2026-06-14,,0
1.1.4.3.3.1.14.6,Internal Plaster,Tower C,14th Floor,Finishing,Tower Civil Finishes,Int Plaster,,180576380.0,2027-02-17,2027-03-03,,,2026-06-14,,0
1.1.4.3.3.1.14.7,IPS flooring work,Tower C,14th Floor,Finishing,Tower Finishing,Flooring,,25419250.0,2027-02-02,2027-02-14,,,2026-05-30,,0
1.1.4.3.3.1.14.8,Toilet dado work,Tower C,14th Floor,Finishing,Tower Finishing,Flooring,,25628690.0,2027-03-08,2027-04-01,,,2026-07-03,,0
1.1.4.3.3.1.14.9,Toilet flooring work,Tower C,14th Floor,Finishing,Tower Finishing,Flooring,,102514420.0,2027-04-02,2027-04-26,,,2026-07-28,,0
1.1.4.3.3.1.14.10,Living dinning flooring,Tower C,14th Floor,Finishing,Tower Finishing,Flooring,,261625410.0,2027-04-07,2027-05-07,,,2026-08-02,,0
1.1.4.3.3.1.14.11,Electrical wiring work,Tower C,14th Floor,MEP,Tower MEP,Electrical,,185758660.0,2027-04-28,2027-05-09,,,2026-08-23,,0
1.1.4.3.3.1.14.12,Aluminium door-window fixing,Tower C,14th Floor,Finishing,Tower Finishing,Window,,233614170.0,2027-05-02,2027-05-20,,,2026-08-27,,0
1.1.4.3.3.1.14.13,Putty primer coat,Tower C,14th Floor,Finishing,Tower Finishing,Paint,,16917210.0,2027-05-13,2027-05-22,,,2026-09-07,,0
1.1.4.3.3.1.14.14,Prehung door fixing,Tower C,14th Floor,Finishing,Tower Finishing,Door,,84020120.0,2027-05-18,2027-05-25,,,2026-09-12,,0
1.1.4.3.3.1.14.15,Painting 1st coat,Tower C,14th Floor,Finishing,Tower Finishing,Paint,,33834250.0,2027-05-26,2027-06-06,,,2026-09-20,,0
1.1.4.3.3.1.14.16,False Cieling panel fixing,Tower C,14th Floor,Finishing,Tower Finishing,False Ceiling,,34794750.0,2027-06-07,2027-06-16,,,2026-10-02,,0
1.1.4.3.3.1.15,15th floor,,,,,,,,2027-01-10,2027-06-29,,,2026-05-03,,
1.1.4.3.3.1.15.1,Block Work ,Tower C,15th Floor,,,NTA Finishing,,50200490.0,2027-01-10,2027-02-14,,,2026-05-03,,0
1.1.4.3.3.1.15.2,Installation of temporary Main door,Tower C,15th Floor,Finishing,Tower Finishing,Door,,2292450.0,2027-02-15,2027-02-18,,,2026-06-08,,0
1.1.4.3.3.1.15.3,Fire sprinkler pipe fixing,Tower C,15th Floor,MEP,Tower MEP,Plumbing,,49833800.0,2027-02-15,2027-02-24,,,2026-06-09,,0
1.1.4.3.3.1.15.4,Internal Plumbing Works,Tower C,15th Floor,MEP,Tower MEP,Plumbing,,158400390.0,2027-02-15,2027-03-01,,,2026-06-08,,0
1.1.4.3.3.1.15.5,Waterproofing,Tower C,15th Floor,Finishing,Tower Civil Finishes,Waterproofing,,52629280.0,2027-03-02,2027-03-22,,,2026-06-23,,0
1.1.4.3.3.1.15.6,Internal Plaster,Tower C,15th Floor,Finishing,Tower Civil Finishes,Int Plaster,,180576380.0,2027-03-02,2027-03-16,,,2026-06-23,,0
1.1.4.3.3.1.15.7,IPS flooring work,Tower C,15th Floor,Finishing,Tower Finishing,Flooring,,25419250.0,2027-02-15,2027-02-27,,,2026-06-08,,0
1.1.4.3.3.1.15.8,Toilet dado work,Tower C,15th Floor,Finishing,Tower Finishing,Flooring,,25628690.0,2027-03-21,2027-04-14,,,2026-07-12,,0
1.1.4.3.3.1.15.9,Toilet flooring work,Tower C,15th Floor,Finishing,Tower Finishing,Flooring,,102514420.0,2027-04-15,2027-05-09,,,2026-08-06,,0
1.1.4.3.3.1.15.10,Living dinning flooring,Tower C,15th Floor,Finishing,Tower Finishing,Flooring,,261625410.0,2027-04-20,2027-05-20,,,2026-08-11,,0
1.1.4.3.3.1.15.11,Electrical wiring work,Tower C,15th Floor,MEP,Tower MEP,Electrical,,185758660.0,2027-05-11,2027-05-22,,,2026-09-01,,0
1.1.4.3.3.1.15.12,Aluminium door-window fixing,Tower C,15th Floor,Finishing,Tower Finishing,Window,,233614170.0,2027-05-15,2027-06-02,,,2026-09-05,,0
1.1.4.3.3.1.15.13,Putty primer coat,Tower C,15th Floor,Finishing,Tower Finishing,Paint,,16917210.0,2027-05-26,2027-06-04,,,2026-09-16,,0
1.1.4.3.3.1.15.14,Prehung door fixing,Tower C,15th Floor,Finishing,Tower Finishing,Door,,84020120.0,2027-05-31,2027-06-07,,,2026-09-21,,0
1.1.4.3.3.1.15.15,Painting 1st coat,Tower C,15th Floor,Finishing,Tower Finishing,Paint,,33834250.0,2027-06-08,2027-06-19,,,2026-09-29,,0
1.1.4.3.3.1.15.16,False Cieling panel fixing,Tower C,15th Floor,Finishing,Tower Finishing,False Ceiling,,34794750.0,2027-06-20,2027-06-29,,,2026-10-12,,0
1.1.4.3.3.1.16,16th floor,,,,,,,,2027-01-22,2027-07-11,,,2026-05-11,,
1.1.4.3.3.1.16.1,Block Work ,Tower C,16th Floor,,,NTA Finishing,,50200490.0,2027-01-22,2027-02-26,,,2026-05-11,,0
1.1.4.3.3.1.16.2,Installation of temporary Main door,Tower C,16th Floor,Finishing,Tower Finishing,Door,,2292450.0,2027-02-27,2027-03-02,,,2026-06-16,,0
1.1.4.3.3.1.16.3,Fire sprinkler pipe fixing,Tower C,16th Floor,MEP,Tower MEP,Plumbing,,49833800.0,2027-02-27,2027-03-08,,,2026-06-19,,0
1.1.4.3.3.1.16.4,Internal Plumbing Works,Tower C,16th Floor,MEP,Tower MEP,Plumbing,,158400390.0,2027-02-27,2027-03-13,,,2026-06-16,,0
1.1.4.3.3.1.16.5,Waterproofing,Tower C,16th Floor,Finishing,Tower Civil Finishes,Waterproofing,,52629280.0,2027-03-14,2027-04-03,,,2026-07-01,,0
1.1.4.3.3.1.16.6,Internal Plaster,Tower C,16th Floor,Finishing,Tower Civil Finishes,Int Plaster,,180576380.0,2027-03-14,2027-03-28,,,2026-07-01,,0
1.1.4.3.3.1.16.7,IPS flooring work,Tower C,16th Floor,Finishing,Tower Finishing,Flooring,,25419250.0,2027-02-27,2027-03-11,,,2026-06-16,,0
1.1.4.3.3.1.16.8,Toilet dado work,Tower C,16th Floor,Finishing,Tower Finishing,Flooring,,25628690.0,2027-04-02,2027-04-26,,,2026-07-20,,0
1.1.4.3.3.1.16.9,Toilet flooring work,Tower C,16th Floor,Finishing,Tower Finishing,Flooring,,102514420.0,2027-04-27,2027-05-21,,,2026-08-14,,0
1.1.4.3.3.1.16.10,Living dinning flooring,Tower C,16th Floor,Finishing,Tower Finishing,Flooring,,261625410.0,2027-05-02,2027-06-01,,,2026-08-19,,0
1.1.4.3.3.1.16.11,Electrical wiring work,Tower C,16th Floor,MEP,Tower MEP,Electrical,,185758660.0,2027-05-23,2027-06-03,,,2026-09-09,,0
1.1.4.3.3.1.16.12,Aluminium door-window fixing,Tower C,16th Floor,Finishing,Tower Finishing,Window,,233614170.0,2027-05-27,2027-06-14,,,2026-09-13,,0
1.1.4.3.3.1.16.13,Putty primer coat,Tower C,16th Floor,Finishing,Tower Finishing,Paint,,16917210.0,2027-06-07,2027-06-16,,,2026-09-24,,0
1.1.4.3.3.1.16.14,Prehung door fixing,Tower C,16th Floor,Finishing,Tower Finishing,Door,,84020120.0,2027-06-12,2027-06-19,,,2026-09-29,,0
1.1.4.3.3.1.16.15,Painting 1st coat,Tower C,16th Floor,Finishing,Tower Finishing,Paint,,33834250.0,2027-06-20,2027-07-01,,,2026-10-07,,0
1.1.4.3.3.1.16.16,False Cieling panel fixing,Tower C,16th Floor,Finishing,Tower Finishing,False Ceiling,,34794750.0,2027-07-02,2027-07-11,,,2026-10-22,,0
1.1.4.3.3.1.17,17th floor,,,,,,,,2027-02-03,2027-07-23,,,2026-05-19,,
1.1.4.3.3.1.17.1,Block Work ,Tower C,17th Floor,,,NTA Finishing,,50200490.0,2027-02-03,2027-03-10,,,2026-05-19,,0
1.1.4.3.3.1.17.2,Installation of temporary Main door,Tower C,17th Floor,Finishing,Tower Finishing,Door,,2292450.0,2027-03-11,2027-03-14,,,2026-06-24,,0
1.1.4.3.3.1.17.3,Fire sprinkler pipe fixing,Tower C,17th Floor,MEP,Tower MEP,Plumbing,,49833800.0,2027-03-11,2027-03-20,,,2026-06-29,,0
1.1.4.3.3.1.17.4,Internal Plumbing Works,Tower C,17th Floor,MEP,Tower MEP,Plumbing,,158400390.0,2027-03-11,2027-03-25,,,2026-06-24,,0
1.1.4.3.3.1.17.5,Waterproofing,Tower C,17th Floor,Finishing,Tower Civil Finishes,Waterproofing,,52629280.0,2027-03-26,2027-04-15,,,2026-07-09,,0
1.1.4.3.3.1.17.6,Internal Plaster,Tower C,17th Floor,Finishing,Tower Civil Finishes,Int Plaster,,180576380.0,2027-03-26,2027-04-09,,,2026-07-09,,0
1.1.4.3.3.1.17.7,IPS flooring work,Tower C,17th Floor,Finishing,Tower Finishing,Flooring,,25419250.0,2027-03-11,2027-03-23,,,2026-06-24,,0
1.1.4.3.3.1.17.8,Toilet dado work,Tower C,17th Floor,Finishing,Tower Finishing,Flooring,,25628690.0,2027-04-14,2027-05-08,,,2026-07-28,,0
1.1.4.3.3.1.17.9,Toilet flooring work,Tower C,17th Floor,Finishing,Tower Finishing,Flooring,,102514420.0,2027-05-09,2027-06-02,,,2026-08-22,,0
1.1.4.3.3.1.17.10,Living dinning flooring,Tower C,17th Floor,Finishing,Tower Finishing,Flooring,,261625410.0,2027-05-14,2027-06-13,,,2026-08-27,,0
1.1.4.3.3.1.17.11,Electrical wiring work,Tower C,17th Floor,MEP,Tower MEP,Electrical,,185758660.0,2027-06-04,2027-06-15,,,2026-09-17,,0
1.1.4.3.3.1.17.12,Aluminium door-window fixing,Tower C,17th Floor,Finishing,Tower Finishing,Window,,233614170.0,2027-06-08,2027-06-26,,,2026-09-21,,0
1.1.4.3.3.1.17.13,Putty primer coat,Tower C,17th Floor,Finishing,Tower Finishing,Paint,,16917210.0,2027-06-19,2027-06-28,,,2026-10-02,,0
1.1.4.3.3.1.17.14,Prehung door fixing,Tower C,17th Floor,Finishing,Tower Finishing,Door,,84020120.0,2027-06-24,2027-07-01,,,2026-10-07,,0
1.1.4.3.3.1.17.15,Painting 1st coat,Tower C,17th Floor,Finishing,Tower Finishing,Paint,,33834250.0,2027-07-02,2027-07-13,,,2026-10-15,,0
1.1.4.3.3.1.17.16,False Cieling panel fixing,Tower C,17th Floor,Finishing,Tower Finishing,False Ceiling,,34794750.0,2027-07-14,2027-07-23,,,2026-12-16,,0
1.1.4.3.3.1.18,18th floor,,,,,,,,2027-02-15,2027-08-04,,,2026-05-27,,
1.1.4.3.3.1.18.1,Block Work ,Tower C,18th Floor,,,NTA Finishing,,50200490.0,2027-02-15,2027-03-22,,,2026-05-27,,0
1.1.4.3.3.1.18.2,Installation of temporary Main door,Tower C,18th Floor,Finishing,Tower Finishing,Door,,2292450.0,2027-03-23,2027-03-26,,,2026-07-02,,0
1.1.4.3.3.1.18.3,Fire sprinkler pipe fixing,Tower C,18th Floor,MEP,Tower MEP,Plumbing,,49833800.0,2027-03-23,2027-04-01,,,2026-07-09,,0
1.1.4.3.3.1.18.4,Internal Plumbing Works,Tower C,18th Floor,MEP,Tower MEP,Plumbing,,158400390.0,2027-03-23,2027-04-06,,,2026-07-02,,0
1.1.4.3.3.1.18.5,Waterproofing,Tower C,18th Floor,Finishing,Tower Civil Finishes,Waterproofing,,52629280.0,2027-04-07,2027-04-27,,,2026-07-17,,0
1.1.4.3.3.1.18.6,Internal Plaster,Tower C,18th Floor,Finishing,Tower Civil Finishes,Int Plaster,,180576380.0,2027-04-07,2027-04-21,,,2026-07-17,,0
1.1.4.3.3.1.18.7,IPS flooring work,Tower C,18th Floor,Finishing,Tower Finishing,Flooring,,25419250.0,2027-03-23,2027-04-04,,,2026-07-02,,0
1.1.4.3.3.1.18.8,Toilet dado work,Tower C,18th Floor,Finishing,Tower Finishing,Flooring,,25628690.0,2027-04-26,2027-05-20,,,2026-08-05,,0
1.1.4.3.3.1.18.9,Toilet flooring work,Tower C,18th Floor,Finishing,Tower Finishing,Flooring,,102514420.0,2027-05-21,2027-06-14,,,2026-08-30,,0
1.1.4.3.3.1.18.10,Living dinning flooring,Tower C,18th Floor,Finishing,Tower Finishing,Flooring,,261625410.0,2027-05-26,2027-06-25,,,2026-09-04,,0
1.1.4.3.3.1.18.11,Electrical wiring work,Tower C,18th Floor,MEP,Tower MEP,Electrical,,185758660.0,2027-06-16,2027-06-27,,,2026-09-25,,0
1.1.4.3.3.1.18.12,Aluminium door-window fixing,Tower C,18th Floor,Finishing,Tower Finishing,Window,,233614170.0,2027-06-20,2027-07-08,,,2026-09-29,,0
1.1.4.3.3.1.18.13,Putty primer coat,Tower C,18th Floor,Finishing,Tower Finishing,Paint,,16917210.0,2027-07-01,2027-07-10,,,2026-10-10,,0
1.1.4.3.3.1.18.14,Prehung door fixing,Tower C,18th Floor,Finishing,Tower Finishing,Door,,84020120.0,2027-07-06,2027-07-13,,,2026-10-15,,0
1.1.4.3.3.1.18.15,Painting 1st coat,Tower C,18th Floor,Finishing,Tower Finishing,Paint,,33834250.0,2027-07-14,2027-07-25,,,2026-10-23,,0
1.1.4.3.3.1.18.16,False Cieling panel fixing,Tower C,18th Floor,Finishing,Tower Finishing,False Ceiling,,34794750.0,2027-07-26,2027-08-04,,,2026-12-26,,0
1.1.4.3.3.1.19,19th floor,,,,,,,,2027-02-27,2027-08-16,,,2026-06-04,,
1.1.4.3.3.1.19.1,Block Work ,Tower C,19th Floor,,,NTA Finishing,,50200490.0,2027-02-27,2027-04-03,,,2026-06-04,,0
1.1.4.3.3.1.19.2,Installation of temporary Main door,Tower C,19th Floor,Finishing,Tower Finishing,Door,,2292450.0,2027-04-04,2027-04-07,,,2026-07-10,,0
1.1.4.3.3.1.19.3,Fire sprinkler pipe fixing,Tower C,19th Floor,MEP,Tower MEP,Plumbing,,49833800.0,2027-04-04,2027-04-13,,,2026-07-19,,0
1.1.4.3.3.1.19.4,Internal Plumbing Works,Tower C,19th Floor,MEP,Tower MEP,Plumbing,,158400390.0,2027-04-04,2027-04-18,,,2026-07-10,,0
1.1.4.3.3.1.19.5,Waterproofing,Tower C,19th Floor,Finishing,Tower Civil Finishes,Waterproofing,,52629280.0,2027-04-19,2027-05-09,,,2026-07-25,,0
1.1.4.3.3.1.19.6,Internal Plaster,Tower C,19th Floor,Finishing,Tower Civil Finishes,Int Plaster,,180576380.0,2027-04-19,2027-05-03,,,2026-07-25,,0
1.1.4.3.3.1.19.7,IPS flooring work,Tower C,19th Floor,Finishing,Tower Finishing,Flooring,,25419250.0,2027-04-04,2027-04-16,,,2026-07-10,,0
1.1.4.3.3.1.19.8,Toilet dado work,Tower C,19th Floor,Finishing,Tower Finishing,Flooring,,25628690.0,2027-05-08,2027-06-01,,,2026-08-13,,0
1.1.4.3.3.1.19.9,Toilet flooring work,Tower C,19th Floor,Finishing,Tower Finishing,Flooring,,102514420.0,2027-06-02,2027-06-26,,,2026-09-07,,0
1.1.4.3.3.1.19.10,Living dinning flooring,Tower C,19th Floor,Finishing,Tower Finishing,Flooring,,261625410.0,2027-06-07,2027-07-07,,,2026-09-12,,0
1.1.4.3.3.1.19.11,Electrical wiring work,Tower C,19th Floor,MEP,Tower MEP,Electrical,,185758660.0,2027-06-28,2027-07-09,,,2026-10-03,,0
1.1.4.3.3.1.19.12,Aluminium door-window fixing,Tower C,19th Floor,Finishing,Tower Finishing,Window,,233614170.0,2027-07-02,2027-07-20,,,2026-10-07,,0
1.1.4.3.3.1.19.13,Putty primer coat,Tower C,19th Floor,Finishing,Tower Finishing,Paint,,16917210.0,2027-07-13,2027-07-22,,,2026-10-18,,0
1.1.4.3.3.1.19.14,Prehung door fixing,Tower C,19th Floor,Finishing,Tower Finishing,Door,,84020120.0,2027-07-18,2027-07-25,,,2026-10-23,,0
1.1.4.3.3.1.19.15,Painting 1st coat,Tower C,19th Floor,Finishing,Tower Finishing,Paint,,33834250.0,2027-07-26,2027-08-06,,,2026-10-31,,0
1.1.4.3.3.1.19.16,False Cieling panel fixing,Tower C,19th Floor,Finishing,Tower Finishing,False Ceiling,,34794750.0,2027-08-07,2027-08-16,,,2027-01-05,,0
1.1.4.3.3.1.20,20th floor,,,,,,,,2027-03-11,2027-08-28,,,2026-06-12,,
1.1.4.3.3.1.20.1,Block Work ,Tower C,20th Floor,,,NTA Finishing,,50200490.0,2027-03-11,2027-04-15,,,2026-06-12,,0
1.1.4.3.3.1.20.2,Installation of temporary Main door,Tower C,20th Floor,Finishing,Tower Finishing,Door,,2292450.0,2027-04-16,2027-04-19,,,2026-07-18,,0
1.1.4.3.3.1.20.3,Fire sprinkler pipe fixing,Tower C,20th Floor,MEP,Tower MEP,Plumbing,,49833800.0,2027-04-16,2027-04-25,,,2026-07-29,,0
1.1.4.3.3.1.20.4,Internal Plumbing Works,Tower C,20th Floor,MEP,Tower MEP,Plumbing,,158400390.0,2027-04-16,2027-04-30,,,2026-07-18,,0
1.1.4.3.3.1.20.5,Waterproofing,Tower C,20th Floor,Finishing,Tower Civil Finishes,Waterproofing,,52629280.0,2027-05-01,2027-05-21,,,2026-08-02,,0
1.1.4.3.3.1.20.6,Internal Plaster,Tower C,20th Floor,Finishing,Tower Civil Finishes,Int Plaster,,180576380.0,2027-05-01,2027-05-15,,,2026-08-02,,0
1.1.4.3.3.1.20.7,IPS flooring work,Tower C,20th Floor,Finishing,Tower Finishing,Flooring,,25419250.0,2027-04-16,2027-04-28,,,2026-07-18,,0
1.1.4.3.3.1.20.8,Toilet dado work,Tower C,20th Floor,Finishing,Tower Finishing,Flooring,,25628690.0,2027-05-20,2027-06-13,,,2026-08-21,,0
1.1.4.3.3.1.20.9,Toilet flooring work,Tower C,20th Floor,Finishing,Tower Finishing,Flooring,,102514420.0,2027-06-14,2027-07-08,,,2026-09-15,,0
1.1.4.3.3.1.20.10,Living dinning flooring,Tower C,20th Floor,Finishing,Tower Finishing,Flooring,,261625410.0,2027-06-19,2027-07-19,,,2026-09-20,,0
1.1.4.3.3.1.20.11,Electrical wiring work,Tower C,20th Floor,MEP,Tower MEP,Electrical,,185758660.0,2027-07-10,2027-07-21,,,2026-10-11,,0
1.1.4.3.3.1.20.12,Aluminium door-window fixing,Tower C,20th Floor,Finishing,Tower Finishing,Window,,233614170.0,2027-07-14,2027-08-01,,,2026-10-15,,0
1.1.4.3.3.1.20.13,Putty primer coat,Tower C,20th Floor,Finishing,Tower Finishing,Paint,,16917210.0,2027-07-25,2027-08-03,,,2026-10-26,,0
1.1.4.3.3.1.20.14,Prehung door fixing,Tower C,20th Floor,Finishing,Tower Finishing,Door,,84020120.0,2027-07-30,2027-08-06,,,2026-10-31,,0
1.1.4.3.3.1.20.15,Painting 1st coat,Tower C,20th Floor,Finishing,Tower Finishing,Paint,,33834250.0,2027-08-07,2027-08-18,,,2026-12-23,,0
1.1.4.3.3.1.20.16,False Cieling panel fixing,Tower C,20th Floor,Finishing,Tower Finishing,False Ceiling,,34794750.0,2027-08-19,2027-08-28,,,2027-01-15,,0
1.1.4.3.3.1.21,21st floor,,,,,,,,2027-04-18,2027-10-05,,,2026-06-20,,
1.1.4.3.3.1.21.1,Block Work ,Tower C,21st Floor,,,NTA Finishing,,50200490.0,2027-04-18,2027-05-23,,,2026-06-20,,0
1.1.4.3.3.1.21.2,Installation of temporary Main door,Tower C,21st Floor,Finishing,Tower Finishing,Door,,2292450.0,2027-05-24,2027-05-27,,,2026-07-26,,0
1.1.4.3.3.1.21.3,Fire sprinkler pipe fixing,Tower C,21st Floor,MEP,Tower MEP,Plumbing,,49833800.0,2027-05-24,2027-06-02,,,2026-08-08,,0
1.1.4.3.3.1.21.4,Internal Plumbing Works,Tower C,21st Floor,MEP,Tower MEP,Plumbing,,158400390.0,2027-05-24,2027-06-07,,,2026-07-26,,0
1.1.4.3.3.1.21.5,Waterproofing,Tower C,21st Floor,Finishing,Tower Civil Finishes,Waterproofing,,52629280.0,2027-06-08,2027-06-28,,,2026-08-10,,0
1.1.4.3.3.1.21.6,Internal Plaster,Tower C,21st Floor,Finishing,Tower Civil Finishes,Int Plaster,,180576380.0,2027-06-08,2027-06-22,,,2026-08-10,,0
1.1.4.3.3.1.21.7,IPS flooring work,Tower C,21st Floor,Finishing,Tower Finishing,Flooring,,25419250.0,2027-05-24,2027-06-05,,,2026-07-26,,0
1.1.4.3.3.1.21.8,Toilet dado work,Tower C,21st Floor,Finishing,Tower Finishing,Flooring,,25628690.0,2027-06-27,2027-07-21,,,2026-08-29,,0
1.1.4.3.3.1.21.9,Toilet flooring work,Tower C,21st Floor,Finishing,Tower Finishing,Flooring,,102514420.0,2027-07-22,2027-08-15,,,2026-09-23,,0
1.1.4.3.3.1.21.10,Living dinning flooring,Tower C,21st Floor,Finishing,Tower Finishing,Flooring,,261625410.0,2027-07-27,2027-08-26,,,2026-09-28,,0
1.1.4.3.3.1.21.11,Electrical wiring work,Tower C,21st Floor,MEP,Tower MEP,Electrical,,185758660.0,2027-08-17,2027-08-28,,,2026-10-19,,0
1.1.4.3.3.1.21.12,Aluminium door-window fixing,Tower C,21st Floor,Finishing,Tower Finishing,Window,,233614170.0,2027-08-21,2027-09-08,,,2026-10-23,,0
1.1.4.3.3.1.21.13,Putty primer coat,Tower C,21st Floor,Finishing,Tower Finishing,Paint,,16917210.0,2027-09-01,2027-09-10,,,2026-12-18,,0
1.1.4.3.3.1.21.14,Prehung door fixing,Tower C,21st Floor,Finishing,Tower Finishing,Door,,84020120.0,2027-09-06,2027-09-13,,,2026-12-23,,0
1.1.4.3.3.1.21.15,Painting 1st coat,Tower C,21st Floor,Finishing,Tower Finishing,Paint,,33834250.0,2027-09-14,2027-09-25,,,2026-12-31,,0
1.1.4.3.3.1.21.16,False Cieling panel fixing,Tower C,21st Floor,Finishing,Tower Finishing,False Ceiling,,34794750.0,2027-09-26,2027-10-05,,,2027-01-25,,0
1.1.4.3.3.1.22,22nd floor,,,,,,,,2027-05-06,2027-10-23,,,2026-07-02,,
1.1.4.3.3.1.22.1,Block Work ,Tower C,22nd Floor,,,NTA Finishing,,50200490.0,2027-05-06,2027-06-10,,,2026-07-02,,0
1.1.4.3.3.1.22.2,Installation of temporary Main door,Tower C,22nd Floor,Finishing,Tower Finishing,Door,,2292450.0,2027-06-11,2027-06-14,,,2026-08-07,,0
1.1.4.3.3.1.22.3,Fire sprinkler pipe fixing,Tower C,22nd Floor,MEP,Tower MEP,Plumbing,,49833800.0,2027-06-11,2027-06-20,,,2026-08-18,,0
1.1.4.3.3.1.22.4,Internal Plumbing Works,Tower C,22nd Floor,MEP,Tower MEP,Plumbing,,158400390.0,2027-06-11,2027-06-25,,,2026-08-07,,0
1.1.4.3.3.1.22.5,Waterproofing,Tower C,22nd Floor,Finishing,Tower Civil Finishes,Waterproofing,,52629280.0,2027-06-26,2027-07-16,,,2026-08-22,,0
1.1.4.3.3.1.22.6,Internal Plaster,Tower C,22nd Floor,Finishing,Tower Civil Finishes,Int Plaster,,180576380.0,2027-06-26,2027-07-10,,,2026-08-22,,0
1.1.4.3.3.1.22.7,IPS flooring work,Tower C,22nd Floor,Finishing,Tower Finishing,Flooring,,25419250.0,2027-06-11,2027-06-23,,,2026-08-07,,0
1.1.4.3.3.1.22.8,Toilet dado work,Tower C,22nd Floor,Finishing,Tower Finishing,Flooring,,25628690.0,2027-07-15,2027-08-08,,,2026-09-10,,0
1.1.4.3.3.1.22.9,Toilet flooring work,Tower C,22nd Floor,Finishing,Tower Finishing,Flooring,,102514420.0,2027-08-09,2027-09-02,,,2026-10-05,,0
1.1.4.3.3.1.22.10,Living dinning flooring,Tower C,22nd Floor,Finishing,Tower Finishing,Flooring,,261625410.0,2027-08-14,2027-09-13,,,2026-10-10,,0
1.1.4.3.3.1.22.11,Electrical wiring work,Tower C,22nd Floor,MEP,Tower MEP,Electrical,,185758660.0,2027-09-04,2027-09-15,,,2026-10-31,,0
1.1.4.3.3.1.22.12,Aluminium door-window fixing,Tower C,22nd Floor,Finishing,Tower Finishing,Window,,233614170.0,2027-09-08,2027-09-26,,,2026-12-19,,0
1.1.4.3.3.1.22.13,Putty primer coat,Tower C,22nd Floor,Finishing,Tower Finishing,Paint,,16917210.0,2027-09-19,2027-09-28,,,2026-12-30,,0
1.1.4.3.3.1.22.14,Prehung door fixing,Tower C,22nd Floor,Finishing,Tower Finishing,Door,,84020120.0,2027-09-24,2027-10-01,,,2027-01-04,,0
1.1.4.3.3.1.22.15,Painting 1st coat,Tower C,22nd Floor,Finishing,Tower Finishing,Paint,,33834250.0,2027-10-02,2027-10-13,,,2027-01-12,,0
1.1.4.3.3.1.22.16,False Cieling panel fixing,Tower C,22nd Floor,Finishing,Tower Finishing,False Ceiling,,34794750.0,2027-10-14,2027-10-23,,,2027-02-04,,0
1.1.4.3.3.1.23,23rd floor,,,,,,,,2027-05-18,2027-12-19,,,2026-07-10,,
1.1.4.3.3.1.23.1,Block Work ,Tower C,23rd Floor,,,NTA Finishing,,50200490.0,2027-05-18,2027-06-22,,,2026-07-10,,0
1.1.4.3.3.1.23.2,Installation of temporary Main door,Tower C,23rd Floor,Finishing,Tower Finishing,Door,,2292450.0,2027-06-23,2027-06-26,,,2026-08-15,,0
1.1.4.3.3.1.23.3,Fire sprinkler pipe fixing,Tower C,23rd Floor,MEP,Tower MEP,Plumbing,,49833800.0,2027-06-23,2027-07-02,,,2026-08-28,,0
1.1.4.3.3.1.23.4,Internal Plumbing Works,Tower C,23rd Floor,MEP,Tower MEP,Plumbing,,158400390.0,2027-06-23,2027-07-07,,,2026-08-15,,0
1.1.4.3.3.1.23.5,Waterproofing,Tower C,23rd Floor,Finishing,Tower Civil Finishes,Waterproofing,,52629280.0,2027-07-08,2027-07-28,,,2026-08-30,,0
1.1.4.3.3.1.23.6,Internal Plaster,Tower C,23rd Floor,Finishing,Tower Civil Finishes,Int Plaster,,180576380.0,2027-07-08,2027-07-22,,,2026-08-30,,0
1.1.4.3.3.1.23.7,IPS flooring work,Tower C,23rd Floor,Finishing,Tower Finishing,Flooring,,25419250.0,2027-06-23,2027-07-05,,,2026-08-15,,0
1.1.4.3.3.1.23.8,Toilet dado work,Tower C,23rd Floor,Finishing,Tower Finishing,Flooring,,25628690.0,2027-07-27,2027-08-20,,,2026-09-18,,0
1.1.4.3.3.1.23.9,Toilet flooring work,Tower C,23rd Floor,Finishing,Tower Finishing,Flooring,,102514420.0,2027-08-21,2027-09-14,,,2026-10-13,,0
1.1.4.3.3.1.23.10,Living dinning flooring,Tower C,23rd Floor,Finishing,Tower Finishing,Flooring,,261625410.0,2027-08-26,2027-09-25,,,2026-10-18,,0
1.1.4.3.3.1.23.11,Electrical wiring work,Tower C,23rd Floor,MEP,Tower MEP,Electrical,,185758660.0,2027-09-16,2027-09-27,,,2026-12-23,,0
1.1.4.3.3.1.23.12,Aluminium door-window fixing,Tower C,23rd Floor,Finishing,Tower Finishing,Window,,233614170.0,2027-09-20,2027-10-08,,,2026-12-27,,0
1.1.4.3.3.1.23.13,Putty primer coat,Tower C,23rd Floor,Finishing,Tower Finishing,Paint,,16917210.0,2027-10-01,2027-10-10,,,2027-01-07,,0
1.1.4.3.3.1.23.14,Prehung door fixing,Tower C,23rd Floor,Finishing,Tower Finishing,Door,,84020120.0,2027-10-06,2027-10-13,,,2027-01-12,,0
1.1.4.3.3.1.23.15,Painting 1st coat,Tower C,23rd Floor,Finishing,Tower Finishing,Paint,,33834250.0,2027-10-14,2027-10-25,,,2027-01-20,,0
1.1.4.3.3.1.23.16,False Cieling panel fixing,Tower C,23rd Floor,Finishing,Tower Finishing,False Ceiling,,34794750.0,2027-10-26,2027-12-19,,,2027-02-14,,0
1.1.4.3.3.1.24,24th floor,,,,,,,,2027-05-30,2027-12-31,,,2026-07-18,,
1.1.4.3.3.1.24.1,Block Work ,Tower C,24th Floor,,,NTA Finishing,,50200490.0,2027-05-30,2027-07-04,,,2026-07-18,,0
1.1.4.3.3.1.24.2,Installation of temporary Main door,Tower C,24th Floor,Finishing,Tower Finishing,Door,,2292450.0,2027-07-05,2027-07-08,,,2026-08-23,,0
1.1.4.3.3.1.24.3,Fire sprinkler pipe fixing,Tower C,24th Floor,MEP,Tower MEP,Plumbing,,49833800.0,2027-07-05,2027-07-14,,,2026-09-07,,0
1.1.4.3.3.1.24.4,Internal Plumbing Works,Tower C,24th Floor,MEP,Tower MEP,Plumbing,,158400390.0,2027-07-05,2027-07-19,,,2026-08-23,,0
1.1.4.3.3.1.24.5,Waterproofing,Tower C,24th Floor,Finishing,Tower Civil Finishes,Waterproofing,,52629280.0,2027-07-20,2027-08-09,,,2026-09-07,,0
1.1.4.3.3.1.24.6,Internal Plaster,Tower C,24th Floor,Finishing,Tower Civil Finishes,Int Plaster,,180576380.0,2027-07-20,2027-08-03,,,2026-09-07,,0
1.1.4.3.3.1.24.7,IPS flooring work,Tower C,24th Floor,Finishing,Tower Finishing,Flooring,,25419250.0,2027-07-05,2027-07-17,,,2026-08-23,,0
1.1.4.3.3.1.24.8,Toilet dado work,Tower C,24th Floor,Finishing,Tower Finishing,Flooring,,25628690.0,2027-08-08,2027-09-01,,,2026-09-26,,0
1.1.4.3.3.1.24.9,Toilet flooring work,Tower C,24th Floor,Finishing,Tower Finishing,Flooring,,102514420.0,2027-09-02,2027-09-26,,,2026-10-21,,0
1.1.4.3.3.1.24.10,Living dinning flooring,Tower C,24th Floor,Finishing,Tower Finishing,Flooring,,261625410.0,2027-09-07,2027-10-07,,,2026-10-26,,0
1.1.4.3.3.1.24.11,Electrical wiring work,Tower C,24th Floor,MEP,Tower MEP,Electrical,,185758660.0,2027-09-28,2027-10-09,,,2026-12-31,,0
1.1.4.3.3.1.24.12,Aluminium door-window fixing,Tower C,24th Floor,Finishing,Tower Finishing,Window,,233614170.0,2027-10-02,2027-10-20,,,2027-01-04,,0
1.1.4.3.3.1.24.13,Putty primer coat,Tower C,24th Floor,Finishing,Tower Finishing,Paint,,16917210.0,2027-10-13,2027-10-22,,,2027-01-15,,0
1.1.4.3.3.1.24.14,Prehung door fixing,Tower C,24th Floor,Finishing,Tower Finishing,Door,,84020120.0,2027-10-18,2027-10-25,,,2027-01-20,,0
1.1.4.3.3.1.24.15,Painting 1st coat,Tower C,24th Floor,Finishing,Tower Finishing,Paint,,33834250.0,2027-10-26,2027-12-21,,,2027-01-28,,0
1.1.4.3.3.1.24.16,False Cieling panel fixing,Tower C,24th Floor,Finishing,Tower Finishing,False Ceiling,,34794750.0,2027-12-22,2027-12-31,,,2027-02-24,,0
1.1.4.3.3.1.25,25th floor,,,,,,,,2027-06-11,2028-01-12,,,2026-07-26,,
1.1.4.3.3.1.25.1,Block Work ,Tower C,25th Floor,,,NTA Finishing,,50200490.0,2027-06-11,2027-07-16,,,2026-07-26,,0
1.1.4.3.3.1.25.2,Installation of temporary Main door,Tower C,25th Floor,Finishing,Tower Finishing,Door,,2292450.0,2027-07-17,2027-07-20,,,2026-08-31,,0
1.1.4.3.3.1.25.3,Fire sprinkler pipe fixing,Tower C,25th Floor,MEP,Tower MEP,Plumbing,,49833800.0,2027-07-17,2027-07-26,,,2026-09-17,,0
1.1.4.3.3.1.25.4,Internal Plumbing Works,Tower C,25th Floor,MEP,Tower MEP,Plumbing,,158400390.0,2027-07-17,2027-07-31,,,2026-08-31,,0
1.1.4.3.3.1.25.5,Waterproofing,Tower C,25th Floor,Finishing,Tower Civil Finishes,Waterproofing,,52629280.0,2027-08-01,2027-08-21,,,2026-09-15,,0
1.1.4.3.3.1.25.6,Internal Plaster,Tower C,25th Floor,Finishing,Tower Civil Finishes,Int Plaster,,180576380.0,2027-08-01,2027-08-15,,,2026-09-15,,0
1.1.4.3.3.1.25.7,IPS flooring work,Tower C,25th Floor,Finishing,Tower Finishing,Flooring,,25419250.0,2027-07-17,2027-07-29,,,2026-08-31,,0
1.1.4.3.3.1.25.8,Toilet dado work,Tower C,25th Floor,Finishing,Tower Finishing,Flooring,,25628690.0,2027-08-20,2027-09-13,,,2026-10-04,,0
1.1.4.3.3.1.25.9,Toilet flooring work,Tower C,25th Floor,Finishing,Tower Finishing,Flooring,,102514420.0,2027-09-14,2027-10-08,,,2026-10-29,,0
1.1.4.3.3.1.25.10,Living dinning flooring,Tower C,25th Floor,Finishing,Tower Finishing,Flooring,,261625410.0,2027-09-19,2027-10-19,,,2026-12-18,,0
1.1.4.3.3.1.25.11,Electrical wiring work,Tower C,25th Floor,MEP,Tower MEP,Electrical,,185758660.0,2027-10-10,2027-10-21,,,2027-01-08,,0
1.1.4.3.3.1.25.12,Aluminium door-window fixing,Tower C,25th Floor,Finishing,Tower Finishing,Window,,233614170.0,2027-10-14,2027-12-16,,,2027-01-12,,0
1.1.4.3.3.1.25.13,Putty primer coat,Tower C,25th Floor,Finishing,Tower Finishing,Paint,,16917210.0,2027-10-25,2027-12-18,,,2027-01-23,,0
1.1.4.3.3.1.25.14,Prehung door fixing,Tower C,25th Floor,Finishing,Tower Finishing,Door,,84020120.0,2027-10-30,2027-12-21,,,2027-01-28,,0
1.1.4.3.3.1.25.15,Painting 1st coat,Tower C,25th Floor,Finishing,Tower Finishing,Paint,,33834250.0,2027-12-22,2028-01-02,,,2027-02-05,,0
1.1.4.3.3.1.25.16,False Cieling panel fixing,Tower C,25th Floor,Finishing,Tower Finishing,False Ceiling,,34794750.0,2028-01-03,2028-01-12,,,2027-03-06,,0
1.1.4.3.3.1.26,26th floor,,,,,,,,2027-06-23,2028-01-24,,,2026-08-03,,
1.1.4.3.3.1.26.1,Block Work ,Tower C,26th Floor,,,NTA Finishing,,50200490.0,2027-06-23,2027-07-28,,,2026-08-03,,0
1.1.4.3.3.1.26.2,Installation of temporary Main door,Tower C,26th Floor,Finishing,Tower Finishing,Door,,2292450.0,2027-07-29,2027-08-01,,,2026-09-08,,0
1.1.4.3.3.1.26.3,Fire sprinkler pipe fixing,Tower C,26th Floor,MEP,Tower MEP,Plumbing,,49833800.0,2027-07-29,2027-08-07,,,2026-09-27,,0
1.1.4.3.3.1.26.4,Internal Plumbing Works,Tower C,26th Floor,MEP,Tower MEP,Plumbing,,158400390.0,2027-07-29,2027-08-12,,,2026-09-08,,0
1.1.4.3.3.1.26.5,Waterproofing,Tower C,26th Floor,Finishing,Tower Civil Finishes,Waterproofing,,52629280.0,2027-08-13,2027-09-02,,,2026-09-23,,0
1.1.4.3.3.1.26.6,Internal Plaster,Tower C,26th Floor,Finishing,Tower Civil Finishes,Int Plaster,,180576380.0,2027-08-13,2027-08-27,,,2026-09-23,,0
1.1.4.3.3.1.26.7,IPS flooring work,Tower C,26th Floor,Finishing,Tower Finishing,Flooring,,25419250.0,2027-07-29,2027-08-10,,,2026-09-08,,0
1.1.4.3.3.1.26.8,Toilet dado work,Tower C,26th Floor,Finishing,Tower Finishing,Flooring,,25628690.0,2027-09-01,2027-09-25,,,2026-10-12,,0
1.1.4.3.3.1.26.9,Toilet flooring work,Tower C,26th Floor,Finishing,Tower Finishing,Flooring,,102514420.0,2027-09-26,2027-10-20,,,2026-12-21,,0
1.1.4.3.3.1.26.10,Living dinning flooring,Tower C,26th Floor,Finishing,Tower Finishing,Flooring,,261625410.0,2027-10-01,2027-10-31,,,2026-12-26,,0
1.1.4.3.3.1.26.11,Electrical wiring work,Tower C,26th Floor,MEP,Tower MEP,Electrical,,185758660.0,2027-10-22,2027-12-17,,,2027-01-16,,0
1.1.4.3.3.1.26.12,Aluminium door-window fixing,Tower C,26th Floor,Finishing,Tower Finishing,Window,,233614170.0,2027-10-26,2027-12-28,,,2027-01-20,,0
1.1.4.3.3.1.26.13,Putty primer coat,Tower C,26th Floor,Finishing,Tower Finishing,Paint,,16917210.0,2027-12-21,2027-12-30,,,2027-01-31,,0
1.1.4.3.3.1.26.14,Prehung door fixing,Tower C,26th Floor,Finishing,Tower Finishing,Door,,84020120.0,2027-12-26,2028-01-02,,,2027-02-05,,0
1.1.4.3.3.1.26.15,Painting 1st coat,Tower C,26th Floor,Finishing,Tower Finishing,Paint,,33834250.0,2028-01-03,2028-01-14,,,2027-02-13,,0
1.1.4.3.3.1.26.16,False Cieling panel fixing,Tower C,26th Floor,Finishing,Tower Finishing,False Ceiling,,34794750.0,2028-01-15,2028-01-24,,,2027-03-16,,0
1.1.4.3.3.1.27,27th floor,,,,,,,,2027-07-05,2028-02-05,,,2026-08-11,,
1.1.4.3.3.1.27.1,Block Work ,Tower C,27th Floor,,,NTA Finishing,,50200490.0,2027-07-05,2027-08-09,,,2026-08-11,,0
1.1.4.3.3.1.27.2,Installation of temporary Main door,Tower C,27th Floor,Finishing,Tower Finishing,Door,,2292450.0,2027-08-10,2027-08-13,,,2026-09-16,,0
1.1.4.3.3.1.27.3,Fire sprinkler pipe fixing,Tower C,27th Floor,MEP,Tower MEP,Plumbing,,49833800.0,2027-08-10,2027-08-19,,,2026-10-07,,0
1.1.4.3.3.1.27.4,Internal Plumbing Works,Tower C,27th Floor,MEP,Tower MEP,Plumbing,,158400390.0,2027-08-10,2027-08-24,,,2026-09-16,,0
1.1.4.3.3.1.27.5,Waterproofing,Tower C,27th Floor,Finishing,Tower Civil Finishes,Waterproofing,,52629280.0,2027-08-25,2027-09-14,,,2026-10-01,,0
1.1.4.3.3.1.27.6,Internal Plaster,Tower C,27th Floor,Finishing,Tower Civil Finishes,Int Plaster,,180576380.0,2027-08-25,2027-09-08,,,2026-10-01,,0
1.1.4.3.3.1.27.7,IPS flooring work,Tower C,27th Floor,Finishing,Tower Finishing,Flooring,,25419250.0,2027-08-10,2027-08-22,,,2026-09-16,,0
1.1.4.3.3.1.27.8,Toilet dado work,Tower C,27th Floor,Finishing,Tower Finishing,Flooring,,25628690.0,2027-09-13,2027-10-07,,,2026-10-20,,0
1.1.4.3.3.1.27.9,Toilet flooring work,Tower C,27th Floor,Finishing,Tower Finishing,Flooring,,102514420.0,2027-10-08,2027-12-16,,,2026-12-29,,0
1.1.4.3.3.1.27.10,Living dinning flooring,Tower C,27th Floor,Finishing,Tower Finishing,Flooring,,261625410.0,2027-10-13,2027-12-27,,,2027-01-03,,0
1.1.4.3.3.1.27.11,Electrical wiring work,Tower C,27th Floor,MEP,Tower MEP,Electrical,,185758660.0,2027-12-18,2027-12-29,,,2027-01-24,,0
1.1.4.3.3.1.27.12,Aluminium door-window fixing,Tower C,27th Floor,Finishing,Tower Finishing,Window,,233614170.0,2027-12-22,2028-01-09,,,2027-01-28,,0
1.1.4.3.3.1.27.13,Putty primer coat,Tower C,27th Floor,Finishing,Tower Finishing,Paint,,16917210.0,2028-01-02,2028-01-11,,,2027-02-08,,0
1.1.4.3.3.1.27.14,Prehung door fixing,Tower C,27th Floor,Finishing,Tower Finishing,Door,,84020120.0,2028-01-07,2028-01-14,,,2027-02-13,,0
1.1.4.3.3.1.27.15,Painting 1st coat,Tower C,27th Floor,Finishing,Tower Finishing,Paint,,33834250.0,2028-01-15,2028-01-26,,,2027-02-21,,0
1.1.4.3.3.1.27.16,False Cieling panel fixing,Tower C,27th Floor,Finishing,Tower Finishing,False Ceiling,,34794750.0,2028-01-27,2028-02-05,,,2027-03-26,,0
1.1.4.3.3.1.28,28th floor,,,,,,,,2027-07-19,2028-03-25,,,2026-08-21,,
1.1.4.3.3.1.28.1,Block Work ,Tower C,28th Floor,,,NTA Finishing,,50200490.0,2027-07-19,2027-08-23,,,2026-08-21,,0
1.1.4.3.3.1.28.2,Installation of temporary Main door,Tower C,28th Floor,Finishing,Tower Finishing,Door,,2292450.0,2027-08-24,2027-08-27,,,2026-09-26,,0
1.1.4.3.3.1.28.3,Fire sprinkler pipe fixing,Tower C,28th Floor,MEP,Tower MEP,Plumbing,,49833800.0,2027-08-24,2027-09-02,,,2026-10-17,,0
1.1.4.3.3.1.28.4,Internal Plumbing Works,Tower C,28th Floor,MEP,Tower MEP,Plumbing,,158400390.0,2027-08-24,2027-09-07,,,2026-09-26,,0
1.1.4.3.3.1.28.5,Waterproofing,Tower C,28th Floor,Finishing,Tower Civil Finishes,Waterproofing,,52629280.0,2027-09-08,2027-09-28,,,2026-10-11,,0
1.1.4.3.3.1.28.6,Internal Plaster,Tower C,28th Floor,Finishing,Tower Civil Finishes,Int Plaster,,180576380.0,2027-09-08,2027-09-22,,,2026-10-11,,0
1.1.4.3.3.1.28.7,IPS flooring work,Tower C,28th Floor,Finishing,Tower Finishing,Flooring,,25419250.0,2027-08-24,2027-09-05,,,2026-09-26,,0
1.1.4.3.3.1.28.8,Toilet dado work,Tower C,28th Floor,Finishing,Tower Finishing,Flooring,,25628690.0,2027-09-27,2028-01-09,,,2026-10-30,,0
1.1.4.3.3.1.28.9,Toilet flooring work,Tower C,28th Floor,Finishing,Tower Finishing,Flooring,,102514420.0,2028-01-10,2028-02-03,,,2027-02-12,,0
1.1.4.3.3.1.28.10,Living dinning flooring,Tower C,28th Floor,Finishing,Tower Finishing,Flooring,,261625410.0,2028-01-15,2028-02-14,,,2027-02-17,,0
1.1.4.3.3.1.28.11,Electrical wiring work,Tower C,28th Floor,MEP,Tower MEP,Electrical,,185758660.0,2028-02-05,2028-02-16,,,2027-03-10,,0
1.1.4.3.3.1.28.12,Aluminium door-window fixing,Tower C,28th Floor,Finishing,Tower Finishing,Window,,233614170.0,2028-02-09,2028-02-27,,,2027-03-14,,0
1.1.4.3.3.1.28.13,Putty primer coat,Tower C,28th Floor,Finishing,Tower Finishing,Paint,,16917210.0,2028-02-20,2028-02-29,,,2027-03-25,,0
1.1.4.3.3.1.28.14,Prehung door fixing,Tower C,28th Floor,Finishing,Tower Finishing,Door,,84020120.0,2028-02-25,2028-03-03,,,2027-03-30,,0
1.1.4.3.3.1.28.15,Painting 1st coat,Tower C,28th Floor,Finishing,Tower Finishing,Paint,,33834250.0,2028-03-04,2028-03-15,,,2027-04-07,,0
1.1.4.3.3.1.28.16,False Cieling panel fixing,Tower C,28th Floor,Finishing,Tower Finishing,False Ceiling,,34794750.0,2028-03-16,2028-03-25,,,2027-04-19,,0
1.1.4.3.3.1.29,29th floor,,,,,,,,2027-08-02,2028-04-04,,,2026-08-31,,
1.1.4.3.3.1.29.1,Block Work ,Tower C,29th Floor,,,NTA Finishing,,50200490.0,2027-08-02,2027-09-06,,,2026-08-31,,0
1.1.4.3.3.1.29.2,Installation of temporary Main door,Tower C,29th Floor,Finishing,Tower Finishing,Door,,2292450.0,2027-09-07,2027-09-10,,,2026-10-06,,0
1.1.4.3.3.1.29.3,Fire sprinkler pipe fixing,Tower C,29th Floor,MEP,Tower MEP,Plumbing,,49833800.0,2027-09-07,2027-09-16,,,2026-10-27,,0
1.1.4.3.3.1.29.4,Internal Plumbing Works,Tower C,29th Floor,MEP,Tower MEP,Plumbing,,158400390.0,2027-09-07,2027-09-21,,,2026-10-06,,0
1.1.4.3.3.1.29.5,Waterproofing,Tower C,29th Floor,Finishing,Tower Civil Finishes,Waterproofing,,52629280.0,2027-09-22,2027-10-12,,,2026-10-21,,0
1.1.4.3.3.1.29.6,Internal Plaster,Tower C,29th Floor,Finishing,Tower Civil Finishes,Int Plaster,,180576380.0,2027-09-22,2027-10-06,,,2026-10-21,,0
1.1.4.3.3.1.29.7,IPS flooring work,Tower C,29th Floor,Finishing,Tower Finishing,Flooring,,25419250.0,2027-09-07,2027-09-19,,,2026-10-06,,0
1.1.4.3.3.1.29.8,Toilet dado work,Tower C,29th Floor,Finishing,Tower Finishing,Flooring,,25628690.0,2027-10-11,2027-12-19,,,2026-12-24,,0
1.1.4.3.3.1.29.9,Toilet flooring work,Tower C,29th Floor,Finishing,Tower Finishing,Flooring,,102514420.0,2027-12-20,2028-01-13,,,2027-01-18,,0
1.1.4.3.3.1.29.10,Living dinning flooring,Tower C,29th Floor,Finishing,Tower Finishing,Flooring,,261625410.0,2027-12-25,2028-01-24,,,2027-01-23,,0
1.1.4.3.3.1.29.11,Electrical wiring work,Tower C,29th Floor,MEP,Tower MEP,Electrical,,185758660.0,2028-01-15,2028-01-26,,,2027-02-13,,0
1.1.4.3.3.1.29.12,Aluminium door-window fixing,Tower C,29th Floor,Finishing,Tower Finishing,Window,,233614170.0,2028-01-19,2028-02-06,,,2027-02-17,,0
1.1.4.3.3.1.29.13,Putty primer coat,Tower C,29th Floor,Finishing,Tower Finishing,Paint,,16917210.0,2028-01-30,2028-02-08,,,2027-02-28,,0
1.1.4.3.3.1.29.14,Prehung door fixing,Tower C,29th Floor,Finishing,Tower Finishing,Door,,84020120.0,2028-02-04,2028-02-11,,,2027-03-05,,0
1.1.4.3.3.1.29.15,Painting 1st coat,Tower C,29th Floor,Finishing,Tower Finishing,Paint,,33834250.0,2028-02-12,2028-02-23,,,2027-03-13,,0
1.1.4.3.3.1.29.16,False Cieling panel fixing,Tower C,29th Floor,Finishing,Tower Finishing,False Ceiling,,34794750.0,2028-03-26,2028-04-04,,,2027-04-29,,0
1.1.4.3.3.1.30,30th floor,,,,,,,,2027-08-09,2028-04-14,,,2026-09-07,,
1.1.4.3.3.1.30.1,Block Work ,Tower C,30th Floor,,,NTA Finishing,,50200490.0,2027-08-09,2027-09-13,,,2026-09-07,,0
1.1.4.3.3.1.30.2,Installation of temporary Main door,Tower C,30th Floor,Finishing,Tower Finishing,Door,,2292450.0,2027-09-14,2027-09-17,,,2026-10-13,,0
1.1.4.3.3.1.30.3,Fire sprinkler pipe fixing,Tower C,30th Floor,MEP,Tower MEP,Plumbing,,49833800.0,2027-09-17,2027-09-26,,,2026-12-21,,0
1.1.4.3.3.1.30.4,Internal Plumbing Works,Tower C,30th Floor,MEP,Tower MEP,Plumbing,,158400390.0,2027-09-14,2027-09-28,,,2026-10-13,,0
1.1.4.3.3.1.30.5,Waterproofing,Tower C,30th Floor,Finishing,Tower Civil Finishes,Waterproofing,,52629280.0,2027-09-29,2027-10-19,,,2026-10-28,,0
1.1.4.3.3.1.30.6,Internal Plaster,Tower C,30th Floor,Finishing,Tower Civil Finishes,Int Plaster,,180576380.0,2027-09-29,2027-10-13,,,2026-10-28,,0
1.1.4.3.3.1.30.7,IPS flooring work,Tower C,30th Floor,Finishing,Tower Finishing,Flooring,,25419250.0,2027-09-14,2027-09-26,,,2026-10-13,,0
1.1.4.3.3.1.30.8,Toilet dado work,Tower C,30th Floor,Finishing,Tower Finishing,Flooring,,25628690.0,2027-10-18,2027-12-26,,,2026-12-31,,0
1.1.4.3.3.1.30.9,Toilet flooring work,Tower C,30th Floor,Finishing,Tower Finishing,Flooring,,102514420.0,2027-12-27,2028-01-20,,,2027-01-25,,0
1.1.4.3.3.1.30.10,Living dinning flooring,Tower C,30th Floor,Finishing,Tower Finishing,Flooring,,261625410.0,2028-01-01,2028-01-31,,,2027-01-30,,0
1.1.4.3.3.1.30.11,Electrical wiring work,Tower C,30th Floor,MEP,Tower MEP,Electrical,,185758660.0,2028-01-22,2028-02-02,,,2027-02-20,,0
1.1.4.3.3.1.30.12,Aluminium door-window fixing,Tower C,30th Floor,Finishing,Tower Finishing,Window,,233614170.0,2028-01-26,2028-02-13,,,2027-02-24,,0
1.1.4.3.3.1.30.13,Putty primer coat,Tower C,30th Floor,Finishing,Tower Finishing,Paint,,16917210.0,2028-02-06,2028-02-15,,,2027-03-07,,0
1.1.4.3.3.1.30.14,Prehung door fixing,Tower C,30th Floor,Finishing,Tower Finishing,Door,,84020120.0,2028-02-11,2028-02-18,,,2027-03-12,,0
1.1.4.3.3.1.30.15,Painting 1st coat,Tower C,30th Floor,Finishing,Tower Finishing,Paint,,33834250.0,2028-02-19,2028-03-01,,,2027-03-20,,0
1.1.4.3.3.1.30.16,False Cieling panel fixing,Tower C,30th Floor,Finishing,Tower Finishing,False Ceiling,,34794750.0,2028-04-05,2028-04-14,,,2027-05-09,,0
1.1.4.3.3.1.31,31st floor,,,,,,,,2027-08-16,2028-04-24,,,2026-09-14,,
1.1.4.3.3.1.31.1,Block Work ,Tower C,31st Floor,,,NTA Finishing,,50200490.0,2027-08-16,2027-09-20,,,2026-09-14,,0
1.1.4.3.3.1.31.2,Installation of temporary Main door,Tower C,31st Floor,Finishing,Tower Finishing,Door,,2292450.0,2027-09-21,2027-09-24,,,2026-10-20,,0
1.1.4.3.3.1.31.3,Fire sprinkler pipe fixing,Tower C,31st Floor,MEP,Tower MEP,Plumbing,,49833800.0,2027-09-27,2027-10-06,,,2026-12-31,,0
1.1.4.3.3.1.31.4,Internal Plumbing Works,Tower C,31st Floor,MEP,Tower MEP,Plumbing,,158400390.0,2027-09-21,2027-10-05,,,2026-10-20,,0
1.1.4.3.3.1.31.5,Waterproofing,Tower C,31st Floor,Finishing,Tower Civil Finishes,Waterproofing,,52629280.0,2027-10-06,2027-10-26,,,2026-12-19,,0
1.1.4.3.3.1.31.6,Internal Plaster,Tower C,31st Floor,Finishing,Tower Civil Finishes,Int Plaster,,180576380.0,2027-10-06,2027-10-20,,,2026-12-19,,0
1.1.4.3.3.1.31.7,IPS flooring work,Tower C,31st Floor,Finishing,Tower Finishing,Flooring,,25419250.0,2027-09-21,2027-10-03,,,2026-10-20,,0
1.1.4.3.3.1.31.8,Toilet dado work,Tower C,31st Floor,Finishing,Tower Finishing,Flooring,,25628690.0,2027-10-25,2028-01-02,,,2027-01-07,,0
1.1.4.3.3.1.31.9,Toilet flooring work,Tower C,31st Floor,Finishing,Tower Finishing,Flooring,,102514420.0,2028-01-03,2028-01-27,,,2027-02-01,,0
1.1.4.3.3.1.31.10,Living dinning flooring,Tower C,31st Floor,Finishing,Tower Finishing,Flooring,,261625410.0,2028-01-08,2028-02-07,,,2027-02-06,,0
1.1.4.3.3.1.31.11,Electrical wiring work,Tower C,31st Floor,MEP,Tower MEP,Electrical,,185758660.0,2028-01-29,2028-02-09,,,2027-02-27,,0
1.1.4.3.3.1.31.12,Aluminium door-window fixing,Tower C,31st Floor,Finishing,Tower Finishing,Window,,233614170.0,2028-02-02,2028-02-20,,,2027-03-03,,0
1.1.4.3.3.1.31.13,Putty primer coat,Tower C,31st Floor,Finishing,Tower Finishing,Paint,,16917210.0,2028-02-13,2028-02-22,,,2027-03-14,,0
1.1.4.3.3.1.31.14,Prehung door fixing,Tower C,31st Floor,Finishing,Tower Finishing,Door,,84020120.0,2028-02-18,2028-02-25,,,2027-03-19,,0
1.1.4.3.3.1.31.15,Painting 1st coat,Tower C,31st Floor,Finishing,Tower Finishing,Paint,,33834250.0,2028-02-26,2028-03-08,,,2027-03-27,,0
1.1.4.3.3.1.31.16,False Cieling panel fixing,Tower C,31st Floor,Finishing,Tower Finishing,False Ceiling,,34794750.0,2028-04-15,2028-04-24,,,2027-05-19,,0
1.1.4.3.3.1.32,32nd floor,,,,,,,,2027-08-23,2028-05-04,,,2026-09-21,,
1.1.4.3.3.1.32.1,Block Work ,Tower C,32nd Floor,,,NTA Finishing,,50200490.0,2027-08-23,2027-09-28,,,2026-09-21,,0
1.1.4.3.3.1.32.2,Installation of temporary Main door,Tower C,32nd Floor,Finishing,Tower Finishing,Door,,2292450.0,2027-09-29,2027-10-02,,,2026-10-28,,0
1.1.4.3.3.1.32.3,Fire sprinkler pipe fixing,Tower C,32nd Floor,MEP,Tower MEP,Plumbing,,49833800.0,2027-10-07,2027-10-16,,,2027-01-10,,0
1.1.4.3.3.1.32.4,Internal Plumbing Works,Tower C,32nd Floor,MEP,Tower MEP,Plumbing,,158400390.0,2027-09-29,2027-10-13,,,2026-10-28,,0
1.1.4.3.3.1.32.5,Waterproofing,Tower C,32nd Floor,Finishing,Tower Civil Finishes,Waterproofing,,52629280.0,2027-10-14,2027-12-18,,,2026-12-27,,0
1.1.4.3.3.1.32.6,Internal Plaster,Tower C,32nd Floor,Finishing,Tower Civil Finishes,Int Plaster,,180576380.0,2027-10-14,2027-10-28,,,2026-12-27,,0
1.1.4.3.3.1.32.7,IPS flooring work,Tower C,32nd Floor,Finishing,Tower Finishing,Flooring,,25419250.0,2027-09-29,2027-10-11,,,2026-10-28,,0
1.1.4.3.3.1.32.8,Toilet dado work,Tower C,32nd Floor,Finishing,Tower Finishing,Flooring,,25628690.0,2027-12-17,2028-01-10,,,2027-01-15,,0
1.1.4.3.3.1.32.9,Toilet flooring work,Tower C,32nd Floor,Finishing,Tower Finishing,Flooring,,102514420.0,2028-01-11,2028-02-04,,,2027-02-09,,0
1.1.4.3.3.1.32.10,Living dinning flooring,Tower C,32nd Floor,Finishing,Tower Finishing,Flooring,,261625410.0,2028-01-16,2028-02-15,,,2027-02-14,,0
1.1.4.3.3.1.32.11,Electrical wiring work,Tower C,32nd Floor,MEP,Tower MEP,Electrical,,185758660.0,2028-02-06,2028-02-17,,,2027-03-07,,0
1.1.4.3.3.1.32.12,Aluminium door-window fixing,Tower C,32nd Floor,Finishing,Tower Finishing,Window,,233614170.0,2028-02-10,2028-02-28,,,2027-03-11,,0
1.1.4.3.3.1.32.13,Putty primer coat,Tower C,32nd Floor,Finishing,Tower Finishing,Paint,,16917210.0,2028-02-21,2028-03-01,,,2027-03-22,,0
1.1.4.3.3.1.32.14,Prehung door fixing,Tower C,32nd Floor,Finishing,Tower Finishing,Door,,84020120.0,2028-02-26,2028-03-04,,,2027-03-27,,0
1.1.4.3.3.1.32.15,Painting 1st coat,Tower C,32nd Floor,Finishing,Tower Finishing,Paint,,33834250.0,2028-03-05,2028-03-16,,,2027-04-04,,0
1.1.4.3.3.1.32.16,False Cieling panel fixing,Tower C,32nd Floor,Finishing,Tower Finishing,False Ceiling,,34794750.0,2028-04-25,2028-05-04,,,2027-05-29,,0
1.1.4.3.3.2,Terrace finishing,,,,,,,,2028-04-14,2028-07-22,,,2027-05-14,,
1.1.4.3.3.2.1,Terrace waterproofing,Tower C,Terrace,Finishing,Tower Civil Finishes,Waterproofing,,260000000.0,2028-04-14,2028-05-23,,,2027-05-14,,0
1.1.4.3.3.2.2,Terrace finishing,Tower C,Terrace,Finishing,Common area finishes,CA-Flooring,,55000000.0,2028-05-24,2028-07-22,,,2027-06-23,,0
1.1.4.3.3.3,Common area finishing,,,,,,,,2027-08-20,2028-07-03,,,2026-09-18,,
1.1.4.3.3.3.1,Masonary Work ,Tower C,,Finishing,Common area finishes,CA-Blockwork,,236237600.0,2027-08-20,2027-10-18,,,2026-09-18,,0
1.1.4.3.3.3.2,Fire sprinkler pipe fixing,Tower C,,MEP,Common area-MEP,CA-Fire-fighting & FAPA,,234512000.0,2027-08-30,2028-01-11,,,2026-09-28,,0
1.1.4.3.3.3.3,"Corridoor, staircase, shaft Plaster & whitewash ",Tower C,,Finishing,Common area finishes,CA-Int Plaster,,849771200.0,2027-10-09,2028-02-20,,,2026-12-22,,0
1.1.4.3.3.3.4,Staircase railing fixing,Tower C,,Finishing,Common area finishes,CA-Railing,,163740000.0,2027-09-29,2027-12-27,,,2026-10-28,,0
1.1.4.3.3.3.5,Fire staircase flooring ,Tower C,,Finishing,Common area finishes,CA-Flooring,,119620000.0,2027-10-24,2028-02-05,,,2027-01-06,,0
1.1.4.3.3.3.6,Main staircase flooring,Tower C,,Finishing,Common area finishes,CA-Flooring,,482420800.0,2027-10-24,2028-02-05,,,2027-01-06,,0
1.1.4.3.3.3.7,Fire door work,Tower C,,Finishing,Common area finishes,CA-Door,,21576000.0,2028-01-07,2028-02-20,,,2027-02-05,,0
1.1.4.3.3.3.8,Lobby flooring & Corridor ,Tower C,,Finishing,Common area finishes,CA-Flooring,,1231178400.0,2027-12-18,2028-04-09,,,2027-01-16,,0
1.1.4.3.3.3.9,Ceiling & wall putty-primer,Tower C,,Finishing,Common area finishes,CA-Paint,,79610400.0,2028-02-25,2028-04-24,,,2027-03-26,,0
1.1.4.3.3.3.10,Ceiling & wall painting,Tower C,,Finishing,Common area finishes,CA-Paint,,163740000.0,2028-03-11,2028-06-08,,,2027-04-10,,0
1.1.4.3.3.3.11,Electrical wiring work,Tower C,,MEP,Common area-MEP,CA-Electrical,,874158400.0,2028-04-15,2028-06-13,,,2027-05-15,,0
1.1.4.3.3.3.12,Light fixture supply & installation,Tower C,,MEP,Common area-MEP,CA-Electrical,,611910900.0,2028-06-04,2028-07-03,,,2027-07-04,,0
1.1.4.3.3.3.13,Installation of fire signages including Basements,Tower C,,MEP,BRM-Security,BRM-Security,,10788000.0,2028-05-30,2028-06-28,,,2027-06-29,,0
1.1.4.3.3.4,Balcony Glass Railing,,,,,,,,2026-06-24,2027-03-29,,,2025-12-20,,
1.1.4.3.3.4.1,1st Floor,Tower C,1st Floor,Finishing,Tower Civil Finishes,Railing,,104516129.0,2026-06-24,2026-06-30,,,2025-12-20,,0
1.1.4.3.3.4.2,2nd Floor,Tower C,2nd Floor,Finishing,Tower Civil Finishes,Railing,,104516129.0,2026-07-01,2026-07-07,,,2025-12-27,,0
1.1.4.3.3.4.3,3rd Floor,Tower C,3rd Floor,Finishing,Tower Civil Finishes,Railing,,104516129.0,2026-07-08,2026-07-14,,,2026-01-03,,0
1.1.4.3.3.4.4,4th Floor,Tower C,4th Floor,Finishing,Tower Civil Finishes,Railing,,104516129.0,2026-07-15,2026-07-21,,,2026-01-10,,0
1.1.4.3.3.4.5,5th Floor ,Tower C,5th Floor,Finishing,Tower Civil Finishes,Railing,,104516129.0,2026-07-22,2026-07-28,,,2026-01-17,,0
1.1.4.3.3.4.6,6th Floor ,Tower C,6th Floor,Finishing,Tower Civil Finishes,Railing,,104516129.0,2026-07-29,2026-08-04,,,2026-01-24,,0
1.1.4.3.3.4.7,7th Floor ,Tower C,7th Floor,Finishing,Tower Civil Finishes,Railing,,104516129.0,2026-08-05,2026-08-11,,,2026-01-31,,0
1.1.4.3.3.4.8,8th Floor ,Tower C,8th Floor,Finishing,Tower Civil Finishes,Railing,,104516129.0,2026-08-12,2026-08-18,,,2026-02-07,,0
1.1.4.3.3.4.9,9th Floor ,Tower C,9th Floor,Finishing,Tower Civil Finishes,Railing,,104516129.0,2026-08-19,2026-08-25,,,2026-02-14,,0
1.1.4.3.3.4.10,10th Floor,Tower C,10th Floor,Finishing,Tower Civil Finishes,Railing,,104516129.0,2026-08-26,2026-09-01,,,2026-02-21,,0
1.1.4.3.3.4.11,11th Floor,Tower C,11th Floor,Finishing,Tower Civil Finishes,Railing,,104516129.0,2026-09-02,2026-09-08,,,2026-02-28,,0
1.1.4.3.3.4.12,12th Floor,Tower C,12th Floor,Finishing,Tower Civil Finishes,Railing,,104516129.0,2026-09-09,2026-09-15,,,2026-03-07,,0
1.1.4.3.3.4.13,13th Floor,Tower C,13th Floor,Finishing,Tower Civil Finishes,Railing,,104516129.0,2026-09-16,2026-09-22,,,2026-03-14,,0
1.1.4.3.3.4.14,14th Floor,Tower C,14th Floor,Finishing,Tower Civil Finishes,Railing,,104516129.0,2026-10-03,2026-10-09,,,2026-03-21,,0
1.1.4.3.3.4.15,15th Floor,Tower C,15th Floor,Finishing,Tower Civil Finishes,Railing,,104516129.0,2026-10-10,2026-10-16,,,2026-03-28,,0
1.1.4.3.3.4.16,16th Floor,Tower C,16th Floor,Finishing,Tower Civil Finishes,Railing,,104516129.0,2026-10-17,2026-10-23,,,2026-04-04,,0
1.1.4.3.3.4.17,17th Floor,Tower C,17th Floor,Finishing,Tower Civil Finishes,Railing,,104516129.0,2026-10-24,2026-10-30,,,2026-04-11,,0
1.1.4.3.3.4.18,18th Floor,Tower C,18th Floor,Finishing,Tower Civil Finishes,Railing,,104516129.0,2026-10-31,2026-12-21,,,2026-04-18,,0
1.1.4.3.3.4.19,19th Floor,Tower C,19th Floor,Finishing,Tower Civil Finishes,Railing,,104516129.0,2026-12-22,2026-12-28,,,2026-04-25,,0
1.1.4.3.3.4.20,20th Floor,Tower C,20th Floor,Finishing,Tower Civil Finishes,Railing,,104516129.0,2026-12-29,2027-01-04,,,2026-05-02,,0
1.1.4.3.3.4.21,21st Floor,Tower C,21st Floor,Finishing,Tower Civil Finishes,Railing,,104516129.0,2027-01-05,2027-01-11,,,2026-05-09,,0
1.1.4.3.3.4.22,22nd Floor,Tower C,22nd Floor,Finishing,Tower Civil Finishes,Railing,,104516129.0,2027-01-12,2027-01-18,,,2026-05-16,,0
1.1.4.3.3.4.23,23rd Floor,Tower C,23rd Floor,Finishing,Tower Civil Finishes,Railing,,104516129.0,2027-01-19,2027-01-25,,,2026-05-23,,0
1.1.4.3.3.4.24,24th Floor,Tower C,24th Floor,Finishing,Tower Civil Finishes,Railing,,104516129.0,2027-01-26,2027-02-01,,,2026-05-30,,0
1.1.4.3.3.4.25,25th Floor,Tower C,25th Floor,Finishing,Tower Civil Finishes,Railing,,104516129.0,2027-02-02,2027-02-08,,,2026-06-06,,0
1.1.4.3.3.4.26,26th Floor,Tower C,26th Floor,Finishing,Tower Civil Finishes,Railing,,104516129.0,2027-02-09,2027-02-15,,,2026-06-13,,0
1.1.4.3.3.4.27,27th Floor,Tower C,27th Floor,Finishing,Tower Civil Finishes,Railing,,104516129.0,2027-02-16,2027-02-22,,,2026-06-20,,0
1.1.4.3.3.4.28,28th Floor,Tower C,28th Floor,Finishing,Tower Civil Finishes,Railing,,104516129.0,2027-02-23,2027-03-01,,,2026-06-27,,0
1.1.4.3.3.4.29,29th Floor,Tower C,29th Floor,Finishing,Tower Civil Finishes,Railing,,104516129.0,2027-03-02,2027-03-08,,,2026-07-04,,0
1.1.4.3.3.4.30,30th Floor,Tower C,30th Floor,Finishing,Tower Civil Finishes,Railing,,104516129.0,2027-03-09,2027-03-15,,,2026-07-11,,0
1.1.4.3.3.4.31,31st Floor,Tower C,31st Floor,Finishing,Tower Civil Finishes,Railing,,104516129.0,2027-03-16,2027-03-22,,,2026-07-18,,0
1.1.4.3.3.4.32,32nd Floor,Tower C,32nd Floor,Finishing,Tower Civil Finishes,Railing,,104516129.0,2027-03-23,2027-03-29,,,2026-07-25,,0
1.1.4.3.4,MEP work,,,,,,,,2026-12-18,2028-09-14,,,2026-10-01,,
1.1.4.3.4.1,Electrical work,,,,,,,,2026-12-18,2028-09-05,,,2026-10-28,,
1.1.4.3.4.1.1,Cable Tray,Tower C,,MEP,Tower MEP,Electrical,,277038100.0,2026-12-28,2027-03-27,,,2026-10-28,,0
1.1.4.3.4.1.2,"Cable, main & sub main",Tower C,,MEP,Tower MEP,Electrical,,2778366300.0,2026-12-18,2027-04-16,,,2026-10-28,,0
1.1.4.3.4.1.3,LT panel & DB,Tower C,,MEP,Tower MEP,Electrical,,5001059300.0,2027-01-27,2027-04-26,,,2027-01-11,,0
1.1.4.3.4.1.4,Earthing Works ,Tower C,,MEP,Tower MEP,Electrical,,110815200.0,2027-03-08,2027-05-06,,,2027-03-12,,0
1.1.4.3.4.1.5,Advanced Lightening Protection system,Tower C,,MEP,Tower MEP,Electrical,,2778366300.0,2027-03-18,2027-05-01,,,2027-04-16,,0
1.1.4.3.4.1.6,Energy meter,Tower C,,MEP,Tower MEP,Electrical,,1944856400.0,2027-03-28,2027-05-26,,,2027-03-12,,0
1.1.4.3.4.1.7,Inverter / UPS,Tower C,,MEP,Tower MEP,Electrical,,1944856400.0,2027-05-22,2027-07-30,,,2027-05-06,,0
1.1.4.3.4.1.8,HVAC & Exhast fan,Tower C,,MEP,Common area-MEP,CA-HVAC,,9724282000.0,2027-02-06,2027-06-05,,,2027-02-10,,0
1.1.4.3.4.1.9,FTTH,Tower C,,MEP,Tower MEP,Electrical,,2431070500.0,2027-02-26,2027-04-11,,,2027-03-17,,0
1.1.4.3.4.1.10,Security System - FA & PA,Tower C,,MEP,BRM-Security,BRM-Security,,4862141000.0,2027-02-26,2027-05-26,,,2027-03-17,,0
1.1.4.3.4.1.11,T&C of complete system,Tower C,,Finishing,Miscellaneous,Misc,,277038100.0,2028-07-04,2028-09-05,,,2027-08-03,,0
1.1.4.3.4.2,Plumbing work,,,,,,,,2027-09-02,2028-09-12,,,2026-10-01,,
1.1.4.3.4.2.1,Terrace looping,Tower C,Terrace,MEP,Tower MEP,Plumbing,,292588000.0,2027-09-02,2027-10-16,,,2026-10-01,,0
1.1.4.3.4.2.2,Shaft Plumbing,Tower C,,MEP,Tower MEP,Plumbing,,336476200.0,2028-01-22,2028-05-20,,,2027-02-20,,0
1.1.4.3.4.2.3,CP sanitary fixture supply,Tower C,,MEP,Tower MEP,CP Sanitary,,5503760300.0,2028-05-21,2028-07-04,,,2027-06-20,,0
1.1.4.3.4.2.4,Cold & flushing water supply,Tower C,,MEP,Tower MEP,Plumbing,,2751880100.0,2028-05-21,2028-07-04,,,2027-06-20,,0
1.1.4.3.4.2.5,Misc work,Tower C,,Finishing,Miscellaneous,Misc,,0.0,2028-06-15,2028-07-14,,,2027-07-15,,0
1.1.4.3.4.2.6,Installation of PHE pumps,Tower C,,MEP,Tower MEP,Plumbing,,2751880100.0,2027-10-17,2028-01-29,,,2026-12-30,,0
1.1.4.3.4.2.7,T&C of complete system,Tower C,,Finishing,Miscellaneous,Misc,,292588000.0,2028-07-15,2028-09-12,,,2027-08-14,,0
1.1.4.3.4.3,Fire fighting work,,,,,,,,2028-01-22,2028-09-14,,,2027-02-20,,
1.1.4.3.4.3.1,Fire hydrant work,Tower C,,MEP,Tower MEP,Plumbing,,292588000.0,2028-01-22,2028-04-20,,,2027-02-20,,0
1.1.4.3.4.3.2,Pipe connection & sprinkler installation,Tower C,,MEP,Tower MEP,Plumbing,,336476200.0,2028-04-21,2028-06-19,,,2027-05-21,,0
1.1.4.3.4.3.3,Shaft Downtake works,Tower C,,MEP,Tower MEP,Plumbing,,5503760300.0,2028-01-22,2028-04-20,,,2027-02-20,,0
1.1.4.3.4.3.4,Connection to pump room,Tower C,,MEP,Tower MEP,Plumbing,,2751880100.0,2028-04-21,2028-06-04,,,2027-05-21,,0
1.1.4.3.4.3.5,Installation of FF pumps,Tower C,,MEP,Tower MEP,Plumbing,,1375940100.0,2028-04-21,2028-06-19,,,2027-05-21,,0
1.1.4.3.4.3.6,T&C of complete system,Tower C,,Finishing,Miscellaneous,Misc,,2751880100.0,2028-07-17,2028-09-14,,,2027-08-16,,0
1.1.4.3.4.4,Lift work,,,,,,,,2027-10-04,2028-02-24,,,2026-10-28,,
1.1.4.3.4.4.1,Lift Shaft/Pit Handover,Tower C,,MEP,Common area-MEP,Lift,,30866666.0,2027-10-04,2027-12-17,,,2026-10-28,,0
1.1.4.3.4.4.2,Lift installation work,Tower C,,MEP,Common area-MEP,Lift,,0.0,2027-10-23,2028-01-25,,,2026-12-31,,0
1.1.4.3.4.4.3,Lift testing and commissioning,Tower C,,MEP,Common area-MEP,Lift,,0.0,2028-01-26,2028-02-24,,,2027-02-19,,0
1.1.4.3.5,External Paint Works ,,,,,,,,2027-09-02,2028-04-03,,,2026-10-01,,
1.1.4.3.5.1,Surface prepration,Tower C,,Finishing,Tower Finishing,Ext Paint,,0.0,2027-09-02,2027-12-25,,,2026-10-01,,0
1.1.4.3.5.2,"External Painting (Primer, texture & first coat)",Tower C,,Finishing,Tower Finishing,Ext Paint,,0.0,2027-12-26,2028-03-24,,,2027-01-24,,0
1.1.4.3.5.3,Final coat of painting,Tower C,,Finishing,Tower Finishing,Ext Paint,,0.0,2028-01-15,2028-04-03,,,2027-02-13,,0
1.1.4.3.5.4,Misc. work,Tower C,,Finishing,Miscellaneous,Misc,,0.0,2027-12-26,2028-02-13,,,2027-01-24,,0
1.1.4.3.6,OC Application/Readiness ,Tower C,,Finishing,Miscellaneous,Misc,,0.0,2028-08-02,2028-08-02,,,2027-09-01,,0
1.1.4.3.7,OC Receipt,Tower C,,Finishing,Miscellaneous,Misc,,0.0,2028-08-03,2028-09-01,,,2027-09-02,,0
1.1.4.3.8,Post OC Activities,,,,,,,,2028-08-03,2029-04-09,,,2027-09-02,,
1.1.4.3.8.1,CP & Sanitaryware installation,Tower C,,MEP,Tower MEP,CP Sanitary,,7684350000.0,2028-08-03,2029-01-14,,,2027-09-02,,0
1.1.4.3.8.2,Electrical Fixtures And Fittings installations,Tower C,,MEP,Tower MEP,Electrical,,2689522500.0,2028-08-03,2029-01-14,,,2027-09-02,,0
1.1.4.3.8.3,Final Coat Paint Internal,Tower C,,Finishing,Tower Finishing,Paint,,134476125.0,2028-08-03,2028-10-31,,,2027-09-02,,0
1.1.4.3.8.4,Split AC Units installation,Tower C,,MEP,Common area-MEP,CA-HVAC,,6723806.0,2028-12-31,2029-04-09,,,2028-01-30,,0
1.1.4.3.8.5,Wooden Flooring,Tower C,,Finishing,Tower Finishing,Flooring,,336190.0,2028-08-03,2029-03-15,,,2027-09-02,,0
1.1.4.3.9,Offer to possession,Tower C,,Finishing,Miscellaneous,Misc,,7684350000.0,2029-04-10,2029-09-06,,,2028-05-09,,0
