code,title,tower,floor,main_category,sub_category,trade_type,slab_works,cost_plan_total,start_date_plan,end_date_plan,start_date_actual,end_date_actual,start_date_sprint,end_date_sprint,progress
1,Riverine,,,,,,,,2022-04-30,2031-04-19,,,,,
1.1,"Riverine, Sector-44 Noida",,,,,,,,2022-04-30,2031-04-19,,,,,
1.1.1,Project Snapshot,,,,,,,,2025-01-18,2030-01-17,,,,,
1.1.1.1,Intermediate milestones,,,,,,,,2025-12-01,2029-10-30,,,,,
1.1.1.1.1,Removal of soldier piles,,,,,,,0.0,2028-02-03,2028-02-03,,,,,0
1.1.1.1.2,Tower-1 -Completion of Raft,,,,,,,0.0,2025-12-01,2025-12-01,,,,,0
1.1.1.1.3,Tower-1 -Completion of 12th Floor Slab,,,,,,,0.0,2026-09-11,2026-09-11,,,,,0
1.1.1.1.4,Tower-1 -Completion of 20th Floor Slab,,,,,,,0.0,2027-02-05,2027-02-05,,,,,0
1.1.1.1.5,Tower-1 -Terrace Completion,,,,,,,0.0,2027-04-07,2027-04-07,,,,,0
1.1.1.1.6,Tower-1 -Plaster Completion,,,,,,,0.0,2027-07-27,2027-07-27,,,,,0
1.1.1.1.7,Tower-1 -Flooring Completion,,,,,,,0.0,2027-10-14,2027-10-14,,,,,0
1.1.1.1.8,Tower-1 -Lift Installation,,,,,,,0.0,2027-07-23,2027-07-23,,,,,0
1.1.1.1.9,Tower-1 -OC Application,,,,,,,0.0,2028-01-06,2028-01-06,,,,,0
1.1.1.1.10,Tower -1 - Intimation of Possession,,,,,,,0.0,2028-07-05,2028-07-05,,,,,0
1.1.1.1.11,Tower-2 -Completion of Raft,,,,,,,0.0,2025-12-01,2025-12-01,,,,,0
1.1.1.1.12,Tower-2 -Completion of 12th Floor Slab,,,,,,,0.0,2026-09-02,2026-09-02,,,,,0
1.1.1.1.13,Tower-2 -Terrace Completion,,,,,,,0.0,2027-03-29,2027-03-29,,,,,0
1.1.1.1.14,Tower-2 -Plaster Completion,,,,,,,0.0,2027-08-09,2027-08-09,,,,,0
1.1.1.1.15,Tower-2 -Flooring Completion,,,,,,,0.0,2027-10-06,2027-10-06,,,,,0
1.1.1.1.16,Tower-2 -Lift Installation,,,,,,,0.0,2027-07-15,2027-07-15,,,,,0
1.1.1.1.17,Tower-2 -OC Application,,,,,,,0.0,2028-01-13,2028-01-13,,,,,0
1.1.1.1.18,Tower -2 - Intimation of Possession,,,,,,,0.0,2028-07-12,2028-07-12,,,,,0
1.1.1.1.19,Tower-3 -Completion of Raft,,,,,,,0.0,2025-12-01,2025-12-01,,,,,0
1.1.1.1.20,Tower-3 -Completion of 12th Floor Slab,,,,,,,0.0,2026-10-03,2026-10-03,,,,,0
1.1.1.1.21,Tower-3 -Completion of 20th Floor Slab,,,,,,,0.0,2027-02-24,2027-02-24,,,,,0
1.1.1.1.22,Tower-3 -Terrace Completion,,,,,,,0.0,2027-04-16,2027-04-16,,,,,0
1.1.1.1.23,Tower-3 -Plaster Completion,,,,,,,0.0,2027-08-31,2027-08-31,,,,,0
1.1.1.1.24,Tower-3 -Flooring Completion,,,,,,,0.0,2027-10-23,2027-10-23,,,,,0
1.1.1.1.25,Tower-3 -Lift Installation,,,,,,,0.0,2027-08-11,2027-08-11,,,,,0
1.1.1.1.26,Tower-3 -OC Application,,,,,,,0.0,2028-01-20,2028-01-20,,,,,0
1.1.1.1.27,Tower -3 - Intimation of Possession,,,,,,,0.0,2028-07-19,2028-07-19,,,,,0
1.1.1.1.28,Tower-4 -Completion of Raft,,,,,,,0.0,2026-03-04,2026-03-04,,,,,0
1.1.1.1.29,Tower-4 -Completion of 12th Floor Slab,,,,,,,0.0,2027-04-08,2027-04-08,,,,,0
1.1.1.1.30,Tower-4 -Completion of 18th Floor Slab,,,,,,,0.0,2027-06-22,2027-06-22,,,,,0
1.1.1.1.31,Tower-4 -Terrace Completion,,,,,,,0.0,2028-04-24,2028-04-24,,,,,0
1.1.1.1.32,Tower-4 -Plaster Completion,,,,,,,0.0,2028-07-03,2028-07-03,,,,,0
1.1.1.1.33,Tower-4 -Flooring Completion,,,,,,,0.0,2028-10-30,2028-10-30,,,,,0
1.1.1.1.34,Tower-4 -Lift Installation,,,,,,,0.0,2028-08-25,2028-08-25,,,,,0
1.1.1.1.35,Tower-4 -OC Application,,,,,,,0.0,2029-04-23,2029-04-23,,,,,0
1.1.1.1.36,Tower -4 - Intimation of Possession,,,,,,,0.0,2029-10-30,2029-10-30,,,,,0
1.1.1.1.37,OC receipt of Club Area,,,,,,,0.0,2028-09-28,2028-09-28,,,,,0
1.1.1.1.38,Completion of Landscape works,,,,,,,0.0,2028-05-21,2028-05-21,,,,,0
1.1.1.2,Project Data,,,,,,,,2025-01-18,2030-01-17,,,,,
1.1.1.2.1,Start of Project,,,,,,,0.0,2025-01-18,2025-01-18,2025-01-18,2025-01-18,,,100
1.1.1.2.2,Completion of project,,,,,,,0.0,2030-01-17,2030-01-17,,,,,0
1.1.2,Project Snapshot,,,Finishing,Miscellaneous,Misc,,0.0,2031-04-16,2031-04-19,,,,,0
1.1.3,Tower-1 (2B+S+P+23),,,,,,,,2024-01-18,2028-10-02,,,,,
1.1.3.1,Soldier Piling & Excavation work,,,,,,,,2024-01-18,2025-07-13,,,,,
1.1.3.1.1,Till 2.5 Mtr,,,,,,,,2024-01-18,2025-03-26,,,,,
1.1.3.1.1.1,H beam pile driving - 12m,Tower 1,,Civil Works- RCC,RCC,Reinforcement,,0.0,2024-01-18,2025-03-02,2024-01-18,2025-03-02,,,100
1.1.3.1.1.2,Excavation from NGL to 2.5m,Tower 1,,Civil Works- RCC,RCC,Reinforcement,,70502200.0,2025-01-18,2025-03-11,2025-01-18,2025-03-11,,,100
1.1.3.1.1.3,Plank installation & anchoring till 2.5m,Tower 1,,Civil Works- RCC,RCC,Reinforcement,,376200000.0,2025-02-20,2025-03-26,2025-02-20,2025-03-26,,,100
1.1.3.1.2,2.5 mtrs till 5 mtrs,,,,,,,,2025-01-25,2025-03-31,,,,,
1.1.3.1.2.1,Excavation from 2.5m till 5m,Tower 1,,Civil Works- RCC,RCC,Reinforcement,,70502200.0,2025-01-26,2025-03-31,2025-01-26,2025-03-31,,,100
1.1.3.1.2.2,Plank installation & anchoring till  2.5m till 5m,Tower 1,,Civil Works- RCC,RCC,Reinforcement,,376200000.0,2025-01-25,2025-03-31,2025-01-25,2025-03-31,,,100
1.1.3.1.3,12 mts till NTA fotting bottom,,,,,,,,2025-05-03,2025-07-13,,,,,
1.1.3.1.3.1,Excavation from 5m to fotting PCC bottom,Tower 1,,Civil Works- RCC,RCC,Reinforcement,,70502200.0,2025-05-03,2025-06-23,2025-05-03,2025-06-23,,,100
1.1.3.1.3.2,Plank installation & anchoring from 5m to footing PCC bottom,Tower 1,,Civil Works- RCC,RCC,Reinforcement,,380000000.0,2025-05-22,2025-07-13,2025-05-22,2025-07-13,,,100
1.1.3.2,Sub-Structure works,,,,,,,,2025-05-30,2027-05-27,,,,,
1.1.3.2.1,Soil bed preparation,,,,,,,,2025-05-30,2025-07-17,,,,,
1.1.3.2.1.1,Excavation completion,Tower 1,,Civil Works- RCC,RCC,Reinforcement,,63976200.0,2025-05-30,2025-07-14,2025-05-30,2025-07-14,,,100
1.1.3.2.1.2,Surface dressing,Tower 1,,Civil Works- RCC,RCC,Reinforcement,,7108500.0,2025-06-04,2025-07-16,2025-06-04,2025-07-16,,,100
1.1.3.2.1.3,ATT,Tower 1,,Civil Works- RCC,RCC,Reinforcement,,20309900.0,2025-06-06,2025-07-16,2025-06-06,2025-07-16,,,100
1.1.3.2.1.4,PCC,Tower 1,,Civil Works- RCC,RCC,Concreting,,79011300.0,2025-06-07,2025-07-17,2025-06-07,2025-07-17,,,100
1.1.3.2.2,RCC Works,,,,,,,,2025-07-14,2026-01-02,,,,,
1.1.3.2.2.1,Raft,,,,,,,,2025-07-14,2025-08-23,,,,,
1.1.3.2.2.1.1,Reinforcement Work,Tower 1,,Civil Works- RCC,RCC,Reinforcement,,3871596800.0,2025-07-14,2025-08-21,2025-07-14,2025-08-21,,,100
1.1.3.2.2.1.2,Shuttering work,Tower 1,,Civil Works- RCC,RCC,Shuttering- Conventional,,219949000.0,2025-07-22,2025-08-21,2025-07-22,2025-08-21,,,100
1.1.3.2.2.1.3,Concreteing work,Tower 1,,Civil Works- RCC,RCC,Concreting,,1924312100.0,2025-08-07,2025-08-23,2025-08-07,2025-08-23,,,100
1.1.3.2.2.2,Basement-2 Roof Slab,,,,,,,,2025-08-08,2025-10-06,,,,,
1.1.3.2.2.2.1,B2 Roof Slab,,,,,,,,2025-08-08,2025-10-06,,,,,
1.1.3.2.2.2.1.1,Shuttering Work,Tower 1,Basement 2,Civil Works- RCC,RCC,Shuttering- Conventional,,490713000.0,2025-08-17,2025-10-05,2025-08-17,2025-10-05,,,100
1.1.3.2.2.2.1.2,Reinforcement Work,Tower 1,Basement 2,Civil Works- RCC,RCC,Reinforcement,,698945000.0,2025-08-08,2025-10-05,2025-08-08,2025-10-05,,,100
1.1.3.2.2.2.1.3,Concreteing work,Tower 1,Basement 2,Civil Works- RCC,RCC,Concreting,,668778600.0,2025-08-20,2025-10-06,2025-08-20,2025-10-06,,,100
1.1.3.2.2.3,Basement-1 Roof Slab,,,,,,,,2025-09-05,2026-01-02,,,,,
1.1.3.2.2.3.1,B1 Roof Slab,,,,,,,,2025-09-05,2026-01-02,,,,,
1.1.3.2.2.3.1.1,Shuttering Work,Tower 1,Basement 1,Civil Works- RCC,RCC,Shuttering- Conventional,,140000000.0,2025-09-27,2025-12-31,2025-09-27,,,,51
1.1.3.2.2.3.1.2,Reinforcement Work,Tower 1,Basement 1,Civil Works- RCC,RCC,Reinforcement,,549311200.0,2025-09-06,2026-01-01,2025-09-06,,,,85
1.1.3.2.2.3.1.3,Concreteing work,Tower 1,Basement 1,Civil Works- RCC,RCC,Concreting,,1305162600.0,2025-09-05,2026-01-02,2025-09-05,,,,97
1.1.3.2.3,Sub structure finishing works,,,,,,,,2026-09-10,2027-05-27,,,,,
1.1.3.2.3.1,Basement-2,,,,,,,,2026-09-10,2027-04-27,,,,,
1.1.3.2.3.1.1,Masonary,Tower 1,Basement 2,Finishing,Common area finishes,CA-Blockwork,,212979900.0,2026-09-10,2026-10-09,,,,,0
1.1.3.2.3.1.2,Structural Steel,Tower 1,Basement 2,Civil Works- RCC,RCC,Reinforcement,,91092100.0,2026-09-10,2026-10-09,,,,,0
1.1.3.2.3.1.3,Plaster,Tower 1,Basement 2,Finishing,Common area finishes,CA-Int Plaster,,107620500.0,2026-10-10,2026-12-23,,,,,0
1.1.3.2.3.1.4,White Wash,Tower 1,Basement 2,Finishing,Common area finishes,CA-Paint,,9438800.0,2026-12-24,2027-01-22,,,,,0
1.1.3.2.3.1.5,VDF,Tower 1,Basement 2,Finishing,Common area finishes,CA-Flooring,,94770200.0,2026-09-25,2027-01-07,,,,,0
1.1.3.2.3.1.6,Drain & Sump (incl. gratings),Tower 1,Basement 2,MEP,Common area-MEP,CA-PHE,,170573000.0,2026-10-25,2027-02-06,,,,,0
1.1.3.2.3.1.7,Car parking marking,Tower 1,Basement 2,Infra,Ext Infra,Ext Infra,,597759100.0,2027-03-29,2027-04-27,,,,,0
1.1.3.2.3.1.8,Signages,Tower 1,Basement 2,MEP,BRM-Security,BRM-Security,,398506000.0,2027-03-29,2027-04-27,,,,,0
1.1.3.2.3.2,Basement-1,,,,,,,,2026-10-10,2027-05-27,,,,,
1.1.3.2.3.2.1,Masonary,Tower 1,Basement 1,Finishing,Common area finishes,CA-Blockwork,,212979900.0,2026-10-10,2026-12-23,,,,,0
1.1.3.2.3.2.2,Structural Steel,Tower 1,Basement 1,Civil Works- RCC,RCC,Reinforcement,,91092100.0,2026-10-10,2026-12-23,,,,,0
1.1.3.2.3.2.3,Plaster,Tower 1,Basement 1,Finishing,Common area finishes,CA-Int Plaster,,107620500.0,2026-12-24,2027-01-22,,,,,0
1.1.3.2.3.2.4,White Wash,Tower 1,Basement 1,Finishing,Common area finishes,CA-Paint,,9438800.0,2027-01-23,2027-02-21,,,,,0
1.1.3.2.3.2.5,VDF,Tower 1,Basement 1,Finishing,Common area finishes,CA-Flooring,,94770200.0,2026-10-25,2027-02-06,,,,,0
1.1.3.2.3.2.6,Drain & Sump (incl. gratings),Tower 1,Basement 1,MEP,Common area-MEP,CA-PHE,,170573000.0,2027-01-08,2027-03-08,,,,,0
1.1.3.2.3.2.7,Car parking marking,Tower 1,Basement 1,Infra,Ext Infra,Ext Infra,,597759100.0,2027-04-28,2027-05-27,,,,,0
1.1.3.2.3.2.8,Signages,Tower 1,Basement 1,MEP,BRM-Security,BRM-Security,,398506000.0,2027-04-28,2027-05-27,,,,,0
1.1.3.3,Super structure works,,,,,,,,2025-10-27,2028-10-02,,,,,
1.1.3.3.1,RCC Works,,,,,,,,2025-10-27,2027-05-17,,,,,
1.1.3.3.1.1,Stilt/GF Slab,,,,,,,,2025-10-27,2026-01-16,,,,,
1.1.3.3.1.1.1,Stilt/GF Slab,,,,,,,,2025-10-27,2026-01-16,,,,,
1.1.3.3.1.1.1.1,Shuttering Work,Tower 1,Ground Floor,Civil Works- RCC,RCC,Shuttering- Conventional,,529427000.0,2026-01-03,2026-01-16,,,,,0
1.1.3.3.1.1.1.2,Reinforcement Work,Tower 1,Ground Floor,Civil Works- RCC,RCC,Reinforcement,,692131000.0,2025-10-27,2026-01-13,2025-10-27,,,,41
1.1.3.3.1.1.1.3,Concreteing work,Tower 1,Ground Floor,Civil Works- RCC,RCC,Concreting,,663799200.0,2026-01-16,2026-01-16,,,,,0
1.1.3.3.1.2,Podium-1 Slab,,,,,,,,2026-01-17,2026-02-03,,,,,
1.1.3.3.1.2.1,Podium-1 Slab,,,,,,,,2026-01-17,2026-02-03,,,,,
1.1.3.3.1.2.1.1,Shuttering Work,Tower 1,,Civil Works- RCC,RCC,Shuttering- Conventional,,423541600.0,2026-01-17,2026-01-31,,,,,0
1.1.3.3.1.2.1.2,Reinforcement Work,Tower 1,,Civil Works- RCC,RCC,Reinforcement,,553704800.0,2026-01-22,2026-02-02,,,,,0
1.1.3.3.1.2.1.3,Conduiting work,Tower 1,,MEP,Tower MEP,Electrical,,5155500.0,2026-02-02,2026-02-02,,,,,0
1.1.3.3.1.2.1.4,Concreteing work,Tower 1,,Civil Works- RCC,RCC,Concreting,,531039300.0,2026-02-03,2026-02-03,,,,,0
1.1.3.3.1.3,1st Floor Slab,,,,,,,,2026-02-04,2026-03-18,,,,,
1.1.3.3.1.3.1,1st Floor Slab,,,,,,,,2026-02-04,2026-03-18,,,,,
1.1.3.3.1.3.1.1,Shuttering Work,Tower 1,1st Floor,Civil Works- RCC,RCC,Shuttering- Conventional,,366473100.0,2026-02-04,2026-03-05,,,,,0
1.1.3.3.1.3.1.2,Reinforcement Work,Tower 1,1st Floor,Civil Works- RCC,RCC,Reinforcement,,430939300.0,2026-03-01,2026-03-17,,,,,0
1.1.3.3.1.3.1.3,Conduiting work,Tower 1,1st Floor,MEP,Tower MEP,Electrical,,5155500.0,2026-03-17,2026-03-17,,,,,0
1.1.3.3.1.3.1.4,Concreteing work,Tower 1,1st Floor,Civil Works- RCC,RCC,Concreting,,413299200.0,2026-03-18,2026-03-18,,,,,0
1.1.3.3.1.4,2nd Floor Slab,,,,,,,,2026-03-19,2026-04-17,,,,,
1.1.3.3.1.4.1,2nd Floor Slab,,,,,,,,2026-03-19,2026-04-17,,,,,
1.1.3.3.1.4.1.1,Shuttering Work,Tower 1,2nd Floor,Civil Works- RCC,RCC,Shuttering- Conventional,,408927900.0,2026-03-19,2026-04-04,,,,,0
1.1.3.3.1.4.1.2,Reinforcement Work,Tower 1,2nd Floor,Civil Works- RCC,RCC,Reinforcement,,441908300.0,2026-04-02,2026-04-16,,,,,0
1.1.3.3.1.4.1.3,Conduiting work,Tower 1,2nd Floor,MEP,Tower MEP,Electrical,,5155500.0,2026-04-16,2026-04-16,,,,,0
1.1.3.3.1.4.1.4,Concreteing work,Tower 1,2nd Floor,Civil Works- RCC,RCC,Concreting,,423819200.0,2026-04-17,2026-04-17,,,,,0
1.1.3.3.1.5,3rd Floor Slab (1st MIVAN Setup),,,,,,,,2026-04-18,2026-05-17,,,,,
1.1.3.3.1.5.1,3rd Floor Slab,,,,,,,,2026-04-18,2026-05-17,,,,,
1.1.3.3.1.5.1.1,Shuttering Work,Tower 1,3rd Floor,Civil Works- RCC,RCC,Shuttering- Conventional,,294679400.0,2026-04-18,2026-05-04,,,,,0
1.1.3.3.1.5.1.2,Reinforcement Work,Tower 1,3rd Floor,Civil Works- RCC,RCC,Reinforcement,,587664900.0,2026-05-02,2026-05-16,,,,,0
1.1.3.3.1.5.1.3,Conduiting work,Tower 1,3rd Floor,MEP,Tower MEP,Electrical,,5155500.0,2026-05-16,2026-05-16,,,,,0
1.1.3.3.1.5.1.4,Concreteing work,Tower 1,3rd Floor,Civil Works- RCC,RCC,Concreting,,415986100.0,2026-05-17,2026-05-17,,,,,0
1.1.3.3.1.6,4th Floor Slab,,,,,,,,2026-05-18,2026-06-07,,,,,
1.1.3.3.1.6.1,4th Floor Slab,,,,,,,,2026-05-18,2026-06-07,,,,,
1.1.3.3.1.6.1.1,Shuttering Work,Tower 1,4th Floor,Civil Works- RCC,RCC,Shuttering- Conventional,,294679400.0,2026-05-18,2026-05-30,,,,,0
1.1.3.3.1.6.1.2,Reinforcement Work,Tower 1,4th Floor,Civil Works- RCC,RCC,Reinforcement,,587664900.0,2026-05-28,2026-06-06,,,,,0
1.1.3.3.1.6.1.3,Conduiting work,Tower 1,4th Floor,MEP,Tower MEP,Electrical,,5155500.0,2026-06-06,2026-06-06,,,,,0
1.1.3.3.1.6.1.4,Concreteing work,Tower 1,4th Floor,Civil Works- RCC,RCC,Concreting,,415986100.0,2026-06-07,2026-06-07,,,,,0
1.1.3.3.1.7,5th Floor Slab,,,,,,,,2026-06-08,2026-06-19,,,,,
1.1.3.3.1.7.1,5th Floor Slab,,,,,,,,2026-06-08,2026-06-19,,,,,
1.1.3.3.1.7.1.1,Shuttering Work,Tower 1,5th Floor,Civil Works- RCC,RCC,Shuttering- Conventional,,294679400.0,2026-06-08,2026-06-16,,,,,0
1.1.3.3.1.7.1.2,Reinforcement Work,Tower 1,5th Floor,Civil Works- RCC,RCC,Reinforcement,,587664900.0,2026-06-14,2026-06-18,,,,,0
1.1.3.3.1.7.1.3,Conduiting work,Tower 1,5th Floor,MEP,Tower MEP,Electrical,,5155500.0,2026-06-18,2026-06-18,,,,,0
1.1.3.3.1.7.1.4,Concreteing work,Tower 1,5th Floor,Civil Works- RCC,RCC,Concreting,,415986100.0,2026-06-19,2026-06-19,,,,,0
1.1.3.3.1.8,6th Floor Slab,,,,,,,,2026-06-20,2026-07-01,,,,,
1.1.3.3.1.8.1,6th Floor Slab,,,,,,,,2026-06-20,2026-07-01,,,,,
1.1.3.3.1.8.1.1,Shuttering Work,Tower 1,6th Floor,Civil Works- RCC,RCC,Shuttering- Conventional,,294679400.0,2026-06-20,2026-06-28,,,,,0
1.1.3.3.1.8.1.2,Reinforcement Work,Tower 1,6th Floor,Civil Works- RCC,RCC,Reinforcement,,587664900.0,2026-06-26,2026-06-30,,,,,0
1.1.3.3.1.8.1.3,Conduiting work,Tower 1,6th Floor,MEP,Tower MEP,Electrical,,5155500.0,2026-06-30,2026-06-30,,,,,0
1.1.3.3.1.8.1.4,Concreteing work,Tower 1,6th Floor,Civil Works- RCC,RCC,Concreting,,415986100.0,2026-07-01,2026-07-01,,,,,0
1.1.3.3.1.9,7th Floor Slab,,,,,,,,2026-07-02,2026-07-13,,,,,
1.1.3.3.1.9.1,7th Floor Slab,,,,,,,,2026-07-02,2026-07-13,,,,,
1.1.3.3.1.9.1.1,Shuttering Work,Tower 1,7th Floor,Civil Works- RCC,RCC,Shuttering- Conventional,,294679400.0,2026-07-02,2026-07-10,,,,,0
1.1.3.3.1.9.1.2,Reinforcement Work,Tower 1,7th Floor,Civil Works- RCC,RCC,Reinforcement,,587664900.0,2026-07-08,2026-07-12,,,,,0
1.1.3.3.1.9.1.3,Conduiting work,Tower 1,7th Floor,MEP,Tower MEP,Electrical,,5155500.0,2026-07-12,2026-07-12,,,,,0
1.1.3.3.1.9.1.4,Concreteing work,Tower 1,7th Floor,Civil Works- RCC,RCC,Concreting,,415986100.0,2026-07-13,2026-07-13,,,,,0
1.1.3.3.1.10,8th Floor Slab,,,,,,,,2026-07-14,2026-07-25,,,,,
1.1.3.3.1.10.1,8th Floor Slab,,,,,,,,2026-07-14,2026-07-25,,,,,
1.1.3.3.1.10.1.1,Shuttering Work,Tower 1,8th Floor,Civil Works- RCC,RCC,Shuttering- Conventional,,294679400.0,2026-07-14,2026-07-22,,,,,0
1.1.3.3.1.10.1.2,Reinforcement Work,Tower 1,8th Floor,Civil Works- RCC,RCC,Reinforcement,,587664900.0,2026-07-20,2026-07-24,,,,,0
1.1.3.3.1.10.1.3,Conduiting work,Tower 1,8th Floor,MEP,Tower MEP,Electrical,,5155500.0,2026-07-24,2026-07-24,,,,,0
1.1.3.3.1.10.1.4,Concreteing work,Tower 1,8th Floor,Civil Works- RCC,RCC,Concreting,,415986100.0,2026-07-25,2026-07-25,,,,,0
1.1.3.3.1.11,9th Floor Slab,,,,,,,,2026-07-26,2026-08-06,,,,,
1.1.3.3.1.11.1,9th Floor Slab,,,,,,,,2026-07-26,2026-08-06,,,,,
1.1.3.3.1.11.1.1,Shuttering Work,Tower 1,9th Floor,Civil Works- RCC,RCC,Shuttering- Conventional,,294679400.0,2026-07-26,2026-08-03,,,,,0
1.1.3.3.1.11.1.2,Reinforcement Work,Tower 1,9th Floor,Civil Works- RCC,RCC,Reinforcement,,587664900.0,2026-08-01,2026-08-05,,,,,0
1.1.3.3.1.11.1.3,Conduiting work,Tower 1,9th Floor,MEP,Tower MEP,Electrical,,5155500.0,2026-08-05,2026-08-05,,,,,0
1.1.3.3.1.11.1.4,Concreteing work,Tower 1,9th Floor,Civil Works- RCC,RCC,Concreting,,415986100.0,2026-08-06,2026-08-06,,,,,0
1.1.3.3.1.12,10th Floor Slab,,,,,,,,2026-08-07,2026-08-18,,,,,
1.1.3.3.1.12.1,10th Floor Slab,,,,,,,,2026-08-07,2026-08-18,,,,,
1.1.3.3.1.12.1.1,Shuttering Work,Tower 1,10th Floor,Civil Works- RCC,RCC,Shuttering- Conventional,,294679400.0,2026-08-07,2026-08-15,,,,,0
1.1.3.3.1.12.1.2,Reinforcement Work,Tower 1,10th Floor,Civil Works- RCC,RCC,Reinforcement,,587664900.0,2026-08-13,2026-08-17,,,,,0
1.1.3.3.1.12.1.3,Conduiting work,Tower 1,10th Floor,MEP,Tower MEP,Electrical,,5155500.0,2026-08-17,2026-08-17,,,,,0
1.1.3.3.1.12.1.4,Concreteing work,Tower 1,10th Floor,Civil Works- RCC,RCC,Concreting,,415986100.0,2026-08-18,2026-08-18,,,,,0
1.1.3.3.1.13,11th Floor Slab,,,,,,,,2026-08-19,2026-08-30,,,,,
1.1.3.3.1.13.1,11th Floor Slab,,,,,,,,2026-08-19,2026-08-30,,,,,
1.1.3.3.1.13.1.1,Shuttering Work,Tower 1,11th Floor,Civil Works- RCC,RCC,Shuttering- Conventional,,294679400.0,2026-08-19,2026-08-27,,,,,0
1.1.3.3.1.13.1.2,Reinforcement Work,Tower 1,11th Floor,Civil Works- RCC,RCC,Reinforcement,,587664900.0,2026-08-25,2026-08-29,,,,,0
1.1.3.3.1.13.1.3,Conduiting work,Tower 1,11th Floor,MEP,Tower MEP,Electrical,,5155500.0,2026-08-29,2026-08-29,,,,,0
1.1.3.3.1.13.1.4,Concreteing work,Tower 1,11th Floor,Civil Works- RCC,RCC,Concreting,,415986100.0,2026-08-30,2026-08-30,,,,,0
1.1.3.3.1.14,12th Floor Slab,,,,,,,,2026-08-31,2026-09-11,,,,,
1.1.3.3.1.14.1,12th Floor Slab,,,,,,,,2026-08-31,2026-09-11,,,,,
1.1.3.3.1.14.1.1,Shuttering Work,Tower 1,12th Floor,Civil Works- RCC,RCC,Shuttering- Conventional,,294679400.0,2026-08-31,2026-09-08,,,,,0
1.1.3.3.1.14.1.2,Reinforcement Work,Tower 1,12th Floor,Civil Works- RCC,RCC,Reinforcement,,587664900.0,2026-09-06,2026-09-10,,,,,0
1.1.3.3.1.14.1.3,Conduiting work,Tower 1,12th Floor,MEP,Tower MEP,Electrical,,5155500.0,2026-09-10,2026-09-10,,,,,0
1.1.3.3.1.14.1.4,Concreteing work,Tower 1,12th Floor,Civil Works- RCC,RCC,Concreting,,415986100.0,2026-09-11,2026-09-11,,,,,0
1.1.3.3.1.15,13th Floor Slab,,,,,,,,2026-09-12,2026-09-23,,,,,
1.1.3.3.1.15.1,13th Floor Slab,,,,,,,,2026-09-12,2026-09-23,,,,,
1.1.3.3.1.15.1.1,Shuttering Work,Tower 1,13th Floor,Civil Works- RCC,RCC,Shuttering- Conventional,,294679400.0,2026-09-12,2026-09-20,,,,,0
1.1.3.3.1.15.1.2,Reinforcement Work,Tower 1,13th Floor,Civil Works- RCC,RCC,Reinforcement,,587664900.0,2026-09-18,2026-09-22,,,,,0
1.1.3.3.1.15.1.3,Conduiting work,Tower 1,13th Floor,MEP,Tower MEP,Electrical,,5155500.0,2026-09-22,2026-09-22,,,,,0
1.1.3.3.1.15.1.4,Concreteing work,Tower 1,13th Floor,Civil Works- RCC,RCC,Concreting,,415986100.0,2026-09-23,2026-09-23,,,,,0
1.1.3.3.1.16,14th Floor Slab,,,,,,,,2026-09-24,2026-10-05,,,,,
1.1.3.3.1.16.1,14th Floor Slab,,,,,,,,2026-09-24,2026-10-05,,,,,
1.1.3.3.1.16.1.1,Shuttering Work,Tower 1,14th Floor,Civil Works- RCC,RCC,Shuttering- Conventional,,294679400.0,2026-09-24,2026-10-02,,,,,0
1.1.3.3.1.16.1.2,Reinforcement Work,Tower 1,14th Floor,Civil Works- RCC,RCC,Reinforcement,,587664900.0,2026-09-30,2026-10-04,,,,,0
1.1.3.3.1.16.1.3,Conduiting work,Tower 1,14th Floor,MEP,Tower MEP,Electrical,,5155500.0,2026-10-04,2026-10-04,,,,,0
1.1.3.3.1.16.1.4,Concreteing work,Tower 1,14th Floor,Civil Works- RCC,RCC,Concreting,,415986100.0,2026-10-05,2026-10-05,,,,,0
1.1.3.3.1.17,15th Floor Slab,,,,,,,,2026-10-06,2026-10-17,,,,,
1.1.3.3.1.17.1,15th Floor Slab,,,,,,,,2026-10-06,2026-10-17,,,,,
1.1.3.3.1.17.1.1,Shuttering Work,Tower 1,15th Floor,Civil Works- RCC,RCC,Shuttering- Conventional,,294679400.0,2026-10-06,2026-10-14,,,,,0
1.1.3.3.1.17.1.2,Reinforcement Work,Tower 1,15th Floor,Civil Works- RCC,RCC,Reinforcement,,587664900.0,2026-10-12,2026-10-16,,,,,0
1.1.3.3.1.17.1.3,Conduiting work,Tower 1,15th Floor,MEP,Tower MEP,Electrical,,5155500.0,2026-10-16,2026-10-16,,,,,0
1.1.3.3.1.17.1.4,Concreteing work,Tower 1,15th Floor,Civil Works- RCC,RCC,Concreting,,415986100.0,2026-10-17,2026-10-17,,,,,0
1.1.3.3.1.18,16th Floor Slab,,,,,,,,2026-10-18,2026-10-29,,,,,
1.1.3.3.1.18.1,16th Floor Slab,,,,,,,,2026-10-18,2026-10-29,,,,,
1.1.3.3.1.18.1.1,Shuttering Work,Tower 1,16th Floor,Civil Works- RCC,RCC,Shuttering- Conventional,,294679400.0,2026-10-18,2026-10-26,,,,,0
1.1.3.3.1.18.1.2,Reinforcement Work,Tower 1,16th Floor,Civil Works- RCC,RCC,Reinforcement,,587664900.0,2026-10-24,2026-10-28,,,,,0
1.1.3.3.1.18.1.3,Conduiting work,Tower 1,16th Floor,MEP,Tower MEP,Electrical,,5155500.0,2026-10-28,2026-10-28,,,,,0
1.1.3.3.1.18.1.4,Concreteing work,Tower 1,16th Floor,Civil Works- RCC,RCC,Concreting,,415986100.0,2026-10-29,2026-10-29,,,,,0
1.1.3.3.1.19,17th Floor Slab,,,,,,,,2026-10-30,2026-12-31,,,,,
1.1.3.3.1.19.1,17th Floor Slab,,,,,,,,2026-10-30,2026-12-31,,,,,
1.1.3.3.1.19.1.1,Shuttering Work,Tower 1,17th Floor,Civil Works- RCC,RCC,Shuttering- Conventional,,294679400.0,2026-10-30,2026-12-24,,,,,0
1.1.3.3.1.19.1.2,Reinforcement Work,Tower 1,17th Floor,Civil Works- RCC,RCC,Reinforcement,,587664900.0,2026-12-22,2026-12-30,,,,,0
1.1.3.3.1.19.1.3,Conduiting work,Tower 1,17th Floor,MEP,Tower MEP,Electrical,,5155500.0,2026-12-30,2026-12-30,,,,,0
1.1.3.3.1.19.1.4,Concreteing work,Tower 1,17th Floor,Civil Works- RCC,RCC,Concreting,,415986100.0,2026-12-31,2026-12-31,,,,,0
1.1.3.3.1.20,18th Floor Slab,,,,,,,,2027-01-01,2027-01-12,,,,,
1.1.3.3.1.20.1,18th Floor Slab,,,,,,,,2027-01-01,2027-01-12,,,,,
1.1.3.3.1.20.1.1,Shuttering Work,Tower 1,18th Floor,Civil Works- RCC,RCC,Shuttering- Conventional,,294679400.0,2027-01-01,2027-01-09,,,,,0
1.1.3.3.1.20.1.2,Reinforcement Work,Tower 1,18th Floor,Civil Works- RCC,RCC,Reinforcement,,587664900.0,2027-01-07,2027-01-11,,,,,0
1.1.3.3.1.20.1.3,Conduiting work,Tower 1,18th Floor,MEP,Tower MEP,Electrical,,5155500.0,2027-01-11,2027-01-11,,,,,0
1.1.3.3.1.20.1.4,Concreteing work,Tower 1,18th Floor,Civil Works- RCC,RCC,Concreting,,415986100.0,2027-01-12,2027-01-12,,,,,0
1.1.3.3.1.21,19th Floor Slab,,,,,,,,2027-01-13,2027-01-24,,,,,
1.1.3.3.1.21.1,19th Floor Slab,,,,,,,,2027-01-13,2027-01-24,,,,,
1.1.3.3.1.21.1.1,Shuttering Work,Tower 1,19th Floor,Civil Works- RCC,RCC,Shuttering- Conventional,,294679400.0,2027-01-13,2027-01-21,,,,,0
1.1.3.3.1.21.1.2,Reinforcement Work,Tower 1,19th Floor,Civil Works- RCC,RCC,Reinforcement,,587664900.0,2027-01-19,2027-01-23,,,,,0
1.1.3.3.1.21.1.3,Conduiting work,Tower 1,19th Floor,MEP,Tower MEP,Electrical,,5155500.0,2027-01-23,2027-01-23,,,,,0
1.1.3.3.1.21.1.4,Concreteing work,Tower 1,19th Floor,Civil Works- RCC,RCC,Concreting,,415986100.0,2027-01-24,2027-01-24,,,,,0
1.1.3.3.1.22,20th Floor Slab,,,,,,,,2027-01-25,2027-02-05,,,,,
1.1.3.3.1.22.1,20th Floor Slab,,,,,,,,2027-01-25,2027-02-05,,,,,
1.1.3.3.1.22.1.1,Shuttering Work,Tower 1,20th Floor,Civil Works- RCC,RCC,Shuttering- Conventional,,294679400.0,2027-01-25,2027-02-02,,,,,0
1.1.3.3.1.22.1.2,Reinforcement Work,Tower 1,20th Floor,Civil Works- RCC,RCC,Reinforcement,,587664900.0,2027-01-31,2027-02-04,,,,,0
1.1.3.3.1.22.1.3,Conduiting work,Tower 1,20th Floor,MEP,Tower MEP,Electrical,,5155500.0,2027-02-04,2027-02-04,,,,,0
1.1.3.3.1.22.1.4,Concreteing work,Tower 1,20th Floor,Civil Works- RCC,RCC,Concreting,,415986100.0,2027-02-05,2027-02-05,,,,,0
1.1.3.3.1.23,21st Floor Slab,,,,,,,,2027-02-06,2027-02-17,,,,,
1.1.3.3.1.23.1,21st Floor Slab,,,,,,,,2027-02-06,2027-02-17,,,,,
1.1.3.3.1.23.1.1,Shuttering Work,Tower 1,21st Floor,Civil Works- RCC,RCC,Shuttering- Conventional,,294679400.0,2027-02-06,2027-02-14,,,,,0
1.1.3.3.1.23.1.2,Reinforcement Work,Tower 1,21st Floor,Civil Works- RCC,RCC,Reinforcement,,587664900.0,2027-02-12,2027-02-16,,,,,0
1.1.3.3.1.23.1.3,Conduiting work,Tower 1,21st Floor,MEP,Tower MEP,Electrical,,5155500.0,2027-02-16,2027-02-16,,,,,0
1.1.3.3.1.23.1.4,Concreteing work,Tower 1,21st Floor,Civil Works- RCC,RCC,Concreting,,415986100.0,2027-02-17,2027-02-17,,,,,0
1.1.3.3.1.24,22nd Floor Slab,,,,,,,,2027-02-18,2027-03-01,,,,,
1.1.3.3.1.24.1,22nd Floor Slab,,,,,,,,2027-02-18,2027-03-01,,,,,
1.1.3.3.1.24.1.1,Shuttering Work,Tower 1,22nd Floor,Civil Works- RCC,RCC,Shuttering- Conventional,,294679400.0,2027-02-18,2027-02-26,,,,,0
1.1.3.3.1.24.1.2,Reinforcement Work,Tower 1,22nd Floor,Civil Works- RCC,RCC,Reinforcement,,587664900.0,2027-02-24,2027-02-28,,,,,0
1.1.3.3.1.24.1.3,Conduiting work,Tower 1,22nd Floor,MEP,Tower MEP,Electrical,,5155500.0,2027-02-28,2027-02-28,,,,,0
1.1.3.3.1.24.1.4,Concreteing work,Tower 1,22nd Floor,Civil Works- RCC,RCC,Concreting,,415986100.0,2027-03-01,2027-03-01,,,,,0
1.1.3.3.1.25,23rd Floor Slab,,,,,,,,2027-03-02,2027-03-13,,,,,
1.1.3.3.1.25.1,23rd Floor Slab,,,,,,,,2027-03-02,2027-03-13,,,,,
1.1.3.3.1.25.1.1,Shuttering Work,Tower 1,23rd Floor,Civil Works- RCC,RCC,Shuttering- Conventional,,294679400.0,2027-03-02,2027-03-10,,,,,0
1.1.3.3.1.25.1.2,Reinforcement Work,Tower 1,23rd Floor,Civil Works- RCC,RCC,Reinforcement,,587664900.0,2027-03-08,2027-03-12,,,,,0
1.1.3.3.1.25.1.3,Conduiting work,Tower 1,23rd Floor,MEP,Tower MEP,Electrical,,5155500.0,2027-03-12,2027-03-12,,,,,0
1.1.3.3.1.25.1.4,Concreteing work,Tower 1,23rd Floor,Civil Works- RCC,RCC,Concreting,,415986100.0,2027-03-13,2027-03-13,,,,,0
1.1.3.3.1.26,Terrace Slab,,,,,,,,2027-03-14,2027-04-07,,,,,
1.1.3.3.1.26.1,Terrace Slab,,,,,,,,2027-03-14,2027-04-07,,,,,
1.1.3.3.1.26.1.1,Shuttering Work,Tower 1,Terrace,Civil Works- RCC,RCC,Shuttering- Conventional,,451103900.0,2027-03-14,2027-03-30,,,,,0
1.1.3.3.1.26.1.2,Reinforcement Work,Tower 1,Terrace,Civil Works- RCC,RCC,Reinforcement,,390901900.0,2027-03-27,2027-04-06,,,,,0
1.1.3.3.1.26.1.3,Conduiting work,Tower 1,Terrace,MEP,Common area-MEP,CA-Electrical,,5155500.0,2027-04-06,2027-04-06,,,,,0
1.1.3.3.1.26.1.4,Concreteing work,Tower 1,Terrace,Civil Works- RCC,RCC,Concreting,,374900700.0,2027-04-07,2027-04-07,,,,,0
1.1.3.3.1.27,Terrace to LMR Floor,,,,,,,,2027-04-08,2027-04-18,,,,,
1.1.3.3.1.27.1,LMR Floor Slab,,,,,,,,2027-04-08,2027-04-18,,,,,
1.1.3.3.1.27.1.1,Shuttering Work,Tower 1,Terrace,Civil Works- RCC,RCC,Shuttering- Conventional,,121421900.0,2027-04-08,2027-04-15,,,,,0
1.1.3.3.1.27.1.2,Reinforcement Work,Tower 1,Terrace,Civil Works- RCC,RCC,Reinforcement,,106669900.0,2027-04-14,2027-04-17,,,,,0
1.1.3.3.1.27.1.3,Conduiting work,Tower 1,Terrace,MEP,Common area-MEP,CA-Electrical,,5155500.0,2027-04-17,2027-04-17,,,,,0
1.1.3.3.1.27.1.4,Concreteing work,Tower 1,Terrace,Civil Works- RCC,RCC,Concreting,,102303500.0,2027-04-18,2027-04-18,,,,,0
1.1.3.3.1.28,LMR Floor to LMR Roof,,,,,,,,2027-04-19,2027-04-29,,,,,
1.1.3.3.1.28.1,LMR Roof Slab,,,,,,,,2027-04-19,2027-04-29,,,,,
1.1.3.3.1.28.1.1,Shuttering Work,Tower 1,,Civil Works- RCC,RCC,Shuttering- Conventional,,121421900.0,2027-04-19,2027-04-26,,,,,0
1.1.3.3.1.28.1.2,Reinforcement Work,Tower 1,,Civil Works- RCC,RCC,Reinforcement,,106669900.0,2027-04-25,2027-04-28,,,,,0
1.1.3.3.1.28.1.3,Conduiting work,Tower 1,,MEP,Common area-MEP,CA-Electrical,,5155500.0,2027-04-28,2027-04-28,,,,,0
1.1.3.3.1.28.1.4,Concreteing work,Tower 1,,Civil Works- RCC,RCC,Concreting,,102303500.0,2027-04-29,2027-04-29,,,,,0
1.1.3.3.1.29,OHT & Roof Features,,,,,,,,2027-04-30,2027-05-17,,,,,
1.1.3.3.1.29.1,OHT & Roof Features,,,,,,,,2027-04-30,2027-05-17,,,,,
1.1.3.3.1.29.1.1,Reinforcement Work,Tower 1,,Civil Works- RCC,RCC,Reinforcement,,34184000.0,2027-04-30,2027-05-10,,,,,0
1.1.3.3.1.29.1.2,Shuttering work,Tower 1,,Civil Works- RCC,RCC,Shuttering- Conventional,,34025100.0,2027-05-09,2027-05-17,,,,,0
1.1.3.3.1.29.1.3,Concreteing work,Tower 1,,Civil Works- RCC,RCC,Concreting,,32784700.0,2027-05-11,2027-05-17,,,,,0
1.1.3.3.2,Post Pour Works,,,,,,,,2026-05-18,2027-04-30,,,,,
1.1.3.3.2.1,1st Floor,Tower 1,1st Floor,Civil Works- RCC,RCC,Post Pour,,100.0,2026-05-18,2026-05-25,,,,,0
1.1.3.3.2.2,2nd Floor,Tower 1,2nd Floor,Civil Works- RCC,RCC,Post Pour,,100.0,2026-06-08,2026-06-15,,,,,0
1.1.3.3.2.3,3rd Floor,Tower 1,3rd Floor,Civil Works- RCC,RCC,Post Pour,,100.0,2026-06-20,2026-06-27,,,,,0
1.1.3.3.2.4,4th Floor,Tower 1,4th Floor,Civil Works- RCC,RCC,Post Pour,,100.0,2026-07-02,2026-07-09,,,,,0
1.1.3.3.2.5,5th Floor,Tower 1,5th Floor,Civil Works- RCC,RCC,Post Pour,,100.0,2026-07-14,2026-07-21,,,,,0
1.1.3.3.2.6,6th Floor,Tower 1,6th Floor,Civil Works- RCC,RCC,Post Pour,,100.0,2026-07-26,2026-08-02,,,,,0
1.1.3.3.2.7,7th Floor,Tower 1,7th Floor,Civil Works- RCC,RCC,Post Pour,,100.0,2026-08-03,2026-08-10,,,,,0
1.1.3.3.2.8,8th Floor,Tower 1,8th Floor,Civil Works- RCC,RCC,Post Pour,,100.0,2026-08-31,2026-09-07,,,,,0
1.1.3.3.2.9,9th Floor,Tower 1,9th Floor,Civil Works- RCC,RCC,Post Pour,,100.0,2026-09-12,2026-09-19,,,,,0
1.1.3.3.2.10,10th Floor,Tower 1,10th Floor,Civil Works- RCC,RCC,Post Pour,,100.0,2026-09-24,2026-10-01,,,,,0
1.1.3.3.2.11,11th Floor,Tower 1,11th Floor,Civil Works- RCC,RCC,Post Pour,,100.0,2026-10-06,2026-10-13,,,,,0
1.1.3.3.2.12,12th Floor,Tower 1,12th Floor,Civil Works- RCC,RCC,Post Pour,,100.0,2026-10-18,2026-10-25,,,,,0
1.1.3.3.2.13,13th Floor,Tower 1,13th Floor,Civil Works- RCC,RCC,Post Pour,,100.0,2026-10-30,2026-12-21,,,,,0
1.1.3.3.2.14,14th Floor,Tower 1,14th Floor,Civil Works- RCC,RCC,Post Pour,,100.0,2027-01-01,2027-01-08,,,,,0
1.1.3.3.2.15,15th Floor,Tower 1,15th Floor,Civil Works- RCC,RCC,Post Pour,,100.0,2027-01-13,2027-01-20,,,,,0
1.1.3.3.2.16,16th Floor,Tower 1,16th Floor,Civil Works- RCC,RCC,Post Pour,,100.0,2027-01-25,2027-02-01,,,,,0
1.1.3.3.2.17,17th Floor,Tower 1,17th Floor,Civil Works- RCC,RCC,Post Pour,,100.0,2027-02-06,2027-02-13,,,,,0
1.1.3.3.2.18,18th Floor,Tower 1,18th Floor,Civil Works- RCC,RCC,Post Pour,,100.0,2027-02-18,2027-02-25,,,,,0
1.1.3.3.2.19,19th Floor,Tower 1,19th Floor,Civil Works- RCC,RCC,Post Pour,,100.0,2027-03-02,2027-03-09,,,,,0
1.1.3.3.2.20,20th Floor,Tower 1,20th Floor,Civil Works- RCC,RCC,Post Pour,,100.0,2027-03-14,2027-03-20,,,,,0
1.1.3.3.2.21,21st Floor,Tower 1,21st Floor,Civil Works- RCC,RCC,Post Pour,,100.0,2027-03-21,2027-03-27,,,,,0
1.1.3.3.2.22,22nd Floor,Tower 1,22nd Floor,Civil Works- RCC,RCC,Post Pour,,100.0,2027-03-28,2027-04-03,,,,,0
1.1.3.3.2.23,23rd Floor,Tower 1,23rd Floor,Civil Works- RCC,RCC,Post Pour,,100.0,2027-04-04,2027-04-10,,,,,0
1.1.3.3.2.24,Terrace Floor,Tower 1,Terrace,Finishing,Tower Finishing,Flooring,,100.0,2027-04-11,2027-04-20,,,,,0
1.1.3.3.2.25,"LMR, OHT & Roof Feauters",Tower 1,,Civil Works- RCC,RCC,Reinforcement,,100.0,2027-04-21,2027-04-30,,,,,0
1.1.3.3.3,Finishing works,,,,,,,,2026-07-25,2027-10-20,,,,,
1.1.3.3.3.1,Flat finishings,,,,,,,,2026-07-25,2027-10-20,,,,,
1.1.3.3.3.1.1,1st Floor,,,,,,,,2026-07-25,2026-12-23,,,,,
1.1.3.3.3.1.1.1,Block Work ,Tower 1,1st Floor,Finishing,Tower Civil Finishes,Blockwork,,66599900.0,2026-07-25,2026-08-08,,,,,0
1.1.3.3.3.1.1.2,Installation of temporary Main door,Tower 1,1st Floor,Finishing,Tower Finishing,Door,,13415100.0,2026-08-09,2026-08-13,,,,,0
1.1.3.3.3.1.1.3,Fire sprinkler pipe fixing,Tower 1,1st Floor,MEP,Common area-MEP,CA-Fire-fighting & FAPA,,36241800.0,2026-08-09,2026-08-13,,,,,0
1.1.3.3.3.1.1.4,Internal Plumbing Works,Tower 1,1st Floor,MEP,Tower MEP,Plumbing,,108139700.0,2026-08-09,2026-08-17,,,,,0
1.1.3.3.3.1.1.5,Waterproofing,Tower 1,1st Floor,Finishing,Tower Civil Finishes,Waterproofing,,34722900.0,2026-08-14,2026-08-23,,,,,0
1.1.3.3.3.1.1.6,Internal Plaster,Tower 1,1st Floor,Finishing,Tower Civil Finishes,Int Plaster,,124826500.0,2026-07-30,2026-08-12,,,,,0
1.1.3.3.3.1.1.7,IPS flooring work,Tower 1,1st Floor,Finishing,Tower Finishing,Flooring,,250606700.0,2026-08-09,2026-08-21,,,,,0
1.1.3.3.3.1.1.8,Toilet dado work,Tower 1,1st Floor,Finishing,Tower Finishing,Flooring,,82870800.0,2026-08-24,2026-09-04,,,,,0
1.1.3.3.3.1.1.9,Toilet flooring work,Tower 1,1st Floor,Finishing,Tower Finishing,Flooring,,55407000.0,2026-08-29,2026-09-09,,,,,0
1.1.3.3.3.1.1.10,Living dinning flooring,Tower 1,1st Floor,Finishing,Tower Finishing,Flooring,,158005300.0,2026-09-10,2026-09-27,,,,,0
1.1.3.3.3.1.1.11,Electrical wiring work,Tower 1,1st Floor,MEP,Tower MEP,Electrical,,125836900.0,2026-09-18,2026-09-29,,,,,0
1.1.3.3.3.1.1.12,Aluminium door-window fixing,Tower 1,1st Floor,Finishing,Tower Finishing,Window,,96576300.0,2026-09-30,2026-10-07,,,,,0
1.1.3.3.3.1.1.13,Putty primer coat,Tower 1,1st Floor,Finishing,Tower Finishing,Paint,,32276200.0,2026-09-30,2026-10-11,,,,,0
1.1.3.3.3.1.1.14,Prehung door fixing,Tower 1,1st Floor,Finishing,Tower Finishing,Door,,54755700.0,2026-10-07,2026-10-16,,,,,0
1.1.3.3.3.1.1.15,Painting 1st coat,Tower 1,1st Floor,Finishing,Tower Finishing,Paint,,21517500.0,2026-10-17,2026-10-29,,,,,0
1.1.3.3.3.1.1.16,False Ceiling panel fixing,Tower 1,1st Floor,Finishing,Tower Finishing,False Ceiling,,23017900.0,2026-10-30,2026-12-23,,,,,0
1.1.3.3.3.1.2,2nd Floor,,,,,,,,2026-08-15,2027-01-24,,,,,
1.1.3.3.3.1.2.1,Block Work ,Tower 1,2nd Floor,Finishing,Tower Civil Finishes,Blockwork,,66599900.0,2026-08-15,2026-08-29,,,,,0
1.1.3.3.3.1.2.2,Installation of temporary Main door,Tower 1,2nd Floor,Finishing,Tower Finishing,Door,,13415100.0,2026-08-30,2026-09-03,,,,,0
1.1.3.3.3.1.2.3,Fire sprinkler pipe fixing,Tower 1,2nd Floor,MEP,Common area-MEP,CA-Fire-fighting & FAPA,,36241800.0,2026-08-30,2026-09-03,,,,,0
1.1.3.3.3.1.2.4,Internal Plumbing Works,Tower 1,2nd Floor,MEP,Tower MEP,Plumbing,,108139700.0,2026-08-30,2026-09-07,,,,,0
1.1.3.3.3.1.2.5,Waterproofing,Tower 1,2nd Floor,Finishing,Tower Civil Finishes,Waterproofing,,34722900.0,2026-09-08,2026-09-17,,,,,0
1.1.3.3.3.1.2.6,Internal Plaster,Tower 1,2nd Floor,Finishing,Tower Civil Finishes,Int Plaster,,124826500.0,2026-08-20,2026-09-02,,,,,0
1.1.3.3.3.1.2.7,IPS flooring work,Tower 1,2nd Floor,Finishing,Tower Finishing,Flooring,,250606700.0,2026-08-30,2026-09-11,,,,,0
1.1.3.3.3.1.2.8,Toilet dado work,Tower 1,2nd Floor,Finishing,Tower Finishing,Flooring,,82870800.0,2026-09-18,2026-09-29,,,,,0
1.1.3.3.3.1.2.9,Toilet flooring work,Tower 1,2nd Floor,Finishing,Tower Finishing,Flooring,,55407000.0,2026-09-30,2026-10-11,,,,,0
1.1.3.3.3.1.2.10,Living dinning flooring,Tower 1,2nd Floor,Finishing,Tower Finishing,Flooring,,158005300.0,2026-10-12,2026-10-29,,,,,0
1.1.3.3.3.1.2.11,Electrical wiring work,Tower 1,2nd Floor,MEP,Tower MEP,Electrical,,125836900.0,2026-10-20,2026-10-31,,,,,0
1.1.3.3.3.1.2.12,Aluminium door-window fixing,Tower 1,2nd Floor,Finishing,Tower Finishing,Window,,96576300.0,2026-12-16,2026-12-23,,,,,0
1.1.3.3.3.1.2.13,Putty primer coat,Tower 1,2nd Floor,Finishing,Tower Finishing,Paint,,32276200.0,2026-12-16,2026-12-27,,,,,0
1.1.3.3.3.1.2.14,Prehung door fixing,Tower 1,2nd Floor,Finishing,Tower Finishing,Door,,54755700.0,2026-12-23,2027-01-01,,,,,0
1.1.3.3.3.1.2.15,Painting 1st coat,Tower 1,2nd Floor,Finishing,Tower Finishing,Paint,,21517500.0,2027-01-02,2027-01-14,,,,,0
1.1.3.3.3.1.2.16,False Ceiling panel fixing,Tower 1,2nd Floor,Finishing,Tower Finishing,False Ceiling,,23017900.0,2027-01-15,2027-01-24,,,,,0
1.1.3.3.3.1.3,3rd Floor,,,,,,,,2026-08-27,2027-02-05,,,,,
1.1.3.3.3.1.3.1,Block Work ,Tower 1,3rd Floor,Finishing,Tower Civil Finishes,Blockwork,,66599900.0,2026-08-27,2026-09-10,,,,,0
1.1.3.3.3.1.3.2,Installation of temporary Main door,Tower 1,3rd Floor,Finishing,Tower Finishing,Door,,13415100.0,2026-09-11,2026-09-15,,,,,0
1.1.3.3.3.1.3.3,Fire sprinkler pipe fixing,Tower 1,3rd Floor,MEP,Common area-MEP,CA-Fire-fighting & FAPA,,36241800.0,2026-09-11,2026-09-15,,,,,0
1.1.3.3.3.1.3.4,Internal Plumbing Works,Tower 1,3rd Floor,MEP,Tower MEP,Plumbing,,108139700.0,2026-09-11,2026-09-19,,,,,0
1.1.3.3.3.1.3.5,Waterproofing,Tower 1,3rd Floor,Finishing,Tower Civil Finishes,Waterproofing,,34722900.0,2026-09-20,2026-09-29,,,,,0
1.1.3.3.3.1.3.6,Internal Plaster,Tower 1,3rd Floor,Finishing,Tower Civil Finishes,Int Plaster,,124826500.0,2026-09-01,2026-09-14,,,,,0
1.1.3.3.3.1.3.7,IPS flooring work,Tower 1,3rd Floor,Finishing,Tower Finishing,Flooring,,250606700.0,2026-09-11,2026-09-23,,,,,0
1.1.3.3.3.1.3.8,Toilet dado work,Tower 1,3rd Floor,Finishing,Tower Finishing,Flooring,,82870800.0,2026-09-30,2026-10-11,,,,,0
1.1.3.3.3.1.3.9,Toilet flooring work,Tower 1,3rd Floor,Finishing,Tower Finishing,Flooring,,55407000.0,2026-10-12,2026-10-23,,,,,0
1.1.3.3.3.1.3.10,Living dinning flooring,Tower 1,3rd Floor,Finishing,Tower Finishing,Flooring,,158005300.0,2026-10-24,2026-12-25,,,,,0
1.1.3.3.3.1.3.11,Electrical wiring work,Tower 1,3rd Floor,MEP,Tower MEP,Electrical,,125836900.0,2026-12-16,2026-12-27,,,,,0
1.1.3.3.3.1.3.12,Aluminium door-window fixing,Tower 1,3rd Floor,Finishing,Tower Finishing,Window,,96576300.0,2026-12-28,2027-01-04,,,,,0
1.1.3.3.3.1.3.13,Putty primer coat,Tower 1,3rd Floor,Finishing,Tower Finishing,Paint,,32276200.0,2026-12-28,2027-01-08,,,,,0
1.1.3.3.3.1.3.14,Prehung door fixing,Tower 1,3rd Floor,Finishing,Tower Finishing,Door,,54755700.0,2027-01-04,2027-01-13,,,,,0
1.1.3.3.3.1.3.15,Painting 1st coat,Tower 1,3rd Floor,Finishing,Tower Finishing,Paint,,21517500.0,2027-01-14,2027-01-26,,,,,0
1.1.3.3.3.1.3.16,False Ceiling panel fixing,Tower 1,3rd Floor,Finishing,Tower Finishing,False Ceiling,,23017900.0,2027-01-27,2027-02-05,,,,,0
1.1.3.3.3.1.4,4th Floor,,,,,,,,2026-09-08,2027-02-23,,,,,
1.1.3.3.3.1.4.1,Block Work ,Tower 1,4th Floor,Finishing,Tower Civil Finishes,Blockwork,,66599900.0,2026-09-08,2026-09-22,,,,,0
1.1.3.3.3.1.4.2,Installation of temporary Main door,Tower 1,4th Floor,Finishing,Tower Finishing,Door,,13415100.0,2026-09-23,2026-09-27,,,,,0
1.1.3.3.3.1.4.3,Fire sprinkler pipe fixing,Tower 1,4th Floor,MEP,Common area-MEP,CA-Fire-fighting & FAPA,,36241800.0,2026-09-23,2026-09-27,,,,,0
1.1.3.3.3.1.4.4,Internal Plumbing Works,Tower 1,4th Floor,MEP,Tower MEP,Plumbing,,108139700.0,2026-09-23,2026-10-01,,,,,0
1.1.3.3.3.1.4.5,Waterproofing,Tower 1,4th Floor,Finishing,Tower Civil Finishes,Waterproofing,,34722900.0,2026-10-02,2026-10-11,,,,,0
1.1.3.3.3.1.4.6,Internal Plaster,Tower 1,4th Floor,Finishing,Tower Civil Finishes,Int Plaster,,124826500.0,2026-10-12,2026-10-25,,,,,0
1.1.3.3.3.1.4.7,IPS flooring work,Tower 1,4th Floor,Finishing,Tower Finishing,Flooring,,250606700.0,2026-09-23,2026-10-05,,,,,0
1.1.3.3.3.1.4.8,Toilet dado work,Tower 1,4th Floor,Finishing,Tower Finishing,Flooring,,82870800.0,2026-10-26,2026-12-21,,,,,0
1.1.3.3.3.1.4.9,Toilet flooring work,Tower 1,4th Floor,Finishing,Tower Finishing,Flooring,,55407000.0,2026-12-22,2027-01-02,,,,,0
1.1.3.3.3.1.4.10,Living dinning flooring,Tower 1,4th Floor,Finishing,Tower Finishing,Flooring,,158005300.0,2027-01-03,2027-01-20,,,,,0
1.1.3.3.3.1.4.11,Electrical wiring work,Tower 1,4th Floor,MEP,Tower MEP,Electrical,,125836900.0,2027-01-11,2027-01-22,,,,,0
1.1.3.3.3.1.4.12,Aluminium door-window fixing,Tower 1,4th Floor,Finishing,Tower Finishing,Window,,96576300.0,2027-01-15,2027-01-22,,,,,0
1.1.3.3.3.1.4.13,Putty primer coat,Tower 1,4th Floor,Finishing,Tower Finishing,Paint,,32276200.0,2027-01-15,2027-01-26,,,,,0
1.1.3.3.3.1.4.14,Prehung door fixing,Tower 1,4th Floor,Finishing,Tower Finishing,Door,,54755700.0,2027-01-22,2027-01-31,,,,,0
1.1.3.3.3.1.4.15,Painting 1st coat,Tower 1,4th Floor,Finishing,Tower Finishing,Paint,,21517500.0,2027-02-01,2027-02-13,,,,,0
1.1.3.3.3.1.4.16,False Ceiling panel fixing,Tower 1,4th Floor,Finishing,Tower Finishing,False Ceiling,,23017900.0,2027-02-14,2027-02-23,,,,,0
1.1.3.3.3.1.5,5th Floor,,,,,,,,2026-09-20,2027-03-07,,,,,
1.1.3.3.3.1.5.1,Block Work ,Tower 1,5th Floor,Finishing,Tower Civil Finishes,Blockwork,,66599900.0,2026-09-20,2026-10-04,,,,,0
1.1.3.3.3.1.5.2,Installation of temporary Main door,Tower 1,5th Floor,Finishing,Tower Finishing,Door,,13415100.0,2026-10-05,2026-10-09,,,,,0
1.1.3.3.3.1.5.3,Fire sprinkler pipe fixing,Tower 1,5th Floor,MEP,Common area-MEP,CA-Fire-fighting & FAPA,,36241800.0,2026-10-05,2026-10-09,,,,,0
1.1.3.3.3.1.5.4,Internal Plumbing Works,Tower 1,5th Floor,MEP,Tower MEP,Plumbing,,108139700.0,2026-10-05,2026-10-13,,,,,0
1.1.3.3.3.1.5.5,Waterproofing,Tower 1,5th Floor,Finishing,Tower Civil Finishes,Waterproofing,,34722900.0,2026-10-14,2026-10-23,,,,,0
1.1.3.3.3.1.5.6,Internal Plaster,Tower 1,5th Floor,Finishing,Tower Civil Finishes,Int Plaster,,124826500.0,2026-10-24,2026-12-21,,,,,0
1.1.3.3.3.1.5.7,IPS flooring work,Tower 1,5th Floor,Finishing,Tower Finishing,Flooring,,250606700.0,2026-10-05,2026-10-17,,,,,0
1.1.3.3.3.1.5.8,Toilet dado work,Tower 1,5th Floor,Finishing,Tower Finishing,Flooring,,82870800.0,2026-12-22,2027-01-02,,,,,0
1.1.3.3.3.1.5.9,Toilet flooring work,Tower 1,5th Floor,Finishing,Tower Finishing,Flooring,,55407000.0,2027-01-03,2027-01-14,,,,,0
1.1.3.3.3.1.5.10,Living dinning flooring,Tower 1,5th Floor,Finishing,Tower Finishing,Flooring,,158005300.0,2027-01-15,2027-02-01,,,,,0
1.1.3.3.3.1.5.11,Electrical wiring work,Tower 1,5th Floor,MEP,Tower MEP,Electrical,,125836900.0,2027-01-23,2027-02-03,,,,,0
1.1.3.3.3.1.5.12,Aluminium door-window fixing,Tower 1,5th Floor,Finishing,Tower Finishing,Window,,96576300.0,2027-01-27,2027-02-03,,,,,0
1.1.3.3.3.1.5.13,Putty primer coat,Tower 1,5th Floor,Finishing,Tower Finishing,Paint,,32276200.0,2027-01-27,2027-02-07,,,,,0
1.1.3.3.3.1.5.14,Prehung door fixing,Tower 1,5th Floor,Finishing,Tower Finishing,Door,,54755700.0,2027-02-03,2027-02-12,,,,,0
1.1.3.3.3.1.5.15,Painting 1st coat,Tower 1,5th Floor,Finishing,Tower Finishing,Paint,,21517500.0,2027-02-13,2027-02-25,,,,,0
1.1.3.3.3.1.5.16,False Ceiling panel fixing,Tower 1,5th Floor,Finishing,Tower Finishing,False Ceiling,,23017900.0,2027-02-26,2027-03-07,,,,,0
1.1.3.3.3.1.6,6th Floor,,,,,,,,2026-10-02,2027-03-19,,,,,
1.1.3.3.3.1.6.1,Block Work ,Tower 1,6th Floor,Finishing,Tower Civil Finishes,Blockwork,,66599900.0,2026-10-02,2026-10-16,,,,,0
1.1.3.3.3.1.6.2,Installation of temporary Main door,Tower 1,6th Floor,Finishing,Tower Finishing,Door,,13415100.0,2026-10-17,2026-10-21,,,,,0
1.1.3.3.3.1.6.3,Fire sprinkler pipe fixing,Tower 1,6th Floor,MEP,Common area-MEP,CA-Fire-fighting & FAPA,,36241800.0,2026-10-17,2026-10-21,,,,,0
1.1.3.3.3.1.6.4,Internal Plumbing Works,Tower 1,6th Floor,MEP,Tower MEP,Plumbing,,108139700.0,2026-10-17,2026-10-25,,,,,0
1.1.3.3.3.1.6.5,Waterproofing,Tower 1,6th Floor,Finishing,Tower Civil Finishes,Waterproofing,,34722900.0,2026-10-26,2026-12-19,,,,,0
1.1.3.3.3.1.6.6,Internal Plaster,Tower 1,6th Floor,Finishing,Tower Civil Finishes,Int Plaster,,124826500.0,2026-12-20,2027-01-02,,,,,0
1.1.3.3.3.1.6.7,IPS flooring work,Tower 1,6th Floor,Finishing,Tower Finishing,Flooring,,250606700.0,2026-10-17,2026-10-29,,,,,0
1.1.3.3.3.1.6.8,Toilet dado work,Tower 1,6th Floor,Finishing,Tower Finishing,Flooring,,82870800.0,2027-01-03,2027-01-14,,,,,0
1.1.3.3.3.1.6.9,Toilet flooring work,Tower 1,6th Floor,Finishing,Tower Finishing,Flooring,,55407000.0,2027-01-15,2027-01-26,,,,,0
1.1.3.3.3.1.6.10,Living dinning flooring,Tower 1,6th Floor,Finishing,Tower Finishing,Flooring,,158005300.0,2027-01-27,2027-02-13,,,,,0
1.1.3.3.3.1.6.11,Electrical wiring work,Tower 1,6th Floor,MEP,Tower MEP,Electrical,,125836900.0,2027-02-04,2027-02-15,,,,,0
1.1.3.3.3.1.6.12,Aluminium door-window fixing,Tower 1,6th Floor,Finishing,Tower Finishing,Window,,96576300.0,2027-02-08,2027-02-15,,,,,0
1.1.3.3.3.1.6.13,Putty primer coat,Tower 1,6th Floor,Finishing,Tower Finishing,Paint,,32276200.0,2027-02-08,2027-02-19,,,,,0
1.1.3.3.3.1.6.14,Prehung door fixing,Tower 1,6th Floor,Finishing,Tower Finishing,Door,,54755700.0,2027-02-15,2027-02-24,,,,,0
1.1.3.3.3.1.6.15,Painting 1st coat,Tower 1,6th Floor,Finishing,Tower Finishing,Paint,,21517500.0,2027-02-25,2027-03-09,,,,,0
1.1.3.3.3.1.6.16,False Ceiling panel fixing,Tower 1,6th Floor,Finishing,Tower Finishing,False Ceiling,,23017900.0,2027-03-10,2027-03-19,,,,,0
1.1.3.3.3.1.7,7th Floor,,,,,,,,2026-10-10,2027-03-29,,,,,
1.1.3.3.3.1.7.1,Block Work ,Tower 1,7th Floor,Finishing,Tower Civil Finishes,Blockwork,,66599900.0,2026-10-10,2026-10-24,,,,,0
1.1.3.3.3.1.7.2,Installation of temporary Main door,Tower 1,7th Floor,Finishing,Tower Finishing,Door,,13415100.0,2026-10-25,2026-10-29,,,,,0
1.1.3.3.3.1.7.3,Fire sprinkler pipe fixing,Tower 1,7th Floor,MEP,Common area-MEP,CA-Fire-fighting & FAPA,,36241800.0,2026-10-25,2026-10-29,,,,,0
1.1.3.3.3.1.7.4,Internal Plumbing Works,Tower 1,7th Floor,MEP,Tower MEP,Plumbing,,108139700.0,2026-10-25,2026-12-17,,,,,0
1.1.3.3.3.1.7.5,Waterproofing,Tower 1,7th Floor,Finishing,Tower Civil Finishes,Waterproofing,,34722900.0,2026-12-18,2026-12-27,,,,,0
1.1.3.3.3.1.7.6,Internal Plaster,Tower 1,7th Floor,Finishing,Tower Civil Finishes,Int Plaster,,124826500.0,2026-12-28,2027-01-10,,,,,0
1.1.3.3.3.1.7.7,IPS flooring work,Tower 1,7th Floor,Finishing,Tower Finishing,Flooring,,250606700.0,2026-10-25,2026-12-21,,,,,0
1.1.3.3.3.1.7.8,Toilet dado work,Tower 1,7th Floor,Finishing,Tower Finishing,Flooring,,82870800.0,2027-01-11,2027-01-22,,,,,0
1.1.3.3.3.1.7.9,Toilet flooring work,Tower 1,7th Floor,Finishing,Tower Finishing,Flooring,,55407000.0,2027-01-23,2027-02-03,,,,,0
1.1.3.3.3.1.7.10,Living dinning flooring,Tower 1,7th Floor,Finishing,Tower Finishing,Flooring,,158005300.0,2027-02-04,2027-02-21,,,,,0
1.1.3.3.3.1.7.11,Electrical wiring work,Tower 1,7th Floor,MEP,Tower MEP,Electrical,,125836900.0,2027-02-12,2027-02-23,,,,,0
1.1.3.3.3.1.7.12,Aluminium door-window fixing,Tower 1,7th Floor,Finishing,Tower Finishing,Window,,96576300.0,2027-02-16,2027-02-23,,,,,0
1.1.3.3.3.1.7.13,Putty primer coat,Tower 1,7th Floor,Finishing,Tower Finishing,Paint,,32276200.0,2027-02-16,2027-02-27,,,,,0
1.1.3.3.3.1.7.14,Prehung door fixing,Tower 1,7th Floor,Finishing,Tower Finishing,Door,,54755700.0,2027-02-23,2027-03-04,,,,,0
1.1.3.3.3.1.7.15,Painting 1st coat,Tower 1,7th Floor,Finishing,Tower Finishing,Paint,,21517500.0,2027-03-05,2027-03-17,,,,,0
1.1.3.3.3.1.7.16,False Ceiling panel fixing,Tower 1,7th Floor,Finishing,Tower Finishing,False Ceiling,,23017900.0,2027-03-20,2027-03-29,,,,,0
1.1.3.3.3.1.8,8th Floor,,,,,,,,2026-12-22,2027-04-24,,,,,
1.1.3.3.3.1.8.1,Block Work ,Tower 1,8th Floor,Finishing,Tower Civil Finishes,Blockwork,,66599900.0,2026-12-22,2027-01-05,,,,,0
1.1.3.3.3.1.8.2,Installation of temporary Main door,Tower 1,8th Floor,Finishing,Tower Finishing,Door,,13415100.0,2027-01-06,2027-01-10,,,,,0
1.1.3.3.3.1.8.3,Fire sprinkler pipe fixing,Tower 1,8th Floor,MEP,Common area-MEP,CA-Fire-fighting & FAPA,,36241800.0,2027-01-06,2027-01-10,,,,,0
1.1.3.3.3.1.8.4,Internal Plumbing Works,Tower 1,8th Floor,MEP,Tower MEP,Plumbing,,108139700.0,2027-01-06,2027-01-14,,,,,0
1.1.3.3.3.1.8.5,Waterproofing,Tower 1,8th Floor,Finishing,Tower Civil Finishes,Waterproofing,,34722900.0,2027-01-15,2027-01-24,,,,,0
1.1.3.3.3.1.8.6,Internal Plaster,Tower 1,8th Floor,Finishing,Tower Civil Finishes,Int Plaster,,124826500.0,2027-01-25,2027-02-07,,,,,0
1.1.3.3.3.1.8.7,IPS flooring work,Tower 1,8th Floor,Finishing,Tower Finishing,Flooring,,250606700.0,2027-01-06,2027-01-18,,,,,0
1.1.3.3.3.1.8.8,Toilet dado work,Tower 1,8th Floor,Finishing,Tower Finishing,Flooring,,82870800.0,2027-02-08,2027-02-19,,,,,0
1.1.3.3.3.1.8.9,Toilet flooring work,Tower 1,8th Floor,Finishing,Tower Finishing,Flooring,,55407000.0,2027-02-20,2027-03-03,,,,,0
1.1.3.3.3.1.8.10,Living dinning flooring,Tower 1,8th Floor,Finishing,Tower Finishing,Flooring,,158005300.0,2027-03-04,2027-03-21,,,,,0
1.1.3.3.3.1.8.11,Electrical wiring work,Tower 1,8th Floor,MEP,Tower MEP,Electrical,,125836900.0,2027-03-12,2027-03-23,,,,,0
1.1.3.3.3.1.8.12,Aluminium door-window fixing,Tower 1,8th Floor,Finishing,Tower Finishing,Window,,96576300.0,2027-03-16,2027-03-23,,,,,0
1.1.3.3.3.1.8.13,Putty primer coat,Tower 1,8th Floor,Finishing,Tower Finishing,Paint,,32276200.0,2027-03-16,2027-03-27,,,,,0
1.1.3.3.3.1.8.14,Prehung door fixing,Tower 1,8th Floor,Finishing,Tower Finishing,Door,,54755700.0,2027-03-23,2027-04-01,,,,,0
1.1.3.3.3.1.8.15,Painting 1st coat,Tower 1,8th Floor,Finishing,Tower Finishing,Paint,,21517500.0,2027-04-02,2027-04-14,,,,,0
1.1.3.3.3.1.8.16,False Ceiling panel fixing,Tower 1,8th Floor,Finishing,Tower Finishing,False Ceiling,,23017900.0,2027-04-15,2027-04-24,,,,,0
1.1.3.3.3.1.9,9th Floor,,,,,,,,2027-01-03,2027-05-06,,,,,
1.1.3.3.3.1.9.1,Block Work ,Tower 1,9th Floor,Finishing,Tower Civil Finishes,Blockwork,,66599900.0,2027-01-03,2027-01-17,,,,,0
1.1.3.3.3.1.9.2,Installation of temporary Main door,Tower 1,9th Floor,Finishing,Tower Finishing,Door,,13415100.0,2027-01-18,2027-01-22,,,,,0
1.1.3.3.3.1.9.3,Fire sprinkler pipe fixing,Tower 1,9th Floor,MEP,Common area-MEP,CA-Fire-fighting & FAPA,,36241800.0,2027-01-18,2027-01-22,,,,,0
1.1.3.3.3.1.9.4,Internal Plumbing Works,Tower 1,9th Floor,MEP,Tower MEP,Plumbing,,108139700.0,2027-01-18,2027-01-26,,,,,0
1.1.3.3.3.1.9.5,Waterproofing,Tower 1,9th Floor,Finishing,Tower Civil Finishes,Waterproofing,,34722900.0,2027-01-27,2027-02-05,,,,,0
1.1.3.3.3.1.9.6,Internal Plaster,Tower 1,9th Floor,Finishing,Tower Civil Finishes,Int Plaster,,124826500.0,2027-02-06,2027-02-19,,,,,0
1.1.3.3.3.1.9.7,IPS flooring work,Tower 1,9th Floor,Finishing,Tower Finishing,Flooring,,250606700.0,2027-01-18,2027-01-30,,,,,0
1.1.3.3.3.1.9.8,Toilet dado work,Tower 1,9th Floor,Finishing,Tower Finishing,Flooring,,82870800.0,2027-02-20,2027-03-03,,,,,0
1.1.3.3.3.1.9.9,Toilet flooring work,Tower 1,9th Floor,Finishing,Tower Finishing,Flooring,,55407000.0,2027-03-04,2027-03-15,,,,,0
1.1.3.3.3.1.9.10,Living dinning flooring,Tower 1,9th Floor,Finishing,Tower Finishing,Flooring,,158005300.0,2027-03-16,2027-04-02,,,,,0
1.1.3.3.3.1.9.11,Electrical wiring work,Tower 1,9th Floor,MEP,Tower MEP,Electrical,,125836900.0,2027-03-24,2027-04-04,,,,,0
1.1.3.3.3.1.9.12,Aluminium door-window fixing,Tower 1,9th Floor,Finishing,Tower Finishing,Window,,96576300.0,2027-03-28,2027-04-04,,,,,0
1.1.3.3.3.1.9.13,Putty primer coat,Tower 1,9th Floor,Finishing,Tower Finishing,Paint,,32276200.0,2027-03-28,2027-04-08,,,,,0
1.1.3.3.3.1.9.14,Prehung door fixing,Tower 1,9th Floor,Finishing,Tower Finishing,Door,,54755700.0,2027-04-04,2027-04-13,,,,,0
1.1.3.3.3.1.9.15,Painting 1st coat,Tower 1,9th Floor,Finishing,Tower Finishing,Paint,,21517500.0,2027-04-14,2027-04-26,,,,,0
1.1.3.3.3.1.9.16,False Ceiling panel fixing,Tower 1,9th Floor,Finishing,Tower Finishing,False Ceiling,,23017900.0,2027-04-27,2027-05-06,,,,,0
1.1.3.3.3.1.10,10th Floor,,,,,,,,2027-01-15,2027-05-18,,,,,
1.1.3.3.3.1.10.1,Block Work ,Tower 1,10th Floor,Finishing,Tower Civil Finishes,Blockwork,,66599900.0,2027-01-15,2027-01-29,,,,,0
1.1.3.3.3.1.10.2,Installation of temporary Main door,Tower 1,10th Floor,Finishing,Tower Finishing,Door,,13415100.0,2027-01-30,2027-02-03,,,,,0
1.1.3.3.3.1.10.3,Fire sprinkler pipe fixing,Tower 1,10th Floor,MEP,Common area-MEP,CA-Fire-fighting & FAPA,,36241800.0,2027-01-30,2027-02-03,,,,,0
1.1.3.3.3.1.10.4,Internal Plumbing Works,Tower 1,10th Floor,MEP,Tower MEP,Plumbing,,108139700.0,2027-01-30,2027-02-07,,,,,0
1.1.3.3.3.1.10.5,Waterproofing,Tower 1,10th Floor,Finishing,Tower Civil Finishes,Waterproofing,,34722900.0,2027-02-08,2027-02-17,,,,,0
1.1.3.3.3.1.10.6,Internal Plaster,Tower 1,10th Floor,Finishing,Tower Civil Finishes,Int Plaster,,124826500.0,2027-02-18,2027-03-03,,,,,0
1.1.3.3.3.1.10.7,IPS flooring work,Tower 1,10th Floor,Finishing,Tower Finishing,Flooring,,250606700.0,2027-01-30,2027-02-11,,,,,0
1.1.3.3.3.1.10.8,Toilet dado work,Tower 1,10th Floor,Finishing,Tower Finishing,Flooring,,82870800.0,2027-03-04,2027-03-15,,,,,0
1.1.3.3.3.1.10.9,Toilet flooring work,Tower 1,10th Floor,Finishing,Tower Finishing,Flooring,,55407000.0,2027-03-16,2027-03-27,,,,,0
1.1.3.3.3.1.10.10,Living dinning flooring,Tower 1,10th Floor,Finishing,Tower Finishing,Flooring,,158005300.0,2027-03-28,2027-04-14,,,,,0
1.1.3.3.3.1.10.11,Electrical wiring work,Tower 1,10th Floor,MEP,Tower MEP,Electrical,,125836900.0,2027-04-05,2027-04-16,,,,,0
1.1.3.3.3.1.10.12,Aluminium door-window fixing,Tower 1,10th Floor,Finishing,Tower Finishing,Window,,96576300.0,2027-04-09,2027-04-16,,,,,0
1.1.3.3.3.1.10.13,Putty primer coat,Tower 1,10th Floor,Finishing,Tower Finishing,Paint,,32276200.0,2027-04-09,2027-04-20,,,,,0
1.1.3.3.3.1.10.14,Prehung door fixing,Tower 1,10th Floor,Finishing,Tower Finishing,Door,,54755700.0,2027-04-16,2027-04-25,,,,,0
1.1.3.3.3.1.10.15,Painting 1st coat,Tower 1,10th Floor,Finishing,Tower Finishing,Paint,,21517500.0,2027-04-26,2027-05-08,,,,,0
1.1.3.3.3.1.10.16,False Ceiling panel fixing,Tower 1,10th Floor,Finishing,Tower Finishing,False Ceiling,,23017900.0,2027-05-09,2027-05-18,,,,,0
1.1.3.3.3.1.11,11th Floor,,,,,,,,2027-01-27,2027-05-30,,,,,
1.1.3.3.3.1.11.1,Block Work ,Tower 1,11th Floor,Finishing,Tower Civil Finishes,Blockwork,,66599900.0,2027-01-27,2027-02-10,,,,,0
1.1.3.3.3.1.11.2,Installation of temporary Main door,Tower 1,11th Floor,Finishing,Tower Finishing,Door,,13415100.0,2027-02-11,2027-02-15,,,,,0
1.1.3.3.3.1.11.3,Fire sprinkler pipe fixing,Tower 1,11th Floor,MEP,Common area-MEP,CA-Fire-fighting & FAPA,,36241800.0,2027-02-11,2027-02-15,,,,,0
1.1.3.3.3.1.11.4,Internal Plumbing Works,Tower 1,11th Floor,MEP,Tower MEP,Plumbing,,108139700.0,2027-02-11,2027-02-19,,,,,0
1.1.3.3.3.1.11.5,Waterproofing,Tower 1,11th Floor,Finishing,Tower Civil Finishes,Waterproofing,,34722900.0,2027-02-20,2027-03-01,,,,,0
1.1.3.3.3.1.11.6,Internal Plaster,Tower 1,11th Floor,Finishing,Tower Civil Finishes,Int Plaster,,124826500.0,2027-03-02,2027-03-15,,,,,0
1.1.3.3.3.1.11.7,IPS flooring work,Tower 1,11th Floor,Finishing,Tower Finishing,Flooring,,250606700.0,2027-02-11,2027-02-23,,,,,0
1.1.3.3.3.1.11.8,Toilet dado work,Tower 1,11th Floor,Finishing,Tower Finishing,Flooring,,82870800.0,2027-03-16,2027-03-27,,,,,0
1.1.3.3.3.1.11.9,Toilet flooring work,Tower 1,11th Floor,Finishing,Tower Finishing,Flooring,,55407000.0,2027-03-28,2027-04-08,,,,,0
1.1.3.3.3.1.11.10,Living dinning flooring,Tower 1,11th Floor,Finishing,Tower Finishing,Flooring,,158005300.0,2027-04-09,2027-04-26,,,,,0
1.1.3.3.3.1.11.11,Electrical wiring work,Tower 1,11th Floor,MEP,Tower MEP,Electrical,,125836900.0,2027-04-17,2027-04-28,,,,,0
1.1.3.3.3.1.11.12,Aluminium door-window fixing,Tower 1,11th Floor,Finishing,Tower Finishing,Window,,96576300.0,2027-04-21,2027-04-28,,,,,0
1.1.3.3.3.1.11.13,Putty primer coat,Tower 1,11th Floor,Finishing,Tower Finishing,Paint,,32276200.0,2027-04-21,2027-05-02,,,,,0
1.1.3.3.3.1.11.14,Prehung door fixing,Tower 1,11th Floor,Finishing,Tower Finishing,Door,,54755700.0,2027-04-28,2027-05-07,,,,,0
1.1.3.3.3.1.11.15,Painting 1st coat,Tower 1,11th Floor,Finishing,Tower Finishing,Paint,,21517500.0,2027-05-08,2027-05-20,,,,,0
1.1.3.3.3.1.11.16,False Ceiling panel fixing,Tower 1,11th Floor,Finishing,Tower Finishing,False Ceiling,,23017900.0,2027-05-21,2027-05-30,,,,,0
1.1.3.3.3.1.12,12th Floor,,,,,,,,2027-02-08,2027-06-11,,,,,
1.1.3.3.3.1.12.1,Block Work ,Tower 1,12th Floor,Finishing,Tower Civil Finishes,Blockwork,,66599900.0,2027-02-08,2027-02-22,,,,,0
1.1.3.3.3.1.12.2,Installation of temporary Main door,Tower 1,12th Floor,Finishing,Tower Finishing,Door,,13415100.0,2027-02-23,2027-02-27,,,,,0
1.1.3.3.3.1.12.3,Fire sprinkler pipe fixing,Tower 1,12th Floor,MEP,Common area-MEP,CA-Fire-fighting & FAPA,,36241800.0,2027-02-23,2027-02-27,,,,,0
1.1.3.3.3.1.12.4,Internal Plumbing Works,Tower 1,12th Floor,MEP,Tower MEP,Plumbing,,108139700.0,2027-02-23,2027-03-03,,,,,0
1.1.3.3.3.1.12.5,Waterproofing,Tower 1,12th Floor,Finishing,Tower Civil Finishes,Waterproofing,,34722900.0,2027-03-04,2027-03-13,,,,,0
1.1.3.3.3.1.12.6,Internal Plaster,Tower 1,12th Floor,Finishing,Tower Civil Finishes,Int Plaster,,124826500.0,2027-03-14,2027-03-27,,,,,0
1.1.3.3.3.1.12.7,IPS flooring work,Tower 1,12th Floor,Finishing,Tower Finishing,Flooring,,250606700.0,2027-02-23,2027-03-07,,,,,0
1.1.3.3.3.1.12.8,Toilet dado work,Tower 1,12th Floor,Finishing,Tower Finishing,Flooring,,82870800.0,2027-03-28,2027-04-08,,,,,0
1.1.3.3.3.1.12.9,Toilet flooring work,Tower 1,12th Floor,Finishing,Tower Finishing,Flooring,,55407000.0,2027-04-09,2027-04-20,,,,,0
1.1.3.3.3.1.12.10,Living dinning flooring,Tower 1,12th Floor,Finishing,Tower Finishing,Flooring,,158005300.0,2027-04-21,2027-05-08,,,,,0
1.1.3.3.3.1.12.11,Electrical wiring work,Tower 1,12th Floor,MEP,Tower MEP,Electrical,,125836900.0,2027-04-29,2027-05-10,,,,,0
1.1.3.3.3.1.12.12,Aluminium door-window fixing,Tower 1,12th Floor,Finishing,Tower Finishing,Window,,96576300.0,2027-05-03,2027-05-10,,,,,0
1.1.3.3.3.1.12.13,Putty primer coat,Tower 1,12th Floor,Finishing,Tower Finishing,Paint,,32276200.0,2027-05-03,2027-05-14,,,,,0
1.1.3.3.3.1.12.14,Prehung door fixing,Tower 1,12th Floor,Finishing,Tower Finishing,Door,,54755700.0,2027-05-10,2027-05-19,,,,,0
1.1.3.3.3.1.12.15,Painting 1st coat,Tower 1,12th Floor,Finishing,Tower Finishing,Paint,,21517500.0,2027-05-20,2027-06-01,,,,,0
1.1.3.3.3.1.12.16,False Ceiling panel fixing,Tower 1,12th Floor,Finishing,Tower Finishing,False Ceiling,,23017900.0,2027-06-02,2027-06-11,,,,,0
1.1.3.3.3.1.13,13th Floor,,,,,,,,2027-02-20,2027-06-23,,,,,
1.1.3.3.3.1.13.1,Block Work ,Tower 1,13th Floor,Finishing,Tower Civil Finishes,Blockwork,,66599900.0,2027-02-20,2027-03-06,,,,,0
1.1.3.3.3.1.13.2,Installation of temporary Main door,Tower 1,13th Floor,Finishing,Tower Finishing,Door,,13415100.0,2027-03-07,2027-03-11,,,,,0
1.1.3.3.3.1.13.3,Fire sprinkler pipe fixing,Tower 1,13th Floor,MEP,Common area-MEP,CA-Fire-fighting & FAPA,,36241800.0,2027-03-07,2027-03-11,,,,,0
1.1.3.3.3.1.13.4,Internal Plumbing Works,Tower 1,13th Floor,MEP,Tower MEP,Plumbing,,108139700.0,2027-03-07,2027-03-15,,,,,0
1.1.3.3.3.1.13.5,Waterproofing,Tower 1,13th Floor,Finishing,Tower Civil Finishes,Waterproofing,,34722900.0,2027-03-16,2027-03-25,,,,,0
1.1.3.3.3.1.13.6,Internal Plaster,Tower 1,13th Floor,Finishing,Tower Civil Finishes,Int Plaster,,124826500.0,2027-03-26,2027-04-08,,,,,0
1.1.3.3.3.1.13.7,IPS flooring work,Tower 1,13th Floor,Finishing,Tower Finishing,Flooring,,250606700.0,2027-03-07,2027-03-19,,,,,0
1.1.3.3.3.1.13.8,Toilet dado work,Tower 1,13th Floor,Finishing,Tower Finishing,Flooring,,82870800.0,2027-04-09,2027-04-20,,,,,0
1.1.3.3.3.1.13.9,Toilet flooring work,Tower 1,13th Floor,Finishing,Tower Finishing,Flooring,,55407000.0,2027-04-21,2027-05-02,,,,,0
1.1.3.3.3.1.13.10,Living dinning flooring,Tower 1,13th Floor,Finishing,Tower Finishing,Flooring,,158005300.0,2027-05-03,2027-05-20,,,,,0
1.1.3.3.3.1.13.11,Electrical wiring work,Tower 1,13th Floor,MEP,Tower MEP,Electrical,,125836900.0,2027-05-11,2027-05-22,,,,,0
1.1.3.3.3.1.13.12,Aluminium door-window fixing,Tower 1,13th Floor,Finishing,Tower Finishing,Window,,96576300.0,2027-05-15,2027-05-22,,,,,0
1.1.3.3.3.1.13.13,Putty primer coat,Tower 1,13th Floor,Finishing,Tower Finishing,Paint,,32276200.0,2027-05-15,2027-05-26,,,,,0
1.1.3.3.3.1.13.14,Prehung door fixing,Tower 1,13th Floor,Finishing,Tower Finishing,Door,,54755700.0,2027-05-22,2027-05-31,,,,,0
1.1.3.3.3.1.13.15,Painting 1st coat,Tower 1,13th Floor,Finishing,Tower Finishing,Paint,,21517500.0,2027-06-01,2027-06-13,,,,,0
1.1.3.3.3.1.13.16,False Ceiling panel fixing,Tower 1,13th Floor,Finishing,Tower Finishing,False Ceiling,,23017900.0,2027-06-14,2027-06-23,,,,,0
1.1.3.3.3.1.14,14th Floor,,,,,,,,2027-03-10,2027-07-11,,,,,
1.1.3.3.3.1.14.1,Block Work ,Tower 1,14th Floor,Finishing,Tower Civil Finishes,Blockwork,,66599900.0,2027-03-10,2027-03-24,,,,,0
1.1.3.3.3.1.14.2,Installation of temporary Main door,Tower 1,14th Floor,Finishing,Tower Finishing,Door,,13415100.0,2027-03-25,2027-03-29,,,,,0
1.1.3.3.3.1.14.3,Fire sprinkler pipe fixing,Tower 1,14th Floor,MEP,Common area-MEP,CA-Fire-fighting & FAPA,,36241800.0,2027-03-25,2027-03-29,,,,,0
1.1.3.3.3.1.14.4,Internal Plumbing Works,Tower 1,14th Floor,MEP,Tower MEP,Plumbing,,108139700.0,2027-03-25,2027-04-02,,,,,0
1.1.3.3.3.1.14.5,Waterproofing,Tower 1,14th Floor,Finishing,Tower Civil Finishes,Waterproofing,,34722900.0,2027-04-03,2027-04-12,,,,,0
1.1.3.3.3.1.14.6,Internal Plaster,Tower 1,14th Floor,Finishing,Tower Civil Finishes,Int Plaster,,124826500.0,2027-04-13,2027-04-26,,,,,0
1.1.3.3.3.1.14.7,IPS flooring work,Tower 1,14th Floor,Finishing,Tower Finishing,Flooring,,250606700.0,2027-03-25,2027-04-06,,,,,0
1.1.3.3.3.1.14.8,Toilet dado work,Tower 1,14th Floor,Finishing,Tower Finishing,Flooring,,82870800.0,2027-04-27,2027-05-08,,,,,0
1.1.3.3.3.1.14.9,Toilet flooring work,Tower 1,14th Floor,Finishing,Tower Finishing,Flooring,,55407000.0,2027-05-09,2027-05-20,,,,,0
1.1.3.3.3.1.14.10,Living dinning flooring,Tower 1,14th Floor,Finishing,Tower Finishing,Flooring,,158005300.0,2027-05-21,2027-06-07,,,,,0
1.1.3.3.3.1.14.11,Electrical wiring work,Tower 1,14th Floor,MEP,Tower MEP,Electrical,,125836900.0,2027-05-29,2027-06-09,,,,,0
1.1.3.3.3.1.14.12,Aluminium door-window fixing,Tower 1,14th Floor,Finishing,Tower Finishing,Window,,96576300.0,2027-06-02,2027-06-09,,,,,0
1.1.3.3.3.1.14.13,Putty primer coat,Tower 1,14th Floor,Finishing,Tower Finishing,Paint,,32276200.0,2027-06-02,2027-06-13,,,,,0
1.1.3.3.3.1.14.14,Prehung door fixing,Tower 1,14th Floor,Finishing,Tower Finishing,Door,,54755700.0,2027-06-09,2027-06-18,,,,,0
1.1.3.3.3.1.14.15,Painting 1st coat,Tower 1,14th Floor,Finishing,Tower Finishing,Paint,,21517500.0,2027-06-19,2027-07-01,,,,,0
1.1.3.3.3.1.14.16,False Ceiling panel fixing,Tower 1,14th Floor,Finishing,Tower Finishing,False Ceiling,,23017900.0,2027-07-02,2027-07-11,,,,,0
1.1.3.3.3.1.15,15th Floor,,,,,,,,2027-03-22,2027-07-23,,,,,
1.1.3.3.3.1.15.1,Block Work ,Tower 1,15th Floor,Finishing,Tower Civil Finishes,Blockwork,,66599900.0,2027-03-22,2027-04-05,,,,,0
1.1.3.3.3.1.15.2,Installation of temporary Main door,Tower 1,15th Floor,Finishing,Tower Finishing,Door,,13415100.0,2027-04-06,2027-04-10,,,,,0
1.1.3.3.3.1.15.3,Fire sprinkler pipe fixing,Tower 1,15th Floor,MEP,Common area-MEP,CA-Fire-fighting & FAPA,,36241800.0,2027-04-06,2027-04-10,,,,,0
1.1.3.3.3.1.15.4,Internal Plumbing Works,Tower 1,15th Floor,MEP,Tower MEP,Plumbing,,108139700.0,2027-04-06,2027-04-14,,,,,0
1.1.3.3.3.1.15.5,Waterproofing,Tower 1,15th Floor,Finishing,Tower Civil Finishes,Waterproofing,,34722900.0,2027-04-15,2027-04-24,,,,,0
1.1.3.3.3.1.15.6,Internal Plaster,Tower 1,15th Floor,Finishing,Tower Civil Finishes,Int Plaster,,124826500.0,2027-04-25,2027-05-08,,,,,0
1.1.3.3.3.1.15.7,IPS flooring work,Tower 1,15th Floor,Finishing,Tower Finishing,Flooring,,250606700.0,2027-04-06,2027-04-18,,,,,0
1.1.3.3.3.1.15.8,Toilet dado work,Tower 1,15th Floor,Finishing,Tower Finishing,Flooring,,82870800.0,2027-05-09,2027-05-20,,,,,0
1.1.3.3.3.1.15.9,Toilet flooring work,Tower 1,15th Floor,Finishing,Tower Finishing,Flooring,,55407000.0,2027-05-21,2027-06-01,,,,,0
1.1.3.3.3.1.15.10,Living dinning flooring,Tower 1,15th Floor,Finishing,Tower Finishing,Flooring,,158005300.0,2027-06-02,2027-06-19,,,,,0
1.1.3.3.3.1.15.11,Electrical wiring work,Tower 1,15th Floor,MEP,Tower MEP,Electrical,,125836900.0,2027-06-10,2027-06-21,,,,,0
1.1.3.3.3.1.15.12,Aluminium door-window fixing,Tower 1,15th Floor,Finishing,Tower Finishing,Window,,96576300.0,2027-06-14,2027-06-21,,,,,0
1.1.3.3.3.1.15.13,Putty primer coat,Tower 1,15th Floor,Finishing,Tower Finishing,Paint,,32276200.0,2027-06-14,2027-06-25,,,,,0
1.1.3.3.3.1.15.14,Prehung door fixing,Tower 1,15th Floor,Finishing,Tower Finishing,Door,,54755700.0,2027-06-21,2027-06-30,,,,,0
1.1.3.3.3.1.15.15,Painting 1st coat,Tower 1,15th Floor,Finishing,Tower Finishing,Paint,,21517500.0,2027-07-01,2027-07-13,,,,,0
1.1.3.3.3.1.15.16,False Ceiling panel fixing,Tower 1,15th Floor,Finishing,Tower Finishing,False Ceiling,,23017900.0,2027-07-14,2027-07-23,,,,,0
1.1.3.3.3.1.16,16th Floor,,,,,,,,2027-04-03,2027-08-04,,,,,
1.1.3.3.3.1.16.1,Block Work ,Tower 1,16th Floor,Finishing,Tower Civil Finishes,Blockwork,,66599900.0,2027-04-03,2027-04-17,,,,,0
1.1.3.3.3.1.16.2,Installation of temporary Main door,Tower 1,16th Floor,Finishing,Tower Finishing,Door,,13415100.0,2027-04-18,2027-04-22,,,,,0
1.1.3.3.3.1.16.3,Fire sprinkler pipe fixing,Tower 1,16th Floor,MEP,Common area-MEP,CA-Fire-fighting & FAPA,,36241800.0,2027-04-18,2027-04-22,,,,,0
1.1.3.3.3.1.16.4,Internal Plumbing Works,Tower 1,16th Floor,MEP,Tower MEP,Plumbing,,108139700.0,2027-04-18,2027-04-26,,,,,0
1.1.3.3.3.1.16.5,Waterproofing,Tower 1,16th Floor,Finishing,Tower Civil Finishes,Waterproofing,,34722900.0,2027-04-27,2027-05-06,,,,,0
1.1.3.3.3.1.16.6,Internal Plaster,Tower 1,16th Floor,Finishing,Tower Civil Finishes,Int Plaster,,124826500.0,2027-05-07,2027-05-20,,,,,0
1.1.3.3.3.1.16.7,IPS flooring work,Tower 1,16th Floor,Finishing,Tower Finishing,Flooring,,250606700.0,2027-04-18,2027-04-30,,,,,0
1.1.3.3.3.1.16.8,Toilet dado work,Tower 1,16th Floor,Finishing,Tower Finishing,Flooring,,82870800.0,2027-05-21,2027-06-01,,,,,0
1.1.3.3.3.1.16.9,Toilet flooring work,Tower 1,16th Floor,Finishing,Tower Finishing,Flooring,,55407000.0,2027-06-02,2027-06-13,,,,,0
1.1.3.3.3.1.16.10,Living dinning flooring,Tower 1,16th Floor,Finishing,Tower Finishing,Flooring,,158005300.0,2027-06-14,2027-07-01,,,,,0
1.1.3.3.3.1.16.11,Electrical wiring work,Tower 1,16th Floor,MEP,Tower MEP,Electrical,,125836900.0,2027-06-22,2027-07-03,,,,,0
1.1.3.3.3.1.16.12,Aluminium door-window fixing,Tower 1,16th Floor,Finishing,Tower Finishing,Window,,96576300.0,2027-06-26,2027-07-03,,,,,0
1.1.3.3.3.1.16.13,Putty primer coat,Tower 1,16th Floor,Finishing,Tower Finishing,Paint,,32276200.0,2027-06-26,2027-07-07,,,,,0
1.1.3.3.3.1.16.14,Prehung door fixing,Tower 1,16th Floor,Finishing,Tower Finishing,Door,,54755700.0,2027-07-03,2027-07-12,,,,,0
1.1.3.3.3.1.16.15,Painting 1st coat,Tower 1,16th Floor,Finishing,Tower Finishing,Paint,,21517500.0,2027-07-13,2027-07-25,,,,,0
1.1.3.3.3.1.16.16,False Ceiling panel fixing,Tower 1,16th Floor,Finishing,Tower Finishing,False Ceiling,,23017900.0,2027-07-26,2027-08-04,,,,,0
1.1.3.3.3.1.17,17th Floor,,,,,,,,2027-04-15,2027-08-16,,,,,
1.1.3.3.3.1.17.1,Block Work ,Tower 1,17th Floor,Finishing,Tower Civil Finishes,Blockwork,,66599900.0,2027-04-15,2027-04-29,,,,,0
1.1.3.3.3.1.17.2,Installation of temporary Main door,Tower 1,17th Floor,Finishing,Tower Finishing,Door,,13415100.0,2027-04-30,2027-05-04,,,,,0
1.1.3.3.3.1.17.3,Fire sprinkler pipe fixing,Tower 1,17th Floor,MEP,Common area-MEP,CA-Fire-fighting & FAPA,,36241800.0,2027-04-30,2027-05-04,,,,,0
1.1.3.3.3.1.17.4,Internal Plumbing Works,Tower 1,17th Floor,MEP,Tower MEP,Plumbing,,108139700.0,2027-04-30,2027-05-08,,,,,0
1.1.3.3.3.1.17.5,Waterproofing,Tower 1,17th Floor,Finishing,Tower Civil Finishes,Waterproofing,,34722900.0,2027-05-09,2027-05-18,,,,,0
1.1.3.3.3.1.17.6,Internal Plaster,Tower 1,17th Floor,Finishing,Tower Civil Finishes,Int Plaster,,124826500.0,2027-05-19,2027-06-01,,,,,0
1.1.3.3.3.1.17.7,IPS flooring work,Tower 1,17th Floor,Finishing,Tower Finishing,Flooring,,250606700.0,2027-04-30,2027-05-12,,,,,0
1.1.3.3.3.1.17.8,Toilet dado work,Tower 1,17th Floor,Finishing,Tower Finishing,Flooring,,82870800.0,2027-06-02,2027-06-13,,,,,0
1.1.3.3.3.1.17.9,Toilet flooring work,Tower 1,17th Floor,Finishing,Tower Finishing,Flooring,,55407000.0,2027-06-14,2027-06-25,,,,,0
1.1.3.3.3.1.17.10,Living dinning flooring,Tower 1,17th Floor,Finishing,Tower Finishing,Flooring,,158005300.0,2027-06-26,2027-07-13,,,,,0
1.1.3.3.3.1.17.11,Electrical wiring work,Tower 1,17th Floor,MEP,Tower MEP,Electrical,,125836900.0,2027-07-04,2027-07-15,,,,,0
1.1.3.3.3.1.17.12,Aluminium door-window fixing,Tower 1,17th Floor,Finishing,Tower Finishing,Window,,96576300.0,2027-07-08,2027-07-15,,,,,0
1.1.3.3.3.1.17.13,Putty primer coat,Tower 1,17th Floor,Finishing,Tower Finishing,Paint,,32276200.0,2027-07-08,2027-07-19,,,,,0
1.1.3.3.3.1.17.14,Prehung door fixing,Tower 1,17th Floor,Finishing,Tower Finishing,Door,,54755700.0,2027-07-15,2027-07-24,,,,,0
1.1.3.3.3.1.17.15,Painting 1st coat,Tower 1,17th Floor,Finishing,Tower Finishing,Paint,,21517500.0,2027-07-25,2027-08-06,,,,,0
1.1.3.3.3.1.17.16,False Ceiling panel fixing,Tower 1,17th Floor,Finishing,Tower Finishing,False Ceiling,,23017900.0,2027-08-07,2027-08-16,,,,,0
1.1.3.3.3.1.18,18th Floor,,,,,,,,2027-04-27,2027-08-28,,,,,
1.1.3.3.3.1.18.1,Block Work ,Tower 1,18th Floor,Finishing,Tower Civil Finishes,Blockwork,,66599900.0,2027-04-27,2027-05-11,,,,,0
1.1.3.3.3.1.18.2,Installation of temporary Main door,Tower 1,18th Floor,Finishing,Tower Finishing,Door,,13415100.0,2027-05-12,2027-05-16,,,,,0
1.1.3.3.3.1.18.3,Fire sprinkler pipe fixing,Tower 1,18th Floor,MEP,Common area-MEP,CA-Fire-fighting & FAPA,,36241800.0,2027-05-12,2027-05-16,,,,,0
1.1.3.3.3.1.18.4,Internal Plumbing Works,Tower 1,18th Floor,MEP,Tower MEP,Plumbing,,108139700.0,2027-05-12,2027-05-20,,,,,0
1.1.3.3.3.1.18.5,Waterproofing,Tower 1,18th Floor,Finishing,Tower Civil Finishes,Waterproofing,,34722900.0,2027-05-21,2027-05-30,,,,,0
1.1.3.3.3.1.18.6,Internal Plaster,Tower 1,18th Floor,Finishing,Tower Civil Finishes,Int Plaster,,124826500.0,2027-05-31,2027-06-13,,,,,0
1.1.3.3.3.1.18.7,IPS flooring work,Tower 1,18th Floor,Finishing,Tower Finishing,Flooring,,250606700.0,2027-05-12,2027-05-24,,,,,0
1.1.3.3.3.1.18.8,Toilet dado work,Tower 1,18th Floor,Finishing,Tower Finishing,Flooring,,82870800.0,2027-06-14,2027-06-25,,,,,0
1.1.3.3.3.1.18.9,Toilet flooring work,Tower 1,18th Floor,Finishing,Tower Finishing,Flooring,,55407000.0,2027-06-26,2027-07-07,,,,,0
1.1.3.3.3.1.18.10,Living dinning flooring,Tower 1,18th Floor,Finishing,Tower Finishing,Flooring,,158005300.0,2027-07-08,2027-07-25,,,,,0
1.1.3.3.3.1.18.11,Electrical wiring work,Tower 1,18th Floor,MEP,Tower MEP,Electrical,,125836900.0,2027-07-16,2027-07-27,,,,,0
1.1.3.3.3.1.18.12,Aluminium door-window fixing,Tower 1,18th Floor,Finishing,Tower Finishing,Window,,96576300.0,2027-07-20,2027-07-27,,,,,0
1.1.3.3.3.1.18.13,Putty primer coat,Tower 1,18th Floor,Finishing,Tower Finishing,Paint,,32276200.0,2027-07-20,2027-07-31,,,,,0
1.1.3.3.3.1.18.14,Prehung door fixing,Tower 1,18th Floor,Finishing,Tower Finishing,Door,,54755700.0,2027-07-27,2027-08-05,,,,,0
1.1.3.3.3.1.18.15,Painting 1st coat,Tower 1,18th Floor,Finishing,Tower Finishing,Paint,,21517500.0,2027-08-06,2027-08-18,,,,,0
1.1.3.3.3.1.18.16,False Ceiling panel fixing,Tower 1,18th Floor,Finishing,Tower Finishing,False Ceiling,,23017900.0,2027-08-19,2027-08-28,,,,,0
1.1.3.3.3.1.19,19th Floor,,,,,,,,2027-05-09,2027-09-09,,,,,
1.1.3.3.3.1.19.1,Block Work ,Tower 1,19th Floor,Finishing,Tower Civil Finishes,Blockwork,,66599900.0,2027-05-09,2027-05-23,,,,,0
1.1.3.3.3.1.19.2,Installation of temporary Main door,Tower 1,19th Floor,Finishing,Tower Finishing,Door,,13415100.0,2027-05-24,2027-05-28,,,,,0
1.1.3.3.3.1.19.3,Fire sprinkler pipe fixing,Tower 1,19th Floor,MEP,Common area-MEP,CA-Fire-fighting & FAPA,,36241800.0,2027-05-24,2027-05-28,,,,,0
1.1.3.3.3.1.19.4,Internal Plumbing Works,Tower 1,19th Floor,MEP,Tower MEP,Plumbing,,108139700.0,2027-05-24,2027-06-01,,,,,0
1.1.3.3.3.1.19.5,Waterproofing,Tower 1,19th Floor,Finishing,Tower Civil Finishes,Waterproofing,,34722900.0,2027-06-02,2027-06-11,,,,,0
1.1.3.3.3.1.19.6,Internal Plaster,Tower 1,19th Floor,Finishing,Tower Civil Finishes,Int Plaster,,124826500.0,2027-06-12,2027-06-25,,,,,0
1.1.3.3.3.1.19.7,IPS flooring work,Tower 1,19th Floor,Finishing,Tower Finishing,Flooring,,250606700.0,2027-05-24,2027-06-05,,,,,0
1.1.3.3.3.1.19.8,Toilet dado work,Tower 1,19th Floor,Finishing,Tower Finishing,Flooring,,82870800.0,2027-06-26,2027-07-07,,,,,0
1.1.3.3.3.1.19.9,Toilet flooring work,Tower 1,19th Floor,Finishing,Tower Finishing,Flooring,,55407000.0,2027-07-08,2027-07-19,,,,,0
1.1.3.3.3.1.19.10,Living dinning flooring,Tower 1,19th Floor,Finishing,Tower Finishing,Flooring,,158005300.0,2027-07-20,2027-08-06,,,,,0
1.1.3.3.3.1.19.11,Electrical wiring work,Tower 1,19th Floor,MEP,Tower MEP,Electrical,,125836900.0,2027-07-28,2027-08-08,,,,,0
1.1.3.3.3.1.19.12,Aluminium door-window fixing,Tower 1,19th Floor,Finishing,Tower Finishing,Window,,96576300.0,2027-08-01,2027-08-08,,,,,0
1.1.3.3.3.1.19.13,Putty primer coat,Tower 1,19th Floor,Finishing,Tower Finishing,Paint,,32276200.0,2027-08-01,2027-08-12,,,,,0
1.1.3.3.3.1.19.14,Prehung door fixing,Tower 1,19th Floor,Finishing,Tower Finishing,Door,,54755700.0,2027-08-08,2027-08-17,,,,,0
1.1.3.3.3.1.19.15,Painting 1st coat,Tower 1,19th Floor,Finishing,Tower Finishing,Paint,,21517500.0,2027-08-18,2027-08-30,,,,,0
1.1.3.3.3.1.19.16,False Ceiling panel fixing,Tower 1,19th Floor,Finishing,Tower Finishing,False Ceiling,,23017900.0,2027-08-31,2027-09-09,,,,,0
1.1.3.3.3.1.20,20th Floor,,,,,,,,2027-05-20,2027-09-20,,,,,
1.1.3.3.3.1.20.1,Block Work ,Tower 1,20th Floor,Finishing,Tower Civil Finishes,Blockwork,,66599900.0,2027-05-20,2027-06-03,,,,,0
1.1.3.3.3.1.20.2,Installation of temporary Main door,Tower 1,20th Floor,Finishing,Tower Finishing,Door,,13415100.0,2027-06-04,2027-06-08,,,,,0
1.1.3.3.3.1.20.3,Fire sprinkler pipe fixing,Tower 1,20th Floor,MEP,Common area-MEP,CA-Fire-fighting & FAPA,,36241800.0,2027-06-04,2027-06-08,,,,,0
1.1.3.3.3.1.20.4,Internal Plumbing Works,Tower 1,20th Floor,MEP,Tower MEP,Plumbing,,108139700.0,2027-06-04,2027-06-12,,,,,0
1.1.3.3.3.1.20.5,Waterproofing,Tower 1,20th Floor,Finishing,Tower Civil Finishes,Waterproofing,,34722900.0,2027-06-13,2027-06-22,,,,,0
1.1.3.3.3.1.20.6,Internal Plaster,Tower 1,20th Floor,Finishing,Tower Civil Finishes,Int Plaster,,124826500.0,2027-06-23,2027-07-06,,,,,0
1.1.3.3.3.1.20.7,IPS flooring work,Tower 1,20th Floor,Finishing,Tower Finishing,Flooring,,250606700.0,2027-06-04,2027-06-16,,,,,0
1.1.3.3.3.1.20.8,Toilet dado work,Tower 1,20th Floor,Finishing,Tower Finishing,Flooring,,82870800.0,2027-07-07,2027-07-18,,,,,0
1.1.3.3.3.1.20.9,Toilet flooring work,Tower 1,20th Floor,Finishing,Tower Finishing,Flooring,,55407000.0,2027-07-19,2027-07-30,,,,,0
1.1.3.3.3.1.20.10,Living dinning flooring,Tower 1,20th Floor,Finishing,Tower Finishing,Flooring,,158005300.0,2027-07-31,2027-08-17,,,,,0
1.1.3.3.3.1.20.11,Electrical wiring work,Tower 1,20th Floor,MEP,Tower MEP,Electrical,,125836900.0,2027-08-08,2027-08-19,,,,,0
1.1.3.3.3.1.20.12,Aluminium door-window fixing,Tower 1,20th Floor,Finishing,Tower Finishing,Window,,96576300.0,2027-08-12,2027-08-19,,,,,0
1.1.3.3.3.1.20.13,Putty primer coat,Tower 1,20th Floor,Finishing,Tower Finishing,Paint,,32276200.0,2027-08-12,2027-08-23,,,,,0
1.1.3.3.3.1.20.14,Prehung door fixing,Tower 1,20th Floor,Finishing,Tower Finishing,Door,,54755700.0,2027-08-19,2027-08-28,,,,,0
1.1.3.3.3.1.20.15,Painting 1st coat,Tower 1,20th Floor,Finishing,Tower Finishing,Paint,,21517500.0,2027-08-29,2027-09-10,,,,,0
1.1.3.3.3.1.20.16,False Ceiling panel fixing,Tower 1,20th Floor,Finishing,Tower Finishing,False Ceiling,,23017900.0,2027-09-11,2027-09-20,,,,,0
1.1.3.3.3.1.21,21st Floor,,,,,,,,2027-05-27,2027-09-30,,,,,
1.1.3.3.3.1.21.1,Block Work ,Tower 1,21st Floor,Finishing,Tower Civil Finishes,Blockwork,,66599900.0,2027-05-27,2027-06-10,,,,,0
1.1.3.3.3.1.21.2,Installation of temporary Main door,Tower 1,21st Floor,Finishing,Tower Finishing,Door,,13415100.0,2027-06-11,2027-06-15,,,,,0
1.1.3.3.3.1.21.3,Fire sprinkler pipe fixing,Tower 1,21st Floor,MEP,Common area-MEP,CA-Fire-fighting & FAPA,,36241800.0,2027-06-11,2027-06-15,,,,,0
1.1.3.3.3.1.21.4,Internal Plumbing Works,Tower 1,21st Floor,MEP,Tower MEP,Plumbing,,108139700.0,2027-06-11,2027-06-19,,,,,0
1.1.3.3.3.1.21.5,Waterproofing,Tower 1,21st Floor,Finishing,Tower Civil Finishes,Waterproofing,,34722900.0,2027-06-20,2027-06-29,,,,,0
1.1.3.3.3.1.21.6,Internal Plaster,Tower 1,21st Floor,Finishing,Tower Civil Finishes,Int Plaster,,124826500.0,2027-06-30,2027-07-13,,,,,0
1.1.3.3.3.1.21.7,IPS flooring work,Tower 1,21st Floor,Finishing,Tower Finishing,Flooring,,250606700.0,2027-06-11,2027-06-23,,,,,0
1.1.3.3.3.1.21.8,Toilet dado work,Tower 1,21st Floor,Finishing,Tower Finishing,Flooring,,82870800.0,2027-07-14,2027-07-25,,,,,0
1.1.3.3.3.1.21.9,Toilet flooring work,Tower 1,21st Floor,Finishing,Tower Finishing,Flooring,,55407000.0,2027-07-26,2027-08-06,,,,,0
1.1.3.3.3.1.21.10,Living dinning flooring,Tower 1,21st Floor,Finishing,Tower Finishing,Flooring,,158005300.0,2027-08-07,2027-08-24,,,,,0
1.1.3.3.3.1.21.11,Electrical wiring work,Tower 1,21st Floor,MEP,Tower MEP,Electrical,,125836900.0,2027-08-15,2027-08-26,,,,,0
1.1.3.3.3.1.21.12,Aluminium door-window fixing,Tower 1,21st Floor,Finishing,Tower Finishing,Window,,96576300.0,2027-08-19,2027-08-26,,,,,0
1.1.3.3.3.1.21.13,Putty primer coat,Tower 1,21st Floor,Finishing,Tower Finishing,Paint,,32276200.0,2027-08-19,2027-08-30,,,,,0
1.1.3.3.3.1.21.14,Prehung door fixing,Tower 1,21st Floor,Finishing,Tower Finishing,Door,,54755700.0,2027-08-26,2027-09-04,,,,,0
1.1.3.3.3.1.21.15,Painting 1st coat,Tower 1,21st Floor,Finishing,Tower Finishing,Paint,,21517500.0,2027-09-05,2027-09-17,,,,,0
1.1.3.3.3.1.21.16,False Ceiling panel fixing,Tower 1,21st Floor,Finishing,Tower Finishing,False Ceiling,,23017900.0,2027-09-21,2027-09-30,,,,,0
1.1.3.3.3.1.22,22nd Floor,,,,,,,,2027-06-03,2027-10-10,,,,,
1.1.3.3.3.1.22.1,Block Work ,Tower 1,22nd Floor,Finishing,Tower Civil Finishes,Blockwork,,66599900.0,2027-06-03,2027-06-17,,,,,0
1.1.3.3.3.1.22.2,Installation of temporary Main door,Tower 1,22nd Floor,Finishing,Tower Finishing,Door,,13415100.0,2027-06-18,2027-06-22,,,,,0
1.1.3.3.3.1.22.3,Fire sprinkler pipe fixing,Tower 1,22nd Floor,MEP,Common area-MEP,CA-Fire-fighting & FAPA,,36241800.0,2027-06-18,2027-06-22,,,,,0
1.1.3.3.3.1.22.4,Internal Plumbing Works,Tower 1,22nd Floor,MEP,Tower MEP,Plumbing,,108139700.0,2027-06-18,2027-06-26,,,,,0
1.1.3.3.3.1.22.5,Waterproofing,Tower 1,22nd Floor,Finishing,Tower Civil Finishes,Waterproofing,,34722900.0,2027-06-27,2027-07-06,,,,,0
1.1.3.3.3.1.22.6,Internal Plaster,Tower 1,22nd Floor,Finishing,Tower Civil Finishes,Int Plaster,,124826500.0,2027-07-07,2027-07-20,,,,,0
1.1.3.3.3.1.22.7,IPS flooring work,Tower 1,22nd Floor,Finishing,Tower Finishing,Flooring,,250606700.0,2027-06-18,2027-06-30,,,,,0
1.1.3.3.3.1.22.8,Toilet dado work,Tower 1,22nd Floor,Finishing,Tower Finishing,Flooring,,82870800.0,2027-07-21,2027-08-01,,,,,0
1.1.3.3.3.1.22.9,Toilet flooring work,Tower 1,22nd Floor,Finishing,Tower Finishing,Flooring,,55407000.0,2027-08-02,2027-08-13,,,,,0
1.1.3.3.3.1.22.10,Living dinning flooring,Tower 1,22nd Floor,Finishing,Tower Finishing,Flooring,,158005300.0,2027-08-14,2027-08-31,,,,,0
1.1.3.3.3.1.22.11,Electrical wiring work,Tower 1,22nd Floor,MEP,Tower MEP,Electrical,,125836900.0,2027-08-22,2027-09-02,,,,,0
1.1.3.3.3.1.22.12,Aluminium door-window fixing,Tower 1,22nd Floor,Finishing,Tower Finishing,Window,,96576300.0,2027-08-26,2027-09-02,,,,,0
1.1.3.3.3.1.22.13,Putty primer coat,Tower 1,22nd Floor,Finishing,Tower Finishing,Paint,,32276200.0,2027-08-26,2027-09-06,,,,,0
1.1.3.3.3.1.22.14,Prehung door fixing,Tower 1,22nd Floor,Finishing,Tower Finishing,Door,,54755700.0,2027-09-02,2027-09-11,,,,,0
1.1.3.3.3.1.22.15,Painting 1st coat,Tower 1,22nd Floor,Finishing,Tower Finishing,Paint,,21517500.0,2027-09-12,2027-09-24,,,,,0
1.1.3.3.3.1.22.16,False Ceiling panel fixing,Tower 1,22nd Floor,Finishing,Tower Finishing,False Ceiling,,23017900.0,2027-10-01,2027-10-10,,,,,0
1.1.3.3.3.1.23,23rd Floor,,,,,,,,2027-06-10,2027-10-20,,,,,
1.1.3.3.3.1.23.1,Block Work ,Tower 1,23rd Floor,Finishing,Tower Civil Finishes,Blockwork,,66599900.0,2027-06-10,2027-06-24,,,,,0
1.1.3.3.3.1.23.2,Installation of temporary Main door,Tower 1,23rd Floor,Finishing,Tower Finishing,Door,,13415100.0,2027-06-25,2027-06-29,,,,,0
1.1.3.3.3.1.23.3,Fire sprinkler pipe fixing,Tower 1,23rd Floor,MEP,Common area-MEP,CA-Fire-fighting & FAPA,,36241800.0,2027-06-25,2027-06-29,,,,,0
1.1.3.3.3.1.23.4,Internal Plumbing Works,Tower 1,23rd Floor,MEP,Tower MEP,Plumbing,,108139700.0,2027-06-25,2027-07-03,,,,,0
1.1.3.3.3.1.23.5,Waterproofing,Tower 1,23rd Floor,Finishing,Tower Civil Finishes,Waterproofing,,34722900.0,2027-07-04,2027-07-13,,,,,0
1.1.3.3.3.1.23.6,Internal Plaster,Tower 1,23rd Floor,Finishing,Tower Civil Finishes,Int Plaster,,124826500.0,2027-07-14,2027-07-27,,,,,0
1.1.3.3.3.1.23.7,IPS flooring work,Tower 1,23rd Floor,Finishing,Tower Finishing,Flooring,,250606700.0,2027-06-25,2027-07-07,,,,,0
1.1.3.3.3.1.23.8,Toilet dado work,Tower 1,23rd Floor,Finishing,Tower Finishing,Flooring,,82870800.0,2027-07-28,2027-08-08,,,,,0
1.1.3.3.3.1.23.9,Toilet flooring work,Tower 1,23rd Floor,Finishing,Tower Finishing,Flooring,,55407000.0,2027-08-09,2027-08-20,,,,,0
1.1.3.3.3.1.23.10,Living dinning flooring,Tower 1,23rd Floor,Finishing,Tower Finishing,Flooring,,158005300.0,2027-08-21,2027-09-07,,,,,0
1.1.3.3.3.1.23.11,Electrical wiring work,Tower 1,23rd Floor,MEP,Tower MEP,Electrical,,125836900.0,2027-08-29,2027-09-09,,,,,0
1.1.3.3.3.1.23.12,Aluminium door-window fixing,Tower 1,23rd Floor,Finishing,Tower Finishing,Window,,96576300.0,2027-09-02,2027-09-09,,,,,0
1.1.3.3.3.1.23.13,Putty primer coat,Tower 1,23rd Floor,Finishing,Tower Finishing,Paint,,32276200.0,2027-09-02,2027-09-13,,,,,0
1.1.3.3.3.1.23.14,Prehung door fixing,Tower 1,23rd Floor,Finishing,Tower Finishing,Door,,54755700.0,2027-09-09,2027-09-18,,,,,0
1.1.3.3.3.1.23.15,Painting 1st coat,Tower 1,23rd Floor,Finishing,Tower Finishing,Paint,,21517500.0,2027-09-19,2027-10-01,,,,,0
1.1.3.3.3.1.23.16,False Ceiling panel fixing,Tower 1,23rd Floor,Finishing,Tower Finishing,False Ceiling,,23017900.0,2027-10-11,2027-10-20,,,,,0
1.1.3.3.3.2,Terrace finishing,,,,,,,,2027-06-10,2027-08-18,,,,,
1.1.3.3.3.2.1,Terrace waterproofing,Tower 1,Terrace,Finishing,Tower Civil Finishes,Waterproofing,,353561900.0,2027-06-10,2027-07-09,,,,,0
1.1.3.3.3.2.2,Terrace Finishing,Tower 1,Terrace,Finishing,Common area finishes,CA-Flooring,,171264600.0,2027-07-10,2027-08-18,,,,,0
1.1.3.3.3.3,Common area finishing,,,,,,,,2027-04-08,2027-10-14,,,,,
1.1.3.3.3.3.1,Masonary Work,Tower 1,,Finishing,Common area finishes,CA-Blockwork,,66599900.0,2027-04-08,2027-05-17,,,,,0
1.1.3.3.3.3.2,Fire sprinkler pipe fixing,Tower 1,,MEP,Common area-MEP,CA-Fire-fighting & FAPA,,964000000.0,2027-04-13,2027-05-22,,,,,0
1.1.3.3.3.3.3,"Corridoor, staircase, shaft Plaster & whitewash",Tower 1,,Finishing,Common area finishes,CA-Int Plaster,,123561200.0,2027-04-18,2027-07-06,,,,,0
1.1.3.3.3.3.4,Staircase railing fixing,Tower 1,,Finishing,Common area finishes,CA-Railing,,913946200.0,2027-04-28,2027-07-16,,,,,0
1.1.3.3.3.3.5,Fire staircase flooring,Tower 1,,Finishing,Common area finishes,CA-Flooring,,160524000.0,2027-04-18,2027-07-26,,,,,0
1.1.3.3.3.3.6,Main staircase flooring,Tower 1,,Finishing,Common area finishes,CA-Flooring,,160524000.0,2027-04-18,2027-07-26,,,,,0
1.1.3.3.3.3.7,Fire door work,Tower 1,,Finishing,Common area finishes,CA-Door,,304800000.0,2027-05-28,2027-09-24,,,,,0
1.1.3.3.3.3.8,Lobby flooring & Corridor,Tower 1,,Finishing,Common area finishes,CA-Flooring,,1036963200.0,2027-04-28,2027-10-14,,,,,0
1.1.3.3.3.3.9,Ceiling & wall putty-primer,Tower 1,,Finishing,Common area finishes,CA-Paint,,32276200.0,2027-07-17,2027-10-04,,,,,0
1.1.3.3.3.3.10,Ceiling & wall painting,Tower 1,,Finishing,Common area finishes,CA-Paint,,21517500.0,2027-06-27,2027-09-09,,,,,0
1.1.3.3.3.3.11,Electrical wiring work,Tower 1,,MEP,Common area-MEP,CA-Electrical,,210952300.0,2027-06-02,2027-08-10,,,,,0
1.1.3.3.3.3.12,Light fixture supply & installation,Tower 1,,MEP,Common area-MEP,CA-Electrical,,49522600.0,2027-06-27,2027-07-26,,,,,0
1.1.3.3.3.3.13,Installation of fire signages including Basements,Tower 1,,MEP,BRM-Security,BRM-Security,,167432100.0,2027-09-10,2027-09-29,,,,,0
1.1.3.3.3.4,Balcony Glass Railing,,,,,,,,2027-02-20,2027-07-30,,,,,
1.1.3.3.3.4.1,1st Floor,Tower 1,1st Floor,Finishing,Tower Civil Finishes,Railing,,96583400.0,2027-02-20,2027-02-26,,,,,0
1.1.3.3.3.4.2,2nd Floor,Tower 1,2nd Floor,Finishing,Tower Civil Finishes,Railing,,96583400.0,2027-02-27,2027-03-05,,,,,0
1.1.3.3.3.4.3,3rd Floor,Tower 1,3rd Floor,Finishing,Tower Civil Finishes,Railing,,96583400.0,2027-03-06,2027-03-12,,,,,0
1.1.3.3.3.4.4,4th Floor,Tower 1,4th Floor,Finishing,Tower Civil Finishes,Railing,,96583400.0,2027-03-13,2027-03-19,,,,,0
1.1.3.3.3.4.5,5th Floor,Tower 1,5th Floor,Finishing,Tower Civil Finishes,Railing,,96583400.0,2027-03-20,2027-03-26,,,,,0
1.1.3.3.3.4.6,6th Floor,Tower 1,6th Floor,Finishing,Tower Civil Finishes,Railing,,96583400.0,2027-03-27,2027-04-02,,,,,0
1.1.3.3.3.4.7,7th Floor,Tower 1,7th Floor,Finishing,Tower Civil Finishes,Railing,,96583400.0,2027-04-03,2027-04-09,,,,,0
1.1.3.3.3.4.8,8th Floor,Tower 1,8th Floor,Finishing,Tower Civil Finishes,Railing,,96583400.0,2027-04-10,2027-04-16,,,,,0
1.1.3.3.3.4.9,9th Floor,Tower 1,9th Floor,Finishing,Tower Civil Finishes,Railing,,96583400.0,2027-04-17,2027-04-23,,,,,0
1.1.3.3.3.4.10,10th Floor,Tower 1,10th Floor,Finishing,Tower Civil Finishes,Railing,,96583400.0,2027-04-24,2027-04-30,,,,,0
1.1.3.3.3.4.11,11th Floor,Tower 1,11th Floor,Finishing,Tower Civil Finishes,Railing,,96583400.0,2027-05-01,2027-05-07,,,,,0
1.1.3.3.3.4.12,12th Floor,Tower 1,12th Floor,Finishing,Tower Civil Finishes,Railing,,96583400.0,2027-05-08,2027-05-14,,,,,0
1.1.3.3.3.4.13,13th Floor,Tower 1,13th Floor,Finishing,Tower Civil Finishes,Railing,,96583400.0,2027-05-15,2027-05-21,,,,,0
1.1.3.3.3.4.14,14th Floor,Tower 1,14th Floor,Finishing,Tower Civil Finishes,Railing,,96583400.0,2027-05-22,2027-05-28,,,,,0
1.1.3.3.3.4.15,15th Floor,Tower 1,15th Floor,Finishing,Tower Civil Finishes,Railing,,96583400.0,2027-05-29,2027-06-04,,,,,0
1.1.3.3.3.4.16,16th Floor,Tower 1,16th Floor,Finishing,Tower Civil Finishes,Railing,,96583400.0,2027-06-05,2027-06-11,,,,,0
1.1.3.3.3.4.17,17th Floor,Tower 1,17th Floor,Finishing,Tower Civil Finishes,Railing,,96583400.0,2027-06-12,2027-06-18,,,,,0
1.1.3.3.3.4.18,18th Floor,Tower 1,18th Floor,Finishing,Tower Civil Finishes,Railing,,96583400.0,2027-06-19,2027-06-25,,,,,0
1.1.3.3.3.4.19,19th Floor,Tower 1,19th Floor,Finishing,Tower Civil Finishes,Railing,,96583400.0,2027-06-26,2027-07-02,,,,,0
1.1.3.3.3.4.20,20th Floor,Tower 1,20th Floor,Finishing,Tower Civil Finishes,Railing,,96583400.0,2027-07-03,2027-07-09,,,,,0
1.1.3.3.3.4.21,21st Floor,Tower 1,21st Floor,Finishing,Tower Civil Finishes,Railing,,96583400.0,2027-07-10,2027-07-16,,,,,0
1.1.3.3.3.4.22,22nd Floor,Tower 1,22nd Floor,Finishing,Tower Civil Finishes,Railing,,96583400.0,2027-07-17,2027-07-23,,,,,0
1.1.3.3.3.4.23,23rd Floor,Tower 1,23rd Floor,Finishing,Tower Civil Finishes,Railing,,96583400.0,2027-07-24,2027-07-30,,,,,0
1.1.3.3.4,MEP Work,,,,,,,,2027-04-08,2028-01-05,,,,,
1.1.3.3.4.1,Electrical Work,,,,,,,,2027-04-08,2028-01-05,,,,,
1.1.3.3.4.1.1,Cable Tray,Tower 1,,MEP,Tower MEP,Electrical,,299412000.0,2027-05-18,2027-06-16,,,,,0
1.1.3.3.4.1.2,"Cable, main & sub main",Tower 1,,MEP,Tower MEP,Electrical,,1241000800.0,2027-04-08,2027-05-07,,,,,0
1.1.3.3.4.1.3,LT panel & DB,Tower 1,,MEP,Tower MEP,Electrical,,1269679300.0,2027-04-18,2027-05-27,,,,,0
1.1.3.3.4.1.4,Earthing Works ,Tower 1,,MEP,Tower MEP,Electrical,,136096400.0,2027-06-17,2027-07-01,,,,,0
1.1.3.3.4.1.5,Advanced Lightening Protection system,Tower 1,,MEP,Ext MEP,Ext Electrical,,201140800.0,2027-06-07,2027-06-21,,,,,0
1.1.3.3.4.1.6,Energy meter,Tower 1,,MEP,Ext MEP,Ext Electrical,,238721000.0,2027-05-08,2027-05-22,,,,,0
1.1.3.3.4.1.7,Inverter / UPS,Tower 1,,MEP,Ext MEP,Ext Electrical,,142309200.0,2027-05-28,2027-06-06,,,,,0
1.1.3.3.4.1.8,HVAC & Exhaust fan,Tower 1,,MEP,Common area-MEP,CA-HVAC,,209812300.0,2027-05-18,2027-06-16,,,,,0
1.1.3.3.4.1.9,FTTH,Tower 1,,MEP,BRM-Security,BRM-Security,,190923400.0,2027-05-03,2027-05-12,,,,,0
1.1.3.3.4.1.10,Security System - FA & PA,Tower 1,,MEP,BRM-Security,BRM-Security,,283394200.0,2027-05-03,2027-05-12,,,,,0
1.1.3.3.4.1.11,T&C of complete system,Tower 1,,Finishing,Miscellaneous,Misc,,209802300.0,2027-10-10,2028-01-05,,,,,0
1.1.3.3.4.2,Plumbing work,,,,,,,,2027-04-21,2027-08-10,,,,,
1.1.3.3.4.2.1,Terrace looping,Tower 1,Terrace,MEP,Tower MEP,Plumbing,,89098200.0,2027-04-21,2027-05-10,,,,,0
1.1.3.3.4.2.2,Shaft Plumbing,Tower 1,,MEP,Tower MEP,Plumbing,,89027300.0,2027-06-07,2027-07-06,,,,,0
1.1.3.3.4.2.3,CP sanitary fixture supply,Tower 1,,MEP,Tower MEP,CP Sanitary,,558960000.0,2027-07-07,2027-07-26,,,,,0
1.1.3.3.4.2.4,Cold & flushing water supply,Tower 1,,MEP,Tower MEP,Plumbing,,189023400.0,2027-07-07,2027-07-26,,,,,0
1.1.3.3.4.2.5,Misc work,Tower 1,,Finishing,Miscellaneous,Misc,,170923400.0,2027-07-12,2027-07-26,,,,,0
1.1.3.3.4.2.6,Installation of PHE pumps,Tower 1,,MEP,Common area-MEP,CA-PHE,,120934500.0,2027-05-11,2027-06-04,,,,,0
1.1.3.3.4.2.7,T&C of complete system,Tower 1,,Finishing,Miscellaneous,Misc,,100923400.0,2027-07-27,2027-08-10,,,,,0
1.1.3.3.4.3,Fire fighting work,,,,,,,,2027-06-07,2027-10-10,,,,,
1.1.3.3.4.3.1,Fire hydrant work,Tower 1,,MEP,Common area-MEP,CA-Fire-fighting & FAPA,,344748500.0,2027-06-07,2027-07-01,,,,,0
1.1.3.3.4.3.2,Pipe connection & sprinkler installation,Tower 1,,MEP,Common area-MEP,CA-Fire-fighting & FAPA,,232369700.0,2027-07-02,2027-07-16,,,,,0
1.1.3.3.4.3.3,Shaft Downtake works,Tower 1,,MEP,Tower MEP,Plumbing,,109234500.0,2027-06-07,2027-07-01,,,,,0
1.1.3.3.4.3.4,Connection to pump room,Tower 1,,MEP,Common area-MEP,CA-PHE,,234876400.0,2027-07-02,2027-07-11,,,,,0
1.1.3.3.4.3.5,Installation of FF pumps,Tower 1,,MEP,Common area-MEP,CA-Fire-fighting & FAPA,,190234500.0,2027-07-02,2027-07-16,,,,,0
1.1.3.3.4.3.6,T&C of complete system,Tower 1,,Finishing,Miscellaneous,Misc,,190923400.0,2027-09-25,2027-10-10,,,,,0
1.1.3.3.4.4,Lift work,,,,,,,,2027-05-01,2027-07-23,,,,,
1.1.3.3.4.4.1,Lift Shaft/Pit Handover,Tower 1,,MEP,Common area-MEP,Lift,,100.0,2027-05-01,2027-05-12,,,,,0
1.1.3.3.4.4.2,Lift installation work,Tower 1,,MEP,Common area-MEP,Lift,,2095148100.0,2027-05-13,2027-07-06,,,,,0
1.1.3.3.4.4.3,Lift testing and commissioning,Tower 1,,MEP,Common area-MEP,Lift,,118794100.0,2027-07-07,2027-07-23,,,,,0
1.1.3.3.5,External Paint Works ,,,,,,,,2027-04-21,2027-07-09,,,,,
1.1.3.3.5.1,Surface prepration,Tower 1,,Finishing,Tower Finishing,Ext Paint,,158661100.0,2027-04-21,2027-05-20,,,,,0
1.1.3.3.5.2,"External Painting (Primer, texture & first coat)",Tower 1,,Finishing,Tower Finishing,Ext Paint,,793305300.0,2027-05-21,2027-07-09,,,,,0
1.1.3.3.5.3,Final coat of painting,Tower 1,,Finishing,Tower Finishing,Ext Paint,,105774000.0,2027-05-01,2027-05-30,,,,,0
1.1.3.3.5.4,Misc. work,Tower 1,,Finishing,Miscellaneous,Misc,,9650892100.0,2027-05-21,2027-06-09,,,,,0
1.1.3.3.6,OC Application/Readiness,Tower 1,,Finishing,Miscellaneous,Misc,,100.0,2028-01-06,2028-01-06,,,,,0
1.1.3.3.7,OC Receipt,Tower 1,,Finishing,Miscellaneous,Misc,,100.0,2028-01-07,2028-03-06,,,,,0
1.1.3.3.8,Post OC Activities,,,,,,,,2028-01-17,2028-10-02,,,,,
1.1.3.3.8.1,CP & Sanitaryware installation,Tower 1,,MEP,Tower MEP,CP Sanitary,,139740000.0,2028-02-06,2028-06-04,,,,,0
1.1.3.3.8.2,Electrical Fixtures And Fittings installations,Tower 1,,MEP,Tower MEP,Electrical,,354209200.0,2028-02-06,2028-06-04,,,,,0
1.1.3.3.8.3,Final Coat Paint Internal,Tower 1,,Finishing,Tower Finishing,Paint,,132450200.0,2028-02-06,2028-03-16,,,,,0
1.1.3.3.8.4,VRV Highwall (HVAC) installation,Tower 1,,MEP,Common area-MEP,CA-HVAC,,6004885500.0,2028-01-17,2028-03-16,,,,,0
1.1.3.3.8.5,Wooden Flooring,Tower 1,,Finishing,Tower Finishing,Flooring,,442868500.0,2028-02-06,2028-05-15,,,,,0
1.1.3.3.8.6,Offer to possession,Tower 1,,Finishing,Miscellaneous,Misc,,100.0,2028-07-05,2028-10-02,,,,,0
1.1.4,Tower-2 (2B+S+P+23),,,,,,,,2025-01-18,2028-10-09,,,,,
1.1.4.1,Soldier Piling & Excavation work,,,,,,,,2025-01-18,2025-05-23,,,,,
1.1.4.1.1,Till 2.5 Mtr,,,,,,,,2025-01-18,2025-03-28,,,,,
1.1.4.1.1.1,H beam pile driving - 12m,Tower 2,,Civil Works- RCC,RCC,Reinforcement,,752400000.0,2025-01-18,2025-03-02,2025-01-18,2025-03-02,,,100
1.1.4.1.1.2,Excavation from NGL to 2.5m,Tower 2,,Civil Works- RCC,RCC,Reinforcement,,70572500.0,2025-01-18,2025-03-11,2025-01-18,2025-03-11,,,100
1.1.4.1.1.3,Plank installation & anchoring till 2.5m,Tower 2,,Civil Works- RCC,RCC,Reinforcement,,146200000.0,2025-02-20,2025-03-28,2025-02-20,2025-03-28,,,100
1.1.4.1.2,2.5 mtrs till 5 mtrs,,,,,,,,2025-02-22,2025-03-31,,,,,
1.1.4.1.2.1,Excavation from 2.5m till 5m,Tower 2,,Civil Works- RCC,RCC,Reinforcement,,70572500.0,2025-02-25,2025-03-30,2025-02-25,2025-03-30,,,100
1.1.4.1.2.2,Plank installation & anchoring till  2.5m till 5m,Tower 2,,Civil Works- RCC,RCC,Reinforcement,,376200000.0,2025-02-22,2025-03-31,2025-02-22,2025-03-31,,,100
1.1.4.1.3,12 mts till NTA fotting bottom,,,,,,,,2025-03-28,2025-05-23,,,,,
1.1.4.1.3.1,Excavation from 5m to fotting PCC bottom,Tower 2,,Civil Works- RCC,RCC,Reinforcement,,70572500.0,2025-03-28,2025-05-15,2025-03-28,2025-05-15,,,100
1.1.4.1.3.2,Plank installation & anchoring from 12m to footing PCC bottom,Tower 2,,Civil Works- RCC,RCC,Reinforcement,,376200000.0,2025-05-17,2025-05-23,2025-05-17,2025-05-23,,,100
1.1.4.2,Sub-Structure works,,,,,,,,2025-05-11,2028-04-20,,,,,
1.1.4.2.1,Soil bed preparation,,,,,,,,2025-05-11,2025-05-26,,,,,
1.1.4.2.1.1,Excavation completion,Tower 2,,Civil Works- RCC,RCC,Reinforcement,,64183700.0,2025-05-11,2025-05-11,2025-05-11,2025-05-11,,,100
1.1.4.2.1.2,Surface dressing,Tower 2,,Civil Works- RCC,RCC,Reinforcement,,7131500.0,2025-05-11,2025-05-11,2025-05-11,2025-05-11,,,100
1.1.4.2.1.3,ATT,Tower 2,,Civil Works- RCC,RCC,Reinforcement,,2088500.0,2025-05-15,2025-05-15,2025-05-15,2025-05-15,,,100
1.1.4.2.1.4,PCC,Tower 2,,Civil Works- RCC,RCC,Concreting,,79267600.0,2025-05-12,2025-05-26,2025-05-12,2025-05-26,,,100
1.1.4.2.2,RCC Works,,,,,,,,2025-06-02,2025-11-09,,,,,
1.1.4.2.2.1,Raft,,,,,,,,2025-06-02,2025-07-12,,,,,
1.1.4.2.2.1.1,Reinforcement Work,Tower 2,,Civil Works- RCC,RCC,Reinforcement,,3890641400.0,2025-06-02,2025-07-10,2025-06-02,2025-07-10,,,100
1.1.4.2.2.1.2,Shuttering work,Tower 2,,Civil Works- RCC,RCC,Shuttering- Conventional,,223905900.0,2025-06-30,2025-07-10,2025-06-30,2025-07-10,,,100
1.1.4.2.2.1.3,Concreteing work,Tower 2,,Civil Works- RCC,RCC,Concreting,,1938662500.0,2025-07-10,2025-07-12,2025-07-10,2025-07-12,,,100
1.1.4.2.2.2,Basement-2 Roof Slab,,,,,,,,2025-07-07,2025-09-19,,,,,
1.1.4.2.2.2.1,B2 Roof Slab,,,,,,,,2025-07-07,2025-09-19,,,,,
1.1.4.2.2.2.1.1,Shuttering Work,Tower 2,Basement 2,Civil Works- RCC,RCC,Shuttering- Conventional,,502782800.0,2025-07-11,2025-09-06,2025-07-11,2025-09-06,,,100
1.1.4.2.2.2.1.2,Reinforcement Work,Tower 2,Basement 2,Civil Works- RCC,RCC,Reinforcement,,704478600.0,2025-07-13,2025-09-18,2025-07-13,2025-09-18,,,100
1.1.4.2.2.2.1.3,Concreteing work,Tower 2,Basement 2,Civil Works- RCC,RCC,Concreting,,675641400.0,2025-07-07,2025-09-19,2025-07-07,2025-09-19,,,100
1.1.4.2.2.3,Basement-1 Roof Slab,,,,,,,,2025-08-09,2025-11-09,,,,,
1.1.4.2.2.3.1,B1 Roof Slab,,,,,,,,2025-08-09,2025-11-09,,,,,
1.1.4.2.2.3.1.1,Shuttering Work,Tower 2,Basement 1,Civil Works- RCC,RCC,Shuttering- Conventional,,529733800.0,2025-08-22,2025-11-08,2025-08-22,2025-12-16,,,100
1.1.4.2.2.3.1.2,Reinforcement Work,Tower 2,Basement 1,Civil Works- RCC,RCC,Reinforcement,,763389000.0,2025-08-09,2025-11-09,2025-08-09,2025-12-16,,,100
1.1.4.2.2.3.1.3,Concreteing work,Tower 2,Basement 1,Civil Works- RCC,RCC,Concreting,,732140400.0,2025-09-21,2025-11-09,2025-09-21,2025-12-16,,,100
1.1.4.2.3,Sub structure finishing works,,,,,,,,2026-08-23,2028-04-20,,,,,
1.1.4.2.3.1,Basement-2,,,,,,,,2026-08-23,2027-04-09,,,,,
1.1.4.2.3.1.1,Masonary,Tower 2,Basement 2,Finishing,Common area finishes,CA-Blockwork,,213670700.0,2026-08-23,2026-09-21,,,,,0
1.1.4.2.3.1.2,Structural Steel,Tower 2,Basement 2,Civil Works- RCC,RCC,Reinforcement,,90416700.0,2026-08-23,2026-09-21,,,,,0
1.1.4.2.3.1.3,Plaster,Tower 2,Basement 2,Finishing,Common area finishes,CA-Int Plaster,,107969500.0,2026-09-22,2026-10-21,,,,,0
1.1.4.2.3.1.4,White Wash,Tower 2,Basement 2,Finishing,Common area finishes,CA-Paint,,10188800.0,2026-10-22,2027-01-04,,,,,0
1.1.4.2.3.1.5,VDF,Tower 2,Basement 2,Finishing,Common area finishes,CA-Flooring,,94770200.0,2026-09-07,2026-12-20,,,,,0
1.1.4.2.3.1.6,Drain & Sump (incl. gratings),Tower 2,Basement 2,MEP,Common area-MEP,CA-PHE,,170573000.0,2026-10-07,2027-01-19,,,,,0
1.1.4.2.3.1.7,Car parking marking,Tower 2,Basement 2,Infra,Ext Infra,Ext Infra,,602348100.0,2027-03-11,2027-04-09,,,,,0
1.1.4.2.3.1.8,Signages,Tower 2,Basement 2,MEP,BRM-Security,BRM-Security,,401565400.0,2027-03-11,2027-04-09,,,,,0
1.1.4.2.3.2,Basement-1,,,,,,,,2026-09-22,2028-04-20,,,,,
1.1.4.2.3.2.1,Masonary,Tower 2,Basement 1,Finishing,Common area finishes,CA-Blockwork,,213670700.0,2026-09-22,2026-10-21,,,,,0
1.1.4.2.3.2.2,Structural Steel,Tower 2,Basement 1,Civil Works- RCC,RCC,Reinforcement,,90416700.0,2026-09-22,2026-10-21,,,,,0
1.1.4.2.3.2.3,Plaster,Tower 2,Basement 1,Finishing,Common area finishes,CA-Int Plaster,,0.0,2026-10-22,2027-01-04,,,,,0
1.1.4.2.3.2.4,Plaster,Tower 2,Basement 1,Finishing,Common area finishes,CA-Int Plaster,,107969500.0,2028-04-15,2028-04-20,,,,,0
1.1.4.2.3.2.5,White Wash,Tower 2,Basement 1,Finishing,Common area finishes,CA-Paint,,10188800.0,2027-01-05,2027-02-03,,,,,0
1.1.4.2.3.2.6,VDF,Tower 2,Basement 1,Finishing,Common area finishes,CA-Flooring,,94770200.0,2026-10-07,2027-01-19,,,,,0
1.1.4.2.3.2.7,Drain & Sump (incl. gratings),Tower 2,Basement 1,MEP,Common area-MEP,CA-PHE,,170573000.0,2026-12-21,2027-02-18,,,,,0
1.1.4.2.3.2.8,Car parking marking,Tower 2,Basement 1,Infra,Ext Infra,Ext Infra,,602348100.0,2027-04-10,2027-05-09,,,,,0
1.1.4.2.3.2.9,Signages,Tower 2,Basement 1,MEP,BRM-Security,BRM-Security,,401565400.0,2027-04-10,2027-05-09,,,,,0
1.1.4.3,Super structure works,,,,,,,,2025-10-06,2028-10-09,,,,,
1.1.4.3.1,RCC Works,,,,,,,,2025-10-06,2027-05-09,,,,,
1.1.4.3.1.1,Stilt/GF Slab,,,,,,,,2025-10-06,2026-01-04,,,,,
1.1.4.3.1.1.1,Stilt/GF Slab,,,,,,,,2025-10-06,2026-01-04,,,,,
1.1.4.3.1.1.1.1,Shuttering Work,Tower 2,Ground Floor,Civil Works- RCC,RCC,Shuttering- Conventional,,549953700.0,2025-10-28,2025-12-28,2025-10-28,,,,23
1.1.4.3.1.1.1.2,Reinforcement Work,Tower 2,Ground Floor,Civil Works- RCC,RCC,Reinforcement,,715865900.0,2025-10-06,2025-12-29,2025-10-06,,,,81
1.1.4.3.1.1.1.3,Concreteing work,Tower 2,Ground Floor,Civil Works- RCC,RCC,Concreting,,686562500.0,2025-10-28,2026-01-04,2025-10-28,,,,40
1.1.4.3.1.2,Podium-1 Slab,,,,,,,,2026-01-05,2026-01-26,,,,,
1.1.4.3.1.2.1,Podium-1 Slab,,,,,,,,2026-01-05,2026-01-26,,,,,
1.1.4.3.1.2.1.1,Shuttering Work,Tower 2,,Civil Works- RCC,RCC,Shuttering- Conventional,,439963000.0,2026-01-05,2026-01-21,,,,,0
1.1.4.3.1.2.1.2,Reinforcement Work,Tower 2,,Civil Works- RCC,RCC,Reinforcement,,572692700.0,2026-01-17,2026-01-25,,,,,0
1.1.4.3.1.2.1.3,Conduiting work,Tower 2,,MEP,Tower MEP,Electrical,,5195100.0,2026-01-25,2026-01-25,,,,,0
1.1.4.3.1.2.1.4,Concreteing work,Tower 2,,Civil Works- RCC,RCC,Concreting,,549250000.0,2026-01-26,2026-01-26,,,,,0
1.1.4.3.1.3,1st Floor Slab,,,,,,,,2026-01-27,2026-03-10,,,,,
1.1.4.3.1.3.1,1st Floor Slab,,,,,,,,2026-01-27,2026-03-10,,,,,
1.1.4.3.1.3.1.1,Shuttering Work,Tower 2,1st Floor,Civil Works- RCC,RCC,Shuttering- Conventional,,366473100.0,2026-01-27,2026-02-25,,,,,0
1.1.4.3.1.3.1.2,Reinforcement Work,Tower 2,1st Floor,Civil Works- RCC,RCC,Reinforcement,,430939300.0,2026-02-21,2026-03-09,,,,,0
1.1.4.3.1.3.1.3,Conduiting work,Tower 2,1st Floor,MEP,Tower MEP,Electrical,,5195100.0,2026-03-09,2026-03-09,,,,,0
1.1.4.3.1.3.1.4,Concreteing work,Tower 2,1st Floor,Civil Works- RCC,RCC,Concreting,,413299200.0,2026-03-10,2026-03-10,,,,,0
1.1.4.3.1.4,2nd Floor Slab ,,,,,,,,2026-03-11,2026-04-09,,,,,
1.1.4.3.1.4.1,2nd Floor Slab,,,,,,,,2026-03-11,2026-04-09,,,,,
1.1.4.3.1.4.1.1,Shuttering Work,Tower 2,2nd Floor,Civil Works- RCC,RCC,Shuttering- Conventional,,408927900.0,2026-03-11,2026-03-27,,,,,0
1.1.4.3.1.4.1.2,Reinforcement Work,Tower 2,2nd Floor,Civil Works- RCC,RCC,Reinforcement,,441908300.0,2026-03-25,2026-04-08,,,,,0
1.1.4.3.1.4.1.3,Conduiting work,Tower 2,2nd Floor,MEP,Tower MEP,Electrical,,5195100.0,2026-04-08,2026-04-08,,,,,0
1.1.4.3.1.4.1.4,Concreteing work,Tower 2,2nd Floor,Civil Works- RCC,RCC,Concreting,,423819200.0,2026-04-09,2026-04-09,,,,,0
1.1.4.3.1.5,3rd Floor Slab (1st MIVAN Setup),,,,,,,,2026-04-10,2026-05-09,,,,,
1.1.4.3.1.5.1,3rd Floor Slab,,,,,,,,2026-04-10,2026-05-09,,,,,
1.1.4.3.1.5.1.1,Shuttering Work,Tower 2,3rd Floor,Civil Works- RCC,RCC,Shuttering- Conventional,,295015000.0,2026-04-10,2026-04-26,,,,,0
1.1.4.3.1.5.1.2,Reinforcement Work,Tower 2,3rd Floor,Civil Works- RCC,RCC,Reinforcement,,587588300.0,2026-04-24,2026-05-08,,,,,0
1.1.4.3.1.5.1.3,Conduiting work,Tower 2,3rd Floor,MEP,Tower MEP,Electrical,,5195100.0,2026-05-08,2026-05-08,,,,,0
1.1.4.3.1.5.1.4,Concreteing work,Tower 2,3rd Floor,Civil Works- RCC,RCC,Concreting,,415433800.0,2026-05-09,2026-05-09,,,,,0
1.1.4.3.1.6,4th Floor Slab,,,,,,,,2026-05-10,2026-05-30,,,,,
1.1.4.3.1.6.1,4th Floor Slab,,,,,,,,2026-05-10,2026-05-30,,,,,
1.1.4.3.1.6.1.1,Shuttering Work,Tower 2,4th Floor,Civil Works- RCC,RCC,Shuttering- Conventional,,295015000.0,2026-05-10,2026-05-22,,,,,0
1.1.4.3.1.6.1.2,Reinforcement Work,Tower 2,4th Floor,Civil Works- RCC,RCC,Reinforcement,,587588300.0,2026-05-20,2026-05-29,,,,,0
1.1.4.3.1.6.1.3,Conduiting work,Tower 2,4th Floor,MEP,Tower MEP,Electrical,,5195100.0,2026-05-29,2026-05-29,,,,,0
1.1.4.3.1.6.1.4,Concreteing work,Tower 2,4th Floor,Civil Works- RCC,RCC,Concreting,,415433800.0,2026-05-30,2026-05-30,,,,,0
1.1.4.3.1.7,5th Floor Slab,,,,,,,,2026-05-31,2026-06-11,,,,,
1.1.4.3.1.7.1,5th Floor Slab,,,,,,,,2026-05-31,2026-06-11,,,,,
1.1.4.3.1.7.1.1,Shuttering Work,Tower 2,5th Floor,Civil Works- RCC,RCC,Shuttering- Conventional,,295015000.0,2026-05-31,2026-06-08,,,,,0
1.1.4.3.1.7.1.2,Reinforcement Work,Tower 2,5th Floor,Civil Works- RCC,RCC,Reinforcement,,587588300.0,2026-06-06,2026-06-10,,,,,0
1.1.4.3.1.7.1.3,Conduiting work,Tower 2,5th Floor,MEP,Tower MEP,Electrical,,5195100.0,2026-06-10,2026-06-10,,,,,0
1.1.4.3.1.7.1.4,Concreteing work,Tower 2,5th Floor,Civil Works- RCC,RCC,Concreting,,415433800.0,2026-06-11,2026-06-11,,,,,0
1.1.4.3.1.8,6th Floor Slab,,,,,,,,2026-06-12,2026-06-23,,,,,
1.1.4.3.1.8.1,6th Floor Slab,,,,,,,,2026-06-12,2026-06-23,,,,,
1.1.4.3.1.8.1.1,Shuttering Work,Tower 2,6th Floor,Civil Works- RCC,RCC,Shuttering- Conventional,,295015000.0,2026-06-12,2026-06-20,,,,,0
1.1.4.3.1.8.1.2,Reinforcement Work,Tower 2,6th Floor,Civil Works- RCC,RCC,Reinforcement,,587588300.0,2026-06-18,2026-06-22,,,,,0
1.1.4.3.1.8.1.3,Conduiting work,Tower 2,6th Floor,MEP,Tower MEP,Electrical,,5195100.0,2026-06-22,2026-06-22,,,,,0
1.1.4.3.1.8.1.4,Concreteing work,Tower 2,6th Floor,Civil Works- RCC,RCC,Concreting,,415433800.0,2026-06-23,2026-06-23,,,,,0
1.1.4.3.1.9,7th Floor Slab,,,,,,,,2026-06-24,2026-07-05,,,,,
1.1.4.3.1.9.1,7th Floor Slab,,,,,,,,2026-06-24,2026-07-05,,,,,
1.1.4.3.1.9.1.1,Shuttering Work,Tower 2,7th Floor,Civil Works- RCC,RCC,Shuttering- Conventional,,295015000.0,2026-06-24,2026-07-02,,,,,0
1.1.4.3.1.9.1.2,Reinforcement Work,Tower 2,7th Floor,Civil Works- RCC,RCC,Reinforcement,,587588300.0,2026-06-30,2026-07-04,,,,,0
1.1.4.3.1.9.1.3,Conduiting work,Tower 2,7th Floor,MEP,Tower MEP,Electrical,,5195100.0,2026-07-04,2026-07-04,,,,,0
1.1.4.3.1.9.1.4,Concreteing work,Tower 2,7th Floor,Civil Works- RCC,RCC,Concreting,,415433800.0,2026-07-05,2026-07-05,,,,,0
1.1.4.3.1.10,8th Floor Slab,,,,,,,,2026-07-06,2026-07-17,,,,,
1.1.4.3.1.10.1,8th Floor Slab,,,,,,,,2026-07-06,2026-07-17,,,,,
1.1.4.3.1.10.1.1,Shuttering Work,Tower 2,8th Floor,Civil Works- RCC,RCC,Shuttering- Conventional,,295015000.0,2026-07-06,2026-07-14,,,,,0
1.1.4.3.1.10.1.2,Reinforcement Work,Tower 2,8th Floor,Civil Works- RCC,RCC,Reinforcement,,587588300.0,2026-07-12,2026-07-16,,,,,0
1.1.4.3.1.10.1.3,Conduiting work,Tower 2,8th Floor,MEP,Tower MEP,Electrical,,5195100.0,2026-07-16,2026-07-16,,,,,0
1.1.4.3.1.10.1.4,Concreteing work,Tower 2,8th Floor,Civil Works- RCC,RCC,Concreting,,415433800.0,2026-07-17,2026-07-17,,,,,0
1.1.4.3.1.11,9th Floor Slab,,,,,,,,2026-07-18,2026-07-29,,,,,
1.1.4.3.1.11.1,9th Floor Slab,,,,,,,,2026-07-18,2026-07-29,,,,,
1.1.4.3.1.11.1.1,Shuttering Work,Tower 2,9th Floor,Civil Works- RCC,RCC,Shuttering- Conventional,,295015000.0,2026-07-18,2026-07-26,,,,,0
1.1.4.3.1.11.1.2,Reinforcement Work,Tower 2,9th Floor,Civil Works- RCC,RCC,Reinforcement,,587588300.0,2026-07-24,2026-07-28,,,,,0
1.1.4.3.1.11.1.3,Conduiting work,Tower 2,9th Floor,MEP,Tower MEP,Electrical,,5195100.0,2026-07-28,2026-07-28,,,,,0
1.1.4.3.1.11.1.4,Concreteing work,Tower 2,9th Floor,Civil Works- RCC,RCC,Concreting,,415433800.0,2026-07-29,2026-07-29,,,,,0
1.1.4.3.1.12,10th Floor Slab,,,,,,,,2026-07-30,2026-08-10,,,,,
1.1.4.3.1.12.1,10th Floor Slab,,,,,,,,2026-07-30,2026-08-10,,,,,
1.1.4.3.1.12.1.1,Shuttering Work,Tower 2,10th Floor,Civil Works- RCC,RCC,Shuttering- Conventional,,295015000.0,2026-07-30,2026-08-07,,,,,0
1.1.4.3.1.12.1.2,Reinforcement Work,Tower 2,10th Floor,Civil Works- RCC,RCC,Reinforcement,,587588300.0,2026-08-05,2026-08-09,,,,,0
1.1.4.3.1.12.1.3,Conduiting work,Tower 2,10th Floor,MEP,Tower MEP,Electrical,,5195100.0,2026-08-09,2026-08-09,,,,,0
1.1.4.3.1.12.1.4,Concreteing work,Tower 2,10th Floor,Civil Works- RCC,RCC,Concreting,,415433800.0,2026-08-10,2026-08-10,,,,,0
1.1.4.3.1.13,11th Floor Slab,,,,,,,,2026-08-11,2026-08-22,,,,,
1.1.4.3.1.13.1,11th Floor Slab,,,,,,,,2026-08-11,2026-08-22,,,,,
1.1.4.3.1.13.1.1,Shuttering Work,Tower 2,11th Floor,Civil Works- RCC,RCC,Shuttering- Conventional,,295015000.0,2026-08-11,2026-08-19,,,,,0
1.1.4.3.1.13.1.2,Reinforcement Work,Tower 2,11th Floor,Civil Works- RCC,RCC,Reinforcement,,587588300.0,2026-08-17,2026-08-21,,,,,0
1.1.4.3.1.13.1.3,Conduiting work,Tower 2,11th Floor,MEP,Tower MEP,Electrical,,5195100.0,2026-08-21,2026-08-21,,,,,0
1.1.4.3.1.13.1.4,Concreteing work,Tower 2,11th Floor,Civil Works- RCC,RCC,Concreting,,415433800.0,2026-08-22,2026-08-22,,,,,0
1.1.4.3.1.14,12th Floor Slab,,,,,,,,2026-08-23,2026-09-03,,,,,
1.1.4.3.1.14.1,12th Floor Slab,,,,,,,,2026-08-23,2026-09-03,,,,,
1.1.4.3.1.14.1.1,Shuttering Work,Tower 2,12th Floor,Civil Works- RCC,RCC,Shuttering- Conventional,,295015000.0,2026-08-23,2026-08-31,,,,,0
1.1.4.3.1.14.1.2,Reinforcement Work,Tower 2,12th Floor,Civil Works- RCC,RCC,Reinforcement,,587588300.0,2026-08-29,2026-09-02,,,,,0
1.1.4.3.1.14.1.3,Conduiting work,Tower 2,12th Floor,MEP,Tower MEP,Electrical,,5195100.0,2026-09-02,2026-09-02,,,,,0
1.1.4.3.1.14.1.4,Concreteing work,Tower 2,12th Floor,Civil Works- RCC,RCC,Concreting,,415433800.0,2026-09-03,2026-09-03,,,,,0
1.1.4.3.1.15,13th Floor Slab,,,,,,,,2026-09-04,2026-09-15,,,,,
1.1.4.3.1.15.1,13th Floor Slab,,,,,,,,2026-09-04,2026-09-15,,,,,
1.1.4.3.1.15.1.1,Shuttering Work,Tower 2,13th Floor,Civil Works- RCC,RCC,Shuttering- Conventional,,295015000.0,2026-09-04,2026-09-12,,,,,0
1.1.4.3.1.15.1.2,Reinforcement Work,Tower 2,13th Floor,Civil Works- RCC,RCC,Reinforcement,,587588300.0,2026-09-10,2026-09-14,,,,,0
1.1.4.3.1.15.1.3,Conduiting work,Tower 2,13th Floor,MEP,Tower MEP,Electrical,,5195100.0,2026-09-14,2026-09-14,,,,,0
1.1.4.3.1.15.1.4,Concreteing work,Tower 2,13th Floor,Civil Works- RCC,RCC,Concreting,,415433800.0,2026-09-15,2026-09-15,,,,,0
1.1.4.3.1.16,14th Floor Slab,,,,,,,,2026-09-16,2026-09-27,,,,,
1.1.4.3.1.16.1,14th Floor Slab,,,,,,,,2026-09-16,2026-09-27,,,,,
1.1.4.3.1.16.1.1,Shuttering Work,Tower 2,14th Floor,Civil Works- RCC,RCC,Shuttering- Conventional,,295015000.0,2026-09-16,2026-09-24,,,,,0
1.1.4.3.1.16.1.2,Reinforcement Work,Tower 2,14th Floor,Civil Works- RCC,RCC,Reinforcement,,587588300.0,2026-09-22,2026-09-26,,,,,0
1.1.4.3.1.16.1.3,Conduiting work,Tower 2,14th Floor,MEP,Tower MEP,Electrical,,5195100.0,2026-09-26,2026-09-26,,,,,0
1.1.4.3.1.16.1.4,Concreteing work,Tower 2,14th Floor,Civil Works- RCC,RCC,Concreting,,415433800.0,2026-09-27,2026-09-27,,,,,0
1.1.4.3.1.17,15th Floor Slab,,,,,,,,2026-09-28,2026-10-09,,,,,
1.1.4.3.1.17.1,15th Floor Slab,,,,,,,,2026-09-28,2026-10-09,,,,,
1.1.4.3.1.17.1.1,Shuttering Work,Tower 2,15th Floor,Civil Works- RCC,RCC,Shuttering- Conventional,,295015000.0,2026-09-28,2026-10-06,,,,,0
1.1.4.3.1.17.1.2,Reinforcement Work,Tower 2,15th Floor,Civil Works- RCC,RCC,Reinforcement,,587588300.0,2026-10-04,2026-10-08,,,,,0
1.1.4.3.1.17.1.3,Conduiting work,Tower 2,15th Floor,MEP,Tower MEP,Electrical,,5195100.0,2026-10-08,2026-10-08,,,,,0
1.1.4.3.1.17.1.4,Concreteing work,Tower 2,15th Floor,Civil Works- RCC,RCC,Concreting,,415433800.0,2026-10-09,2026-10-09,,,,,0
1.1.4.3.1.18,16th Floor Slab,,,,,,,,2026-10-10,2026-10-21,,,,,
1.1.4.3.1.18.1,16th Floor Slab,,,,,,,,2026-10-10,2026-10-21,,,,,
1.1.4.3.1.18.1.1,Shuttering Work,Tower 2,16th Floor,Civil Works- RCC,RCC,Shuttering- Conventional,,295015000.0,2026-10-10,2026-10-18,,,,,0
1.1.4.3.1.18.1.2,Reinforcement Work,Tower 2,16th Floor,Civil Works- RCC,RCC,Reinforcement,,587588300.0,2026-10-16,2026-10-20,,,,,0
1.1.4.3.1.18.1.3,Conduiting work,Tower 2,16th Floor,MEP,Tower MEP,Electrical,,5195100.0,2026-10-20,2026-10-20,,,,,0
1.1.4.3.1.18.1.4,Concreteing work,Tower 2,16th Floor,Civil Works- RCC,RCC,Concreting,,415433800.0,2026-10-21,2026-10-21,,,,,0
1.1.4.3.1.19,17th Floor Slab,,,,,,,,2026-10-22,2026-12-23,,,,,
1.1.4.3.1.19.1,17th Floor Slab,,,,,,,,2026-10-22,2026-12-23,,,,,
1.1.4.3.1.19.1.1,Shuttering Work,Tower 2,17th Floor,Civil Works- RCC,RCC,Shuttering- Conventional,,295015000.0,2026-10-22,2026-12-16,,,,,0
1.1.4.3.1.19.1.2,Reinforcement Work,Tower 2,17th Floor,Civil Works- RCC,RCC,Reinforcement,,587588300.0,2026-10-30,2026-12-22,,,,,0
1.1.4.3.1.19.1.3,Conduiting work,Tower 2,17th Floor,MEP,Tower MEP,Electrical,,5195100.0,2026-12-22,2026-12-22,,,,,0
1.1.4.3.1.19.1.4,Concreteing work,Tower 2,17th Floor,Civil Works- RCC,RCC,Concreting,,415433800.0,2026-12-23,2026-12-23,,,,,0
1.1.4.3.1.20,18th Floor Slab,,,,,,,,2026-12-24,2027-01-04,,,,,
1.1.4.3.1.20.1,18th Floor Slab,,,,,,,,2026-12-24,2027-01-04,,,,,
1.1.4.3.1.20.1.1,Shuttering Work,Tower 2,18th Floor,Civil Works- RCC,RCC,Shuttering- Conventional,,295015000.0,2026-12-24,2027-01-01,,,,,0
1.1.4.3.1.20.1.2,Reinforcement Work,Tower 2,18th Floor,Civil Works- RCC,RCC,Reinforcement,,587588300.0,2026-12-30,2027-01-03,,,,,0
1.1.4.3.1.20.1.3,Conduiting work,Tower 2,18th Floor,MEP,Tower MEP,Electrical,,5195100.0,2027-01-03,2027-01-03,,,,,0
1.1.4.3.1.20.1.4,Concreteing work,Tower 2,18th Floor,Civil Works- RCC,RCC,Concreting,,415433800.0,2027-01-04,2027-01-04,,,,,0
1.1.4.3.1.21,19th Floor Slab,,,,,,,,2027-01-05,2027-01-16,,,,,
1.1.4.3.1.21.1,19th Floor Slab,,,,,,,,2027-01-05,2027-01-16,,,,,
1.1.4.3.1.21.1.1,Shuttering Work,Tower 2,19th Floor,Civil Works- RCC,RCC,Shuttering- Conventional,,295015000.0,2027-01-05,2027-01-13,,,,,0
1.1.4.3.1.21.1.2,Reinforcement Work,Tower 2,19th Floor,Civil Works- RCC,RCC,Reinforcement,,587588300.0,2027-01-11,2027-01-15,,,,,0
1.1.4.3.1.21.1.3,Conduiting work,Tower 2,19th Floor,MEP,Tower MEP,Electrical,,5195100.0,2027-01-15,2027-01-15,,,,,0
1.1.4.3.1.21.1.4,Concreteing work,Tower 2,19th Floor,Civil Works- RCC,RCC,Concreting,,415433800.0,2027-01-16,2027-01-16,,,,,0
1.1.4.3.1.22,20th Floor Slab,,,,,,,,2027-01-17,2027-01-28,,,,,
1.1.4.3.1.22.1,20th Floor Slab,,,,,,,,2027-01-17,2027-01-28,,,,,
1.1.4.3.1.22.1.1,Shuttering Work,Tower 2,20th Floor,Civil Works- RCC,RCC,Shuttering- Conventional,,295015000.0,2027-01-17,2027-01-25,,,,,0
1.1.4.3.1.22.1.2,Reinforcement Work,Tower 2,20th Floor,Civil Works- RCC,RCC,Reinforcement,,587588300.0,2027-01-23,2027-01-27,,,,,0
1.1.4.3.1.22.1.3,Conduiting work,Tower 2,20th Floor,MEP,Tower MEP,Electrical,,5195100.0,2027-01-27,2027-01-27,,,,,0
1.1.4.3.1.22.1.4,Concreteing work,Tower 2,20th Floor,Civil Works- RCC,RCC,Concreting,,415433800.0,2027-01-28,2027-01-28,,,,,0
1.1.4.3.1.23,21st Floor Slab,,,,,,,,2027-01-29,2027-02-09,,,,,
1.1.4.3.1.23.1,21st Floor Slab,,,,,,,,2027-01-29,2027-02-09,,,,,
1.1.4.3.1.23.1.1,Shuttering Work,Tower 2,21st Floor,Civil Works- RCC,RCC,Shuttering- Conventional,,295015000.0,2027-01-29,2027-02-06,,,,,0
1.1.4.3.1.23.1.2,Reinforcement Work,Tower 2,21st Floor,Civil Works- RCC,RCC,Reinforcement,,587588300.0,2027-02-04,2027-02-08,,,,,0
1.1.4.3.1.23.1.3,Conduiting work,Tower 2,21st Floor,MEP,Tower MEP,Electrical,,5195100.0,2027-02-08,2027-02-08,,,,,0
1.1.4.3.1.23.1.4,Concreteing work,Tower 2,21st Floor,Civil Works- RCC,RCC,Concreting,,415433800.0,2027-02-09,2027-02-09,,,,,0
1.1.4.3.1.24,22nd Floor Slab,,,,,,,,2027-02-10,2027-02-21,,,,,
1.1.4.3.1.24.1,22nd Floor Slab,,,,,,,,2027-02-10,2027-02-21,,,,,
1.1.4.3.1.24.1.1,Shuttering Work,Tower 2,22nd Floor,Civil Works- RCC,RCC,Shuttering- Conventional,,295015000.0,2027-02-10,2027-02-18,,,,,0
1.1.4.3.1.24.1.2,Reinforcement Work,Tower 2,22nd Floor,Civil Works- RCC,RCC,Reinforcement,,587588300.0,2027-02-16,2027-02-20,,,,,0
1.1.4.3.1.24.1.3,Conduiting work,Tower 2,22nd Floor,MEP,Tower MEP,Electrical,,5195100.0,2027-02-20,2027-02-20,,,,,0
1.1.4.3.1.24.1.4,Concreteing work,Tower 2,22nd Floor,Civil Works- RCC,RCC,Concreting,,415433800.0,2027-02-21,2027-02-21,,,,,0
1.1.4.3.1.25,23rd Floor Slab,,,,,,,,2027-02-22,2027-03-05,,,,,
1.1.4.3.1.25.1,23rd Floor Slab,,,,,,,,2027-02-22,2027-03-05,,,,,
1.1.4.3.1.25.1.1,Shuttering Work,Tower 2,23rd Floor,Civil Works- RCC,RCC,Shuttering- Conventional,,295015000.0,2027-02-22,2027-03-02,,,,,0
1.1.4.3.1.25.1.2,Reinforcement Work,Tower 2,23rd Floor,Civil Works- RCC,RCC,Reinforcement,,587588300.0,2027-02-28,2027-03-04,,,,,0
1.1.4.3.1.25.1.3,Conduiting work,Tower 2,23rd Floor,MEP,Tower MEP,Electrical,,5195100.0,2027-03-04,2027-03-04,,,,,0
1.1.4.3.1.25.1.4,Concreteing work,Tower 2,23rd Floor,Civil Works- RCC,RCC,Concreting,,415433800.0,2027-03-05,2027-03-05,,,,,0
1.1.4.3.1.26,Terrace Slab,,,,,,,,2027-03-06,2027-03-30,,,,,
1.1.4.3.1.26.1,Terrace Slab,,,,,,,,2027-03-06,2027-03-30,,,,,
1.1.4.3.1.26.1.1,Shuttering Work,Tower 2,Terrace,Civil Works- RCC,RCC,Shuttering- Conventional,,435148200.0,2027-03-06,2027-03-22,,,,,0
1.1.4.3.1.26.1.2,Reinforcement Work,Tower 2,Terrace,Civil Works- RCC,RCC,Reinforcement,,398760200.0,2027-03-19,2027-03-29,,,,,0
1.1.4.3.1.26.1.3,Conduiting work,Tower 2,Terrace,MEP,Common area-MEP,CA-Electrical,,5195100.0,2027-03-29,2027-03-29,,,,,0
1.1.4.3.1.26.1.4,Concreteing work,Tower 2,Terrace,Civil Works- RCC,RCC,Concreting,,382437300.0,2027-03-30,2027-03-30,,,,,0
1.1.4.3.1.27,Terrace to LMR Floor,,,,,,,,2027-03-31,2027-04-10,,,,,
1.1.4.3.1.27.1,LMR Floor Slab,,,,,,,,2027-03-31,2027-04-10,,,,,
1.1.4.3.1.27.1.1,Shuttering Work,Tower 2,Terrace,Civil Works- RCC,RCC,Shuttering- Conventional,,121421900.0,2027-03-31,2027-04-07,,,,,0
1.1.4.3.1.27.1.2,Reinforcement Work,Tower 2,Terrace,Civil Works- RCC,RCC,Reinforcement,,106669900.0,2027-04-06,2027-04-09,,,,,0
1.1.4.3.1.27.1.3,Conduiting work,Tower 2,Terrace,MEP,Common area-MEP,CA-Electrical,,5195100.0,2027-04-09,2027-04-09,,,,,0
1.1.4.3.1.27.1.4,Concreteing work,Tower 2,Terrace,Civil Works- RCC,RCC,Concreting,,102303500.0,2027-04-10,2027-04-10,,,,,0
1.1.4.3.1.28,LMR Floor to LMR Roof,,,,,,,,2027-04-11,2027-04-21,,,,,
1.1.4.3.1.28.1,LMR Roof Slab,,,,,,,,2027-04-11,2027-04-21,,,,,
1.1.4.3.1.28.1.1,Shuttering Work,Tower 2,,Civil Works- RCC,RCC,Shuttering- Conventional,,121421900.0,2027-04-11,2027-04-18,,,,,0
1.1.4.3.1.28.1.2,Reinforcement Work,Tower 2,,Civil Works- RCC,RCC,Reinforcement,,106669900.0,2027-04-17,2027-04-20,,,,,0
1.1.4.3.1.28.1.3,Conduiting work,Tower 2,,MEP,Common area-MEP,CA-Electrical,,5195100.0,2027-04-20,2027-04-20,,,,,0
1.1.4.3.1.28.1.4,Concreteing work,Tower 2,,Civil Works- RCC,RCC,Concreting,,102303500.0,2027-04-21,2027-04-21,,,,,0
1.1.4.3.1.29,OHT & Roof Features,,,,,,,,2027-04-22,2027-05-09,,,,,
1.1.4.3.1.29.1,OHT & Roof Features,,,,,,,,2027-04-22,2027-05-09,,,,,
1.1.4.3.1.29.1.1,Reinforcement Work,Tower 2,,Civil Works- RCC,RCC,Reinforcement,,34184000.0,2027-04-22,2027-05-02,,,,,0
1.1.4.3.1.29.1.2,Shuttering work,Tower 2,,Civil Works- RCC,RCC,Shuttering- Conventional,,34025100.0,2027-05-01,2027-05-09,,,,,0
1.1.4.3.1.29.1.3,Concreteing work,Tower 2,,Civil Works- RCC,RCC,Concreting,,32784700.0,2027-05-03,2027-05-09,,,,,0
1.1.4.3.2,Post Pour Works,,,,,,,,2026-07-09,2027-04-19,,,,,
1.1.4.3.2.1,1st Floor,Tower 2,1st Floor,Civil Works- RCC,RCC,Post Pour,,100.0,2026-07-09,2026-07-16,,,,,0
1.1.4.3.2.2,2nd Floor,Tower 2,2nd Floor,Civil Works- RCC,RCC,Post Pour,,100.0,2026-07-17,2026-07-24,,,,,0
1.1.4.3.2.3,3rd Floor,Tower 2,3rd Floor,Civil Works- RCC,RCC,Post Pour,,100.0,2026-07-25,2026-08-01,,,,,0
1.1.4.3.2.4,4th Floor,Tower 2,4th Floor,Civil Works- RCC,RCC,Post Pour,,100.0,2026-08-02,2026-08-09,,,,,0
1.1.4.3.2.5,5th Floor,Tower 2,5th Floor,Civil Works- RCC,RCC,Post Pour,,100.0,2026-08-10,2026-08-17,,,,,0
1.1.4.3.2.6,6th Floor,Tower 2,6th Floor,Civil Works- RCC,RCC,Post Pour,,100.0,2026-08-18,2026-08-25,,,,,0
1.1.4.3.2.7,7th Floor,Tower 2,7th Floor,Civil Works- RCC,RCC,Post Pour,,100.0,2026-08-26,2026-09-02,,,,,0
1.1.4.3.2.8,8th Floor,Tower 2,8th Floor,Civil Works- RCC,RCC,Post Pour,,100.0,2026-09-03,2026-09-10,,,,,0
1.1.4.3.2.9,9th Floor,Tower 2,9th Floor,Civil Works- RCC,RCC,Post Pour,,100.0,2026-09-11,2026-09-18,,,,,0
1.1.4.3.2.10,10th Floor,Tower 2,10th Floor,Civil Works- RCC,RCC,Post Pour,,100.0,2026-09-19,2026-09-26,,,,,0
1.1.4.3.2.11,11th Floor,Tower 2,11th Floor,Civil Works- RCC,RCC,Post Pour,,100.0,2026-09-28,2026-10-05,,,,,0
1.1.4.3.2.12,12th Floor,Tower 2,12th Floor,Civil Works- RCC,RCC,Post Pour,,100.0,2026-10-10,2026-10-17,,,,,0
1.1.4.3.2.13,13th Floor,Tower 2,13th Floor,Civil Works- RCC,RCC,Post Pour,,100.0,2026-10-22,2026-10-29,,,,,0
1.1.4.3.2.14,14th Floor,Tower 2,14th Floor,Civil Works- RCC,RCC,Post Pour,,100.0,2026-12-24,2026-12-31,,,,,0
1.1.4.3.2.15,15th Floor,Tower 2,15th Floor,Civil Works- RCC,RCC,Post Pour,,100.0,2027-01-05,2027-01-12,,,,,0
1.1.4.3.2.16,16th Floor,Tower 2,16th Floor,Civil Works- RCC,RCC,Post Pour,,100.0,2027-01-17,2027-01-24,,,,,0
1.1.4.3.2.17,17th Floor,Tower 2,17th Floor,Civil Works- RCC,RCC,Post Pour,,100.0,2027-01-29,2027-02-05,,,,,0
1.1.4.3.2.18,18th Floor,Tower 2,18th Floor,Civil Works- RCC,RCC,Post Pour,,100.0,2027-02-10,2027-02-17,,,,,0
1.1.4.3.2.19,19th Floor,Tower 2,19th Floor,Civil Works- RCC,RCC,Post Pour,,100.0,2027-02-22,2027-03-01,,,,,0
1.1.4.3.2.20,20th Floor,Tower 2,20th Floor,Civil Works- RCC,RCC,Post Pour,,100.0,2027-03-06,2027-03-12,,,,,0
1.1.4.3.2.21,21st Floor,Tower 2,21st Floor,Civil Works- RCC,RCC,Post Pour,,100.0,2027-03-13,2027-03-19,,,,,0
1.1.4.3.2.22,22nd Floor,Tower 2,22nd Floor,Civil Works- RCC,RCC,Post Pour,,100.0,2027-03-20,2027-03-26,,,,,0
1.1.4.3.2.23,23rd Floor,Tower 2,23rd Floor,Civil Works- RCC,RCC,Post Pour,,100.0,2027-03-27,2027-04-02,,,,,0
1.1.4.3.2.24,Terrace Floor,Tower 2,Terrace,Finishing,Tower Finishing,Flooring,,100.0,2027-04-03,2027-04-09,,,,,0
1.1.4.3.2.25,"LMR, OHT & Roof Feauters",Tower 2,,Civil Works- RCC,RCC,Reinforcement,,100.0,2027-04-10,2027-04-19,,,,,0
1.1.4.3.3,Finishing works,,,,,,,,2026-10-05,2027-12-16,,,,,
1.1.4.3.3.1,Flat finishings,,,,,,,,2026-10-05,2027-12-16,,,,,
1.1.4.3.3.1.1,1st Floor,,,,,,,,2026-10-05,2027-03-05,,,,,
1.1.4.3.3.1.1.1,Block Work ,Tower 2,1st Floor,Finishing,Tower Civil Finishes,Blockwork,,66815900.0,2026-10-05,2026-10-19,,,,,0
1.1.4.3.3.1.1.2,Installation of temporary Main door,Tower 2,1st Floor,Finishing,Tower Finishing,Door,,13415100.0,2026-10-20,2026-10-24,,,,,0
1.1.4.3.3.1.1.3,Fire sprinkler pipe fixing,Tower 2,1st Floor,MEP,Common area-MEP,CA-Fire-fighting & FAPA,,36520100.0,2026-10-20,2026-10-24,,,,,0
1.1.4.3.3.1.1.4,Internal Plumbing Works,Tower 2,1st Floor,MEP,Tower MEP,Plumbing,,108139700.0,2026-10-20,2026-10-28,,,,,0
1.1.4.3.3.1.1.5,Waterproofing,Tower 2,1st Floor,Finishing,Tower Civil Finishes,Waterproofing,,35195400.0,2026-10-25,2026-12-18,,,,,0
1.1.4.3.3.1.1.6,Internal Plaster,Tower 2,1st Floor,Finishing,Tower Civil Finishes,Int Plaster,,125231400.0,2026-10-10,2026-10-23,,,,,0
1.1.4.3.3.1.1.7,IPS flooring work,Tower 2,1st Floor,Finishing,Tower Finishing,Flooring,,253368500.0,2026-10-10,2026-10-22,,,,,0
1.1.4.3.3.1.1.8,Toilet dado work,Tower 2,1st Floor,Finishing,Tower Finishing,Flooring,,82256400.0,2026-12-19,2026-12-30,,,,,0
1.1.4.3.3.1.1.9,Toilet flooring work,Tower 2,1st Floor,Finishing,Tower Finishing,Flooring,,54651300.0,2026-12-24,2027-01-04,,,,,0
1.1.4.3.3.1.1.10,Living dinning flooring,Tower 2,1st Floor,Finishing,Tower Finishing,Flooring,,158517800.0,2027-01-05,2027-01-22,,,,,0
1.1.4.3.3.1.1.11,Electrical wiring work,Tower 2,1st Floor,MEP,Tower MEP,Electrical,,126803000.0,2027-01-13,2027-01-24,,,,,0
1.1.4.3.3.1.1.12,Aluminium door-window fixing,Tower 2,1st Floor,Finishing,Tower Finishing,Window,,96889500.0,2027-01-25,2027-02-01,,,,,0
1.1.4.3.3.1.1.13,Putty primer coat,Tower 2,1st Floor,Finishing,Tower Finishing,Paint,,32380900.0,2027-01-25,2027-02-05,,,,,0
1.1.4.3.3.1.1.14,Prehung door fixing,Tower 2,1st Floor,Finishing,Tower Finishing,Door,,54755700.0,2027-02-01,2027-02-10,,,,,0
1.1.4.3.3.1.1.15,Painting 1st coat,Tower 2,1st Floor,Finishing,Tower Finishing,Paint,,21587300.0,2027-02-11,2027-02-23,,,,,0
1.1.4.3.3.1.1.16,False Ceiling panel fixing,Tower 2,1st Floor,Finishing,Tower Finishing,False Ceiling,,23092600.0,2027-02-24,2027-03-05,,,,,0
1.1.4.3.3.1.2,2nd Floor,,,,,,,,2026-10-13,2027-03-24,,,,,
1.1.4.3.3.1.2.1,Block Work ,Tower 2,2nd Floor,Finishing,Tower Civil Finishes,Blockwork,,66815900.0,2026-10-13,2026-10-27,,,,,0
1.1.4.3.3.1.2.2,Installation of temporary Main door,Tower 2,2nd Floor,Finishing,Tower Finishing,Door,,13415100.0,2026-10-28,2026-12-16,,,,,0
1.1.4.3.3.1.2.3,Fire sprinkler pipe fixing,Tower 2,2nd Floor,MEP,Common area-MEP,CA-Fire-fighting & FAPA,,36520100.0,2026-10-28,2026-12-16,,,,,0
1.1.4.3.3.1.2.4,Internal Plumbing Works,Tower 2,2nd Floor,MEP,Tower MEP,Plumbing,,108139700.0,2026-10-28,2026-12-20,,,,,0
1.1.4.3.3.1.2.5,Waterproofing,Tower 2,2nd Floor,Finishing,Tower Civil Finishes,Waterproofing,,35195400.0,2026-12-21,2026-12-30,,,,,0
1.1.4.3.3.1.2.6,Internal Plaster,Tower 2,2nd Floor,Finishing,Tower Civil Finishes,Int Plaster,,125231400.0,2026-10-18,2026-10-31,,,,,0
1.1.4.3.3.1.2.7,IPS flooring work,Tower 2,2nd Floor,Finishing,Tower Finishing,Flooring,,253368500.0,2026-10-28,2026-12-24,,,,,0
1.1.4.3.3.1.2.8,Toilet dado work,Tower 2,2nd Floor,Finishing,Tower Finishing,Flooring,,82256400.0,2026-12-31,2027-01-11,,,,,0
1.1.4.3.3.1.2.9,Toilet flooring work,Tower 2,2nd Floor,Finishing,Tower Finishing,Flooring,,54651300.0,2027-01-12,2027-01-23,,,,,0
1.1.4.3.3.1.2.10,Living dinning flooring,Tower 2,2nd Floor,Finishing,Tower Finishing,Flooring,,158517800.0,2027-01-24,2027-02-10,,,,,0
1.1.4.3.3.1.2.11,Electrical wiring work,Tower 2,2nd Floor,MEP,Tower MEP,Electrical,,126803000.0,2027-02-01,2027-02-12,,,,,0
1.1.4.3.3.1.2.12,Aluminium door-window fixing,Tower 2,2nd Floor,Finishing,Tower Finishing,Window,,96889500.0,2027-02-13,2027-02-20,,,,,0
1.1.4.3.3.1.2.13,Putty primer coat,Tower 2,2nd Floor,Finishing,Tower Finishing,Paint,,32380900.0,2027-02-13,2027-02-24,,,,,0
1.1.4.3.3.1.2.14,Prehung door fixing,Tower 2,2nd Floor,Finishing,Tower Finishing,Door,,54755700.0,2027-02-20,2027-03-01,,,,,0
1.1.4.3.3.1.2.15,Painting 1st coat,Tower 2,2nd Floor,Finishing,Tower Finishing,Paint,,21587300.0,2027-03-02,2027-03-14,,,,,0
1.1.4.3.3.1.2.16,False Ceiling panel fixing,Tower 2,2nd Floor,Finishing,Tower Finishing,False Ceiling,,23092600.0,2027-03-15,2027-03-24,,,,,0
1.1.4.3.3.1.3,3rd Floor,,,,,,,,2026-10-21,2027-04-07,,,,,
1.1.4.3.3.1.3.1,Block Work ,Tower 2,3rd Floor,Finishing,Tower Civil Finishes,Blockwork,,66815900.0,2026-10-21,2026-12-19,,,,,0
1.1.4.3.3.1.3.2,Installation of temporary Main door,Tower 2,3rd Floor,Finishing,Tower Finishing,Door,,13415100.0,2026-12-20,2026-12-24,,,,,0
1.1.4.3.3.1.3.3,Fire sprinkler pipe fixing,Tower 2,3rd Floor,MEP,Common area-MEP,CA-Fire-fighting & FAPA,,36520100.0,2026-12-20,2026-12-24,,,,,0
1.1.4.3.3.1.3.4,Internal Plumbing Works,Tower 2,3rd Floor,MEP,Tower MEP,Plumbing,,108139700.0,2026-12-20,2026-12-28,,,,,0
1.1.4.3.3.1.3.5,Waterproofing,Tower 2,3rd Floor,Finishing,Tower Civil Finishes,Waterproofing,,35195400.0,2026-12-29,2027-01-07,,,,,0
1.1.4.3.3.1.3.6,Internal Plaster,Tower 2,3rd Floor,Finishing,Tower Civil Finishes,Int Plaster,,125231400.0,2027-01-08,2027-01-21,,,,,0
1.1.4.3.3.1.3.7,IPS flooring work,Tower 2,3rd Floor,Finishing,Tower Finishing,Flooring,,253368500.0,2026-12-20,2027-01-01,,,,,0
1.1.4.3.3.1.3.8,Toilet dado work,Tower 2,3rd Floor,Finishing,Tower Finishing,Flooring,,82256400.0,2027-01-22,2027-02-02,,,,,0
1.1.4.3.3.1.3.9,Toilet flooring work,Tower 2,3rd Floor,Finishing,Tower Finishing,Flooring,,54651300.0,2027-02-03,2027-02-14,,,,,0
1.1.4.3.3.1.3.10,Living dinning flooring,Tower 2,3rd Floor,Finishing,Tower Finishing,Flooring,,158517800.0,2027-02-15,2027-03-04,,,,,0
1.1.4.3.3.1.3.11,Electrical wiring work,Tower 2,3rd Floor,MEP,Tower MEP,Electrical,,126803000.0,2027-02-23,2027-03-06,,,,,0
1.1.4.3.3.1.3.12,Aluminium door-window fixing,Tower 2,3rd Floor,Finishing,Tower Finishing,Window,,96889500.0,2027-02-27,2027-03-06,,,,,0
1.1.4.3.3.1.3.13,Putty primer coat,Tower 2,3rd Floor,Finishing,Tower Finishing,Paint,,32380900.0,2027-02-27,2027-03-10,,,,,0
1.1.4.3.3.1.3.14,Prehung door fixing,Tower 2,3rd Floor,Finishing,Tower Finishing,Door,,54755700.0,2027-03-06,2027-03-15,,,,,0
1.1.4.3.3.1.3.15,Painting 1st coat,Tower 2,3rd Floor,Finishing,Tower Finishing,Paint,,21587300.0,2027-03-16,2027-03-28,,,,,0
1.1.4.3.3.1.3.16,False Ceiling panel fixing,Tower 2,3rd Floor,Finishing,Tower Finishing,False Ceiling,,23092600.0,2027-03-29,2027-04-07,,,,,0
1.1.4.3.3.1.4,4th Floor,,,,,,,,2026-10-29,2027-04-17,,,,,
1.1.4.3.3.1.4.1,Block Work ,Tower 2,4th Floor,Finishing,Tower Civil Finishes,Blockwork,,66815900.0,2026-10-29,2026-12-27,,,,,0
1.1.4.3.3.1.4.2,Installation of temporary Main door,Tower 2,4th Floor,Finishing,Tower Finishing,Door,,13415100.0,2026-12-28,2027-01-01,,,,,0
1.1.4.3.3.1.4.3,Fire sprinkler pipe fixing,Tower 2,4th Floor,MEP,Common area-MEP,CA-Fire-fighting & FAPA,,36520100.0,2026-12-28,2027-01-01,,,,,0
1.1.4.3.3.1.4.4,Internal Plumbing Works,Tower 2,4th Floor,MEP,Tower MEP,Plumbing,,108139700.0,2026-12-28,2027-01-05,,,,,0
1.1.4.3.3.1.4.5,Waterproofing,Tower 2,4th Floor,Finishing,Tower Civil Finishes,Waterproofing,,35195400.0,2027-01-06,2027-01-15,,,,,0
1.1.4.3.3.1.4.6,Internal Plaster,Tower 2,4th Floor,Finishing,Tower Civil Finishes,Int Plaster,,125231400.0,2027-01-16,2027-01-29,,,,,0
1.1.4.3.3.1.4.7,IPS flooring work,Tower 2,4th Floor,Finishing,Tower Finishing,Flooring,,253368500.0,2026-12-28,2027-01-09,,,,,0
1.1.4.3.3.1.4.8,Toilet dado work,Tower 2,4th Floor,Finishing,Tower Finishing,Flooring,,82256400.0,2027-01-30,2027-02-10,,,,,0
1.1.4.3.3.1.4.9,Toilet flooring work,Tower 2,4th Floor,Finishing,Tower Finishing,Flooring,,54651300.0,2027-02-11,2027-02-22,,,,,0
1.1.4.3.3.1.4.10,Living dinning flooring,Tower 2,4th Floor,Finishing,Tower Finishing,Flooring,,158517800.0,2027-02-23,2027-03-12,,,,,0
1.1.4.3.3.1.4.11,Electrical wiring work,Tower 2,4th Floor,MEP,Tower MEP,Electrical,,126803000.0,2027-03-03,2027-03-14,,,,,0
1.1.4.3.3.1.4.12,Aluminium door-window fixing,Tower 2,4th Floor,Finishing,Tower Finishing,Window,,96889500.0,2027-03-07,2027-03-14,,,,,0
1.1.4.3.3.1.4.13,Putty primer coat,Tower 2,4th Floor,Finishing,Tower Finishing,Paint,,32380900.0,2027-03-07,2027-03-18,,,,,0
1.1.4.3.3.1.4.14,Prehung door fixing,Tower 2,4th Floor,Finishing,Tower Finishing,Door,,54755700.0,2027-03-14,2027-03-23,,,,,0
1.1.4.3.3.1.4.15,Painting 1st coat,Tower 2,4th Floor,Finishing,Tower Finishing,Paint,,21587300.0,2027-03-24,2027-04-05,,,,,0
1.1.4.3.3.1.4.16,False Ceiling panel fixing,Tower 2,4th Floor,Finishing,Tower Finishing,False Ceiling,,23092600.0,2027-04-08,2027-04-17,,,,,0
1.1.4.3.3.1.5,5th Floor,,,,,,,,2026-12-21,2027-04-27,,,,,
1.1.4.3.3.1.5.1,Block Work ,Tower 2,5th Floor,Finishing,Tower Civil Finishes,Blockwork,,66815900.0,2026-12-21,2027-01-04,,,,,0
1.1.4.3.3.1.5.2,Installation of temporary Main door,Tower 2,5th Floor,Finishing,Tower Finishing,Door,,13415100.0,2027-01-05,2027-01-09,,,,,0
1.1.4.3.3.1.5.3,Fire sprinkler pipe fixing,Tower 2,5th Floor,MEP,Common area-MEP,CA-Fire-fighting & FAPA,,36520100.0,2027-01-05,2027-01-09,,,,,0
1.1.4.3.3.1.5.4,Internal Plumbing Works,Tower 2,5th Floor,MEP,Tower MEP,Plumbing,,108139700.0,2027-01-05,2027-01-13,,,,,0
1.1.4.3.3.1.5.5,Waterproofing,Tower 2,5th Floor,Finishing,Tower Civil Finishes,Waterproofing,,35195400.0,2027-01-14,2027-01-23,,,,,0
1.1.4.3.3.1.5.6,Internal Plaster,Tower 2,5th Floor,Finishing,Tower Civil Finishes,Int Plaster,,125231400.0,2027-01-24,2027-02-06,,,,,0
1.1.4.3.3.1.5.7,IPS flooring work,Tower 2,5th Floor,Finishing,Tower Finishing,Flooring,,253368500.0,2027-01-05,2027-01-17,,,,,0
1.1.4.3.3.1.5.8,Toilet dado work,Tower 2,5th Floor,Finishing,Tower Finishing,Flooring,,82256400.0,2027-02-07,2027-02-18,,,,,0
1.1.4.3.3.1.5.9,Toilet flooring work,Tower 2,5th Floor,Finishing,Tower Finishing,Flooring,,54651300.0,2027-02-19,2027-03-02,,,,,0
1.1.4.3.3.1.5.10,Living dinning flooring,Tower 2,5th Floor,Finishing,Tower Finishing,Flooring,,158517800.0,2027-03-03,2027-03-20,,,,,0
1.1.4.3.3.1.5.11,Electrical wiring work,Tower 2,5th Floor,MEP,Tower MEP,Electrical,,126803000.0,2027-03-11,2027-03-22,,,,,0
1.1.4.3.3.1.5.12,Aluminium door-window fixing,Tower 2,5th Floor,Finishing,Tower Finishing,Window,,96889500.0,2027-03-15,2027-03-22,,,,,0
1.1.4.3.3.1.5.13,Putty primer coat,Tower 2,5th Floor,Finishing,Tower Finishing,Paint,,32380900.0,2027-03-15,2027-03-26,,,,,0
1.1.4.3.3.1.5.14,Prehung door fixing,Tower 2,5th Floor,Finishing,Tower Finishing,Door,,54755700.0,2027-03-22,2027-03-31,,,,,0
1.1.4.3.3.1.5.15,Painting 1st coat,Tower 2,5th Floor,Finishing,Tower Finishing,Paint,,21587300.0,2027-04-01,2027-04-13,,,,,0
1.1.4.3.3.1.5.16,False Ceiling panel fixing,Tower 2,5th Floor,Finishing,Tower Finishing,False Ceiling,,23092600.0,2027-04-18,2027-04-27,,,,,0
1.1.4.3.3.1.6,6th Floor,,,,,,,,2026-12-29,2027-05-07,,,,,
1.1.4.3.3.1.6.1,Block Work ,Tower 2,6th Floor,Finishing,Tower Civil Finishes,Blockwork,,66815900.0,2026-12-29,2027-01-12,,,,,0
1.1.4.3.3.1.6.2,Installation of temporary Main door,Tower 2,6th Floor,Finishing,Tower Finishing,Door,,13415100.0,2027-01-13,2027-01-17,,,,,0
1.1.4.3.3.1.6.3,Fire sprinkler pipe fixing,Tower 2,6th Floor,MEP,Common area-MEP,CA-Fire-fighting & FAPA,,36520100.0,2027-01-13,2027-01-17,,,,,0
1.1.4.3.3.1.6.4,Internal Plumbing Works,Tower 2,6th Floor,MEP,Tower MEP,Plumbing,,108139700.0,2027-01-13,2027-01-21,,,,,0
1.1.4.3.3.1.6.5,Waterproofing,Tower 2,6th Floor,Finishing,Tower Civil Finishes,Waterproofing,,35195400.0,2027-01-22,2027-01-31,,,,,0
1.1.4.3.3.1.6.6,Internal Plaster,Tower 2,6th Floor,Finishing,Tower Civil Finishes,Int Plaster,,125231400.0,2027-02-01,2027-02-14,,,,,0
1.1.4.3.3.1.6.7,IPS flooring work,Tower 2,6th Floor,Finishing,Tower Finishing,Flooring,,253368500.0,2027-01-13,2027-01-25,,,,,0
1.1.4.3.3.1.6.8,Toilet dado work,Tower 2,6th Floor,Finishing,Tower Finishing,Flooring,,82256400.0,2027-02-15,2027-02-26,,,,,0
1.1.4.3.3.1.6.9,Toilet flooring work,Tower 2,6th Floor,Finishing,Tower Finishing,Flooring,,54651300.0,2027-02-27,2027-03-10,,,,,0
1.1.4.3.3.1.6.10,Living dinning flooring,Tower 2,6th Floor,Finishing,Tower Finishing,Flooring,,158517800.0,2027-03-11,2027-03-28,,,,,0
1.1.4.3.3.1.6.11,Electrical wiring work,Tower 2,6th Floor,MEP,Tower MEP,Electrical,,126803000.0,2027-03-19,2027-03-30,,,,,0
1.1.4.3.3.1.6.12,Aluminium door-window fixing,Tower 2,6th Floor,Finishing,Tower Finishing,Window,,96889500.0,2027-03-23,2027-03-30,,,,,0
1.1.4.3.3.1.6.13,Putty primer coat,Tower 2,6th Floor,Finishing,Tower Finishing,Paint,,32380900.0,2027-03-23,2027-04-03,,,,,0
1.1.4.3.3.1.6.14,Prehung door fixing,Tower 2,6th Floor,Finishing,Tower Finishing,Door,,54755700.0,2027-03-30,2027-04-08,,,,,0
1.1.4.3.3.1.6.15,Painting 1st coat,Tower 2,6th Floor,Finishing,Tower Finishing,Paint,,21587300.0,2027-04-09,2027-04-21,,,,,0
1.1.4.3.3.1.6.16,False Ceiling panel fixing,Tower 2,6th Floor,Finishing,Tower Finishing,False Ceiling,,23092600.0,2027-04-28,2027-05-07,,,,,0
1.1.4.3.3.1.7,7th Floor,,,,,,,,2027-01-06,2027-05-17,,,,,
1.1.4.3.3.1.7.1,Block Work ,Tower 2,7th Floor,Finishing,Tower Civil Finishes,Blockwork,,66815900.0,2027-01-06,2027-01-20,,,,,0
1.1.4.3.3.1.7.2,Installation of temporary Main door,Tower 2,7th Floor,Finishing,Tower Finishing,Door,,13415100.0,2027-01-21,2027-01-25,,,,,0
1.1.4.3.3.1.7.3,Fire sprinkler pipe fixing,Tower 2,7th Floor,MEP,Common area-MEP,CA-Fire-fighting & FAPA,,36520100.0,2027-01-21,2027-01-25,,,,,0
1.1.4.3.3.1.7.4,Internal Plumbing Works,Tower 2,7th Floor,MEP,Tower MEP,Plumbing,,108139700.0,2027-01-21,2027-01-29,,,,,0
1.1.4.3.3.1.7.5,Waterproofing,Tower 2,7th Floor,Finishing,Tower Civil Finishes,Waterproofing,,35195400.0,2027-01-30,2027-02-08,,,,,0
1.1.4.3.3.1.7.6,Internal Plaster,Tower 2,7th Floor,Finishing,Tower Civil Finishes,Int Plaster,,125231400.0,2027-02-09,2027-02-22,,,,,0
1.1.4.3.3.1.7.7,IPS flooring work,Tower 2,7th Floor,Finishing,Tower Finishing,Flooring,,253368500.0,2027-01-21,2027-02-02,,,,,0
1.1.4.3.3.1.7.8,Toilet dado work,Tower 2,7th Floor,Finishing,Tower Finishing,Flooring,,82256400.0,2027-02-23,2027-03-06,,,,,0
1.1.4.3.3.1.7.9,Toilet flooring work,Tower 2,7th Floor,Finishing,Tower Finishing,Flooring,,54651300.0,2027-03-07,2027-03-18,,,,,0
1.1.4.3.3.1.7.10,Living dinning flooring,Tower 2,7th Floor,Finishing,Tower Finishing,Flooring,,158517800.0,2027-03-19,2027-04-05,,,,,0
1.1.4.3.3.1.7.11,Electrical wiring work,Tower 2,7th Floor,MEP,Tower MEP,Electrical,,126803000.0,2027-03-27,2027-04-07,,,,,0
1.1.4.3.3.1.7.12,Aluminium door-window fixing,Tower 2,7th Floor,Finishing,Tower Finishing,Window,,96889500.0,2027-03-31,2027-04-07,,,,,0
1.1.4.3.3.1.7.13,Putty primer coat,Tower 2,7th Floor,Finishing,Tower Finishing,Paint,,32380900.0,2027-03-31,2027-04-11,,,,,0
1.1.4.3.3.1.7.14,Prehung door fixing,Tower 2,7th Floor,Finishing,Tower Finishing,Door,,54755700.0,2027-04-07,2027-04-16,,,,,0
1.1.4.3.3.1.7.15,Painting 1st coat,Tower 2,7th Floor,Finishing,Tower Finishing,Paint,,21587300.0,2027-04-17,2027-04-29,,,,,0
1.1.4.3.3.1.7.16,False Ceiling panel fixing,Tower 2,7th Floor,Finishing,Tower Finishing,False Ceiling,,23092600.0,2027-05-08,2027-05-17,,,,,0
1.1.4.3.3.1.8,8th Floor,,,,,,,,2027-01-14,2027-05-27,,,,,
1.1.4.3.3.1.8.1,Block Work ,Tower 2,8th Floor,Finishing,Tower Civil Finishes,Blockwork,,66815900.0,2027-01-14,2027-01-28,,,,,0
1.1.4.3.3.1.8.2,Installation of temporary Main door,Tower 2,8th Floor,Finishing,Tower Finishing,Door,,13415100.0,2027-01-29,2027-02-02,,,,,0
1.1.4.3.3.1.8.3,Fire sprinkler pipe fixing,Tower 2,8th Floor,MEP,Common area-MEP,CA-Fire-fighting & FAPA,,36520100.0,2027-01-29,2027-02-02,,,,,0
1.1.4.3.3.1.8.4,Internal Plumbing Works,Tower 2,8th Floor,MEP,Tower MEP,Plumbing,,108139700.0,2027-01-29,2027-02-06,,,,,0
1.1.4.3.3.1.8.5,Waterproofing,Tower 2,8th Floor,Finishing,Tower Civil Finishes,Waterproofing,,35195400.0,2027-02-07,2027-02-16,,,,,0
1.1.4.3.3.1.8.6,Internal Plaster,Tower 2,8th Floor,Finishing,Tower Civil Finishes,Int Plaster,,125231400.0,2027-02-17,2027-03-02,,,,,0
1.1.4.3.3.1.8.7,IPS flooring work,Tower 2,8th Floor,Finishing,Tower Finishing,Flooring,,253368500.0,2027-01-29,2027-02-10,,,,,0
1.1.4.3.3.1.8.8,Toilet dado work,Tower 2,8th Floor,Finishing,Tower Finishing,Flooring,,82256400.0,2027-03-03,2027-03-14,,,,,0
1.1.4.3.3.1.8.9,Toilet flooring work,Tower 2,8th Floor,Finishing,Tower Finishing,Flooring,,54651300.0,2027-03-15,2027-03-26,,,,,0
1.1.4.3.3.1.8.10,Living dinning flooring,Tower 2,8th Floor,Finishing,Tower Finishing,Flooring,,158517800.0,2027-03-27,2027-04-13,,,,,0
1.1.4.3.3.1.8.11,Electrical wiring work,Tower 2,8th Floor,MEP,Tower MEP,Electrical,,126803000.0,2027-04-04,2027-04-15,,,,,0
1.1.4.3.3.1.8.12,Aluminium door-window fixing,Tower 2,8th Floor,Finishing,Tower Finishing,Window,,96889500.0,2027-04-08,2027-04-15,,,,,0
1.1.4.3.3.1.8.13,Putty primer coat,Tower 2,8th Floor,Finishing,Tower Finishing,Paint,,32380900.0,2027-04-08,2027-04-19,,,,,0
1.1.4.3.3.1.8.14,Prehung door fixing,Tower 2,8th Floor,Finishing,Tower Finishing,Door,,54755700.0,2027-04-15,2027-04-24,,,,,0
1.1.4.3.3.1.8.15,Painting 1st coat,Tower 2,8th Floor,Finishing,Tower Finishing,Paint,,21587300.0,2027-04-25,2027-05-07,,,,,0
1.1.4.3.3.1.8.16,False Ceiling panel fixing,Tower 2,8th Floor,Finishing,Tower Finishing,False Ceiling,,23092600.0,2027-05-18,2027-05-27,,,,,0
1.1.4.3.3.1.9,9th Floor,,,,,,,,2027-01-22,2027-06-06,,,,,
1.1.4.3.3.1.9.1,Block Work ,Tower 2,9th Floor,Finishing,Tower Civil Finishes,Blockwork,,66815900.0,2027-01-22,2027-02-05,,,,,0
1.1.4.3.3.1.9.2,Installation of temporary Main door,Tower 2,9th Floor,Finishing,Tower Finishing,Door,,13415100.0,2027-02-06,2027-02-10,,,,,0
1.1.4.3.3.1.9.3,Fire sprinkler pipe fixing,Tower 2,9th Floor,MEP,Common area-MEP,CA-Fire-fighting & FAPA,,36520100.0,2027-02-06,2027-02-10,,,,,0
1.1.4.3.3.1.9.4,Internal Plumbing Works,Tower 2,9th Floor,MEP,Tower MEP,Plumbing,,108139700.0,2027-02-06,2027-02-14,,,,,0
1.1.4.3.3.1.9.5,Waterproofing,Tower 2,9th Floor,Finishing,Tower Civil Finishes,Waterproofing,,35195400.0,2027-02-15,2027-02-24,,,,,0
1.1.4.3.3.1.9.6,Internal Plaster,Tower 2,9th Floor,Finishing,Tower Civil Finishes,Int Plaster,,125231400.0,2027-02-25,2027-03-10,,,,,0
1.1.4.3.3.1.9.7,IPS flooring work,Tower 2,9th Floor,Finishing,Tower Finishing,Flooring,,253368500.0,2027-02-06,2027-02-18,,,,,0
1.1.4.3.3.1.9.8,Toilet dado work,Tower 2,9th Floor,Finishing,Tower Finishing,Flooring,,82256400.0,2027-03-11,2027-03-22,,,,,0
1.1.4.3.3.1.9.9,Toilet flooring work,Tower 2,9th Floor,Finishing,Tower Finishing,Flooring,,54651300.0,2027-03-23,2027-04-03,,,,,0
1.1.4.3.3.1.9.10,Living dinning flooring,Tower 2,9th Floor,Finishing,Tower Finishing,Flooring,,158517800.0,2027-04-04,2027-04-21,,,,,0
1.1.4.3.3.1.9.11,Electrical wiring work,Tower 2,9th Floor,MEP,Tower MEP,Electrical,,126803000.0,2027-04-12,2027-04-23,,,,,0
1.1.4.3.3.1.9.12,Aluminium door-window fixing,Tower 2,9th Floor,Finishing,Tower Finishing,Window,,96889500.0,2027-04-16,2027-04-23,,,,,0
1.1.4.3.3.1.9.13,Putty primer coat,Tower 2,9th Floor,Finishing,Tower Finishing,Paint,,32380900.0,2027-04-16,2027-04-27,,,,,0
1.1.4.3.3.1.9.14,Prehung door fixing,Tower 2,9th Floor,Finishing,Tower Finishing,Door,,54755700.0,2027-04-23,2027-05-02,,,,,0
1.1.4.3.3.1.9.15,Painting 1st coat,Tower 2,9th Floor,Finishing,Tower Finishing,Paint,,21587300.0,2027-05-03,2027-05-15,,,,,0
1.1.4.3.3.1.9.16,False Ceiling panel fixing,Tower 2,9th Floor,Finishing,Tower Finishing,False Ceiling,,23092600.0,2027-05-28,2027-06-06,,,,,0
1.1.4.3.3.1.10,10th Floor,,,,,,,,2027-01-30,2027-06-16,,,,,
1.1.4.3.3.1.10.1,Block Work ,Tower 2,10th Floor,Finishing,Tower Civil Finishes,Blockwork,,66815900.0,2027-01-30,2027-02-13,,,,,0
1.1.4.3.3.1.10.2,Installation of temporary Main door,Tower 2,10th Floor,Finishing,Tower Finishing,Door,,13415100.0,2027-02-14,2027-02-18,,,,,0
1.1.4.3.3.1.10.3,Fire sprinkler pipe fixing,Tower 2,10th Floor,MEP,Common area-MEP,CA-Fire-fighting & FAPA,,36520100.0,2027-02-14,2027-02-18,,,,,0
1.1.4.3.3.1.10.4,Internal Plumbing Works,Tower 2,10th Floor,MEP,Tower MEP,Plumbing,,108139700.0,2027-02-14,2027-02-22,,,,,0
1.1.4.3.3.1.10.5,Waterproofing,Tower 2,10th Floor,Finishing,Tower Civil Finishes,Waterproofing,,35195400.0,2027-02-23,2027-03-04,,,,,0
1.1.4.3.3.1.10.6,Internal Plaster,Tower 2,10th Floor,Finishing,Tower Civil Finishes,Int Plaster,,125231400.0,2027-03-05,2027-03-18,,,,,0
1.1.4.3.3.1.10.7,IPS flooring work,Tower 2,10th Floor,Finishing,Tower Finishing,Flooring,,253368500.0,2027-02-14,2027-02-26,,,,,0
1.1.4.3.3.1.10.8,Toilet dado work,Tower 2,10th Floor,Finishing,Tower Finishing,Flooring,,82256400.0,2027-03-19,2027-03-30,,,,,0
1.1.4.3.3.1.10.9,Toilet flooring work,Tower 2,10th Floor,Finishing,Tower Finishing,Flooring,,54651300.0,2027-03-31,2027-04-11,,,,,0
1.1.4.3.3.1.10.10,Living dinning flooring,Tower 2,10th Floor,Finishing,Tower Finishing,Flooring,,158517800.0,2027-04-12,2027-04-29,,,,,0
1.1.4.3.3.1.10.11,Electrical wiring work,Tower 2,10th Floor,MEP,Tower MEP,Electrical,,126803000.0,2027-04-20,2027-05-01,,,,,0
1.1.4.3.3.1.10.12,Aluminium door-window fixing,Tower 2,10th Floor,Finishing,Tower Finishing,Window,,96889500.0,2027-04-24,2027-05-01,,,,,0
1.1.4.3.3.1.10.13,Putty primer coat,Tower 2,10th Floor,Finishing,Tower Finishing,Paint,,32380900.0,2027-04-24,2027-05-05,,,,,0
1.1.4.3.3.1.10.14,Prehung door fixing,Tower 2,10th Floor,Finishing,Tower Finishing,Door,,54755700.0,2027-05-01,2027-05-10,,,,,0
1.1.4.3.3.1.10.15,Painting 1st coat,Tower 2,10th Floor,Finishing,Tower Finishing,Paint,,21587300.0,2027-05-11,2027-05-23,,,,,0
1.1.4.3.3.1.10.16,False Ceiling panel fixing,Tower 2,10th Floor,Finishing,Tower Finishing,False Ceiling,,23092600.0,2027-06-07,2027-06-16,,,,,0
1.1.4.3.3.1.11,11th Floor,,,,,,,,2027-02-08,2027-06-26,,,,,
1.1.4.3.3.1.11.1,Block Work ,Tower 2,11th Floor,Finishing,Tower Civil Finishes,Blockwork,,66815900.0,2027-02-08,2027-02-22,,,,,0
1.1.4.3.3.1.11.2,Installation of temporary Main door,Tower 2,11th Floor,Finishing,Tower Finishing,Door,,13415100.0,2027-02-23,2027-02-27,,,,,0
1.1.4.3.3.1.11.3,Fire sprinkler pipe fixing,Tower 2,11th Floor,MEP,Common area-MEP,CA-Fire-fighting & FAPA,,36520100.0,2027-02-23,2027-02-27,,,,,0
1.1.4.3.3.1.11.4,Internal Plumbing Works,Tower 2,11th Floor,MEP,Tower MEP,Plumbing,,108139700.0,2027-02-23,2027-03-03,,,,,0
1.1.4.3.3.1.11.5,Waterproofing,Tower 2,11th Floor,Finishing,Tower Civil Finishes,Waterproofing,,35195400.0,2027-03-04,2027-03-13,,,,,0
1.1.4.3.3.1.11.6,Internal Plaster,Tower 2,11th Floor,Finishing,Tower Civil Finishes,Int Plaster,,125231400.0,2027-03-14,2027-03-27,,,,,0
1.1.4.3.3.1.11.7,IPS flooring work,Tower 2,11th Floor,Finishing,Tower Finishing,Flooring,,253368500.0,2027-02-23,2027-03-07,,,,,0
1.1.4.3.3.1.11.8,Toilet dado work,Tower 2,11th Floor,Finishing,Tower Finishing,Flooring,,82256400.0,2027-03-28,2027-04-08,,,,,0
1.1.4.3.3.1.11.9,Toilet flooring work,Tower 2,11th Floor,Finishing,Tower Finishing,Flooring,,54651300.0,2027-04-09,2027-04-20,,,,,0
1.1.4.3.3.1.11.10,Living dinning flooring,Tower 2,11th Floor,Finishing,Tower Finishing,Flooring,,158517800.0,2027-04-21,2027-05-08,,,,,0
1.1.4.3.3.1.11.11,Electrical wiring work,Tower 2,11th Floor,MEP,Tower MEP,Electrical,,126803000.0,2027-04-29,2027-05-10,,,,,0
1.1.4.3.3.1.11.12,Aluminium door-window fixing,Tower 2,11th Floor,Finishing,Tower Finishing,Window,,96889500.0,2027-05-03,2027-05-10,,,,,0
1.1.4.3.3.1.11.13,Putty primer coat,Tower 2,11th Floor,Finishing,Tower Finishing,Paint,,32380900.0,2027-05-03,2027-05-14,,,,,0
1.1.4.3.3.1.11.14,Prehung door fixing,Tower 2,11th Floor,Finishing,Tower Finishing,Door,,54755700.0,2027-05-10,2027-05-19,,,,,0
1.1.4.3.3.1.11.15,Painting 1st coat,Tower 2,11th Floor,Finishing,Tower Finishing,Paint,,21587300.0,2027-05-20,2027-06-01,,,,,0
1.1.4.3.3.1.11.16,False Ceiling panel fixing,Tower 2,11th Floor,Finishing,Tower Finishing,False Ceiling,,23092600.0,2027-06-17,2027-06-26,,,,,0
1.1.4.3.3.1.12,12th Floor,,,,,,,,2027-02-20,2027-07-06,,,,,
1.1.4.3.3.1.12.1,Block Work ,Tower 2,12th Floor,Finishing,Tower Civil Finishes,Blockwork,,66815900.0,2027-02-20,2027-03-06,,,,,0
1.1.4.3.3.1.12.2,Installation of temporary Main door,Tower 2,12th Floor,Finishing,Tower Finishing,Door,,13415100.0,2027-03-07,2027-03-11,,,,,0
1.1.4.3.3.1.12.3,Fire sprinkler pipe fixing,Tower 2,12th Floor,MEP,Common area-MEP,CA-Fire-fighting & FAPA,,36520100.0,2027-03-07,2027-03-11,,,,,0
1.1.4.3.3.1.12.4,Internal Plumbing Works,Tower 2,12th Floor,MEP,Tower MEP,Plumbing,,108139700.0,2027-03-07,2027-03-15,,,,,0
1.1.4.3.3.1.12.5,Waterproofing,Tower 2,12th Floor,Finishing,Tower Civil Finishes,Waterproofing,,35195400.0,2027-03-16,2027-03-25,,,,,0
1.1.4.3.3.1.12.6,Internal Plaster,Tower 2,12th Floor,Finishing,Tower Civil Finishes,Int Plaster,,125231400.0,2027-03-26,2027-04-08,,,,,0
1.1.4.3.3.1.12.7,IPS flooring work,Tower 2,12th Floor,Finishing,Tower Finishing,Flooring,,253368500.0,2027-03-07,2027-03-19,,,,,0
1.1.4.3.3.1.12.8,Toilet dado work,Tower 2,12th Floor,Finishing,Tower Finishing,Flooring,,82256400.0,2027-04-09,2027-04-20,,,,,0
1.1.4.3.3.1.12.9,Toilet flooring work,Tower 2,12th Floor,Finishing,Tower Finishing,Flooring,,54651300.0,2027-04-21,2027-05-02,,,,,0
1.1.4.3.3.1.12.10,Living dinning flooring,Tower 2,12th Floor,Finishing,Tower Finishing,Flooring,,158517800.0,2027-05-03,2027-05-20,,,,,0
1.1.4.3.3.1.12.11,Electrical wiring work,Tower 2,12th Floor,MEP,Tower MEP,Electrical,,126803000.0,2027-05-11,2027-05-22,,,,,0
1.1.4.3.3.1.12.12,Aluminium door-window fixing,Tower 2,12th Floor,Finishing,Tower Finishing,Window,,96889500.0,2027-05-15,2027-05-22,,,,,0
1.1.4.3.3.1.12.13,Putty primer coat,Tower 2,12th Floor,Finishing,Tower Finishing,Paint,,32380900.0,2027-05-15,2027-05-26,,,,,0
1.1.4.3.3.1.12.14,Prehung door fixing,Tower 2,12th Floor,Finishing,Tower Finishing,Door,,54755700.0,2027-05-22,2027-05-31,,,,,0
1.1.4.3.3.1.12.15,Painting 1st coat,Tower 2,12th Floor,Finishing,Tower Finishing,Paint,,21587300.0,2027-06-01,2027-06-13,,,,,0
1.1.4.3.3.1.12.16,False Ceiling panel fixing,Tower 2,12th Floor,Finishing,Tower Finishing,False Ceiling,,23092600.0,2027-06-27,2027-07-06,,,,,0
1.1.4.3.3.1.13,13th Floor,,,,,,,,2027-03-04,2027-07-16,,,,,
1.1.4.3.3.1.13.1,Block Work ,Tower 2,13th Floor,Finishing,Tower Civil Finishes,Blockwork,,66815900.0,2027-03-04,2027-03-18,,,,,0
1.1.4.3.3.1.13.2,Installation of temporary Main door,Tower 2,13th Floor,Finishing,Tower Finishing,Door,,13415100.0,2027-03-19,2027-03-23,,,,,0
1.1.4.3.3.1.13.3,Fire sprinkler pipe fixing,Tower 2,13th Floor,MEP,Common area-MEP,CA-Fire-fighting & FAPA,,36520100.0,2027-03-19,2027-03-23,,,,,0
1.1.4.3.3.1.13.4,Internal Plumbing Works,Tower 2,13th Floor,MEP,Tower MEP,Plumbing,,108139700.0,2027-03-19,2027-03-27,,,,,0
1.1.4.3.3.1.13.5,Waterproofing,Tower 2,13th Floor,Finishing,Tower Civil Finishes,Waterproofing,,35195400.0,2027-03-28,2027-04-06,,,,,0
1.1.4.3.3.1.13.6,Internal Plaster,Tower 2,13th Floor,Finishing,Tower Civil Finishes,Int Plaster,,125231400.0,2027-04-07,2027-04-20,,,,,0
1.1.4.3.3.1.13.7,IPS flooring work,Tower 2,13th Floor,Finishing,Tower Finishing,Flooring,,253368500.0,2027-03-19,2027-03-31,,,,,0
1.1.4.3.3.1.13.8,Toilet dado work,Tower 2,13th Floor,Finishing,Tower Finishing,Flooring,,82256400.0,2027-04-21,2027-05-02,,,,,0
1.1.4.3.3.1.13.9,Toilet flooring work,Tower 2,13th Floor,Finishing,Tower Finishing,Flooring,,54651300.0,2027-05-03,2027-05-14,,,,,0
1.1.4.3.3.1.13.10,Living dinning flooring,Tower 2,13th Floor,Finishing,Tower Finishing,Flooring,,158517800.0,2027-05-15,2027-06-01,,,,,0
1.1.4.3.3.1.13.11,Electrical wiring work,Tower 2,13th Floor,MEP,Tower MEP,Electrical,,126803000.0,2027-05-23,2027-06-03,,,,,0
1.1.4.3.3.1.13.12,Aluminium door-window fixing,Tower 2,13th Floor,Finishing,Tower Finishing,Window,,96889500.0,2027-05-27,2027-06-03,,,,,0
1.1.4.3.3.1.13.13,Putty primer coat,Tower 2,13th Floor,Finishing,Tower Finishing,Paint,,32380900.0,2027-05-27,2027-06-07,,,,,0
1.1.4.3.3.1.13.14,Prehung door fixing,Tower 2,13th Floor,Finishing,Tower Finishing,Door,,54755700.0,2027-06-03,2027-06-12,,,,,0
1.1.4.3.3.1.13.15,Painting 1st coat,Tower 2,13th Floor,Finishing,Tower Finishing,Paint,,21587300.0,2027-06-13,2027-06-25,,,,,0
1.1.4.3.3.1.13.16,False Ceiling panel fixing,Tower 2,13th Floor,Finishing,Tower Finishing,False Ceiling,,23092600.0,2027-07-07,2027-07-16,,,,,0
1.1.4.3.3.1.14,14th Floor,,,,,,,,2027-03-22,2027-07-26,,,,,
1.1.4.3.3.1.14.1,Block Work ,Tower 2,14th Floor,Finishing,Tower Civil Finishes,Blockwork,,66815900.0,2027-03-22,2027-04-05,,,,,0
1.1.4.3.3.1.14.2,Installation of temporary Main door,Tower 2,14th Floor,Finishing,Tower Finishing,Door,,13415100.0,2027-04-06,2027-04-10,,,,,0
1.1.4.3.3.1.14.3,Fire sprinkler pipe fixing,Tower 2,14th Floor,MEP,Common area-MEP,CA-Fire-fighting & FAPA,,36520100.0,2027-04-06,2027-04-10,,,,,0
1.1.4.3.3.1.14.4,Internal Plumbing Works,Tower 2,14th Floor,MEP,Tower MEP,Plumbing,,108139700.0,2027-04-06,2027-04-14,,,,,0
1.1.4.3.3.1.14.5,Waterproofing,Tower 2,14th Floor,Finishing,Tower Civil Finishes,Waterproofing,,35195400.0,2027-04-15,2027-04-24,,,,,0
1.1.4.3.3.1.14.6,Internal Plaster,Tower 2,14th Floor,Finishing,Tower Civil Finishes,Int Plaster,,125231400.0,2027-04-25,2027-05-08,,,,,0
1.1.4.3.3.1.14.7,IPS flooring work,Tower 2,14th Floor,Finishing,Tower Finishing,Flooring,,253368500.0,2027-04-06,2027-04-18,,,,,0
1.1.4.3.3.1.14.8,Toilet dado work,Tower 2,14th Floor,Finishing,Tower Finishing,Flooring,,82256400.0,2027-05-09,2027-05-20,,,,,0
1.1.4.3.3.1.14.9,Toilet flooring work,Tower 2,14th Floor,Finishing,Tower Finishing,Flooring,,54651300.0,2027-05-21,2027-06-01,,,,,0
1.1.4.3.3.1.14.10,Living dinning flooring,Tower 2,14th Floor,Finishing,Tower Finishing,Flooring,,158517800.0,2027-06-02,2027-06-19,,,,,0
1.1.4.3.3.1.14.11,Electrical wiring work,Tower 2,14th Floor,MEP,Tower MEP,Electrical,,126803000.0,2027-06-10,2027-06-21,,,,,0
1.1.4.3.3.1.14.12,Aluminium door-window fixing,Tower 2,14th Floor,Finishing,Tower Finishing,Window,,96889500.0,2027-06-14,2027-06-21,,,,,0
1.1.4.3.3.1.14.13,Putty primer coat,Tower 2,14th Floor,Finishing,Tower Finishing,Paint,,32380900.0,2027-06-14,2027-06-25,,,,,0
1.1.4.3.3.1.14.14,Prehung door fixing,Tower 2,14th Floor,Finishing,Tower Finishing,Door,,54755700.0,2027-06-21,2027-06-30,,,,,0
1.1.4.3.3.1.14.15,Painting 1st coat,Tower 2,14th Floor,Finishing,Tower Finishing,Paint,,21587300.0,2027-07-01,2027-07-13,,,,,0
1.1.4.3.3.1.14.16,False Ceiling panel fixing,Tower 2,14th Floor,Finishing,Tower Finishing,False Ceiling,,23092600.0,2027-07-17,2027-07-26,,,,,0
1.1.4.3.3.1.15,15th Floor,,,,,,,,2027-04-03,2027-08-05,,,,,
1.1.4.3.3.1.15.1,Block Work ,Tower 2,15th Floor,Finishing,Tower Civil Finishes,Blockwork,,66815900.0,2027-04-03,2027-04-17,,,,,0
1.1.4.3.3.1.15.2,Installation of temporary Main door,Tower 2,15th Floor,Finishing,Tower Finishing,Door,,13415100.0,2027-04-18,2027-04-22,,,,,0
1.1.4.3.3.1.15.3,Fire sprinkler pipe fixing,Tower 2,15th Floor,MEP,Common area-MEP,CA-Fire-fighting & FAPA,,36520100.0,2027-04-18,2027-04-22,,,,,0
1.1.4.3.3.1.15.4,Internal Plumbing Works,Tower 2,15th Floor,MEP,Tower MEP,Plumbing,,108139700.0,2027-04-18,2027-04-26,,,,,0
1.1.4.3.3.1.15.5,Waterproofing,Tower 2,15th Floor,Finishing,Tower Civil Finishes,Waterproofing,,35195400.0,2027-04-27,2027-05-06,,,,,0
1.1.4.3.3.1.15.6,Internal Plaster,Tower 2,15th Floor,Finishing,Tower Civil Finishes,Int Plaster,,125231400.0,2027-05-07,2027-05-20,,,,,0
1.1.4.3.3.1.15.7,IPS flooring work,Tower 2,15th Floor,Finishing,Tower Finishing,Flooring,,253368500.0,2027-04-18,2027-04-30,,,,,0
1.1.4.3.3.1.15.8,Toilet dado work,Tower 2,15th Floor,Finishing,Tower Finishing,Flooring,,82256400.0,2027-05-21,2027-06-01,,,,,0
1.1.4.3.3.1.15.9,Toilet flooring work,Tower 2,15th Floor,Finishing,Tower Finishing,Flooring,,54651300.0,2027-06-02,2027-06-13,,,,,0
1.1.4.3.3.1.15.10,Living dinning flooring,Tower 2,15th Floor,Finishing,Tower Finishing,Flooring,,158517800.0,2027-06-14,2027-07-01,,,,,0
1.1.4.3.3.1.15.11,Electrical wiring work,Tower 2,15th Floor,MEP,Tower MEP,Electrical,,126803000.0,2027-06-22,2027-07-03,,,,,0
1.1.4.3.3.1.15.12,Aluminium door-window fixing,Tower 2,15th Floor,Finishing,Tower Finishing,Window,,96889500.0,2027-06-26,2027-07-03,,,,,0
1.1.4.3.3.1.15.13,Putty primer coat,Tower 2,15th Floor,Finishing,Tower Finishing,Paint,,32380900.0,2027-06-26,2027-07-07,,,,,0
1.1.4.3.3.1.15.14,Prehung door fixing,Tower 2,15th Floor,Finishing,Tower Finishing,Door,,54755700.0,2027-07-03,2027-07-12,,,,,0
1.1.4.3.3.1.15.15,Painting 1st coat,Tower 2,15th Floor,Finishing,Tower Finishing,Paint,,21587300.0,2027-07-13,2027-07-25,,,,,0
1.1.4.3.3.1.15.16,False Ceiling panel fixing,Tower 2,15th Floor,Finishing,Tower Finishing,False Ceiling,,23092600.0,2027-07-27,2027-08-05,,,,,0
1.1.4.3.3.1.16,16th Floor,,,,,,,,2027-04-15,2027-08-16,,,,,
1.1.4.3.3.1.16.1,Block Work ,Tower 2,16th Floor,Finishing,Tower Civil Finishes,Blockwork,,66815900.0,2027-04-15,2027-04-29,,,,,0
1.1.4.3.3.1.16.2,Installation of temporary Main door,Tower 2,16th Floor,Finishing,Tower Finishing,Door,,13415100.0,2027-04-30,2027-05-04,,,,,0
1.1.4.3.3.1.16.3,Fire sprinkler pipe fixing,Tower 2,16th Floor,MEP,Common area-MEP,CA-Fire-fighting & FAPA,,36520100.0,2027-04-30,2027-05-04,,,,,0
1.1.4.3.3.1.16.4,Internal Plumbing Works,Tower 2,16th Floor,MEP,Tower MEP,Plumbing,,108139700.0,2027-04-30,2027-05-08,,,,,0
1.1.4.3.3.1.16.5,Waterproofing,Tower 2,16th Floor,Finishing,Tower Civil Finishes,Waterproofing,,35195400.0,2027-05-09,2027-05-18,,,,,0
1.1.4.3.3.1.16.6,Internal Plaster,Tower 2,16th Floor,Finishing,Tower Civil Finishes,Int Plaster,,125231400.0,2027-05-19,2027-06-01,,,,,0
1.1.4.3.3.1.16.7,IPS flooring work,Tower 2,16th Floor,Finishing,Tower Finishing,Flooring,,253368500.0,2027-04-30,2027-05-12,,,,,0
1.1.4.3.3.1.16.8,Toilet dado work,Tower 2,16th Floor,Finishing,Tower Finishing,Flooring,,82256400.0,2027-06-02,2027-06-13,,,,,0
1.1.4.3.3.1.16.9,Toilet flooring work,Tower 2,16th Floor,Finishing,Tower Finishing,Flooring,,54651300.0,2027-06-14,2027-06-25,,,,,0
1.1.4.3.3.1.16.10,Living dinning flooring,Tower 2,16th Floor,Finishing,Tower Finishing,Flooring,,158517800.0,2027-06-26,2027-07-13,,,,,0
1.1.4.3.3.1.16.11,Electrical wiring work,Tower 2,16th Floor,MEP,Tower MEP,Electrical,,126803000.0,2027-07-04,2027-07-15,,,,,0
1.1.4.3.3.1.16.12,Aluminium door-window fixing,Tower 2,16th Floor,Finishing,Tower Finishing,Window,,96889500.0,2027-07-08,2027-07-15,,,,,0
1.1.4.3.3.1.16.13,Putty primer coat,Tower 2,16th Floor,Finishing,Tower Finishing,Paint,,32380900.0,2027-07-08,2027-07-19,,,,,0
1.1.4.3.3.1.16.14,Prehung door fixing,Tower 2,16th Floor,Finishing,Tower Finishing,Door,,54755700.0,2027-07-15,2027-07-24,,,,,0
1.1.4.3.3.1.16.15,Painting 1st coat,Tower 2,16th Floor,Finishing,Tower Finishing,Paint,,21587300.0,2027-07-25,2027-08-06,,,,,0
1.1.4.3.3.1.16.16,False Ceiling panel fixing,Tower 2,16th Floor,Finishing,Tower Finishing,False Ceiling,,23092600.0,2027-08-07,2027-08-16,,,,,0
1.1.4.3.3.1.17,17th Floor,,,,,,,,2027-04-27,2027-08-28,,,,,
1.1.4.3.3.1.17.1,Block Work ,Tower 2,17th Floor,Finishing,Tower Civil Finishes,Blockwork,,66815900.0,2027-04-27,2027-05-11,,,,,0
1.1.4.3.3.1.17.2,Installation of temporary Main door,Tower 2,17th Floor,Finishing,Tower Finishing,Door,,13415100.0,2027-05-12,2027-05-16,,,,,0
1.1.4.3.3.1.17.3,Fire sprinkler pipe fixing,Tower 2,17th Floor,MEP,Common area-MEP,CA-Fire-fighting & FAPA,,36520100.0,2027-05-12,2027-05-16,,,,,0
1.1.4.3.3.1.17.4,Internal Plumbing Works,Tower 2,17th Floor,MEP,Tower MEP,Plumbing,,108139700.0,2027-05-12,2027-05-20,,,,,0
1.1.4.3.3.1.17.5,Waterproofing,Tower 2,17th Floor,Finishing,Tower Civil Finishes,Waterproofing,,35195400.0,2027-05-21,2027-05-30,,,,,0
1.1.4.3.3.1.17.6,Internal Plaster,Tower 2,17th Floor,Finishing,Tower Civil Finishes,Int Plaster,,125231400.0,2027-05-31,2027-06-13,,,,,0
1.1.4.3.3.1.17.7,IPS flooring work,Tower 2,17th Floor,Finishing,Tower Finishing,Flooring,,253368500.0,2027-05-12,2027-05-24,,,,,0
1.1.4.3.3.1.17.8,Toilet dado work,Tower 2,17th Floor,Finishing,Tower Finishing,Flooring,,82256400.0,2027-06-14,2027-06-25,,,,,0
1.1.4.3.3.1.17.9,Toilet flooring work,Tower 2,17th Floor,Finishing,Tower Finishing,Flooring,,54651300.0,2027-06-26,2027-07-07,,,,,0
1.1.4.3.3.1.17.10,Living dinning flooring,Tower 2,17th Floor,Finishing,Tower Finishing,Flooring,,158517800.0,2027-07-08,2027-07-25,,,,,0
1.1.4.3.3.1.17.11,Electrical wiring work,Tower 2,17th Floor,MEP,Tower MEP,Electrical,,126803000.0,2027-07-16,2027-07-27,,,,,0
1.1.4.3.3.1.17.12,Aluminium door-window fixing,Tower 2,17th Floor,Finishing,Tower Finishing,Window,,96889500.0,2027-07-20,2027-07-27,,,,,0
1.1.4.3.3.1.17.13,Putty primer coat,Tower 2,17th Floor,Finishing,Tower Finishing,Paint,,32380900.0,2027-07-20,2027-07-31,,,,,0
1.1.4.3.3.1.17.14,Prehung door fixing,Tower 2,17th Floor,Finishing,Tower Finishing,Door,,54755700.0,2027-07-27,2027-08-05,,,,,0
1.1.4.3.3.1.17.15,Painting 1st coat,Tower 2,17th Floor,Finishing,Tower Finishing,Paint,,21587300.0,2027-08-06,2027-08-18,,,,,0
1.1.4.3.3.1.17.16,False Ceiling panel fixing,Tower 2,17th Floor,Finishing,Tower Finishing,False Ceiling,,23092600.0,2027-08-19,2027-08-28,,,,,0
1.1.4.3.3.1.18,18th Floor,,,,,,,,2027-05-09,2027-09-09,,,,,
1.1.4.3.3.1.18.1,Block Work ,Tower 2,18th Floor,Finishing,Tower Civil Finishes,Blockwork,,66815900.0,2027-05-09,2027-05-23,,,,,0
1.1.4.3.3.1.18.2,Installation of temporary Main door,Tower 2,18th Floor,Finishing,Tower Finishing,Door,,13415100.0,2027-05-24,2027-05-28,,,,,0
1.1.4.3.3.1.18.3,Fire sprinkler pipe fixing,Tower 2,18th Floor,MEP,Common area-MEP,CA-Fire-fighting & FAPA,,36520100.0,2027-05-24,2027-05-28,,,,,0
1.1.4.3.3.1.18.4,Internal Plumbing Works,Tower 2,18th Floor,MEP,Tower MEP,Plumbing,,108139700.0,2027-05-24,2027-06-01,,,,,0
1.1.4.3.3.1.18.5,Waterproofing,Tower 2,18th Floor,Finishing,Tower Civil Finishes,Waterproofing,,35195400.0,2027-06-02,2027-06-11,,,,,0
1.1.4.3.3.1.18.6,Internal Plaster,Tower 2,18th Floor,Finishing,Tower Civil Finishes,Int Plaster,,125231400.0,2027-06-12,2027-06-25,,,,,0
1.1.4.3.3.1.18.7,IPS flooring work,Tower 2,18th Floor,Finishing,Tower Finishing,Flooring,,253368500.0,2027-05-24,2027-06-05,,,,,0
1.1.4.3.3.1.18.8,Toilet dado work,Tower 2,18th Floor,Finishing,Tower Finishing,Flooring,,82256400.0,2027-06-26,2027-07-07,,,,,0
1.1.4.3.3.1.18.9,Toilet flooring work,Tower 2,18th Floor,Finishing,Tower Finishing,Flooring,,54651300.0,2027-07-08,2027-07-19,,,,,0
1.1.4.3.3.1.18.10,Living dinning flooring,Tower 2,18th Floor,Finishing,Tower Finishing,Flooring,,158517800.0,2027-07-20,2027-08-06,,,,,0
1.1.4.3.3.1.18.11,Electrical wiring work,Tower 2,18th Floor,MEP,Tower MEP,Electrical,,126803000.0,2027-07-28,2027-08-08,,,,,0
1.1.4.3.3.1.18.12,Aluminium door-window fixing,Tower 2,18th Floor,Finishing,Tower Finishing,Window,,96889500.0,2027-08-01,2027-08-08,,,,,0
1.1.4.3.3.1.18.13,Putty primer coat,Tower 2,18th Floor,Finishing,Tower Finishing,Paint,,32380900.0,2027-08-01,2027-08-12,,,,,0
1.1.4.3.3.1.18.14,Prehung door fixing,Tower 2,18th Floor,Finishing,Tower Finishing,Door,,54755700.0,2027-08-08,2027-08-17,,,,,0
1.1.4.3.3.1.18.15,Painting 1st coat,Tower 2,18th Floor,Finishing,Tower Finishing,Paint,,21587300.0,2027-08-18,2027-08-30,,,,,0
1.1.4.3.3.1.18.16,False Ceiling panel fixing,Tower 2,18th Floor,Finishing,Tower Finishing,False Ceiling,,23092600.0,2027-08-31,2027-09-09,,,,,0
1.1.4.3.3.1.19,19th Floor,,,,,,,,2027-05-21,2027-09-21,,,,,
1.1.4.3.3.1.19.1,Block Work ,Tower 2,19th Floor,Finishing,Tower Civil Finishes,Blockwork,,66815900.0,2027-05-21,2027-06-04,,,,,0
1.1.4.3.3.1.19.2,Installation of temporary Main door,Tower 2,19th Floor,Finishing,Tower Finishing,Door,,13415100.0,2027-06-05,2027-06-09,,,,,0
1.1.4.3.3.1.19.3,Fire sprinkler pipe fixing,Tower 2,19th Floor,MEP,Common area-MEP,CA-Fire-fighting & FAPA,,36520100.0,2027-06-05,2027-06-09,,,,,0
1.1.4.3.3.1.19.4,Internal Plumbing Works,Tower 2,19th Floor,MEP,Tower MEP,Plumbing,,108139700.0,2027-06-05,2027-06-13,,,,,0
1.1.4.3.3.1.19.5,Waterproofing,Tower 2,19th Floor,Finishing,Tower Civil Finishes,Waterproofing,,35195400.0,2027-06-14,2027-06-23,,,,,0
1.1.4.3.3.1.19.6,Internal Plaster,Tower 2,19th Floor,Finishing,Tower Civil Finishes,Int Plaster,,125231400.0,2027-06-24,2027-07-07,,,,,0
1.1.4.3.3.1.19.7,IPS flooring work,Tower 2,19th Floor,Finishing,Tower Finishing,Flooring,,253368500.0,2027-06-05,2027-06-17,,,,,0
1.1.4.3.3.1.19.8,Toilet dado work,Tower 2,19th Floor,Finishing,Tower Finishing,Flooring,,82256400.0,2027-07-08,2027-07-19,,,,,0
1.1.4.3.3.1.19.9,Toilet flooring work,Tower 2,19th Floor,Finishing,Tower Finishing,Flooring,,54651300.0,2027-07-20,2027-07-31,,,,,0
1.1.4.3.3.1.19.10,Living dinning flooring,Tower 2,19th Floor,Finishing,Tower Finishing,Flooring,,158517800.0,2027-08-01,2027-08-18,,,,,0
1.1.4.3.3.1.19.11,Electrical wiring work,Tower 2,19th Floor,MEP,Tower MEP,Electrical,,126803000.0,2027-08-09,2027-08-20,,,,,0
1.1.4.3.3.1.19.12,Aluminium door-window fixing,Tower 2,19th Floor,Finishing,Tower Finishing,Window,,96889500.0,2027-08-13,2027-08-20,,,,,0
1.1.4.3.3.1.19.13,Putty primer coat,Tower 2,19th Floor,Finishing,Tower Finishing,Paint,,32380900.0,2027-08-13,2027-08-24,,,,,0
1.1.4.3.3.1.19.14,Prehung door fixing,Tower 2,19th Floor,Finishing,Tower Finishing,Door,,54755700.0,2027-08-20,2027-08-29,,,,,0
1.1.4.3.3.1.19.15,Painting 1st coat,Tower 2,19th Floor,Finishing,Tower Finishing,Paint,,21587300.0,2027-08-30,2027-09-11,,,,,0
1.1.4.3.3.1.19.16,False Ceiling panel fixing,Tower 2,19th Floor,Finishing,Tower Finishing,False Ceiling,,23092600.0,2027-09-12,2027-09-21,,,,,0
1.1.4.3.3.1.20,20th Floor,,,,,,,,2027-06-01,2027-10-02,,,,,
1.1.4.3.3.1.20.1,Block Work ,Tower 2,20th Floor,Finishing,Tower Civil Finishes,Blockwork,,66815900.0,2027-06-01,2027-06-15,,,,,0
1.1.4.3.3.1.20.2,Installation of temporary Main door,Tower 2,20th Floor,Finishing,Tower Finishing,Door,,13415100.0,2027-06-16,2027-06-20,,,,,0
1.1.4.3.3.1.20.3,Fire sprinkler pipe fixing,Tower 2,20th Floor,MEP,Common area-MEP,CA-Fire-fighting & FAPA,,36520100.0,2027-06-16,2027-06-20,,,,,0
1.1.4.3.3.1.20.4,Internal Plumbing Works,Tower 2,20th Floor,MEP,Tower MEP,Plumbing,,108139700.0,2027-06-16,2027-06-24,,,,,0
1.1.4.3.3.1.20.5,Waterproofing,Tower 2,20th Floor,Finishing,Tower Civil Finishes,Waterproofing,,35195400.0,2027-06-25,2027-07-04,,,,,0
1.1.4.3.3.1.20.6,Internal Plaster,Tower 2,20th Floor,Finishing,Tower Civil Finishes,Int Plaster,,125231400.0,2027-07-05,2027-07-18,,,,,0
1.1.4.3.3.1.20.7,IPS flooring work,Tower 2,20th Floor,Finishing,Tower Finishing,Flooring,,253368500.0,2027-06-16,2027-06-28,,,,,0
1.1.4.3.3.1.20.8,Toilet dado work,Tower 2,20th Floor,Finishing,Tower Finishing,Flooring,,82256400.0,2027-07-19,2027-07-30,,,,,0
1.1.4.3.3.1.20.9,Toilet flooring work,Tower 2,20th Floor,Finishing,Tower Finishing,Flooring,,54651300.0,2027-07-31,2027-08-11,,,,,0
1.1.4.3.3.1.20.10,Living dinning flooring,Tower 2,20th Floor,Finishing,Tower Finishing,Flooring,,158517800.0,2027-08-12,2027-08-29,,,,,0
1.1.4.3.3.1.20.11,Electrical wiring work,Tower 2,20th Floor,MEP,Tower MEP,Electrical,,126803000.0,2027-08-20,2027-08-31,,,,,0
1.1.4.3.3.1.20.12,Aluminium door-window fixing,Tower 2,20th Floor,Finishing,Tower Finishing,Window,,96889500.0,2027-08-24,2027-08-31,,,,,0
1.1.4.3.3.1.20.13,Putty primer coat,Tower 2,20th Floor,Finishing,Tower Finishing,Paint,,32380900.0,2027-08-24,2027-09-04,,,,,0
1.1.4.3.3.1.20.14,Prehung door fixing,Tower 2,20th Floor,Finishing,Tower Finishing,Door,,54755700.0,2027-08-31,2027-09-09,,,,,0
1.1.4.3.3.1.20.15,Painting 1st coat,Tower 2,20th Floor,Finishing,Tower Finishing,Paint,,21587300.0,2027-09-10,2027-09-22,,,,,0
1.1.4.3.3.1.20.16,False Ceiling panel fixing,Tower 2,20th Floor,Finishing,Tower Finishing,False Ceiling,,23092600.0,2027-09-23,2027-10-02,,,,,0
1.1.4.3.3.1.21,21st Floor,,,,,,,,2027-06-08,2027-10-12,,,,,
1.1.4.3.3.1.21.1,Block Work ,Tower 2,21st Floor,Finishing,Tower Civil Finishes,Blockwork,,66815900.0,2027-06-08,2027-06-22,,,,,0
1.1.4.3.3.1.21.2,Installation of temporary Main door,Tower 2,21st Floor,Finishing,Tower Finishing,Door,,13415100.0,2027-06-23,2027-06-27,,,,,0
1.1.4.3.3.1.21.3,Fire sprinkler pipe fixing,Tower 2,21st Floor,MEP,Common area-MEP,CA-Fire-fighting & FAPA,,36520100.0,2027-06-23,2027-06-27,,,,,0
1.1.4.3.3.1.21.4,Internal Plumbing Works,Tower 2,21st Floor,MEP,Tower MEP,Plumbing,,108139700.0,2027-06-23,2027-07-01,,,,,0
1.1.4.3.3.1.21.5,Waterproofing,Tower 2,21st Floor,Finishing,Tower Civil Finishes,Waterproofing,,35195400.0,2027-07-02,2027-07-11,,,,,0
1.1.4.3.3.1.21.6,Internal Plaster,Tower 2,21st Floor,Finishing,Tower Civil Finishes,Int Plaster,,125231400.0,2027-07-12,2027-07-25,,,,,0
1.1.4.3.3.1.21.7,IPS flooring work,Tower 2,21st Floor,Finishing,Tower Finishing,Flooring,,253368500.0,2027-06-23,2027-07-05,,,,,0
1.1.4.3.3.1.21.8,Toilet dado work,Tower 2,21st Floor,Finishing,Tower Finishing,Flooring,,82256400.0,2027-07-26,2027-08-06,,,,,0
1.1.4.3.3.1.21.9,Toilet flooring work,Tower 2,21st Floor,Finishing,Tower Finishing,Flooring,,54651300.0,2027-08-07,2027-08-18,,,,,0
1.1.4.3.3.1.21.10,Living dinning flooring,Tower 2,21st Floor,Finishing,Tower Finishing,Flooring,,158517800.0,2027-08-19,2027-09-05,,,,,0
1.1.4.3.3.1.21.11,Electrical wiring work,Tower 2,21st Floor,MEP,Tower MEP,Electrical,,126803000.0,2027-08-27,2027-09-07,,,,,0
1.1.4.3.3.1.21.12,Aluminium door-window fixing,Tower 2,21st Floor,Finishing,Tower Finishing,Window,,96889500.0,2027-08-31,2027-09-07,,,,,0
1.1.4.3.3.1.21.13,Putty primer coat,Tower 2,21st Floor,Finishing,Tower Finishing,Paint,,32380900.0,2027-08-31,2027-09-11,,,,,0
1.1.4.3.3.1.21.14,Prehung door fixing,Tower 2,21st Floor,Finishing,Tower Finishing,Door,,54755700.0,2027-09-07,2027-09-16,,,,,0
1.1.4.3.3.1.21.15,Painting 1st coat,Tower 2,21st Floor,Finishing,Tower Finishing,Paint,,21587300.0,2027-09-17,2027-09-29,,,,,0
1.1.4.3.3.1.21.16,False Ceiling panel fixing,Tower 2,21st Floor,Finishing,Tower Finishing,False Ceiling,,23092600.0,2027-10-03,2027-10-12,,,,,0
1.1.4.3.3.1.22,22nd Floor,,,,,,,,2027-06-15,2027-10-22,,,,,
1.1.4.3.3.1.22.1,Block Work ,Tower 2,22nd Floor,Finishing,Tower Civil Finishes,Blockwork,,66815900.0,2027-06-15,2027-06-29,,,,,0
1.1.4.3.3.1.22.2,Installation of temporary Main door,Tower 2,22nd Floor,Finishing,Tower Finishing,Door,,13415100.0,2027-06-30,2027-07-04,,,,,0
1.1.4.3.3.1.22.3,Fire sprinkler pipe fixing,Tower 2,22nd Floor,MEP,Common area-MEP,CA-Fire-fighting & FAPA,,36520100.0,2027-06-30,2027-07-04,,,,,0
1.1.4.3.3.1.22.4,Internal Plumbing Works,Tower 2,22nd Floor,MEP,Tower MEP,Plumbing,,108139700.0,2027-06-30,2027-07-08,,,,,0
1.1.4.3.3.1.22.5,Waterproofing,Tower 2,22nd Floor,Finishing,Tower Civil Finishes,Waterproofing,,35195400.0,2027-07-09,2027-07-18,,,,,0
1.1.4.3.3.1.22.6,Internal Plaster,Tower 2,22nd Floor,Finishing,Tower Civil Finishes,Int Plaster,,125231400.0,2027-07-19,2027-08-01,,,,,0
1.1.4.3.3.1.22.7,IPS flooring work,Tower 2,22nd Floor,Finishing,Tower Finishing,Flooring,,253368500.0,2027-06-30,2027-07-12,,,,,0
1.1.4.3.3.1.22.8,Toilet dado work,Tower 2,22nd Floor,Finishing,Tower Finishing,Flooring,,82256400.0,2027-08-02,2027-08-13,,,,,0
1.1.4.3.3.1.22.9,Toilet flooring work,Tower 2,22nd Floor,Finishing,Tower Finishing,Flooring,,54651300.0,2027-08-14,2027-08-25,,,,,0
1.1.4.3.3.1.22.10,Living dinning flooring,Tower 2,22nd Floor,Finishing,Tower Finishing,Flooring,,158517800.0,2027-08-26,2027-09-12,,,,,0
1.1.4.3.3.1.22.11,Electrical wiring work,Tower 2,22nd Floor,MEP,Tower MEP,Electrical,,126803000.0,2027-09-03,2027-09-14,,,,,0
1.1.4.3.3.1.22.12,Aluminium door-window fixing,Tower 2,22nd Floor,Finishing,Tower Finishing,Window,,96889500.0,2027-09-07,2027-09-14,,,,,0
1.1.4.3.3.1.22.13,Putty primer coat,Tower 2,22nd Floor,Finishing,Tower Finishing,Paint,,32380900.0,2027-09-07,2027-09-18,,,,,0
1.1.4.3.3.1.22.14,Prehung door fixing,Tower 2,22nd Floor,Finishing,Tower Finishing,Door,,54755700.0,2027-09-14,2027-09-23,,,,,0
1.1.4.3.3.1.22.15,Painting 1st coat,Tower 2,22nd Floor,Finishing,Tower Finishing,Paint,,21587300.0,2027-09-24,2027-10-06,,,,,0
1.1.4.3.3.1.22.16,False Ceiling panel fixing,Tower 2,22nd Floor,Finishing,Tower Finishing,False Ceiling,,23092600.0,2027-10-13,2027-10-22,,,,,0
1.1.4.3.3.1.23,23rd Floor,,,,,,,,2027-06-22,2027-12-16,,,,,
1.1.4.3.3.1.23.1,Block Work ,Tower 2,23rd Floor,Finishing,Tower Civil Finishes,Blockwork,,66815900.0,2027-06-22,2027-07-06,,,,,0
1.1.4.3.3.1.23.2,Installation of temporary Main door,Tower 2,23rd Floor,Finishing,Tower Finishing,Door,,13415100.0,2027-07-07,2027-07-11,,,,,0
1.1.4.3.3.1.23.3,Fire sprinkler pipe fixing,Tower 2,23rd Floor,MEP,Common area-MEP,CA-Fire-fighting & FAPA,,36520100.0,2027-07-07,2027-07-11,,,,,0
1.1.4.3.3.1.23.4,Internal Plumbing Works,Tower 2,23rd Floor,MEP,Tower MEP,Plumbing,,108139700.0,2027-07-07,2027-07-15,,,,,0
1.1.4.3.3.1.23.5,Waterproofing,Tower 2,23rd Floor,Finishing,Tower Civil Finishes,Waterproofing,,35195400.0,2027-07-16,2027-07-25,,,,,0
1.1.4.3.3.1.23.6,Internal Plaster,Tower 2,23rd Floor,Finishing,Tower Civil Finishes,Int Plaster,,125231400.0,2027-07-26,2027-08-08,,,,,0
1.1.4.3.3.1.23.7,IPS flooring work,Tower 2,23rd Floor,Finishing,Tower Finishing,Flooring,,253368500.0,2027-07-07,2027-07-19,,,,,0
1.1.4.3.3.1.23.8,Toilet dado work,Tower 2,23rd Floor,Finishing,Tower Finishing,Flooring,,82256400.0,2027-08-09,2027-08-20,,,,,0
1.1.4.3.3.1.23.9,Toilet flooring work,Tower 2,23rd Floor,Finishing,Tower Finishing,Flooring,,54651300.0,2027-08-21,2027-09-01,,,,,0
1.1.4.3.3.1.23.10,Living dinning flooring,Tower 2,23rd Floor,Finishing,Tower Finishing,Flooring,,158517800.0,2027-09-02,2027-09-19,,,,,0
1.1.4.3.3.1.23.11,Electrical wiring work,Tower 2,23rd Floor,MEP,Tower MEP,Electrical,,126803000.0,2027-09-10,2027-09-21,,,,,0
1.1.4.3.3.1.23.12,Aluminium door-window fixing,Tower 2,23rd Floor,Finishing,Tower Finishing,Window,,96889500.0,2027-09-14,2027-09-21,,,,,0
1.1.4.3.3.1.23.13,Putty primer coat,Tower 2,23rd Floor,Finishing,Tower Finishing,Paint,,32380900.0,2027-09-14,2027-09-25,,,,,0
1.1.4.3.3.1.23.14,Prehung door fixing,Tower 2,23rd Floor,Finishing,Tower Finishing,Door,,54755700.0,2027-09-21,2027-09-30,,,,,0
1.1.4.3.3.1.23.15,Painting 1st coat,Tower 2,23rd Floor,Finishing,Tower Finishing,Paint,,21587300.0,2027-10-01,2027-10-13,,,,,0
1.1.4.3.3.1.23.16,False Ceiling panel fixing,Tower 2,23rd Floor,Finishing,Tower Finishing,False Ceiling,,23092600.0,2027-10-23,2027-12-16,,,,,0
1.1.4.3.3.2,Terrace finishing,,,,,,,,2027-06-09,2027-08-17,,,,,
1.1.4.3.3.2.1,Terrace waterproofing,Tower 2,Terrace,Finishing,Tower Civil Finishes,Waterproofing,,342944300.0,2027-06-09,2027-07-08,,,,,0
1.1.4.3.3.2.2,Terrace Finishing,Tower 2,Terrace,Finishing,Common area finishes,CA-Flooring,,171264600.0,2027-07-09,2027-08-17,,,,,0
1.1.4.3.3.3,Common area finishing,,,,,,,,2027-03-31,2027-10-06,,,,,
1.1.4.3.3.3.1,Masonary Work,Tower 2,,Finishing,Common area finishes,CA-Blockwork,,66815900.0,2027-03-31,2027-05-09,,,,,0
1.1.4.3.3.3.2,Fire sprinkler pipe fixing,Tower 2,,MEP,Common area-MEP,CA-Fire-fighting & FAPA,,971400000.0,2027-04-05,2027-05-14,,,,,0
1.1.4.3.3.3.3,"Corridoor, staircase, shaft Plaster & whitewash",Tower 2,,Finishing,Common area finishes,CA-Int Plaster,,123561200.0,2027-04-10,2027-06-28,,,,,0
1.1.4.3.3.3.4,Staircase railing fixing,Tower 2,,Finishing,Common area finishes,CA-Railing,,916910600.0,2027-04-20,2027-07-08,,,,,0
1.1.4.3.3.3.5,Fire staircase flooring,Tower 2,,Finishing,Common area finishes,CA-Flooring,,160524000.0,2027-04-10,2027-07-18,,,,,0
1.1.4.3.3.3.6,Main staircase flooring,Tower 2,,Finishing,Common area finishes,CA-Flooring,,160524000.0,2027-04-10,2027-07-18,,,,,0
1.1.4.3.3.3.7,Fire door work,Tower 2,,Finishing,Common area finishes,CA-Door,,304800000.0,2027-05-20,2027-09-16,,,,,0
1.1.4.3.3.3.8,Lobby flooring & Corridor,Tower 2,,Finishing,Common area finishes,CA-Flooring,,1042621000.0,2027-04-20,2027-10-06,,,,,0
1.1.4.3.3.3.9,Ceiling & wall putty-primer,Tower 2,,Finishing,Common area finishes,CA-Paint,,32380900.0,2027-07-09,2027-09-26,,,,,0
1.1.4.3.3.3.10,Ceiling & wall painting,Tower 2,,Finishing,Common area finishes,CA-Paint,,21587300.0,2027-06-19,2027-09-01,,,,,0
1.1.4.3.3.3.11,Electrical wiring work,Tower 2,,MEP,Common area-MEP,CA-Electrical,,210952300.0,2027-05-25,2027-08-02,,,,,0
1.1.4.3.3.3.12,Light fixture supply & installation,Tower 2,,MEP,Common area-MEP,CA-Electrical,,49902800.0,2027-06-19,2027-07-18,,,,,0
1.1.4.3.3.3.13,Installation of fire signages including Basements,Tower 2,,MEP,BRM-Security,BRM-Security,,167432100.0,2027-09-02,2027-09-21,,,,,0
1.1.4.3.3.4,Balcony Glass Railing,,,,,,,,2027-01-13,2027-06-22,,,,,
1.1.4.3.3.4.1,1st Floor,Tower 2,1st Floor,Finishing,Tower Civil Finishes,Railing,,96723700.0,2027-01-13,2027-01-19,,,,,0
1.1.4.3.3.4.2,2nd Floor,Tower 2,2nd Floor,Finishing,Tower Civil Finishes,Railing,,96723700.0,2027-01-20,2027-01-26,,,,,0
1.1.4.3.3.4.3,3rd Floor,Tower 2,3rd Floor,Finishing,Tower Civil Finishes,Railing,,96723700.0,2027-01-27,2027-02-02,,,,,0
1.1.4.3.3.4.4,4th Floor,Tower 2,4th Floor,Finishing,Tower Civil Finishes,Railing,,96723700.0,2027-02-03,2027-02-09,,,,,0
1.1.4.3.3.4.5,5th Floor,Tower 2,5th Floor,Finishing,Tower Civil Finishes,Railing,,96723700.0,2027-02-10,2027-02-16,,,,,0
1.1.4.3.3.4.6,6th Floor,Tower 2,6th Floor,Finishing,Tower Civil Finishes,Railing,,96723700.0,2027-02-17,2027-02-23,,,,,0
1.1.4.3.3.4.7,7th Floor,Tower 2,7th Floor,Finishing,Tower Civil Finishes,Railing,,96723700.0,2027-02-24,2027-03-02,,,,,0
1.1.4.3.3.4.8,8th Floor,Tower 2,8th Floor,Finishing,Tower Civil Finishes,Railing,,96723700.0,2027-03-03,2027-03-09,,,,,0
1.1.4.3.3.4.9,9th Floor,Tower 2,9th Floor,Finishing,Tower Civil Finishes,Railing,,96723700.0,2027-03-10,2027-03-16,,,,,0
1.1.4.3.3.4.10,10th Floor,Tower 2,10th Floor,Finishing,Tower Civil Finishes,Railing,,96723700.0,2027-03-17,2027-03-23,,,,,0
1.1.4.3.3.4.11,11th Floor,Tower 2,11th Floor,Finishing,Tower Civil Finishes,Railing,,96723700.0,2027-03-24,2027-03-30,,,,,0
1.1.4.3.3.4.12,12th Floor,Tower 2,12th Floor,Finishing,Tower Civil Finishes,Railing,,96723700.0,2027-03-31,2027-04-06,,,,,0
1.1.4.3.3.4.13,13th Floor,Tower 2,13th Floor,Finishing,Tower Civil Finishes,Railing,,96723700.0,2027-04-07,2027-04-13,,,,,0
1.1.4.3.3.4.14,14th Floor,Tower 2,14th Floor,Finishing,Tower Civil Finishes,Railing,,96723700.0,2027-04-14,2027-04-20,,,,,0
1.1.4.3.3.4.15,15th Floor,Tower 2,15th Floor,Finishing,Tower Civil Finishes,Railing,,96723700.0,2027-04-21,2027-04-27,,,,,0
1.1.4.3.3.4.16,16th Floor,Tower 2,16th Floor,Finishing,Tower Civil Finishes,Railing,,96723700.0,2027-04-28,2027-05-04,,,,,0
1.1.4.3.3.4.17,17th Floor,Tower 2,17th Floor,Finishing,Tower Civil Finishes,Railing,,96723700.0,2027-05-05,2027-05-11,,,,,0
1.1.4.3.3.4.18,18th Floor,Tower 2,18th Floor,Finishing,Tower Civil Finishes,Railing,,96723700.0,2027-05-12,2027-05-18,,,,,0
1.1.4.3.3.4.19,19th Floor,Tower 2,19th Floor,Finishing,Tower Civil Finishes,Railing,,96723700.0,2027-05-19,2027-05-25,,,,,0
1.1.4.3.3.4.20,20th Floor,Tower 2,20th Floor,Finishing,Tower Civil Finishes,Railing,,96723700.0,2027-05-26,2027-06-01,,,,,0
1.1.4.3.3.4.21,21st Floor,Tower 2,21st Floor,Finishing,Tower Civil Finishes,Railing,,96723700.0,2027-06-02,2027-06-08,,,,,0
1.1.4.3.3.4.22,22nd Floor,Tower 2,22nd Floor,Finishing,Tower Civil Finishes,Railing,,96723700.0,2027-06-09,2027-06-15,,,,,0
1.1.4.3.3.4.23,23rd Floor,Tower 2,23rd Floor,Finishing,Tower Civil Finishes,Railing,,96723700.0,2027-06-16,2027-06-22,,,,,0
1.1.4.3.4,MEP Work,,,,,,,,2027-03-11,2028-01-12,,,,,
1.1.4.3.4.1,Electrical Work,,,,,,,,2027-03-11,2027-08-02,,,,,
1.1.4.3.4.1.1,Cable Tray,Tower 2,,MEP,Tower MEP,Electrical,,301710700.0,2027-05-10,2027-06-08,,,,,0
1.1.4.3.4.1.2,"Cable, main & sub main",Tower 2,,MEP,Tower MEP,Electrical,,1250528100.0,2027-03-11,2027-04-09,,,,,0
1.1.4.3.4.1.3,LT panel & DB,Tower 2,,MEP,Tower MEP,Electrical,,1279426900.0,2027-04-10,2027-05-19,,,,,0
1.1.4.3.4.1.4,Earthing Works ,Tower 2,,MEP,Tower MEP,Electrical,,137141200.0,2027-06-09,2027-06-23,,,,,0
1.1.4.3.4.1.5,Advanced Lightening Protection system,Tower 2,,MEP,Ext MEP,Ext Electrical,,202685000.0,2027-05-30,2027-06-13,,,,,0
1.1.4.3.4.1.6,Energy meter,Tower 2,,MEP,Ext MEP,Ext Electrical,,238721000.0,2027-04-10,2027-04-24,,,,,0
1.1.4.3.4.1.7,Inverter / UPS,Tower 2,,MEP,Ext MEP,Ext Electrical,,142309200.0,2027-05-20,2027-05-29,,,,,0
1.1.4.3.4.1.8,HVAC & Exhaust fan,Tower 2,,MEP,Common area-MEP,CA-HVAC,,209812300.0,2027-05-10,2027-06-08,,,,,0
1.1.4.3.4.1.9,FTTH,Tower 2,,MEP,BRM-Security,BRM-Security,,190923400.0,2027-04-25,2027-05-04,,,,,0
1.1.4.3.4.1.10,Security System - FA & PA,Tower 2,,MEP,BRM-Security,BRM-Security,,285569900.0,2027-04-25,2027-05-04,,,,,0
1.1.4.3.4.1.11,T&C of complete system,Tower 2,,Finishing,Miscellaneous,Misc,,209802300.0,2027-07-19,2027-08-02,,,,,0
1.1.4.3.4.2,Plumbing work,,,,,,,,2027-04-10,2027-08-02,,,,,
1.1.4.3.4.2.1,Terrace looping,Tower 2,Terrace,MEP,Tower MEP,Plumbing,,89098200.0,2027-04-10,2027-04-29,,,,,0
1.1.4.3.4.2.2,Shaft Plumbing,Tower 2,,MEP,Tower MEP,Plumbing,,89027300.0,2027-05-30,2027-06-28,,,,,0
1.1.4.3.4.2.3,CP sanitary fixture supply,Tower 2,,MEP,Tower MEP,CP Sanitary,,558960000.0,2027-06-29,2027-07-18,,,,,0
1.1.4.3.4.2.4,Cold & flushing water supply,Tower 2,,MEP,Tower MEP,Plumbing,,189023400.0,2027-06-29,2027-07-18,,,,,0
1.1.4.3.4.2.5,Misc work,Tower 2,,Finishing,Miscellaneous,Misc,,170923400.0,2027-07-04,2027-07-18,,,,,0
1.1.4.3.4.2.6,Installation of PHE pumps,Tower 2,,MEP,Common area-MEP,CA-PHE,,120924500.0,2027-04-30,2027-05-24,,,,,0
1.1.4.3.4.2.7,T&C of complete system,Tower 2,,Finishing,Miscellaneous,Misc,,100923400.0,2027-07-19,2027-08-02,,,,,0
1.1.4.3.4.3,Fire fighting work,,,,,,,,2027-05-30,2028-01-12,,,,,
1.1.4.3.4.3.1,Fire hydrant work,Tower 2,,MEP,Common area-MEP,CA-Fire-fighting & FAPA,,347395100.0,2027-05-30,2027-06-23,,,,,0
1.1.4.3.4.3.2,Pipe connection & sprinkler installation,Tower 2,,MEP,Common area-MEP,CA-Fire-fighting & FAPA,,234153600.0,2027-06-24,2027-07-08,,,,,0
1.1.4.3.4.3.3,Shaft Downtake works,Tower 2,,MEP,Tower MEP,Plumbing,,109234500.0,2027-05-30,2027-06-23,,,,,0
1.1.4.3.4.3.4,Connection to pump room,Tower 2,,MEP,Common area-MEP,CA-PHE,,234876400.0,2027-06-24,2027-07-03,,,,,0
1.1.4.3.4.3.5,Installation of FF pumps,Tower 2,,MEP,Common area-MEP,CA-Fire-fighting & FAPA,,190234500.0,2027-06-24,2027-07-08,,,,,0
1.1.4.3.4.3.6,T&C of complete system,Tower 2,,Finishing,Miscellaneous,Misc,,190923400.0,2027-09-17,2028-01-12,,,,,0
1.1.4.3.4.4,Lift work,,,,,,,,2027-04-20,2027-07-15,,,,,
1.1.4.3.4.4.1,Lift Shaft/Pit Handover,Tower 2,,MEP,Common area-MEP,Lift,,100.0,2027-04-20,2027-05-01,,,,,0
1.1.4.3.4.4.2,Lift installation work,Tower 2,,MEP,Common area-MEP,Lift,,2103024900.0,2027-05-02,2027-06-25,,,,,0
1.1.4.3.4.4.3,Lift testing and commissioning,Tower 2,,MEP,Common area-MEP,Lift,,118794100.0,2027-06-26,2027-07-15,,,,,0
1.1.4.3.5,External Paint Works ,,,,,,,,2027-04-10,2027-06-28,,,,,
1.1.4.3.5.1,Surface prepration,Tower 2,,Finishing,Tower Finishing,Ext Paint,,159175700.0,2027-04-10,2027-05-09,,,,,0
1.1.4.3.5.2,"External Painting (Primer, texture & first coat)",Tower 2,,Finishing,Tower Finishing,Ext Paint,,795878400.0,2027-05-10,2027-06-28,,,,,0
1.1.4.3.5.3,Final coat of painting,Tower 2,,Finishing,Tower Finishing,Ext Paint,,106117100.0,2027-04-20,2027-05-29,,,,,0
1.1.4.3.5.4,Misc. work,Tower 2,,Finishing,Miscellaneous,Misc,,9694305100.0,2027-05-10,2027-05-29,,,,,0
1.1.4.3.6,OC Application/Readiness,Tower 2,,Finishing,Miscellaneous,Misc,,100.0,2028-01-13,2028-01-13,,,,,0
1.1.4.3.7,OC Receipt,Tower 2,,Finishing,Miscellaneous,Misc,,100.0,2028-01-14,2028-03-13,,,,,0
1.1.4.3.8,Post OC Activities,,,,,,,,2028-01-24,2028-06-11,,,,,
1.1.4.3.8.1,CP & Sanitaryware installation,Tower 2,,MEP,Tower MEP,CP Sanitary,,139740000.0,2028-02-13,2028-06-11,,,,,0
1.1.4.3.8.2,Electrical Fixtures And Fittings installations,Tower 2,,MEP,Tower MEP,Electrical,,354209200.0,2028-02-13,2028-06-11,,,,,0
1.1.4.3.8.3,Final Coat Paint Internal,Tower 2,,Finishing,Tower Finishing,Paint,,132450200.0,2028-02-13,2028-03-23,,,,,0
1.1.4.3.8.4,VRV Highwall (HVAC) installation,Tower 2,,MEP,Common area-MEP,CA-HVAC,,6050985700.0,2028-01-24,2028-03-23,,,,,0
1.1.4.3.8.5,Wooden Flooring,Tower 2,,Finishing,Tower Finishing,Flooring,,439047600.0,2028-02-13,2028-05-22,,,,,0
1.1.4.3.9,Offer to possession,Tower 2,,Finishing,Miscellaneous,Misc,,100.0,2028-07-12,2028-10-09,,,,,0
1.1.5,Tower-3 (2B+S+P+23),,,,,,,,2025-01-18,2028-10-16,,,,,
1.1.5.1,Soldier Piling & Excavation work,,,,,,,,2025-01-18,2025-06-08,,,,,
1.1.5.1.1,Till 2.5 Mtr,,,,,,,,2025-01-18,2025-03-30,,,,,
1.1.5.1.1.1,H beam pile driving - 12m,Tower 3,,Civil Works- RCC,RCC,Reinforcement,,752400000.0,2025-01-18,2025-03-02,2025-01-18,2025-03-02,,,100
1.1.5.1.1.2,Excavation from NGL to 2.5m,Tower 3,,Civil Works- RCC,RCC,Reinforcement,,76607600.0,2025-01-18,2025-03-11,2025-01-18,2025-03-11,,,100
1.1.5.1.1.3,Plank installation & anchoring till 2.5m,Tower 3,,Civil Works- RCC,RCC,Reinforcement,,376200000.0,2025-02-20,2025-03-30,2025-02-20,2025-03-30,,,100
1.1.5.1.2,2.5 mtrs till 5 mtrs,,,,,,,,2025-01-26,2025-03-31,,,,,
1.1.5.1.2.1,Excavation from 2.5m till 5m,Tower 3,,Civil Works- RCC,RCC,Reinforcement,,76607600.0,2025-01-26,2025-03-31,2025-01-26,2025-03-31,,,100
1.1.5.1.2.2,Plank installation & anchoring till  2.5m till 5m,Tower 3,,Civil Works- RCC,RCC,Reinforcement,,376200000.0,2025-02-16,2025-03-31,2025-02-16,2025-03-31,,,100
1.1.5.1.3,12 mts till NTA fotting bottom,,,,,,,,2025-03-16,2025-06-08,,,,,
1.1.5.1.3.1,Excavation from 5m to fotting PCC bottom,Tower 3,,Civil Works- RCC,RCC,Reinforcement,,76607600.0,2025-03-28,2025-06-02,2025-03-28,2025-06-02,,,100
1.1.5.1.3.2,Plank installation & anchoring from 12m to footing PCC bottom,Tower 3,,Civil Works- RCC,RCC,Reinforcement,,376200000.0,2025-03-16,2025-06-08,2025-03-16,2025-06-08,,,100
1.1.5.2,Sub-Structure works,,,,,,,,2025-04-28,2027-06-16,,,,,
1.1.5.2.1,Soil bed preparation,,,,,,,,2025-04-28,2025-06-16,,,,,
1.1.5.2.1.1,Excavation completion,Tower 3,,Civil Works- RCC,RCC,Reinforcement,,68914100.0,2025-05-12,2025-06-02,2025-05-12,2025-06-02,,,100
1.1.5.2.1.2,Surface dressing,Tower 3,,Civil Works- RCC,RCC,Reinforcement,,7657100.0,2025-05-14,2025-05-28,2025-05-14,2025-05-28,,,100
1.1.5.2.1.3,ATT,Tower 3,,Civil Works- RCC,RCC,Reinforcement,,21171600.0,2025-05-21,2025-05-30,2025-05-21,2025-05-30,,,100
1.1.5.2.1.4,PCC,Tower 3,,Civil Works- RCC,RCC,Concreting,,85109700.0,2025-04-28,2025-06-16,2025-04-28,2025-06-16,,,100
1.1.5.2.2,RCC Works,,,,,,,,2025-06-11,2026-01-22,,,,,
1.1.5.2.2.1,Raft,,,,,,,,2025-06-11,2025-09-22,,,,,
1.1.5.2.2.1.1,Reinforcement Work,Tower 3,,Civil Works- RCC,RCC,Reinforcement,,3924787300.0,2025-06-11,2025-09-21,2025-06-11,2025-09-21,,,100
1.1.5.2.2.1.2,Shuttering work,Tower 3,,Civil Works- RCC,RCC,Shuttering- Conventional,,314108900.0,2025-08-20,2025-09-21,2025-08-20,2025-09-21,,,100
1.1.5.2.2.1.3,Concreteing work,Tower 3,,Civil Works- RCC,RCC,Concreting,,2765796100.0,2025-08-24,2025-09-22,2025-08-24,2025-09-22,,,100
1.1.5.2.2.2,Basement-2 Roof Slab,,,,,,,,2025-08-16,2025-12-26,,,,,
1.1.5.2.2.2.1,B2 Roof Slab,,,,,,,,2025-08-16,2025-12-26,,,,,
1.1.5.2.2.2.1.1,Shuttering Work,Tower 3,Basement 2,Civil Works- RCC,RCC,Shuttering- Conventional,,500048400.0,2025-09-08,2025-12-21,2025-09-08,,,,80
1.1.5.2.2.2.1.2,Reinforcement Work,Tower 3,Basement 2,Civil Works- RCC,RCC,Reinforcement,,716018300.0,2025-08-16,2025-12-18,2025-08-16,,,,92
1.1.5.2.2.2.1.3,Concreteing work,Tower 3,Basement 2,Civil Works- RCC,RCC,Concreting,,686708700.0,2025-08-17,2025-12-26,2025-08-17,,,,82
1.1.5.2.2.3,Basement-1 Roof Slab,,,,,,,,2025-09-25,2026-01-22,,,,,
1.1.5.2.2.3.1,B1 Roof Slab,,,,,,,,2025-09-25,2026-01-22,,,,,
1.1.5.2.2.3.1.1,Shuttering Work,Tower 3,Basement 1,Civil Works- RCC,RCC,Shuttering- Conventional,,526561400.0,2025-10-19,2026-01-09,2025-10-19,,,,48
1.1.5.2.2.3.1.2,Reinforcement Work,Tower 3,Basement 1,Civil Works- RCC,RCC,Reinforcement,,776780900.0,2025-10-05,2026-01-16,2025-10-05,,,,69
1.1.5.2.2.3.1.3,Concreteing work,Tower 3,Basement 1,Civil Works- RCC,RCC,Concreting,,744984000.0,2025-09-25,2026-01-22,2025-09-25,,,,86
1.1.5.2.3,Sub structure finishing works,,,,,,,,2026-09-30,2027-06-16,,,,,
1.1.5.2.3.1,Basement-2,,,,,,,,2026-09-30,2027-05-17,,,,,
1.1.5.2.3.1.1,Masonary,Tower 3,Basement 2,Finishing,Common area finishes,CA-Blockwork,,229418500.0,2026-09-30,2026-10-29,,,,,0
1.1.5.2.3.1.2,Structural Steel,Tower 3,Basement 2,Civil Works- RCC,RCC,Reinforcement,,92067400.0,2026-09-30,2026-10-29,,,,,0
1.1.5.2.3.1.3,Plaster,Tower 3,Basement 2,Finishing,Common area finishes,CA-Int Plaster,,115927000.0,2026-10-30,2027-01-12,,,,,0
1.1.5.2.3.1.4,White Wash,Tower 3,Basement 2,Finishing,Common area finishes,CA-Paint,,10938800.0,2027-01-13,2027-02-11,,,,,0
1.1.5.2.3.1.5,VDF,Tower 3,Basement 2,Finishing,Common area finishes,CA-Flooring,,94770200.0,2026-10-15,2027-01-27,,,,,0
1.1.5.2.3.1.6,Drain & Sump (incl. gratings),Tower 3,Basement 2,MEP,Common area-MEP,CA-PHE,,170573000.0,2026-12-29,2027-02-26,,,,,0
1.1.5.2.3.1.7,Car parking marking,Tower 3,Basement 2,Infra,Ext Infra,Ext Infra,,656208500.0,2027-04-18,2027-05-17,,,,,0
1.1.5.2.3.1.8,Signages,Tower 3,Basement 2,MEP,BRM-Security,BRM-Security,,437472400.0,2027-04-18,2027-05-17,,,,,0
1.1.5.2.3.2,Basement-1,,,,,,,,2026-10-30,2027-06-16,,,,,
1.1.5.2.3.2.1,Masonary,Tower 3,Basement 1,Finishing,Common area finishes,CA-Blockwork,,229418500.0,2026-10-30,2027-01-12,,,,,0
1.1.5.2.3.2.2,Structural Steel,Tower 3,Basement 1,Civil Works- RCC,RCC,Reinforcement,,92067400.0,2026-10-30,2027-01-12,,,,,0
1.1.5.2.3.2.3,Plaster,Tower 3,Basement 1,Finishing,Common area finishes,CA-Int Plaster,,0.0,2027-01-13,2027-02-11,,,,,0
1.1.5.2.3.2.4,Plaster,Tower 3,Basement 1,Finishing,Common area finishes,CA-Int Plaster,,115927000.0,2027-02-19,2027-02-24,,,,,0
1.1.5.2.3.2.5,White Wash,Tower 3,Basement 1,Finishing,Common area finishes,CA-Paint,,10938800.0,2027-02-12,2027-03-13,,,,,0
1.1.5.2.3.2.6,VDF,Tower 3,Basement 1,Finishing,Common area finishes,CA-Flooring,,94770200.0,2026-12-29,2027-02-26,,,,,0
1.1.5.2.3.2.7,Drain & Sump (incl. gratings),Tower 3,Basement 1,MEP,Common area-MEP,CA-PHE,,170573000.0,2027-01-28,2027-03-28,,,,,0
1.1.5.2.3.2.8,Car parking marking,Tower 3,Basement 1,Infra,Ext Infra,Ext Infra,,656208500.0,2027-05-18,2027-06-16,,,,,0
1.1.5.2.3.2.9,Signages,Tower 3,Basement 1,MEP,BRM-Security,BRM-Security,,437472400.0,2027-05-18,2027-06-16,,,,,0
1.1.5.3,Super structure works,,,,,,,,2026-01-23,2028-10-16,,,,,
1.1.5.3.1,RCC Works,,,,,,,,2026-01-23,2027-05-26,,,,,
1.1.5.3.1.1,Stilt/GF Slab,,,,,,,,2026-01-23,2026-02-05,,,,,
1.1.5.3.1.1.1,Stilt/GF Slab,,,,,,,,2026-01-23,2026-02-05,,,,,
1.1.5.3.1.1.1.1,Shuttering Work,Tower 3,Ground Floor,Civil Works- RCC,RCC,Shuttering- Conventional,,538123800.0,2026-01-23,2026-02-01,,,,,0
1.1.5.3.1.1.1.2,Reinforcement Work,Tower 3,Ground Floor,Civil Works- RCC,RCC,Reinforcement,,721414700.0,2026-01-28,2026-02-04,,,,,0
1.1.5.3.1.1.1.3,Concreteing work,Tower 3,Ground Floor,Civil Works- RCC,RCC,Concreting,,691884200.0,2026-02-05,2026-02-05,,,,,0
1.1.5.3.1.2,Podium-1 Slab,,,,,,,,2026-02-02,2026-02-21,,,,,
1.1.5.3.1.2.1,Podium-1 Slab,,,,,,,,2026-02-02,2026-02-21,,,,,
1.1.5.3.1.2.1.1,Shuttering Work,Tower 3,,Civil Works- RCC,RCC,Shuttering- Conventional,,430499000.0,2026-02-06,2026-02-21,,,,,0
1.1.5.3.1.2.1.2,Reinforcement Work,Tower 3,,Civil Works- RCC,RCC,Reinforcement,,577131700.0,2026-02-02,2026-02-11,,,,,0
1.1.5.3.1.2.1.3,Conduiting work,Tower 3,,MEP,Tower MEP,Electrical,,5659600.0,2026-02-11,2026-02-11,,,,,0
1.1.5.3.1.2.1.4,Concreteing work,Tower 3,,Civil Works- RCC,RCC,Concreting,,553507400.0,2026-02-21,2026-02-21,,,,,0
1.1.5.3.1.3,1st Floor Slab,,,,,,,,2026-02-22,2026-03-30,,,,,
1.1.5.3.1.3.1,1st Floor Slab,,,,,,,,2026-02-22,2026-03-30,,,,,
1.1.5.3.1.3.1.1,Shuttering Work,Tower 3,1st Floor,Civil Works- RCC,RCC,Shuttering- Conventional,,456758200.0,2026-02-22,2026-03-18,,,,,0
1.1.5.3.1.3.1.2,Reinforcement Work,Tower 3,1st Floor,Civil Works- RCC,RCC,Reinforcement,,520811000.0,2026-03-14,2026-03-29,,,,,0
1.1.5.3.1.3.1.3,Conduiting work,Tower 3,1st Floor,MEP,Tower MEP,Electrical,,5659600.0,2026-03-29,2026-03-29,,,,,0
1.1.5.3.1.3.1.4,Concreteing work,Tower 3,1st Floor,Civil Works- RCC,RCC,Concreting,,499492100.0,2026-03-30,2026-03-30,,,,,0
1.1.5.3.1.4,1st Floor Slab,Tower 3,1st Floor,Civil Works- RCC,RCC,Concreting,,100.0,2026-04-24,2026-04-29,,,,,0
1.1.5.3.1.5,2nd Floor Slab,,,,,,,,2026-03-31,2026-04-26,,,,,
1.1.5.3.1.5.1,2nd Floor Slab,,,,,,,,2026-03-31,2026-04-26,,,,,
1.1.5.3.1.5.1.1,Shuttering Work,Tower 3,2nd Floor,Civil Works- RCC,RCC,Shuttering- Conventional,,420571500.0,2026-03-31,2026-04-15,,,,,0
1.1.5.3.1.5.1.2,Reinforcement Work,Tower 3,2nd Floor,Civil Works- RCC,RCC,Reinforcement,,424011900.0,2026-04-13,2026-04-25,,,,,0
1.1.5.3.1.5.1.3,Conduiting work,Tower 3,2nd Floor,MEP,Tower MEP,Electrical,,5659600.0,2026-04-25,2026-04-25,,,,,0
1.1.5.3.1.5.1.4,Concreteing work,Tower 3,2nd Floor,Civil Works- RCC,RCC,Concreting,,406655300.0,2026-04-26,2026-04-26,,,,,0
1.1.5.3.1.6,3rd Floor Slab,,,,,,,,2026-04-27,2026-05-16,,,,,
1.1.5.3.1.6.1,3rd Floor Slab,,,,,,,,2026-04-27,2026-05-16,,,,,
1.1.5.3.1.6.1.1,Shuttering Work,Tower 3,3rd Floor,Civil Works- RCC,RCC,Shuttering- Conventional,,323992600.0,2026-04-27,2026-05-08,,,,,0
1.1.5.3.1.6.1.2,Reinforcement Work,Tower 3,3rd Floor,Civil Works- RCC,RCC,Reinforcement,,639058000.0,2026-05-06,2026-05-15,,,,,0
1.1.5.3.1.6.1.3,Conduiting work,Tower 3,3rd Floor,MEP,Tower MEP,Electrical,,5659600.0,2026-05-15,2026-05-15,,,,,0
1.1.5.3.1.6.1.4,Concreteing work,Tower 3,3rd Floor,Civil Works- RCC,RCC,Concreting,,453881300.0,2026-05-16,2026-05-16,,,,,0
1.1.5.3.1.7,4th Floor Slab,,,,,,,,2026-05-17,2026-06-05,,,,,
1.1.5.3.1.7.1,4th Floor Slab,,,,,,,,2026-05-17,2026-06-05,,,,,
1.1.5.3.1.7.1.1,Shuttering Work,Tower 3,4th Floor,Civil Works- RCC,RCC,Shuttering- Conventional,,323992600.0,2026-05-17,2026-05-28,,,,,0
1.1.5.3.1.7.1.2,Reinforcement Work,Tower 3,4th Floor,Civil Works- RCC,RCC,Reinforcement,,639058000.0,2026-05-26,2026-06-04,,,,,0
1.1.5.3.1.7.1.3,Conduiting work,Tower 3,4th Floor,MEP,Tower MEP,Electrical,,5659600.0,2026-06-04,2026-06-04,,,,,0
1.1.5.3.1.7.1.4,Concreteing work,Tower 3,4th Floor,Civil Works- RCC,RCC,Concreting,,453881300.0,2026-06-05,2026-06-05,,,,,0
1.1.5.3.1.8,5th Floor Slab  (1st MIVAN Setup),,,,,,,,2026-06-06,2026-07-05,,,,,
1.1.5.3.1.8.1,5th Floor Slab,,,,,,,,2026-06-06,2026-07-05,,,,,
1.1.5.3.1.8.1.1,Shuttering Work,Tower 3,5th Floor,Civil Works- RCC,RCC,Shuttering- Conventional,,323992600.0,2026-06-06,2026-06-22,,,,,0
1.1.5.3.1.8.1.2,Reinforcement Work,Tower 3,5th Floor,Civil Works- RCC,RCC,Reinforcement,,639058000.0,2026-06-20,2026-07-04,,,,,0
1.1.5.3.1.8.1.3,Conduiting work,Tower 3,5th Floor,MEP,Tower MEP,Electrical,,5659600.0,2026-07-04,2026-07-04,,,,,0
1.1.5.3.1.8.1.4,Concreteing work,Tower 3,5th Floor,Civil Works- RCC,RCC,Concreting,,453881300.0,2026-07-05,2026-07-05,,,,,0
1.1.5.3.1.9,6th Floor Slab,,,,,,,,2026-07-06,2026-07-23,,,,,
1.1.5.3.1.9.1,6th Floor Slab,,,,,,,,2026-07-06,2026-07-23,,,,,
1.1.5.3.1.9.1.1,Shuttering Work,Tower 3,6th Floor,Civil Works- RCC,RCC,Shuttering- Conventional,,323992600.0,2026-07-06,2026-07-17,,,,,0
1.1.5.3.1.9.1.2,Reinforcement Work,Tower 3,6th Floor,Civil Works- RCC,RCC,Reinforcement,,639058000.0,2026-07-15,2026-07-22,,,,,0
1.1.5.3.1.9.1.3,Conduiting work,Tower 3,6th Floor,MEP,Tower MEP,Electrical,,5659600.0,2026-07-22,2026-07-22,,,,,0
1.1.5.3.1.9.1.4,Concreteing work,Tower 3,6th Floor,Civil Works- RCC,RCC,Concreting,,453881300.0,2026-07-23,2026-07-23,,,,,0
1.1.5.3.1.10,7th Floor Slab,,,,,,,,2026-07-24,2026-08-04,,,,,
1.1.5.3.1.10.1,7th Floor Slab,,,,,,,,2026-07-24,2026-08-04,,,,,
1.1.5.3.1.10.1.1,Shuttering Work,Tower 3,7th Floor,Civil Works- RCC,RCC,Shuttering- Conventional,,323992600.0,2026-07-24,2026-08-01,,,,,0
1.1.5.3.1.10.1.2,Reinforcement Work,Tower 3,7th Floor,Civil Works- RCC,RCC,Reinforcement,,639058000.0,2026-07-30,2026-08-03,,,,,0
1.1.5.3.1.10.1.3,Conduiting work,Tower 3,7th Floor,MEP,Tower MEP,Electrical,,5659600.0,2026-08-03,2026-08-03,,,,,0
1.1.5.3.1.10.1.4,Concreteing work,Tower 3,7th Floor,Civil Works- RCC,RCC,Concreting,,453881300.0,2026-08-04,2026-08-04,,,,,0
1.1.5.3.1.11,8th Floor Slab,,,,,,,,2026-08-05,2026-08-16,,,,,
1.1.5.3.1.11.1,8th Floor Slab,,,,,,,,2026-08-05,2026-08-16,,,,,
1.1.5.3.1.11.1.1,Shuttering Work,Tower 3,8th Floor,Civil Works- RCC,RCC,Shuttering- Conventional,,323992600.0,2026-08-05,2026-08-13,,,,,0
1.1.5.3.1.11.1.2,Reinforcement Work,Tower 3,8th Floor,Civil Works- RCC,RCC,Reinforcement,,639058000.0,2026-08-11,2026-08-15,,,,,0
1.1.5.3.1.11.1.3,Conduiting work,Tower 3,8th Floor,MEP,Tower MEP,Electrical,,5659600.0,2026-08-15,2026-08-15,,,,,0
1.1.5.3.1.11.1.4,Concreteing work,Tower 3,8th Floor,Civil Works- RCC,RCC,Concreting,,453881300.0,2026-08-16,2026-08-16,,,,,0
1.1.5.3.1.12,9th Floor Slab,,,,,,,,2026-08-17,2026-08-28,,,,,
1.1.5.3.1.12.1,9th Floor Slab,,,,,,,,2026-08-17,2026-08-28,,,,,
1.1.5.3.1.12.1.1,Shuttering Work,Tower 3,9th Floor,Civil Works- RCC,RCC,Shuttering- Conventional,,323992600.0,2026-08-17,2026-08-25,,,,,0
1.1.5.3.1.12.1.2,Reinforcement Work,Tower 3,9th Floor,Civil Works- RCC,RCC,Reinforcement,,639058000.0,2026-08-23,2026-08-27,,,,,0
1.1.5.3.1.12.1.3,Conduiting work,Tower 3,9th Floor,MEP,Tower MEP,Electrical,,5659600.0,2026-08-27,2026-08-27,,,,,0
1.1.5.3.1.12.1.4,Concreteing work,Tower 3,9th Floor,Civil Works- RCC,RCC,Concreting,,453881300.0,2026-08-28,2026-08-28,,,,,0
1.1.5.3.1.13,10th Floor Slab,,,,,,,,2026-08-29,2026-09-09,,,,,
1.1.5.3.1.13.1,10th Floor Slab,,,,,,,,2026-08-29,2026-09-09,,,,,
1.1.5.3.1.13.1.1,Shuttering Work,Tower 3,10th Floor,Civil Works- RCC,RCC,Shuttering- Conventional,,323992600.0,2026-08-29,2026-09-06,,,,,0
1.1.5.3.1.13.1.2,Reinforcement Work,Tower 3,10th Floor,Civil Works- RCC,RCC,Reinforcement,,639058000.0,2026-09-04,2026-09-08,,,,,0
1.1.5.3.1.13.1.3,Conduiting work,Tower 3,10th Floor,MEP,Tower MEP,Electrical,,5659600.0,2026-09-08,2026-09-08,,,,,0
1.1.5.3.1.13.1.4,Concreteing work,Tower 3,10th Floor,Civil Works- RCC,RCC,Concreting,,453881300.0,2026-09-09,2026-09-09,,,,,0
1.1.5.3.1.14,11th Floor Slab,,,,,,,,2026-09-10,2026-09-21,,,,,
1.1.5.3.1.14.1,11th Floor Slab,,,,,,,,2026-09-10,2026-09-21,,,,,
1.1.5.3.1.14.1.1,Shuttering Work,Tower 3,11th Floor,Civil Works- RCC,RCC,Shuttering- Conventional,,323992600.0,2026-09-10,2026-09-18,,,,,0
1.1.5.3.1.14.1.2,Reinforcement Work,Tower 3,11th Floor,Civil Works- RCC,RCC,Reinforcement,,639058000.0,2026-09-16,2026-09-20,,,,,0
1.1.5.3.1.14.1.3,Conduiting work,Tower 3,11th Floor,MEP,Tower MEP,Electrical,,5659600.0,2026-09-20,2026-09-20,,,,,0
1.1.5.3.1.14.1.4,Concreteing work,Tower 3,11th Floor,Civil Works- RCC,RCC,Concreting,,453881300.0,2026-09-21,2026-09-21,,,,,0
1.1.5.3.1.15,12th Floor Slab,,,,,,,,2026-09-22,2026-10-03,,,,,
1.1.5.3.1.15.1,12th Floor Slab,,,,,,,,2026-09-22,2026-10-03,,,,,
1.1.5.3.1.15.1.1,Shuttering Work,Tower 3,12th Floor,Civil Works- RCC,RCC,Shuttering- Conventional,,323992600.0,2026-09-22,2026-09-30,,,,,0
1.1.5.3.1.15.1.2,Reinforcement Work,Tower 3,12th Floor,Civil Works- RCC,RCC,Reinforcement,,639058000.0,2026-09-28,2026-10-02,,,,,0
1.1.5.3.1.15.1.3,Conduiting work,Tower 3,12th Floor,MEP,Tower MEP,Electrical,,5659600.0,2026-10-02,2026-10-02,,,,,0
1.1.5.3.1.15.1.4,Concreteing work,Tower 3,12th Floor,Civil Works- RCC,RCC,Concreting,,453881300.0,2026-10-03,2026-10-03,,,,,0
1.1.5.3.1.16,13th Floor Slab,,,,,,,,2026-10-04,2026-10-15,,,,,
1.1.5.3.1.16.1,13th Floor Slab,,,,,,,,2026-10-04,2026-10-15,,,,,
1.1.5.3.1.16.1.1,Shuttering Work,Tower 3,13th Floor,Civil Works- RCC,RCC,Shuttering- Conventional,,323992600.0,2026-10-04,2026-10-12,,,,,0
1.1.5.3.1.16.1.2,Reinforcement Work,Tower 3,13th Floor,Civil Works- RCC,RCC,Reinforcement,,639058000.0,2026-10-10,2026-10-14,,,,,0
1.1.5.3.1.16.1.3,Conduiting work,Tower 3,13th Floor,MEP,Tower MEP,Electrical,,5659600.0,2026-10-14,2026-10-14,,,,,0
1.1.5.3.1.16.1.4,Concreteing work,Tower 3,13th Floor,Civil Works- RCC,RCC,Concreting,,453881300.0,2026-10-15,2026-10-15,,,,,0
1.1.5.3.1.17,14th Floor Slab,,,,,,,,2026-10-16,2026-10-27,,,,,
1.1.5.3.1.17.1,14th Floor Slab,,,,,,,,2026-10-16,2026-10-27,,,,,
1.1.5.3.1.17.1.1,Shuttering Work,Tower 3,14th Floor,Civil Works- RCC,RCC,Shuttering- Conventional,,323992600.0,2026-10-16,2026-10-24,,,,,0
1.1.5.3.1.17.1.2,Reinforcement Work,Tower 3,14th Floor,Civil Works- RCC,RCC,Reinforcement,,639058000.0,2026-10-22,2026-10-26,,,,,0
1.1.5.3.1.17.1.3,Conduiting work,Tower 3,14th Floor,MEP,Tower MEP,Electrical,,5659600.0,2026-10-26,2026-10-26,,,,,0
1.1.5.3.1.17.1.4,Concreteing work,Tower 3,14th Floor,Civil Works- RCC,RCC,Concreting,,453881300.0,2026-10-27,2026-10-27,,,,,0
1.1.5.3.1.18,15th Floor Slab,,,,,,,,2026-10-28,2026-12-23,,,,,
1.1.5.3.1.18.1,15th Floor Slab,,,,,,,,2026-10-28,2026-12-23,,,,,
1.1.5.3.1.18.1.1,Shuttering Work,Tower 3,15th Floor,Civil Works- RCC,RCC,Shuttering- Conventional,,323992600.0,2026-10-28,2026-12-20,,,,,0
1.1.5.3.1.18.1.2,Reinforcement Work,Tower 3,15th Floor,Civil Works- RCC,RCC,Reinforcement,,639058000.0,2026-12-18,2026-12-22,,,,,0
1.1.5.3.1.18.1.3,Conduiting work,Tower 3,15th Floor,MEP,Tower MEP,Electrical,,5659600.0,2026-12-22,2026-12-22,,,,,0
1.1.5.3.1.18.1.4,Concreteing work,Tower 3,15th Floor,Civil Works- RCC,RCC,Concreting,,453881300.0,2026-12-23,2026-12-23,,,,,0
1.1.5.3.1.19,16th Floor Slab,,,,,,,,2026-12-24,2027-01-04,,,,,
1.1.5.3.1.19.1,16th Floor Slab,,,,,,,,2026-12-24,2027-01-04,,,,,
1.1.5.3.1.19.1.1,Shuttering Work,Tower 3,16th Floor,Civil Works- RCC,RCC,Shuttering- Conventional,,323992600.0,2026-12-24,2027-01-01,,,,,0
1.1.5.3.1.19.1.2,Reinforcement Work,Tower 3,16th Floor,Civil Works- RCC,RCC,Reinforcement,,639058000.0,2026-12-30,2027-01-03,,,,,0
1.1.5.3.1.19.1.3,Conduiting work,Tower 3,16th Floor,MEP,Tower MEP,Electrical,,5659600.0,2027-01-03,2027-01-03,,,,,0
1.1.5.3.1.19.1.4,Concreteing work,Tower 3,16th Floor,Civil Works- RCC,RCC,Concreting,,453881300.0,2027-01-04,2027-01-04,,,,,0
1.1.5.3.1.20,17th Floor Slab,,,,,,,,2027-01-05,2027-01-19,,,,,
1.1.5.3.1.20.1,17th Floor Slab,,,,,,,,2027-01-05,2027-01-19,,,,,
1.1.5.3.1.20.1.1,Shuttering Work,Tower 3,17th Floor,Civil Works- RCC,RCC,Shuttering- Conventional,,323992600.0,2027-01-05,2027-01-14,,,,,0
1.1.5.3.1.20.1.2,Reinforcement Work,Tower 3,17th Floor,Civil Works- RCC,RCC,Reinforcement,,639058000.0,2027-01-12,2027-01-18,,,,,0
1.1.5.3.1.20.1.3,Conduiting work,Tower 3,17th Floor,MEP,Tower MEP,Electrical,,5659600.0,2027-01-18,2027-01-18,,,,,0
1.1.5.3.1.20.1.4,Concreteing work,Tower 3,17th Floor,Civil Works- RCC,RCC,Concreting,,453881300.0,2027-01-19,2027-01-19,,,,,0
1.1.5.3.1.21,18th Floor Slab,,,,,,,,2027-01-20,2027-01-31,,,,,
1.1.5.3.1.21.1,18th Floor Slab,,,,,,,,2027-01-20,2027-01-31,,,,,
1.1.5.3.1.21.1.1,Shuttering Work,Tower 3,18th Floor,Civil Works- RCC,RCC,Shuttering- Conventional,,323992600.0,2027-01-20,2027-01-28,,,,,0
1.1.5.3.1.21.1.2,Reinforcement Work,Tower 3,18th Floor,Civil Works- RCC,RCC,Reinforcement,,639058000.0,2027-01-26,2027-01-30,,,,,0
1.1.5.3.1.21.1.3,Conduiting work,Tower 3,18th Floor,MEP,Tower MEP,Electrical,,5659600.0,2027-01-30,2027-01-30,,,,,0
1.1.5.3.1.21.1.4,Concreteing work,Tower 3,18th Floor,Civil Works- RCC,RCC,Concreting,,453881300.0,2027-01-31,2027-01-31,,,,,0
1.1.5.3.1.22,19th Floor Slab,,,,,,,,2027-02-01,2027-02-12,,,,,
1.1.5.3.1.22.1,19th Floor Slab,,,,,,,,2027-02-01,2027-02-12,,,,,
1.1.5.3.1.22.1.1,Shuttering Work,Tower 3,19th Floor,Civil Works- RCC,RCC,Shuttering- Conventional,,323992600.0,2027-02-01,2027-02-09,,,,,0
1.1.5.3.1.22.1.2,Reinforcement Work,Tower 3,19th Floor,Civil Works- RCC,RCC,Reinforcement,,639058000.0,2027-02-07,2027-02-11,,,,,0
1.1.5.3.1.22.1.3,Conduiting work,Tower 3,19th Floor,MEP,Tower MEP,Electrical,,5659600.0,2027-02-11,2027-02-11,,,,,0
1.1.5.3.1.22.1.4,Concreteing work,Tower 3,19th Floor,Civil Works- RCC,RCC,Concreting,,453881300.0,2027-02-12,2027-02-12,,,,,0
1.1.5.3.1.23,20th Floor Slab,,,,,,,,2027-02-13,2027-02-24,,,,,
1.1.5.3.1.23.1,20th Floor Slab,,,,,,,,2027-02-13,2027-02-24,,,,,
1.1.5.3.1.23.1.1,Shuttering Work,Tower 3,20th Floor,Civil Works- RCC,RCC,Shuttering- Conventional,,323992600.0,2027-02-13,2027-02-21,,,,,0
1.1.5.3.1.23.1.2,Reinforcement Work,Tower 3,20th Floor,Civil Works- RCC,RCC,Reinforcement,,639058000.0,2027-02-19,2027-02-23,,,,,0
1.1.5.3.1.23.1.3,Conduiting work,Tower 3,20th Floor,MEP,Tower MEP,Electrical,,5659600.0,2027-02-23,2027-02-23,,,,,0
1.1.5.3.1.23.1.4,Concreteing work,Tower 3,20th Floor,Civil Works- RCC,RCC,Concreting,,453881300.0,2027-02-24,2027-02-24,,,,,0
1.1.5.3.1.24,21st Floor Slab,,,,,,,,2027-02-25,2027-03-08,,,,,
1.1.5.3.1.24.1,21st Floor Slab,,,,,,,,2027-02-25,2027-03-08,,,,,
1.1.5.3.1.24.1.1,Shuttering Work,Tower 3,21st Floor,Civil Works- RCC,RCC,Shuttering- Conventional,,323992600.0,2027-02-25,2027-03-05,,,,,0
1.1.5.3.1.24.1.2,Reinforcement Work,Tower 3,21st Floor,Civil Works- RCC,RCC,Reinforcement,,639058000.0,2027-03-03,2027-03-07,,,,,0
1.1.5.3.1.24.1.3,Conduiting work,Tower 3,21st Floor,MEP,Tower MEP,Electrical,,5659600.0,2027-03-07,2027-03-07,,,,,0
1.1.5.3.1.24.1.4,Concreteing work,Tower 3,21st Floor,Civil Works- RCC,RCC,Concreting,,453881300.0,2027-03-08,2027-03-08,,,,,0
1.1.5.3.1.25,22nd Floor Slab,,,,,,,,2027-03-09,2027-03-20,,,,,
1.1.5.3.1.25.1,22nd Floor Slab,,,,,,,,2027-03-09,2027-03-20,,,,,
1.1.5.3.1.25.1.1,Shuttering Work,Tower 3,22nd Floor,Civil Works- RCC,RCC,Shuttering- Conventional,,323992600.0,2027-03-09,2027-03-17,,,,,0
1.1.5.3.1.25.1.2,Reinforcement Work,Tower 3,22nd Floor,Civil Works- RCC,RCC,Reinforcement,,639058000.0,2027-03-15,2027-03-19,,,,,0
1.1.5.3.1.25.1.3,Conduiting work,Tower 3,22nd Floor,MEP,Tower MEP,Electrical,,5659600.0,2027-03-19,2027-03-19,,,,,0
1.1.5.3.1.25.1.4,Concreteing work,Tower 3,22nd Floor,Civil Works- RCC,RCC,Concreting,,453881300.0,2027-03-20,2027-03-20,,,,,0
1.1.5.3.1.26,23rd Floor Slab,,,,,,,,2027-03-21,2027-04-01,,,,,
1.1.5.3.1.26.1,23rd Floor Slab,,,,,,,,2027-03-21,2027-04-01,,,,,
1.1.5.3.1.26.1.1,Shuttering Work,Tower 3,23rd Floor,Civil Works- RCC,RCC,Shuttering- Conventional,,323992600.0,2027-03-21,2027-03-29,,,,,0
1.1.5.3.1.26.1.2,Reinforcement Work,Tower 3,23rd Floor,Civil Works- RCC,RCC,Reinforcement,,639058000.0,2027-03-27,2027-03-31,,,,,0
1.1.5.3.1.26.1.3,Conduiting work,Tower 3,23rd Floor,MEP,Tower MEP,Electrical,,5659600.0,2027-03-31,2027-03-31,,,,,0
1.1.5.3.1.26.1.4,Concreteing work,Tower 3,23rd Floor,Civil Works- RCC,RCC,Concreting,,453881300.0,2027-04-01,2027-04-01,,,,,0
1.1.5.3.1.27,Terrace Slab,,,,,,,,2027-04-02,2027-04-16,,,,,
1.1.5.3.1.27.1,Terrace Slab,,,,,,,,2027-04-02,2027-04-16,,,,,
1.1.5.3.1.27.1.1,Shuttering Work,Tower 3,Terrace,Civil Works- RCC,RCC,Shuttering- Conventional,,450087400.0,2027-04-02,2027-04-11,,,,,0
1.1.5.3.1.27.1.2,Reinforcement Work,Tower 3,Terrace,Civil Works- RCC,RCC,Reinforcement,,440505900.0,2027-04-08,2027-04-15,,,,,0
1.1.5.3.1.27.1.3,Conduiting work,Tower 3,Terrace,MEP,Common area-MEP,CA-Electrical,,5659600.0,2027-04-15,2027-04-15,,,,,0
1.1.5.3.1.27.1.4,Concreteing work,Tower 3,Terrace,Civil Works- RCC,RCC,Concreting,,422474100.0,2027-04-16,2027-04-16,,,,,0
1.1.5.3.1.28,Terrace to LMR Floor,,,,,,,,2027-04-17,2027-04-27,,,,,
1.1.5.3.1.28.1,LMR Floor Slab,,,,,,,,2027-04-17,2027-04-27,,,,,
1.1.5.3.1.28.1.1,Shuttering Work,Tower 3,Terrace,Civil Works- RCC,RCC,Shuttering- Conventional,,96716200.0,2027-04-17,2027-04-24,,,,,0
1.1.5.3.1.28.1.2,Reinforcement Work,Tower 3,Terrace,Civil Works- RCC,RCC,Reinforcement,,71136100.0,2027-04-23,2027-04-26,,,,,0
1.1.5.3.1.28.1.3,Conduiting work,Tower 3,Terrace,MEP,Common area-MEP,CA-Electrical,,5659600.0,2027-04-26,2027-04-26,,,,,0
1.1.5.3.1.28.1.4,Concreteing work,Tower 3,Terrace,Civil Works- RCC,RCC,Concreting,,68224200.0,2027-04-27,2027-04-27,,,,,0
1.1.5.3.1.29,LMR Floor to LMR Roof,,,,,,,,2027-04-28,2027-05-08,,,,,
1.1.5.3.1.29.1,LMR Roof Slab,,,,,,,,2027-04-28,2027-05-08,,,,,
1.1.5.3.1.29.1.1,Shuttering Work,Tower 3,,Civil Works- RCC,RCC,Shuttering- Conventional,,96716200.0,2027-04-28,2027-05-05,,,,,0
1.1.5.3.1.29.1.2,Reinforcement Work,Tower 3,,Civil Works- RCC,RCC,Reinforcement,,71136100.0,2027-05-04,2027-05-07,,,,,0
1.1.5.3.1.29.1.3,Conduiting work,Tower 3,,MEP,Common area-MEP,CA-Electrical,,5659600.0,2027-05-07,2027-05-07,,,,,0
1.1.5.3.1.29.1.4,Concreteing work,Tower 3,,Civil Works- RCC,RCC,Concreting,,68224200.0,2027-05-08,2027-05-08,,,,,0
1.1.5.3.1.30,OHT & Roof Features,,,,,,,,2027-05-09,2027-05-26,,,,,
1.1.5.3.1.30.1,OHT & Roof Features,,,,,,,,2027-05-09,2027-05-26,,,,,
1.1.5.3.1.30.1.1,Reinforcement Work,Tower 3,,Civil Works- RCC,RCC,Reinforcement,,17030700.0,2027-05-09,2027-05-19,,,,,0
1.1.5.3.1.30.1.2,Shuttering work,Tower 3,,Civil Works- RCC,RCC,Shuttering- Conventional,,18515800.0,2027-05-18,2027-05-26,,,,,0
1.1.5.3.1.30.1.3,Concreteing work,Tower 3,,Civil Works- RCC,RCC,Concreting,,16333500.0,2027-05-20,2027-05-26,,,,,0
1.1.5.3.2,Post Pour Works,,,,,,,,2026-05-17,2027-05-16,,,,,
1.1.5.3.2.1,1st Floor,Tower 3,1st Floor,Civil Works- RCC,RCC,Post Pour,,100.0,2026-05-17,2026-05-24,,,,,0
1.1.5.3.2.2,2nd Floor,Tower 3,2nd Floor,Civil Works- RCC,RCC,Post Pour,,100.0,2026-06-06,2026-06-13,,,,,0
1.1.5.3.2.3,3rd Floor,Tower 3,3rd Floor,Civil Works- RCC,RCC,Post Pour,,100.0,2026-07-06,2026-07-13,,,,,0
1.1.5.3.2.4,4th Floor,Tower 3,4th Floor,Civil Works- RCC,RCC,Post Pour,,100.0,2026-08-05,2026-08-12,,,,,0
1.1.5.3.2.5,5th Floor,Tower 3,5th Floor,Civil Works- RCC,RCC,Post Pour,,100.0,2026-08-17,2026-08-24,,,,,0
1.1.5.3.2.6,6th Floor,Tower 3,6th Floor,Civil Works- RCC,RCC,Post Pour,,100.0,2026-08-29,2026-09-05,,,,,0
1.1.5.3.2.7,7th Floor,Tower 3,7th Floor,Civil Works- RCC,RCC,Post Pour,,100.0,2026-09-06,2026-09-13,,,,,0
1.1.5.3.2.8,8th Floor,Tower 3,8th Floor,Civil Works- RCC,RCC,Post Pour,,100.0,2026-09-22,2026-09-29,,,,,0
1.1.5.3.2.9,9th Floor,Tower 3,9th Floor,Civil Works- RCC,RCC,Post Pour,,100.0,2026-10-04,2026-10-11,,,,,0
1.1.5.3.2.10,10th Floor,Tower 3,10th Floor,Civil Works- RCC,RCC,Post Pour,,100.0,2026-10-16,2026-10-23,,,,,0
1.1.5.3.2.11,11th Floor,Tower 3,11th Floor,Civil Works- RCC,RCC,Post Pour,,100.0,2026-10-28,2026-12-19,,,,,0
1.1.5.3.2.12,12th Floor,Tower 3,12th Floor,Civil Works- RCC,RCC,Post Pour,,100.0,2026-12-24,2026-12-31,,,,,0
1.1.5.3.2.13,13th Floor,Tower 3,13th Floor,Civil Works- RCC,RCC,Post Pour,,100.0,2027-01-05,2027-01-12,,,,,0
1.1.5.3.2.14,14th Floor,Tower 3,14th Floor,Civil Works- RCC,RCC,Post Pour,,100.0,2027-01-20,2027-01-27,,,,,0
1.1.5.3.2.15,15th Floor,Tower 3,15th Floor,Civil Works- RCC,RCC,Post Pour,,100.0,2027-02-01,2027-02-08,,,,,0
1.1.5.3.2.16,16th Floor,Tower 3,16th Floor,Civil Works- RCC,RCC,Post Pour,,100.0,2027-02-13,2027-02-20,,,,,0
1.1.5.3.2.17,17th Floor,Tower 3,17th Floor,Civil Works- RCC,RCC,Post Pour,,100.0,2027-02-25,2027-03-04,,,,,0
1.1.5.3.2.18,18th Floor,Tower 3,18th Floor,Civil Works- RCC,RCC,Post Pour,,100.0,2027-03-09,2027-03-16,,,,,0
1.1.5.3.2.19,19th Floor,Tower 3,19th Floor,Civil Works- RCC,RCC,Post Pour,,100.0,2027-03-21,2027-03-28,,,,,0
1.1.5.3.2.20,20th Floor,Tower 3,20th Floor,Civil Works- RCC,RCC,Post Pour,,100.0,2027-04-02,2027-04-08,,,,,0
1.1.5.3.2.21,21st Floor,Tower 3,21st Floor,Civil Works- RCC,RCC,Post Pour,,100.0,2027-04-09,2027-04-15,,,,,0
1.1.5.3.2.22,22nd Floor,Tower 3,22nd Floor,Civil Works- RCC,RCC,Post Pour,,100.0,2027-04-16,2027-04-22,,,,,0
1.1.5.3.2.23,23rd Floor,Tower 3,23rd Floor,Civil Works- RCC,RCC,Post Pour,,100.0,2027-04-23,2027-04-29,,,,,0
1.1.5.3.2.24,Terrace Floor,Tower 3,Terrace,Finishing,Tower Finishing,Flooring,,100.0,2027-04-30,2027-05-06,,,,,0
1.1.5.3.2.25,"LMR, OHT & Roof Feauters",Tower 3,,Civil Works- RCC,RCC,Reinforcement,,100.0,2027-05-07,2027-05-16,,,,,0
1.1.5.3.3,Finishing works,,,,,,,,2026-08-08,2028-01-17,,,,,
1.1.5.3.3.1,Flat finishings,,,,,,,,2026-08-08,2028-01-17,,,,,
1.1.5.3.3.1.1,1st Floor,,,,,,,,2026-08-08,2027-01-17,,,,,
1.1.5.3.3.1.1.1,Block Work ,Tower 3,1st Floor,Finishing,Tower Civil Finishes,Blockwork,,71740300.0,2026-08-08,2026-08-22,,,,,0
1.1.5.3.3.1.1.2,Installation of temporary Main door,Tower 3,1st Floor,Finishing,Tower Finishing,Door,,13117000.0,2026-08-23,2026-08-27,,,,,0
1.1.5.3.3.1.1.3,Fire sprinkler pipe fixing,Tower 3,1st Floor,MEP,Common area-MEP,CA-Fire-fighting & FAPA,,39785600.0,2026-08-23,2026-08-27,,,,,0
1.1.5.3.3.1.1.4,Internal Plumbing Works,Tower 3,1st Floor,MEP,Tower MEP,Plumbing,,118410000.0,2026-08-23,2026-08-31,,,,,0
1.1.5.3.3.1.1.5,Waterproofing,Tower 3,1st Floor,Finishing,Tower Civil Finishes,Waterproofing,,37013600.0,2026-09-01,2026-09-10,,,,,0
1.1.5.3.3.1.1.6,Internal Plaster,Tower 3,1st Floor,Finishing,Tower Civil Finishes,Int Plaster,,134461100.0,2026-08-13,2026-08-26,,,,,0
1.1.5.3.3.1.1.7,IPS flooring work,Tower 3,1st Floor,Finishing,Tower Finishing,Flooring,,265764200.0,2026-08-23,2026-09-04,,,,,0
1.1.5.3.3.1.1.8,Toilet dado work,Tower 3,1st Floor,Finishing,Tower Finishing,Flooring,,83758100.0,2026-09-11,2026-09-22,,,,,0
1.1.5.3.3.1.1.9,Toilet flooring work,Tower 3,1st Floor,Finishing,Tower Finishing,Flooring,,57877300.0,2026-09-23,2026-10-04,,,,,0
1.1.5.3.3.1.1.10,Living dinning flooring,Tower 3,1st Floor,Finishing,Tower Finishing,Flooring,,170200700.0,2026-10-05,2026-10-22,,,,,0
1.1.5.3.3.1.1.11,Electrical wiring work,Tower 3,1st Floor,MEP,Tower MEP,Electrical,,138141400.0,2026-10-13,2026-10-24,,,,,0
1.1.5.3.3.1.1.12,Aluminium door-window fixing,Tower 3,1st Floor,Finishing,Tower Finishing,Window,,104030400.0,2026-10-25,2026-12-16,,,,,0
1.1.5.3.3.1.1.13,Putty primer coat,Tower 3,1st Floor,Finishing,Tower Finishing,Paint,,34767400.0,2026-10-25,2026-12-20,,,,,0
1.1.5.3.3.1.1.14,Prehung door fixing,Tower 3,1st Floor,Finishing,Tower Finishing,Door,,62765700.0,2026-12-16,2026-12-25,,,,,0
1.1.5.3.3.1.1.15,Painting 1st coat,Tower 3,1st Floor,Finishing,Tower Finishing,Paint,,23178300.0,2026-12-26,2027-01-07,,,,,0
1.1.5.3.3.1.1.16,False Ceiling panel fixing,Tower 3,1st Floor,Finishing,Tower Finishing,False Ceiling,,24794500.0,2027-01-08,2027-01-17,,,,,0
1.1.5.3.3.1.2,2nd Floor,,,,,,,,2026-08-28,2027-02-12,,,,,
1.1.5.3.3.1.2.1,Block Work ,Tower 3,2nd Floor,Finishing,Tower Civil Finishes,Blockwork,,71740300.0,2026-08-28,2026-09-11,,,,,0
1.1.5.3.3.1.2.2,Installation of temporary Main door,Tower 3,2nd Floor,Finishing,Tower Finishing,Door,,13117000.0,2026-09-12,2026-09-16,,,,,0
1.1.5.3.3.1.2.3,Fire sprinkler pipe fixing,Tower 3,2nd Floor,MEP,Common area-MEP,CA-Fire-fighting & FAPA,,39785600.0,2026-09-12,2026-09-16,,,,,0
1.1.5.3.3.1.2.4,Internal Plumbing Works,Tower 3,2nd Floor,MEP,Tower MEP,Plumbing,,118410000.0,2026-09-12,2026-09-20,,,,,0
1.1.5.3.3.1.2.5,Waterproofing,Tower 3,2nd Floor,Finishing,Tower Civil Finishes,Waterproofing,,37013600.0,2026-09-21,2026-09-30,,,,,0
1.1.5.3.3.1.2.6,Internal Plaster,Tower 3,2nd Floor,Finishing,Tower Civil Finishes,Int Plaster,,134461100.0,2026-10-01,2026-10-14,,,,,0
1.1.5.3.3.1.2.7,IPS flooring work,Tower 3,2nd Floor,Finishing,Tower Finishing,Flooring,,265764200.0,2026-09-12,2026-09-24,,,,,0
1.1.5.3.3.1.2.8,Toilet dado work,Tower 3,2nd Floor,Finishing,Tower Finishing,Flooring,,83758100.0,2026-10-15,2026-10-26,,,,,0
1.1.5.3.3.1.2.9,Toilet flooring work,Tower 3,2nd Floor,Finishing,Tower Finishing,Flooring,,57877300.0,2026-10-27,2026-12-22,,,,,0
1.1.5.3.3.1.2.10,Living dinning flooring,Tower 3,2nd Floor,Finishing,Tower Finishing,Flooring,,170200700.0,2026-12-23,2027-01-09,,,,,0
1.1.5.3.3.1.2.11,Electrical wiring work,Tower 3,2nd Floor,MEP,Tower MEP,Electrical,,138141400.0,2026-12-31,2027-01-11,,,,,0
1.1.5.3.3.1.2.12,Aluminium door-window fixing,Tower 3,2nd Floor,Finishing,Tower Finishing,Window,,104030400.0,2027-01-04,2027-01-11,,,,,0
1.1.5.3.3.1.2.13,Putty primer coat,Tower 3,2nd Floor,Finishing,Tower Finishing,Paint,,34767400.0,2027-01-04,2027-01-15,,,,,0
1.1.5.3.3.1.2.14,Prehung door fixing,Tower 3,2nd Floor,Finishing,Tower Finishing,Door,,62765700.0,2027-01-11,2027-01-20,,,,,0
1.1.5.3.3.1.2.15,Painting 1st coat,Tower 3,2nd Floor,Finishing,Tower Finishing,Paint,,23178300.0,2027-01-21,2027-02-02,,,,,0
1.1.5.3.3.1.2.16,False Ceiling panel fixing,Tower 3,2nd Floor,Finishing,Tower Finishing,False Ceiling,,24794500.0,2027-02-03,2027-02-12,,,,,0
1.1.5.3.3.1.3,3rd Floor,,,,,,,,2026-09-27,2027-03-14,,,,,
1.1.5.3.3.1.3.1,Block Work ,Tower 3,3rd Floor,Finishing,Tower Civil Finishes,Blockwork,,71740300.0,2026-09-27,2026-10-11,,,,,0
1.1.5.3.3.1.3.2,Installation of temporary Main door,Tower 3,3rd Floor,Finishing,Tower Finishing,Door,,13117000.0,2026-10-12,2026-10-16,,,,,0
1.1.5.3.3.1.3.3,Fire sprinkler pipe fixing,Tower 3,3rd Floor,MEP,Common area-MEP,CA-Fire-fighting & FAPA,,39785600.0,2026-10-12,2026-10-16,,,,,0
1.1.5.3.3.1.3.4,Internal Plumbing Works,Tower 3,3rd Floor,MEP,Tower MEP,Plumbing,,118410000.0,2026-10-12,2026-10-20,,,,,0
1.1.5.3.3.1.3.5,Waterproofing,Tower 3,3rd Floor,Finishing,Tower Civil Finishes,Waterproofing,,37013600.0,2026-10-21,2026-10-30,,,,,0
1.1.5.3.3.1.3.6,Internal Plaster,Tower 3,3rd Floor,Finishing,Tower Civil Finishes,Int Plaster,,134461100.0,2026-10-31,2026-12-28,,,,,0
1.1.5.3.3.1.3.7,IPS flooring work,Tower 3,3rd Floor,Finishing,Tower Finishing,Flooring,,265764200.0,2026-10-12,2026-10-24,,,,,0
1.1.5.3.3.1.3.8,Toilet dado work,Tower 3,3rd Floor,Finishing,Tower Finishing,Flooring,,83758100.0,2026-12-29,2027-01-09,,,,,0
1.1.5.3.3.1.3.9,Toilet flooring work,Tower 3,3rd Floor,Finishing,Tower Finishing,Flooring,,57877300.0,2027-01-10,2027-01-21,,,,,0
1.1.5.3.3.1.3.10,Living dinning flooring,Tower 3,3rd Floor,Finishing,Tower Finishing,Flooring,,170200700.0,2027-01-22,2027-02-08,,,,,0
1.1.5.3.3.1.3.11,Electrical wiring work,Tower 3,3rd Floor,MEP,Tower MEP,Electrical,,138141400.0,2027-01-30,2027-02-10,,,,,0
1.1.5.3.3.1.3.12,Aluminium door-window fixing,Tower 3,3rd Floor,Finishing,Tower Finishing,Window,,104030400.0,2027-02-03,2027-02-10,,,,,0
1.1.5.3.3.1.3.13,Putty primer coat,Tower 3,3rd Floor,Finishing,Tower Finishing,Paint,,34767400.0,2027-02-03,2027-02-14,,,,,0
1.1.5.3.3.1.3.14,Prehung door fixing,Tower 3,3rd Floor,Finishing,Tower Finishing,Door,,62765700.0,2027-02-10,2027-02-19,,,,,0
1.1.5.3.3.1.3.15,Painting 1st coat,Tower 3,3rd Floor,Finishing,Tower Finishing,Paint,,23178300.0,2027-02-20,2027-03-04,,,,,0
1.1.5.3.3.1.3.16,False Ceiling panel fixing,Tower 3,3rd Floor,Finishing,Tower Finishing,False Ceiling,,24794500.0,2027-03-05,2027-03-14,,,,,0
1.1.5.3.3.1.4,4th Floor,,,,,,,,2026-10-27,2027-04-08,,,,,
1.1.5.3.3.1.4.1,Block Work ,Tower 3,4th Floor,Finishing,Tower Civil Finishes,Blockwork,,71740300.0,2026-10-27,2026-12-25,,,,,0
1.1.5.3.3.1.4.2,Installation of temporary Main door,Tower 3,4th Floor,Finishing,Tower Finishing,Door,,13117000.0,2026-12-26,2026-12-30,,,,,0
1.1.5.3.3.1.4.3,Fire sprinkler pipe fixing,Tower 3,4th Floor,MEP,Common area-MEP,CA-Fire-fighting & FAPA,,39785600.0,2026-12-26,2026-12-30,,,,,0
1.1.5.3.3.1.4.4,Internal Plumbing Works,Tower 3,4th Floor,MEP,Tower MEP,Plumbing,,118410000.0,2026-12-26,2027-01-03,,,,,0
1.1.5.3.3.1.4.5,Waterproofing,Tower 3,4th Floor,Finishing,Tower Civil Finishes,Waterproofing,,37013600.0,2027-01-04,2027-01-13,,,,,0
1.1.5.3.3.1.4.6,Internal Plaster,Tower 3,4th Floor,Finishing,Tower Civil Finishes,Int Plaster,,134461100.0,2027-01-14,2027-01-27,,,,,0
1.1.5.3.3.1.4.7,IPS flooring work,Tower 3,4th Floor,Finishing,Tower Finishing,Flooring,,265764200.0,2026-12-26,2027-01-07,,,,,0
1.1.5.3.3.1.4.8,Toilet dado work,Tower 3,4th Floor,Finishing,Tower Finishing,Flooring,,83758100.0,2027-01-28,2027-02-08,,,,,0
1.1.5.3.3.1.4.9,Toilet flooring work,Tower 3,4th Floor,Finishing,Tower Finishing,Flooring,,57877300.0,2027-02-09,2027-02-20,,,,,0
1.1.5.3.3.1.4.10,Living dinning flooring,Tower 3,4th Floor,Finishing,Tower Finishing,Flooring,,170200700.0,2027-02-21,2027-03-10,,,,,0
1.1.5.3.3.1.4.11,Electrical wiring work,Tower 3,4th Floor,MEP,Tower MEP,Electrical,,138141400.0,2027-03-01,2027-03-12,,,,,0
1.1.5.3.3.1.4.12,Aluminium door-window fixing,Tower 3,4th Floor,Finishing,Tower Finishing,Window,,104030400.0,2027-03-05,2027-03-12,,,,,0
1.1.5.3.3.1.4.13,Putty primer coat,Tower 3,4th Floor,Finishing,Tower Finishing,Paint,,34767400.0,2027-03-05,2027-03-16,,,,,0
1.1.5.3.3.1.4.14,Prehung door fixing,Tower 3,4th Floor,Finishing,Tower Finishing,Door,,62765700.0,2027-03-12,2027-03-21,,,,,0
1.1.5.3.3.1.4.15,Painting 1st coat,Tower 3,4th Floor,Finishing,Tower Finishing,Paint,,23178300.0,2027-03-22,2027-03-31,,,,,0
1.1.5.3.3.1.4.16,False Ceiling panel fixing,Tower 3,4th Floor,Finishing,Tower Finishing,False Ceiling,,24794500.0,2027-04-01,2027-04-08,,,,,0
1.1.5.3.3.1.5,5th Floor,,,,,,,,2026-12-23,2027-04-22,,,,,
1.1.5.3.3.1.5.1,Block Work ,Tower 3,5th Floor,Finishing,Tower Civil Finishes,Blockwork,,71740300.0,2026-12-23,2027-01-01,,,,,0
1.1.5.3.3.1.5.2,Installation of temporary Main door,Tower 3,5th Floor,Finishing,Tower Finishing,Door,,13117000.0,2027-01-02,2027-01-08,,,,,0
1.1.5.3.3.1.5.3,Fire sprinkler pipe fixing,Tower 3,5th Floor,MEP,Common area-MEP,CA-Fire-fighting & FAPA,,39785600.0,2027-01-02,2027-01-04,,,,,0
1.1.5.3.3.1.5.4,Internal Plumbing Works,Tower 3,5th Floor,MEP,Tower MEP,Plumbing,,118410000.0,2027-01-02,2027-01-08,,,,,0
1.1.5.3.3.1.5.5,Waterproofing,Tower 3,5th Floor,Finishing,Tower Civil Finishes,Waterproofing,,37013600.0,2027-01-09,2027-01-20,,,,,0
1.1.5.3.3.1.5.6,Internal Plaster,Tower 3,5th Floor,Finishing,Tower Civil Finishes,Int Plaster,,134461100.0,2027-01-21,2027-02-04,,,,,0
1.1.5.3.3.1.5.7,IPS flooring work,Tower 3,5th Floor,Finishing,Tower Finishing,Flooring,,265764200.0,2027-01-02,2027-01-12,,,,,0
1.1.5.3.3.1.5.8,Toilet dado work,Tower 3,5th Floor,Finishing,Tower Finishing,Flooring,,83758100.0,2027-02-05,2027-02-20,,,,,0
1.1.5.3.3.1.5.9,Toilet flooring work,Tower 3,5th Floor,Finishing,Tower Finishing,Flooring,,57877300.0,2027-02-21,2027-03-08,,,,,0
1.1.5.3.3.1.5.10,Living dinning flooring,Tower 3,5th Floor,Finishing,Tower Finishing,Flooring,,170200700.0,2027-03-09,2027-03-24,,,,,0
1.1.5.3.3.1.5.11,Electrical wiring work,Tower 3,5th Floor,MEP,Tower MEP,Electrical,,138141400.0,2027-03-15,2027-03-24,,,,,0
1.1.5.3.3.1.5.12,Aluminium door-window fixing,Tower 3,5th Floor,Finishing,Tower Finishing,Window,,104030400.0,2027-03-17,2027-04-02,,,,,0
1.1.5.3.3.1.5.13,Putty primer coat,Tower 3,5th Floor,Finishing,Tower Finishing,Paint,,34767400.0,2027-03-26,2027-04-02,,,,,0
1.1.5.3.3.1.5.14,Prehung door fixing,Tower 3,5th Floor,Finishing,Tower Finishing,Door,,62765700.0,2027-03-29,2027-04-04,,,,,0
1.1.5.3.3.1.5.15,Painting 1st coat,Tower 3,5th Floor,Finishing,Tower Finishing,Paint,,23178300.0,2027-04-05,2027-04-14,,,,,0
1.1.5.3.3.1.5.16,False Ceiling panel fixing,Tower 3,5th Floor,Finishing,Tower Finishing,False Ceiling,,24794500.0,2027-04-15,2027-04-22,,,,,0
1.1.5.3.3.1.6,6th Floor,,,,,,,,2027-01-04,2027-05-04,,,,,
1.1.5.3.3.1.6.1,Block Work ,Tower 3,6th Floor,Finishing,Tower Civil Finishes,Blockwork,,71740300.0,2027-01-04,2027-01-13,,,,,0
1.1.5.3.3.1.6.2,Installation of temporary Main door,Tower 3,6th Floor,Finishing,Tower Finishing,Door,,13117000.0,2027-01-14,2027-01-20,,,,,0
1.1.5.3.3.1.6.3,Fire sprinkler pipe fixing,Tower 3,6th Floor,MEP,Common area-MEP,CA-Fire-fighting & FAPA,,39785600.0,2027-01-14,2027-01-16,,,,,0
1.1.5.3.3.1.6.4,Internal Plumbing Works,Tower 3,6th Floor,MEP,Tower MEP,Plumbing,,118410000.0,2027-01-14,2027-01-20,,,,,0
1.1.5.3.3.1.6.5,Waterproofing,Tower 3,6th Floor,Finishing,Tower Civil Finishes,Waterproofing,,37013600.0,2027-01-21,2027-02-01,,,,,0
1.1.5.3.3.1.6.6,Internal Plaster,Tower 3,6th Floor,Finishing,Tower Civil Finishes,Int Plaster,,134461100.0,2027-02-02,2027-02-16,,,,,0
1.1.5.3.3.1.6.7,IPS flooring work,Tower 3,6th Floor,Finishing,Tower Finishing,Flooring,,265764200.0,2027-01-14,2027-01-24,,,,,0
1.1.5.3.3.1.6.8,Toilet dado work,Tower 3,6th Floor,Finishing,Tower Finishing,Flooring,,83758100.0,2027-02-17,2027-03-04,,,,,0
1.1.5.3.3.1.6.9,Toilet flooring work,Tower 3,6th Floor,Finishing,Tower Finishing,Flooring,,57877300.0,2027-03-05,2027-03-20,,,,,0
1.1.5.3.3.1.6.10,Living dinning flooring,Tower 3,6th Floor,Finishing,Tower Finishing,Flooring,,170200700.0,2027-03-21,2027-04-05,,,,,0
1.1.5.3.3.1.6.11,Electrical wiring work,Tower 3,6th Floor,MEP,Tower MEP,Electrical,,138141400.0,2027-03-27,2027-04-05,,,,,0
1.1.5.3.3.1.6.12,Aluminium door-window fixing,Tower 3,6th Floor,Finishing,Tower Finishing,Window,,104030400.0,2027-03-29,2027-04-14,,,,,0
1.1.5.3.3.1.6.13,Putty primer coat,Tower 3,6th Floor,Finishing,Tower Finishing,Paint,,34767400.0,2027-04-07,2027-04-14,,,,,0
1.1.5.3.3.1.6.14,Prehung door fixing,Tower 3,6th Floor,Finishing,Tower Finishing,Door,,62765700.0,2027-04-10,2027-04-16,,,,,0
1.1.5.3.3.1.6.15,Painting 1st coat,Tower 3,6th Floor,Finishing,Tower Finishing,Paint,,23178300.0,2027-04-17,2027-04-26,,,,,0
1.1.5.3.3.1.6.16,False Ceiling panel fixing,Tower 3,6th Floor,Finishing,Tower Finishing,False Ceiling,,24794500.0,2027-04-27,2027-05-04,,,,,0
1.1.5.3.3.1.7,7th Floor,,,,,,,,2027-01-12,2027-05-12,,,,,
1.1.5.3.3.1.7.1,Block Work ,Tower 3,7th Floor,Finishing,Tower Civil Finishes,Blockwork,,71740300.0,2027-01-12,2027-01-21,,,,,0
1.1.5.3.3.1.7.2,Installation of temporary Main door,Tower 3,7th Floor,Finishing,Tower Finishing,Door,,13117000.0,2027-01-22,2027-01-28,,,,,0
1.1.5.3.3.1.7.3,Fire sprinkler pipe fixing,Tower 3,7th Floor,MEP,Common area-MEP,CA-Fire-fighting & FAPA,,39785600.0,2027-01-22,2027-01-24,,,,,0
1.1.5.3.3.1.7.4,Internal Plumbing Works,Tower 3,7th Floor,MEP,Tower MEP,Plumbing,,118410000.0,2027-01-22,2027-01-28,,,,,0
1.1.5.3.3.1.7.5,Waterproofing,Tower 3,7th Floor,Finishing,Tower Civil Finishes,Waterproofing,,37013600.0,2027-01-29,2027-02-09,,,,,0
1.1.5.3.3.1.7.6,Internal Plaster,Tower 3,7th Floor,Finishing,Tower Civil Finishes,Int Plaster,,134461100.0,2027-02-10,2027-02-24,,,,,0
1.1.5.3.3.1.7.7,IPS flooring work,Tower 3,7th Floor,Finishing,Tower Finishing,Flooring,,265764200.0,2027-01-22,2027-02-01,,,,,0
1.1.5.3.3.1.7.8,Toilet dado work,Tower 3,7th Floor,Finishing,Tower Finishing,Flooring,,83758100.0,2027-02-25,2027-03-12,,,,,0
1.1.5.3.3.1.7.9,Toilet flooring work,Tower 3,7th Floor,Finishing,Tower Finishing,Flooring,,57877300.0,2027-03-13,2027-03-28,,,,,0
1.1.5.3.3.1.7.10,Living dinning flooring,Tower 3,7th Floor,Finishing,Tower Finishing,Flooring,,170200700.0,2027-03-29,2027-04-13,,,,,0
1.1.5.3.3.1.7.11,Electrical wiring work,Tower 3,7th Floor,MEP,Tower MEP,Electrical,,138141400.0,2027-04-04,2027-04-13,,,,,0
1.1.5.3.3.1.7.12,Aluminium door-window fixing,Tower 3,7th Floor,Finishing,Tower Finishing,Window,,104030400.0,2027-04-06,2027-04-22,,,,,0
1.1.5.3.3.1.7.13,Putty primer coat,Tower 3,7th Floor,Finishing,Tower Finishing,Paint,,34767400.0,2027-04-15,2027-04-22,,,,,0
1.1.5.3.3.1.7.14,Prehung door fixing,Tower 3,7th Floor,Finishing,Tower Finishing,Door,,62765700.0,2027-04-18,2027-04-24,,,,,0
1.1.5.3.3.1.7.15,Painting 1st coat,Tower 3,7th Floor,Finishing,Tower Finishing,Paint,,23178300.0,2027-04-25,2027-05-04,,,,,0
1.1.5.3.3.1.7.16,False Ceiling panel fixing,Tower 3,7th Floor,Finishing,Tower Finishing,False Ceiling,,24794500.0,2027-05-05,2027-05-12,,,,,0
1.1.5.3.3.1.8,8th Floor,,,,,,,,2027-01-28,2027-05-28,,,,,
1.1.5.3.3.1.8.1,Block Work ,Tower 3,8th Floor,Finishing,Tower Civil Finishes,Blockwork,,71740300.0,2027-01-28,2027-02-06,,,,,0
1.1.5.3.3.1.8.2,Installation of temporary Main door,Tower 3,8th Floor,Finishing,Tower Finishing,Door,,13117000.0,2027-02-07,2027-02-13,,,,,0
1.1.5.3.3.1.8.3,Fire sprinkler pipe fixing,Tower 3,8th Floor,MEP,Common area-MEP,CA-Fire-fighting & FAPA,,39785600.0,2027-02-07,2027-02-09,,,,,0
1.1.5.3.3.1.8.4,Internal Plumbing Works,Tower 3,8th Floor,MEP,Tower MEP,Plumbing,,118410000.0,2027-02-07,2027-02-13,,,,,0
1.1.5.3.3.1.8.5,Waterproofing,Tower 3,8th Floor,Finishing,Tower Civil Finishes,Waterproofing,,37013600.0,2027-02-14,2027-02-25,,,,,0
1.1.5.3.3.1.8.6,Internal Plaster,Tower 3,8th Floor,Finishing,Tower Civil Finishes,Int Plaster,,134461100.0,2027-02-26,2027-03-12,,,,,0
1.1.5.3.3.1.8.7,IPS flooring work,Tower 3,8th Floor,Finishing,Tower Finishing,Flooring,,265764200.0,2027-02-07,2027-02-17,,,,,0
1.1.5.3.3.1.8.8,Toilet dado work,Tower 3,8th Floor,Finishing,Tower Finishing,Flooring,,83758100.0,2027-03-13,2027-03-28,,,,,0
1.1.5.3.3.1.8.9,Toilet flooring work,Tower 3,8th Floor,Finishing,Tower Finishing,Flooring,,57877300.0,2027-03-29,2027-04-13,,,,,0
1.1.5.3.3.1.8.10,Living dinning flooring,Tower 3,8th Floor,Finishing,Tower Finishing,Flooring,,170200700.0,2027-04-14,2027-04-29,,,,,0
1.1.5.3.3.1.8.11,Electrical wiring work,Tower 3,8th Floor,MEP,Tower MEP,Electrical,,138141400.0,2027-04-20,2027-04-29,,,,,0
1.1.5.3.3.1.8.12,Aluminium door-window fixing,Tower 3,8th Floor,Finishing,Tower Finishing,Window,,104030400.0,2027-04-22,2027-05-08,,,,,0
1.1.5.3.3.1.8.13,Putty primer coat,Tower 3,8th Floor,Finishing,Tower Finishing,Paint,,34767400.0,2027-05-01,2027-05-08,,,,,0
1.1.5.3.3.1.8.14,Prehung door fixing,Tower 3,8th Floor,Finishing,Tower Finishing,Door,,62765700.0,2027-05-04,2027-05-10,,,,,0
1.1.5.3.3.1.8.15,Painting 1st coat,Tower 3,8th Floor,Finishing,Tower Finishing,Paint,,23178300.0,2027-05-11,2027-05-20,,,,,0
1.1.5.3.3.1.8.16,False Ceiling panel fixing,Tower 3,8th Floor,Finishing,Tower Finishing,False Ceiling,,24794500.0,2027-05-21,2027-05-28,,,,,0
1.1.5.3.3.1.9,9th Floor,,,,,,,,2027-02-09,2027-06-09,,,,,
1.1.5.3.3.1.9.1,Block Work ,Tower 3,9th Floor,Finishing,Tower Civil Finishes,Blockwork,,71740300.0,2027-02-09,2027-02-18,,,,,0
1.1.5.3.3.1.9.2,Installation of temporary Main door,Tower 3,9th Floor,Finishing,Tower Finishing,Door,,13117000.0,2027-02-19,2027-02-25,,,,,0
1.1.5.3.3.1.9.3,Fire sprinkler pipe fixing,Tower 3,9th Floor,MEP,Common area-MEP,CA-Fire-fighting & FAPA,,39785600.0,2027-02-19,2027-02-21,,,,,0
1.1.5.3.3.1.9.4,Internal Plumbing Works,Tower 3,9th Floor,MEP,Tower MEP,Plumbing,,118410000.0,2027-02-19,2027-02-25,,,,,0
1.1.5.3.3.1.9.5,Waterproofing,Tower 3,9th Floor,Finishing,Tower Civil Finishes,Waterproofing,,37013600.0,2027-02-26,2027-03-09,,,,,0
1.1.5.3.3.1.9.6,Internal Plaster,Tower 3,9th Floor,Finishing,Tower Civil Finishes,Int Plaster,,134461100.0,2027-03-10,2027-03-24,,,,,0
1.1.5.3.3.1.9.7,IPS flooring work,Tower 3,9th Floor,Finishing,Tower Finishing,Flooring,,265764200.0,2027-02-19,2027-03-01,,,,,0
1.1.5.3.3.1.9.8,Toilet dado work,Tower 3,9th Floor,Finishing,Tower Finishing,Flooring,,83758100.0,2027-03-25,2027-04-09,,,,,0
1.1.5.3.3.1.9.9,Toilet flooring work,Tower 3,9th Floor,Finishing,Tower Finishing,Flooring,,57877300.0,2027-04-10,2027-04-25,,,,,0
1.1.5.3.3.1.9.10,Living dinning flooring,Tower 3,9th Floor,Finishing,Tower Finishing,Flooring,,170200700.0,2027-04-26,2027-05-11,,,,,0
1.1.5.3.3.1.9.11,Electrical wiring work,Tower 3,9th Floor,MEP,Tower MEP,Electrical,,138141400.0,2027-05-02,2027-05-11,,,,,0
1.1.5.3.3.1.9.12,Aluminium door-window fixing,Tower 3,9th Floor,Finishing,Tower Finishing,Window,,104030400.0,2027-05-04,2027-05-20,,,,,0
1.1.5.3.3.1.9.13,Putty primer coat,Tower 3,9th Floor,Finishing,Tower Finishing,Paint,,34767400.0,2027-05-13,2027-05-20,,,,,0
1.1.5.3.3.1.9.14,Prehung door fixing,Tower 3,9th Floor,Finishing,Tower Finishing,Door,,62765700.0,2027-05-16,2027-05-22,,,,,0
1.1.5.3.3.1.9.15,Painting 1st coat,Tower 3,9th Floor,Finishing,Tower Finishing,Paint,,23178300.0,2027-05-23,2027-06-01,,,,,0
1.1.5.3.3.1.9.16,False Ceiling panel fixing,Tower 3,9th Floor,Finishing,Tower Finishing,False Ceiling,,24794500.0,2027-06-02,2027-06-09,,,,,0
1.1.5.3.3.1.10,10th Floor,,,,,,,,2027-02-21,2027-06-21,,,,,
1.1.5.3.3.1.10.1,Block Work ,Tower 3,10th Floor,Finishing,Tower Civil Finishes,Blockwork,,71740300.0,2027-02-21,2027-03-02,,,,,0
1.1.5.3.3.1.10.2,Installation of temporary Main door,Tower 3,10th Floor,Finishing,Tower Finishing,Door,,13117000.0,2027-03-03,2027-03-09,,,,,0
1.1.5.3.3.1.10.3,Fire sprinkler pipe fixing,Tower 3,10th Floor,MEP,Common area-MEP,CA-Fire-fighting & FAPA,,39785600.0,2027-03-03,2027-03-05,,,,,0
1.1.5.3.3.1.10.4,Internal Plumbing Works,Tower 3,10th Floor,MEP,Tower MEP,Plumbing,,118410000.0,2027-03-03,2027-03-09,,,,,0
1.1.5.3.3.1.10.5,Waterproofing,Tower 3,10th Floor,Finishing,Tower Civil Finishes,Waterproofing,,37013600.0,2027-03-10,2027-03-21,,,,,0
1.1.5.3.3.1.10.6,Internal Plaster,Tower 3,10th Floor,Finishing,Tower Civil Finishes,Int Plaster,,134461100.0,2027-03-22,2027-04-05,,,,,0
1.1.5.3.3.1.10.7,IPS flooring work,Tower 3,10th Floor,Finishing,Tower Finishing,Flooring,,265764200.0,2027-03-03,2027-03-13,,,,,0
1.1.5.3.3.1.10.8,Toilet dado work,Tower 3,10th Floor,Finishing,Tower Finishing,Flooring,,83758100.0,2027-04-06,2027-04-21,,,,,0
1.1.5.3.3.1.10.9,Toilet flooring work,Tower 3,10th Floor,Finishing,Tower Finishing,Flooring,,57877300.0,2027-04-22,2027-05-07,,,,,0
1.1.5.3.3.1.10.10,Living dinning flooring,Tower 3,10th Floor,Finishing,Tower Finishing,Flooring,,170200700.0,2027-05-08,2027-05-23,,,,,0
1.1.5.3.3.1.10.11,Electrical wiring work,Tower 3,10th Floor,MEP,Tower MEP,Electrical,,138141400.0,2027-05-14,2027-05-23,,,,,0
1.1.5.3.3.1.10.12,Aluminium door-window fixing,Tower 3,10th Floor,Finishing,Tower Finishing,Window,,104030400.0,2027-05-16,2027-06-01,,,,,0
1.1.5.3.3.1.10.13,Putty primer coat,Tower 3,10th Floor,Finishing,Tower Finishing,Paint,,34767400.0,2027-05-25,2027-06-01,,,,,0
1.1.5.3.3.1.10.14,Prehung door fixing,Tower 3,10th Floor,Finishing,Tower Finishing,Door,,62765700.0,2027-05-28,2027-06-03,,,,,0
1.1.5.3.3.1.10.15,Painting 1st coat,Tower 3,10th Floor,Finishing,Tower Finishing,Paint,,23178300.0,2027-06-04,2027-06-13,,,,,0
1.1.5.3.3.1.10.16,False Ceiling panel fixing,Tower 3,10th Floor,Finishing,Tower Finishing,False Ceiling,,24794500.0,2027-06-14,2027-06-21,,,,,0
1.1.5.3.3.1.11,11th Floor,,,,,,,,2027-03-05,2027-07-03,,,,,
1.1.5.3.3.1.11.1,Block Work ,Tower 3,11th Floor,Finishing,Tower Civil Finishes,Blockwork,,71740300.0,2027-03-05,2027-03-14,,,,,0
1.1.5.3.3.1.11.2,Installation of temporary Main door,Tower 3,11th Floor,Finishing,Tower Finishing,Door,,13117000.0,2027-03-15,2027-03-21,,,,,0
1.1.5.3.3.1.11.3,Fire sprinkler pipe fixing,Tower 3,11th Floor,MEP,Common area-MEP,CA-Fire-fighting & FAPA,,39785600.0,2027-03-15,2027-03-17,,,,,0
1.1.5.3.3.1.11.4,Internal Plumbing Works,Tower 3,11th Floor,MEP,Tower MEP,Plumbing,,118410000.0,2027-03-15,2027-03-21,,,,,0
1.1.5.3.3.1.11.5,Waterproofing,Tower 3,11th Floor,Finishing,Tower Civil Finishes,Waterproofing,,37013600.0,2027-03-22,2027-04-02,,,,,0
1.1.5.3.3.1.11.6,Internal Plaster,Tower 3,11th Floor,Finishing,Tower Civil Finishes,Int Plaster,,134461100.0,2027-04-03,2027-04-17,,,,,0
1.1.5.3.3.1.11.7,IPS flooring work,Tower 3,11th Floor,Finishing,Tower Finishing,Flooring,,265764200.0,2027-03-15,2027-03-25,,,,,0
1.1.5.3.3.1.11.8,Toilet dado work,Tower 3,11th Floor,Finishing,Tower Finishing,Flooring,,83758100.0,2027-04-18,2027-05-03,,,,,0
1.1.5.3.3.1.11.9,Toilet flooring work,Tower 3,11th Floor,Finishing,Tower Finishing,Flooring,,57877300.0,2027-05-04,2027-05-19,,,,,0
1.1.5.3.3.1.11.10,Living dinning flooring,Tower 3,11th Floor,Finishing,Tower Finishing,Flooring,,170200700.0,2027-05-20,2027-06-04,,,,,0
1.1.5.3.3.1.11.11,Electrical wiring work,Tower 3,11th Floor,MEP,Tower MEP,Electrical,,138141400.0,2027-05-26,2027-06-04,,,,,0
1.1.5.3.3.1.11.12,Aluminium door-window fixing,Tower 3,11th Floor,Finishing,Tower Finishing,Window,,104030400.0,2027-05-28,2027-06-13,,,,,0
1.1.5.3.3.1.11.13,Putty primer coat,Tower 3,11th Floor,Finishing,Tower Finishing,Paint,,34767400.0,2027-06-06,2027-06-13,,,,,0
1.1.5.3.3.1.11.14,Prehung door fixing,Tower 3,11th Floor,Finishing,Tower Finishing,Door,,62765700.0,2027-06-09,2027-06-15,,,,,0
1.1.5.3.3.1.11.15,Painting 1st coat,Tower 3,11th Floor,Finishing,Tower Finishing,Paint,,23178300.0,2027-06-16,2027-06-25,,,,,0
1.1.5.3.3.1.11.16,False Ceiling panel fixing,Tower 3,11th Floor,Finishing,Tower Finishing,False Ceiling,,24794500.0,2027-06-26,2027-07-03,,,,,0
1.1.5.3.3.1.12,12th Floor,,,,,,,,2027-03-17,2027-07-15,,,,,
1.1.5.3.3.1.12.1,Block Work ,Tower 3,12th Floor,Finishing,Tower Civil Finishes,Blockwork,,71740300.0,2027-03-17,2027-03-26,,,,,0
1.1.5.3.3.1.12.2,Installation of temporary Main door,Tower 3,12th Floor,Finishing,Tower Finishing,Door,,13117000.0,2027-03-27,2027-04-02,,,,,0
1.1.5.3.3.1.12.3,Fire sprinkler pipe fixing,Tower 3,12th Floor,MEP,Common area-MEP,CA-Fire-fighting & FAPA,,39785600.0,2027-03-27,2027-03-29,,,,,0
1.1.5.3.3.1.12.4,Internal Plumbing Works,Tower 3,12th Floor,MEP,Tower MEP,Plumbing,,118410000.0,2027-03-27,2027-04-02,,,,,0
1.1.5.3.3.1.12.5,Waterproofing,Tower 3,12th Floor,Finishing,Tower Civil Finishes,Waterproofing,,37013600.0,2027-04-03,2027-04-14,,,,,0
1.1.5.3.3.1.12.6,Internal Plaster,Tower 3,12th Floor,Finishing,Tower Civil Finishes,Int Plaster,,134461100.0,2027-04-15,2027-04-29,,,,,0
1.1.5.3.3.1.12.7,IPS flooring work,Tower 3,12th Floor,Finishing,Tower Finishing,Flooring,,265764200.0,2027-03-27,2027-04-06,,,,,0
1.1.5.3.3.1.12.8,Toilet dado work,Tower 3,12th Floor,Finishing,Tower Finishing,Flooring,,83758100.0,2027-04-30,2027-05-15,,,,,0
1.1.5.3.3.1.12.9,Toilet flooring work,Tower 3,12th Floor,Finishing,Tower Finishing,Flooring,,57877300.0,2027-05-16,2027-05-31,,,,,0
1.1.5.3.3.1.12.10,Living dinning flooring,Tower 3,12th Floor,Finishing,Tower Finishing,Flooring,,170200700.0,2027-06-01,2027-06-16,,,,,0
1.1.5.3.3.1.12.11,Electrical wiring work,Tower 3,12th Floor,MEP,Tower MEP,Electrical,,138141400.0,2027-06-07,2027-06-16,,,,,0
1.1.5.3.3.1.12.12,Aluminium door-window fixing,Tower 3,12th Floor,Finishing,Tower Finishing,Window,,104030400.0,2027-06-09,2027-06-25,,,,,0
1.1.5.3.3.1.12.13,Putty primer coat,Tower 3,12th Floor,Finishing,Tower Finishing,Paint,,34767400.0,2027-06-18,2027-06-25,,,,,0
1.1.5.3.3.1.12.14,Prehung door fixing,Tower 3,12th Floor,Finishing,Tower Finishing,Door,,62765700.0,2027-06-21,2027-06-27,,,,,0
1.1.5.3.3.1.12.15,Painting 1st coat,Tower 3,12th Floor,Finishing,Tower Finishing,Paint,,23178300.0,2027-06-28,2027-07-07,,,,,0
1.1.5.3.3.1.12.16,False Ceiling panel fixing,Tower 3,12th Floor,Finishing,Tower Finishing,False Ceiling,,24794500.0,2027-07-08,2027-07-15,,,,,0
1.1.5.3.3.1.13,13th Floor,,,,,,,,2027-03-29,2027-07-27,,,,,
1.1.5.3.3.1.13.1,Block Work ,Tower 3,13th Floor,Finishing,Tower Civil Finishes,Blockwork,,71740300.0,2027-03-29,2027-04-07,,,,,0
1.1.5.3.3.1.13.2,Installation of temporary Main door,Tower 3,13th Floor,Finishing,Tower Finishing,Door,,13117000.0,2027-04-08,2027-04-14,,,,,0
1.1.5.3.3.1.13.3,Fire sprinkler pipe fixing,Tower 3,13th Floor,MEP,Common area-MEP,CA-Fire-fighting & FAPA,,39785600.0,2027-04-08,2027-04-10,,,,,0
1.1.5.3.3.1.13.4,Internal Plumbing Works,Tower 3,13th Floor,MEP,Tower MEP,Plumbing,,118410000.0,2027-04-08,2027-04-14,,,,,0
1.1.5.3.3.1.13.5,Waterproofing,Tower 3,13th Floor,Finishing,Tower Civil Finishes,Waterproofing,,37013600.0,2027-04-15,2027-04-26,,,,,0
1.1.5.3.3.1.13.6,Internal Plaster,Tower 3,13th Floor,Finishing,Tower Civil Finishes,Int Plaster,,134461100.0,2027-04-27,2027-05-11,,,,,0
1.1.5.3.3.1.13.7,IPS flooring work,Tower 3,13th Floor,Finishing,Tower Finishing,Flooring,,265764200.0,2027-04-08,2027-04-18,,,,,0
1.1.5.3.3.1.13.8,Toilet dado work,Tower 3,13th Floor,Finishing,Tower Finishing,Flooring,,83758100.0,2027-05-12,2027-05-27,,,,,0
1.1.5.3.3.1.13.9,Toilet flooring work,Tower 3,13th Floor,Finishing,Tower Finishing,Flooring,,57877300.0,2027-05-28,2027-06-12,,,,,0
1.1.5.3.3.1.13.10,Living dinning flooring,Tower 3,13th Floor,Finishing,Tower Finishing,Flooring,,170200700.0,2027-06-13,2027-06-28,,,,,0
1.1.5.3.3.1.13.11,Electrical wiring work,Tower 3,13th Floor,MEP,Tower MEP,Electrical,,138141400.0,2027-06-19,2027-06-28,,,,,0
1.1.5.3.3.1.13.12,Aluminium door-window fixing,Tower 3,13th Floor,Finishing,Tower Finishing,Window,,104030400.0,2027-06-21,2027-07-07,,,,,0
1.1.5.3.3.1.13.13,Putty primer coat,Tower 3,13th Floor,Finishing,Tower Finishing,Paint,,34767400.0,2027-06-30,2027-07-07,,,,,0
1.1.5.3.3.1.13.14,Prehung door fixing,Tower 3,13th Floor,Finishing,Tower Finishing,Door,,62765700.0,2027-07-03,2027-07-09,,,,,0
1.1.5.3.3.1.13.15,Painting 1st coat,Tower 3,13th Floor,Finishing,Tower Finishing,Paint,,23178300.0,2027-07-10,2027-07-19,,,,,0
1.1.5.3.3.1.13.16,False Ceiling panel fixing,Tower 3,13th Floor,Finishing,Tower Finishing,False Ceiling,,24794500.0,2027-07-20,2027-07-27,,,,,0
1.1.5.3.3.1.14,14th Floor,,,,,,,,2027-04-13,2027-08-11,,,,,
1.1.5.3.3.1.14.1,Block Work ,Tower 3,14th Floor,Finishing,Tower Civil Finishes,Blockwork,,71740300.0,2027-04-13,2027-04-22,,,,,0
1.1.5.3.3.1.14.2,Installation of temporary Main door,Tower 3,14th Floor,Finishing,Tower Finishing,Door,,13117000.0,2027-04-23,2027-04-29,,,,,0
1.1.5.3.3.1.14.3,Fire sprinkler pipe fixing,Tower 3,14th Floor,MEP,Common area-MEP,CA-Fire-fighting & FAPA,,39785600.0,2027-04-23,2027-04-25,,,,,0
1.1.5.3.3.1.14.4,Internal Plumbing Works,Tower 3,14th Floor,MEP,Tower MEP,Plumbing,,118410000.0,2027-04-23,2027-04-29,,,,,0
1.1.5.3.3.1.14.5,Waterproofing,Tower 3,14th Floor,Finishing,Tower Civil Finishes,Waterproofing,,37013600.0,2027-04-30,2027-05-11,,,,,0
1.1.5.3.3.1.14.6,Internal Plaster,Tower 3,14th Floor,Finishing,Tower Civil Finishes,Int Plaster,,134461100.0,2027-05-12,2027-05-26,,,,,0
1.1.5.3.3.1.14.7,IPS flooring work,Tower 3,14th Floor,Finishing,Tower Finishing,Flooring,,265764200.0,2027-04-23,2027-05-03,,,,,0
1.1.5.3.3.1.14.8,Toilet dado work,Tower 3,14th Floor,Finishing,Tower Finishing,Flooring,,83758100.0,2027-05-27,2027-06-11,,,,,0
1.1.5.3.3.1.14.9,Toilet flooring work,Tower 3,14th Floor,Finishing,Tower Finishing,Flooring,,57877300.0,2027-06-12,2027-06-27,,,,,0
1.1.5.3.3.1.14.10,Living dinning flooring,Tower 3,14th Floor,Finishing,Tower Finishing,Flooring,,170200700.0,2027-06-28,2027-07-13,,,,,0
1.1.5.3.3.1.14.11,Electrical wiring work,Tower 3,14th Floor,MEP,Tower MEP,Electrical,,138141400.0,2027-07-04,2027-07-13,,,,,0
1.1.5.3.3.1.14.12,Aluminium door-window fixing,Tower 3,14th Floor,Finishing,Tower Finishing,Window,,104030400.0,2027-07-06,2027-07-22,,,,,0
1.1.5.3.3.1.14.13,Putty primer coat,Tower 3,14th Floor,Finishing,Tower Finishing,Paint,,34767400.0,2027-07-15,2027-07-22,,,,,0
1.1.5.3.3.1.14.14,Prehung door fixing,Tower 3,14th Floor,Finishing,Tower Finishing,Door,,62765700.0,2027-07-18,2027-07-24,,,,,0
1.1.5.3.3.1.14.15,Painting 1st coat,Tower 3,14th Floor,Finishing,Tower Finishing,Paint,,23178300.0,2027-07-25,2027-08-03,,,,,0
1.1.5.3.3.1.14.16,False Ceiling panel fixing,Tower 3,14th Floor,Finishing,Tower Finishing,False Ceiling,,24794500.0,2027-08-04,2027-08-11,,,,,0
1.1.5.3.3.1.15,15th Floor,,,,,,,,2027-04-25,2027-08-23,,,,,
1.1.5.3.3.1.15.1,Block Work ,Tower 3,15th Floor,Finishing,Tower Civil Finishes,Blockwork,,71740300.0,2027-04-25,2027-05-04,,,,,0
1.1.5.3.3.1.15.2,Installation of temporary Main door,Tower 3,15th Floor,Finishing,Tower Finishing,Door,,13117000.0,2027-05-05,2027-05-11,,,,,0
1.1.5.3.3.1.15.3,Fire sprinkler pipe fixing,Tower 3,15th Floor,MEP,Common area-MEP,CA-Fire-fighting & FAPA,,39785600.0,2027-05-05,2027-05-07,,,,,0
1.1.5.3.3.1.15.4,Internal Plumbing Works,Tower 3,15th Floor,MEP,Tower MEP,Plumbing,,118410000.0,2027-05-05,2027-05-11,,,,,0
1.1.5.3.3.1.15.5,Waterproofing,Tower 3,15th Floor,Finishing,Tower Civil Finishes,Waterproofing,,37013600.0,2027-05-12,2027-05-23,,,,,0
1.1.5.3.3.1.15.6,Internal Plaster,Tower 3,15th Floor,Finishing,Tower Civil Finishes,Int Plaster,,134461100.0,2027-05-24,2027-06-07,,,,,0
1.1.5.3.3.1.15.7,IPS flooring work,Tower 3,15th Floor,Finishing,Tower Finishing,Flooring,,265764200.0,2027-05-05,2027-05-15,,,,,0
1.1.5.3.3.1.15.8,Toilet dado work,Tower 3,15th Floor,Finishing,Tower Finishing,Flooring,,83758100.0,2027-06-08,2027-06-23,,,,,0
1.1.5.3.3.1.15.9,Toilet flooring work,Tower 3,15th Floor,Finishing,Tower Finishing,Flooring,,57877300.0,2027-06-24,2027-07-09,,,,,0
1.1.5.3.3.1.15.10,Living dinning flooring,Tower 3,15th Floor,Finishing,Tower Finishing,Flooring,,170200700.0,2027-07-10,2027-07-25,,,,,0
1.1.5.3.3.1.15.11,Electrical wiring work,Tower 3,15th Floor,MEP,Tower MEP,Electrical,,138141400.0,2027-07-16,2027-07-25,,,,,0
1.1.5.3.3.1.15.12,Aluminium door-window fixing,Tower 3,15th Floor,Finishing,Tower Finishing,Window,,104030400.0,2027-07-18,2027-08-03,,,,,0
1.1.5.3.3.1.15.13,Putty primer coat,Tower 3,15th Floor,Finishing,Tower Finishing,Paint,,34767400.0,2027-07-27,2027-08-03,,,,,0
1.1.5.3.3.1.15.14,Prehung door fixing,Tower 3,15th Floor,Finishing,Tower Finishing,Door,,62765700.0,2027-07-30,2027-08-05,,,,,0
1.1.5.3.3.1.15.15,Painting 1st coat,Tower 3,15th Floor,Finishing,Tower Finishing,Paint,,23178300.0,2027-08-06,2027-08-15,,,,,0
1.1.5.3.3.1.15.16,False Ceiling panel fixing,Tower 3,15th Floor,Finishing,Tower Finishing,False Ceiling,,24794500.0,2027-08-16,2027-08-23,,,,,0
1.1.5.3.3.1.16,16th Floor,,,,,,,,2027-05-07,2027-09-04,,,,,
1.1.5.3.3.1.16.1,Block Work ,Tower 3,16th Floor,Finishing,Tower Civil Finishes,Blockwork,,71740300.0,2027-05-07,2027-05-16,,,,,0
1.1.5.3.3.1.16.2,Installation of temporary Main door,Tower 3,16th Floor,Finishing,Tower Finishing,Door,,13117000.0,2027-05-17,2027-05-23,,,,,0
1.1.5.3.3.1.16.3,Fire sprinkler pipe fixing,Tower 3,16th Floor,MEP,Common area-MEP,CA-Fire-fighting & FAPA,,39785600.0,2027-05-17,2027-05-19,,,,,0
1.1.5.3.3.1.16.4,Internal Plumbing Works,Tower 3,16th Floor,MEP,Tower MEP,Plumbing,,118410000.0,2027-05-17,2027-05-23,,,,,0
1.1.5.3.3.1.16.5,Waterproofing,Tower 3,16th Floor,Finishing,Tower Civil Finishes,Waterproofing,,37013600.0,2027-05-24,2027-06-04,,,,,0
1.1.5.3.3.1.16.6,Internal Plaster,Tower 3,16th Floor,Finishing,Tower Civil Finishes,Int Plaster,,134461100.0,2027-06-05,2027-06-19,,,,,0
1.1.5.3.3.1.16.7,IPS flooring work,Tower 3,16th Floor,Finishing,Tower Finishing,Flooring,,265764200.0,2027-05-17,2027-05-27,,,,,0
1.1.5.3.3.1.16.8,Toilet dado work,Tower 3,16th Floor,Finishing,Tower Finishing,Flooring,,83758100.0,2027-06-20,2027-07-05,,,,,0
1.1.5.3.3.1.16.9,Toilet flooring work,Tower 3,16th Floor,Finishing,Tower Finishing,Flooring,,57877300.0,2027-07-06,2027-07-21,,,,,0
1.1.5.3.3.1.16.10,Living dinning flooring,Tower 3,16th Floor,Finishing,Tower Finishing,Flooring,,170200700.0,2027-07-22,2027-08-06,,,,,0
1.1.5.3.3.1.16.11,Electrical wiring work,Tower 3,16th Floor,MEP,Tower MEP,Electrical,,138141400.0,2027-07-28,2027-08-06,,,,,0
1.1.5.3.3.1.16.12,Aluminium door-window fixing,Tower 3,16th Floor,Finishing,Tower Finishing,Window,,104030400.0,2027-07-30,2027-08-15,,,,,0
1.1.5.3.3.1.16.13,Putty primer coat,Tower 3,16th Floor,Finishing,Tower Finishing,Paint,,34767400.0,2027-08-08,2027-08-15,,,,,0
1.1.5.3.3.1.16.14,Prehung door fixing,Tower 3,16th Floor,Finishing,Tower Finishing,Door,,62765700.0,2027-08-11,2027-08-17,,,,,0
1.1.5.3.3.1.16.15,Painting 1st coat,Tower 3,16th Floor,Finishing,Tower Finishing,Paint,,23178300.0,2027-08-18,2027-08-27,,,,,0
1.1.5.3.3.1.16.16,False Ceiling panel fixing,Tower 3,16th Floor,Finishing,Tower Finishing,False Ceiling,,24794500.0,2027-08-28,2027-09-04,,,,,0
1.1.5.3.3.1.17,17th Floor,,,,,,,,2027-05-19,2027-09-16,,,,,
1.1.5.3.3.1.17.1,Block Work ,Tower 3,17th Floor,Finishing,Tower Civil Finishes,Blockwork,,71740300.0,2027-05-19,2027-05-28,,,,,0
1.1.5.3.3.1.17.2,Installation of temporary Main door,Tower 3,17th Floor,Finishing,Tower Finishing,Door,,13117000.0,2027-05-29,2027-06-04,,,,,0
1.1.5.3.3.1.17.3,Fire sprinkler pipe fixing,Tower 3,17th Floor,MEP,Common area-MEP,CA-Fire-fighting & FAPA,,39785600.0,2027-05-29,2027-05-31,,,,,0
1.1.5.3.3.1.17.4,Internal Plumbing Works,Tower 3,17th Floor,MEP,Tower MEP,Plumbing,,118410000.0,2027-05-29,2027-06-04,,,,,0
1.1.5.3.3.1.17.5,Waterproofing,Tower 3,17th Floor,Finishing,Tower Civil Finishes,Waterproofing,,37013600.0,2027-06-05,2027-06-16,,,,,0
1.1.5.3.3.1.17.6,Internal Plaster,Tower 3,17th Floor,Finishing,Tower Civil Finishes,Int Plaster,,134461100.0,2027-06-17,2027-07-01,,,,,0
1.1.5.3.3.1.17.7,IPS flooring work,Tower 3,17th Floor,Finishing,Tower Finishing,Flooring,,265764200.0,2027-05-29,2027-06-08,,,,,0
1.1.5.3.3.1.17.8,Toilet dado work,Tower 3,17th Floor,Finishing,Tower Finishing,Flooring,,83758100.0,2027-07-02,2027-07-17,,,,,0
1.1.5.3.3.1.17.9,Toilet flooring work,Tower 3,17th Floor,Finishing,Tower Finishing,Flooring,,57877300.0,2027-07-18,2027-08-02,,,,,0
1.1.5.3.3.1.17.10,Living dinning flooring,Tower 3,17th Floor,Finishing,Tower Finishing,Flooring,,170200700.0,2027-08-03,2027-08-18,,,,,0
1.1.5.3.3.1.17.11,Electrical wiring work,Tower 3,17th Floor,MEP,Tower MEP,Electrical,,138141400.0,2027-08-09,2027-08-18,,,,,0
1.1.5.3.3.1.17.12,Aluminium door-window fixing,Tower 3,17th Floor,Finishing,Tower Finishing,Window,,104030400.0,2027-08-11,2027-08-27,,,,,0
1.1.5.3.3.1.17.13,Putty primer coat,Tower 3,17th Floor,Finishing,Tower Finishing,Paint,,34767400.0,2027-08-20,2027-08-27,,,,,0
1.1.5.3.3.1.17.14,Prehung door fixing,Tower 3,17th Floor,Finishing,Tower Finishing,Door,,62765700.0,2027-08-23,2027-08-29,,,,,0
1.1.5.3.3.1.17.15,Painting 1st coat,Tower 3,17th Floor,Finishing,Tower Finishing,Paint,,23178300.0,2027-08-30,2027-09-08,,,,,0
1.1.5.3.3.1.17.16,False Ceiling panel fixing,Tower 3,17th Floor,Finishing,Tower Finishing,False Ceiling,,24794500.0,2027-09-09,2027-09-16,,,,,0
1.1.5.3.3.1.18,18th Floor,,,,,,,,2027-05-31,2027-10-01,,,,,
1.1.5.3.3.1.18.1,Block Work ,Tower 3,18th Floor,Finishing,Tower Civil Finishes,Blockwork,,71740300.0,2027-05-31,2027-06-09,,,,,0
1.1.5.3.3.1.18.2,Installation of temporary Main door,Tower 3,18th Floor,Finishing,Tower Finishing,Door,,13117000.0,2027-06-10,2027-06-16,,,,,0
1.1.5.3.3.1.18.3,Fire sprinkler pipe fixing,Tower 3,18th Floor,MEP,Common area-MEP,CA-Fire-fighting & FAPA,,39785600.0,2027-06-10,2027-06-12,,,,,0
1.1.5.3.3.1.18.4,Internal Plumbing Works,Tower 3,18th Floor,MEP,Tower MEP,Plumbing,,118410000.0,2027-06-10,2027-06-19,,,,,0
1.1.5.3.3.1.18.5,Waterproofing,Tower 3,18th Floor,Finishing,Tower Civil Finishes,Waterproofing,,37013600.0,2027-06-20,2027-07-01,,,,,0
1.1.5.3.3.1.18.6,Internal Plaster,Tower 3,18th Floor,Finishing,Tower Civil Finishes,Int Plaster,,134461100.0,2027-07-02,2027-07-16,,,,,0
1.1.5.3.3.1.18.7,IPS flooring work,Tower 3,18th Floor,Finishing,Tower Finishing,Flooring,,265764200.0,2027-06-10,2027-06-20,,,,,0
1.1.5.3.3.1.18.8,Toilet dado work,Tower 3,18th Floor,Finishing,Tower Finishing,Flooring,,83758100.0,2027-07-17,2027-08-01,,,,,0
1.1.5.3.3.1.18.9,Toilet flooring work,Tower 3,18th Floor,Finishing,Tower Finishing,Flooring,,57877300.0,2027-08-02,2027-08-17,,,,,0
1.1.5.3.3.1.18.10,Living dinning flooring,Tower 3,18th Floor,Finishing,Tower Finishing,Flooring,,170200700.0,2027-08-18,2027-09-02,,,,,0
1.1.5.3.3.1.18.11,Electrical wiring work,Tower 3,18th Floor,MEP,Tower MEP,Electrical,,138141400.0,2027-08-24,2027-09-02,,,,,0
1.1.5.3.3.1.18.12,Aluminium door-window fixing,Tower 3,18th Floor,Finishing,Tower Finishing,Window,,104030400.0,2027-08-26,2027-09-11,,,,,0
1.1.5.3.3.1.18.13,Putty primer coat,Tower 3,18th Floor,Finishing,Tower Finishing,Paint,,34767400.0,2027-09-04,2027-09-11,,,,,0
1.1.5.3.3.1.18.14,Prehung door fixing,Tower 3,18th Floor,Finishing,Tower Finishing,Door,,62765700.0,2027-09-07,2027-09-13,,,,,0
1.1.5.3.3.1.18.15,Painting 1st coat,Tower 3,18th Floor,Finishing,Tower Finishing,Paint,,23178300.0,2027-09-14,2027-09-23,,,,,0
1.1.5.3.3.1.18.16,False Ceiling panel fixing,Tower 3,18th Floor,Finishing,Tower Finishing,False Ceiling,,24794500.0,2027-09-24,2027-10-01,,,,,0
1.1.5.3.3.1.19,19th Floor,,,,,,,,2027-06-12,2027-10-10,,,,,
1.1.5.3.3.1.19.1,Block Work ,Tower 3,19th Floor,Finishing,Tower Civil Finishes,Blockwork,,71740300.0,2027-06-12,2027-06-21,,,,,0
1.1.5.3.3.1.19.2,Installation of temporary Main door,Tower 3,19th Floor,Finishing,Tower Finishing,Door,,13117000.0,2027-06-22,2027-06-28,,,,,0
1.1.5.3.3.1.19.3,Fire sprinkler pipe fixing,Tower 3,19th Floor,MEP,Common area-MEP,CA-Fire-fighting & FAPA,,39785600.0,2027-06-22,2027-06-24,,,,,0
1.1.5.3.3.1.19.4,Internal Plumbing Works,Tower 3,19th Floor,MEP,Tower MEP,Plumbing,,118410000.0,2027-06-22,2027-06-28,,,,,0
1.1.5.3.3.1.19.5,Waterproofing,Tower 3,19th Floor,Finishing,Tower Civil Finishes,Waterproofing,,37013600.0,2027-06-29,2027-07-10,,,,,0
1.1.5.3.3.1.19.6,Internal Plaster,Tower 3,19th Floor,Finishing,Tower Civil Finishes,Int Plaster,,134461100.0,2027-07-11,2027-07-25,,,,,0
1.1.5.3.3.1.19.7,IPS flooring work,Tower 3,19th Floor,Finishing,Tower Finishing,Flooring,,265764200.0,2027-06-22,2027-07-02,,,,,0
1.1.5.3.3.1.19.8,Toilet dado work,Tower 3,19th Floor,Finishing,Tower Finishing,Flooring,,83758100.0,2027-07-26,2027-08-10,,,,,0
1.1.5.3.3.1.19.9,Toilet flooring work,Tower 3,19th Floor,Finishing,Tower Finishing,Flooring,,57877300.0,2027-08-11,2027-08-26,,,,,0
1.1.5.3.3.1.19.10,Living dinning flooring,Tower 3,19th Floor,Finishing,Tower Finishing,Flooring,,170200700.0,2027-08-27,2027-09-11,,,,,0
1.1.5.3.3.1.19.11,Electrical wiring work,Tower 3,19th Floor,MEP,Tower MEP,Electrical,,138141400.0,2027-09-02,2027-09-11,,,,,0
1.1.5.3.3.1.19.12,Aluminium door-window fixing,Tower 3,19th Floor,Finishing,Tower Finishing,Window,,104030400.0,2027-09-04,2027-09-20,,,,,0
1.1.5.3.3.1.19.13,Putty primer coat,Tower 3,19th Floor,Finishing,Tower Finishing,Paint,,34767400.0,2027-09-13,2027-09-20,,,,,0
1.1.5.3.3.1.19.14,Prehung door fixing,Tower 3,19th Floor,Finishing,Tower Finishing,Door,,62765700.0,2027-09-16,2027-09-22,,,,,0
1.1.5.3.3.1.19.15,Painting 1st coat,Tower 3,19th Floor,Finishing,Tower Finishing,Paint,,23178300.0,2027-09-23,2027-10-02,,,,,0
1.1.5.3.3.1.19.16,False Ceiling panel fixing,Tower 3,19th Floor,Finishing,Tower Finishing,False Ceiling,,24794500.0,2027-10-03,2027-10-10,,,,,0
1.1.5.3.3.1.20,20th Floor,,,,,,,,2027-06-23,2027-10-18,,,,,
1.1.5.3.3.1.20.1,Block Work ,Tower 3,20th Floor,Finishing,Tower Civil Finishes,Blockwork,,71740300.0,2027-06-23,2027-07-02,,,,,0
1.1.5.3.3.1.20.2,Installation of temporary Main door,Tower 3,20th Floor,Finishing,Tower Finishing,Door,,13117000.0,2027-07-03,2027-07-09,,,,,0
1.1.5.3.3.1.20.3,Fire sprinkler pipe fixing,Tower 3,20th Floor,MEP,Common area-MEP,CA-Fire-fighting & FAPA,,39785600.0,2027-07-03,2027-07-05,,,,,0
1.1.5.3.3.1.20.4,Internal Plumbing Works,Tower 3,20th Floor,MEP,Tower MEP,Plumbing,,118410000.0,2027-07-03,2027-07-09,,,,,0
1.1.5.3.3.1.20.5,Waterproofing,Tower 3,20th Floor,Finishing,Tower Civil Finishes,Waterproofing,,37013600.0,2027-07-10,2027-07-21,,,,,0
1.1.5.3.3.1.20.6,Internal Plaster,Tower 3,20th Floor,Finishing,Tower Civil Finishes,Int Plaster,,134461100.0,2027-07-22,2027-07-26,,,,,0
1.1.5.3.3.1.20.7,IPS flooring work,Tower 3,20th Floor,Finishing,Tower Finishing,Flooring,,265764200.0,2027-07-03,2027-07-03,,,,,0
1.1.5.3.3.1.20.8,Toilet dado work,Tower 3,20th Floor,Finishing,Tower Finishing,Flooring,,83758100.0,2027-07-27,2027-08-11,,,,,0
1.1.5.3.3.1.20.9,Toilet flooring work,Tower 3,20th Floor,Finishing,Tower Finishing,Flooring,,57877300.0,2027-08-12,2027-08-27,,,,,0
1.1.5.3.3.1.20.10,Living dinning flooring,Tower 3,20th Floor,Finishing,Tower Finishing,Flooring,,170200700.0,2027-08-28,2027-09-12,,,,,0
1.1.5.3.3.1.20.11,Electrical wiring work,Tower 3,20th Floor,MEP,Tower MEP,Electrical,,138141400.0,2027-09-03,2027-09-12,,,,,0
1.1.5.3.3.1.20.12,Aluminium door-window fixing,Tower 3,20th Floor,Finishing,Tower Finishing,Window,,104030400.0,2027-09-05,2027-09-21,,,,,0
1.1.5.3.3.1.20.13,Putty primer coat,Tower 3,20th Floor,Finishing,Tower Finishing,Paint,,34767400.0,2027-09-14,2027-09-21,,,,,0
1.1.5.3.3.1.20.14,Prehung door fixing,Tower 3,20th Floor,Finishing,Tower Finishing,Door,,62765700.0,2027-09-17,2027-09-23,,,,,0
1.1.5.3.3.1.20.15,Painting 1st coat,Tower 3,20th Floor,Finishing,Tower Finishing,Paint,,23178300.0,2027-09-24,2027-10-03,,,,,0
1.1.5.3.3.1.20.16,False Ceiling panel fixing,Tower 3,20th Floor,Finishing,Tower Finishing,False Ceiling,,24794500.0,2027-10-11,2027-10-18,,,,,0
1.1.5.3.3.1.21,21st Floor,,,,,,,,2027-06-30,2027-10-26,,,,,
1.1.5.3.3.1.21.1,Block Work ,Tower 3,21st Floor,Finishing,Tower Civil Finishes,Blockwork,,71740300.0,2027-06-30,2027-07-06,,,,,0
1.1.5.3.3.1.21.2,Installation of temporary Main door,Tower 3,21st Floor,Finishing,Tower Finishing,Door,,13117000.0,2027-07-07,2027-07-13,,,,,0
1.1.5.3.3.1.21.3,Fire sprinkler pipe fixing,Tower 3,21st Floor,MEP,Common area-MEP,CA-Fire-fighting & FAPA,,39785600.0,2027-07-07,2027-07-09,,,,,0
1.1.5.3.3.1.21.4,Internal Plumbing Works,Tower 3,21st Floor,MEP,Tower MEP,Plumbing,,118410000.0,2027-07-07,2027-07-13,,,,,0
1.1.5.3.3.1.21.5,Waterproofing,Tower 3,21st Floor,Finishing,Tower Civil Finishes,Waterproofing,,37013600.0,2027-07-14,2027-07-25,,,,,0
1.1.5.3.3.1.21.6,Internal Plaster,Tower 3,21st Floor,Finishing,Tower Civil Finishes,Int Plaster,,134461100.0,2027-07-26,2027-08-09,,,,,0
1.1.5.3.3.1.21.7,IPS flooring work,Tower 3,21st Floor,Finishing,Tower Finishing,Flooring,,265764200.0,2027-07-07,2027-07-17,,,,,0
1.1.5.3.3.1.21.8,Toilet dado work,Tower 3,21st Floor,Finishing,Tower Finishing,Flooring,,83758100.0,2027-08-10,2027-08-25,,,,,0
1.1.5.3.3.1.21.9,Toilet flooring work,Tower 3,21st Floor,Finishing,Tower Finishing,Flooring,,57877300.0,2027-08-26,2027-09-10,,,,,0
1.1.5.3.3.1.21.10,Living dinning flooring,Tower 3,21st Floor,Finishing,Tower Finishing,Flooring,,170200700.0,2027-09-11,2027-09-26,,,,,0
1.1.5.3.3.1.21.11,Electrical wiring work,Tower 3,21st Floor,MEP,Tower MEP,Electrical,,138141400.0,2027-09-17,2027-09-26,,,,,0
1.1.5.3.3.1.21.12,Aluminium door-window fixing,Tower 3,21st Floor,Finishing,Tower Finishing,Window,,104030400.0,2027-09-19,2027-10-05,,,,,0
1.1.5.3.3.1.21.13,Putty primer coat,Tower 3,21st Floor,Finishing,Tower Finishing,Paint,,34767400.0,2027-09-28,2027-10-05,,,,,0
1.1.5.3.3.1.21.14,Prehung door fixing,Tower 3,21st Floor,Finishing,Tower Finishing,Door,,62765700.0,2027-10-01,2027-10-07,,,,,0
1.1.5.3.3.1.21.15,Painting 1st coat,Tower 3,21st Floor,Finishing,Tower Finishing,Paint,,23178300.0,2027-10-08,2027-10-17,,,,,0
1.1.5.3.3.1.21.16,False Ceiling panel fixing,Tower 3,21st Floor,Finishing,Tower Finishing,False Ceiling,,24794500.0,2027-10-19,2027-10-26,,,,,0
1.1.5.3.3.1.22,22nd Floor,,,,,,,,2027-07-07,2027-12-20,,,,,
1.1.5.3.3.1.22.1,Block Work ,Tower 3,22nd Floor,Finishing,Tower Civil Finishes,Blockwork,,71740300.0,2027-07-07,2027-07-13,,,,,0
1.1.5.3.3.1.22.2,Installation of temporary Main door,Tower 3,22nd Floor,Finishing,Tower Finishing,Door,,13117000.0,2027-07-14,2027-07-20,,,,,0
1.1.5.3.3.1.22.3,Fire sprinkler pipe fixing,Tower 3,22nd Floor,MEP,Common area-MEP,CA-Fire-fighting & FAPA,,39785600.0,2027-07-14,2027-07-16,,,,,0
1.1.5.3.3.1.22.4,Internal Plumbing Works,Tower 3,22nd Floor,MEP,Tower MEP,Plumbing,,118410000.0,2027-07-14,2027-07-20,,,,,0
1.1.5.3.3.1.22.5,Waterproofing,Tower 3,22nd Floor,Finishing,Tower Civil Finishes,Waterproofing,,37013600.0,2027-07-21,2027-08-01,,,,,0
1.1.5.3.3.1.22.6,Internal Plaster,Tower 3,22nd Floor,Finishing,Tower Civil Finishes,Int Plaster,,134461100.0,2027-08-02,2027-08-16,,,,,0
1.1.5.3.3.1.22.7,IPS flooring work,Tower 3,22nd Floor,Finishing,Tower Finishing,Flooring,,265764200.0,2027-07-14,2027-07-24,,,,,0
1.1.5.3.3.1.22.8,Toilet dado work,Tower 3,22nd Floor,Finishing,Tower Finishing,Flooring,,83758100.0,2027-08-17,2027-09-05,,,,,0
1.1.5.3.3.1.22.9,Toilet flooring work,Tower 3,22nd Floor,Finishing,Tower Finishing,Flooring,,57877300.0,2027-09-06,2027-09-21,,,,,0
1.1.5.3.3.1.22.10,Living dinning flooring,Tower 3,22nd Floor,Finishing,Tower Finishing,Flooring,,170200700.0,2027-09-22,2027-10-07,,,,,0
1.1.5.3.3.1.22.11,Electrical wiring work,Tower 3,22nd Floor,MEP,Tower MEP,Electrical,,138141400.0,2027-09-28,2027-10-07,,,,,0
1.1.5.3.3.1.22.12,Aluminium door-window fixing,Tower 3,22nd Floor,Finishing,Tower Finishing,Window,,104030400.0,2027-09-30,2027-10-16,,,,,0
1.1.5.3.3.1.22.13,Putty primer coat,Tower 3,22nd Floor,Finishing,Tower Finishing,Paint,,34767400.0,2027-10-09,2027-10-16,,,,,0
1.1.5.3.3.1.22.14,Prehung door fixing,Tower 3,22nd Floor,Finishing,Tower Finishing,Door,,62765700.0,2027-10-12,2027-10-18,,,,,0
1.1.5.3.3.1.22.15,Painting 1st coat,Tower 3,22nd Floor,Finishing,Tower Finishing,Paint,,23178300.0,2027-10-19,2027-10-28,,,,,0
1.1.5.3.3.1.22.16,False Ceiling panel fixing,Tower 3,22nd Floor,Finishing,Tower Finishing,False Ceiling,,24794500.0,2027-10-29,2027-12-20,,,,,0
1.1.5.3.3.1.23,23rd Floor,,,,,,,,2027-07-09,2028-01-17,,,,,
1.1.5.3.3.1.23.1,Block Work ,Tower 3,23rd Floor,Finishing,Tower Civil Finishes,Blockwork,,71740300.0,2027-07-09,2027-08-01,,,,,0
1.1.5.3.3.1.23.2,Installation of temporary Main door,Tower 3,23rd Floor,Finishing,Tower Finishing,Door,,13117000.0,2027-08-02,2027-08-08,,,,,0
1.1.5.3.3.1.23.3,Fire sprinkler pipe fixing,Tower 3,23rd Floor,MEP,Common area-MEP,CA-Fire-fighting & FAPA,,39785600.0,2027-08-02,2027-08-04,,,,,0
1.1.5.3.3.1.23.4,Internal Plumbing Works,Tower 3,23rd Floor,MEP,Tower MEP,Plumbing,,118410000.0,2027-08-02,2027-08-08,,,,,0
1.1.5.3.3.1.23.5,Waterproofing,Tower 3,23rd Floor,Finishing,Tower Civil Finishes,Waterproofing,,37013600.0,2027-08-09,2027-08-20,,,,,0
1.1.5.3.3.1.23.6,Internal Plaster,Tower 3,23rd Floor,Finishing,Tower Civil Finishes,Int Plaster,,134461100.0,2027-08-21,2027-08-31,,,,,0
1.1.5.3.3.1.23.7,IPS flooring work,Tower 3,23rd Floor,Finishing,Tower Finishing,Flooring,,265764200.0,2027-08-02,2027-08-12,,,,,0
1.1.5.3.3.1.23.8,Toilet dado work,Tower 3,23rd Floor,Finishing,Tower Finishing,Flooring,,83758100.0,2027-09-01,2027-09-20,,,,,0
1.1.5.3.3.1.23.9,Toilet flooring work,Tower 3,23rd Floor,Finishing,Tower Finishing,Flooring,,57877300.0,2027-09-21,2027-10-06,,,,,0
1.1.5.3.3.1.23.10,Living dinning flooring,Tower 3,23rd Floor,Finishing,Tower Finishing,Flooring,,170200700.0,2027-10-07,2027-12-19,,,,,0
1.1.5.3.3.1.23.11,Electrical wiring work,Tower 3,23rd Floor,MEP,Tower MEP,Electrical,,138141400.0,2027-10-26,2027-12-19,,,,,0
1.1.5.3.3.1.23.12,Aluminium door-window fixing,Tower 3,23rd Floor,Finishing,Tower Finishing,Window,,104030400.0,2027-10-28,2027-12-28,,,,,0
1.1.5.3.3.1.23.13,Putty primer coat,Tower 3,23rd Floor,Finishing,Tower Finishing,Paint,,34767400.0,2027-12-21,2027-12-28,,,,,0
1.1.5.3.3.1.23.14,Prehung door fixing,Tower 3,23rd Floor,Finishing,Tower Finishing,Door,,62765700.0,2027-12-24,2027-12-30,,,,,0
1.1.5.3.3.1.23.15,Painting 1st coat,Tower 3,23rd Floor,Finishing,Tower Finishing,Paint,,23178300.0,2027-12-31,2028-01-09,,,,,0
1.1.5.3.3.1.23.16,False Ceiling panel fixing,Tower 3,23rd Floor,Finishing,Tower Finishing,False Ceiling,,24794500.0,2028-01-10,2028-01-17,,,,,0
1.1.5.3.3.2,Terrace finishing,,,,,,,,2027-07-06,2027-09-13,,,,,
1.1.5.3.3.2.1,Terrace waterproofing,Tower 3,Terrace,Finishing,Tower Civil Finishes,Waterproofing,,368200400.0,2027-07-06,2027-08-04,,,,,0
1.1.5.3.3.2.2,Terrace Finishing,Tower 3,Terrace,Finishing,Common area finishes,CA-Flooring,,171264600.0,2027-08-05,2027-09-13,,,,,0
1.1.5.3.3.3,Common area finishing,,,,,,,,2027-04-17,2027-10-23,,,,,
1.1.5.3.3.3.1,Masonary Work,Tower 3,,Finishing,Common area finishes,CA-Blockwork,,71740300.0,2027-04-17,2027-05-26,,,,,0
1.1.5.3.3.3.2,Fire sprinkler pipe fixing,Tower 3,,MEP,Common area-MEP,CA-Fire-fighting & FAPA,,1058278400.0,2027-04-22,2027-05-31,,,,,0
1.1.5.3.3.3.3,"Corridoor, staircase, shaft Plaster & whitewash",Tower 3,,Finishing,Common area finishes,CA-Int Plaster,,123561200.0,2027-04-27,2027-07-15,,,,,0
1.1.5.3.3.3.4,Staircase railing fixing,Tower 3,,Finishing,Common area finishes,CA-Railing,,984487800.0,2027-05-07,2027-07-25,,,,,0
1.1.5.3.3.3.5,Fire staircase flooring,Tower 3,,Finishing,Common area finishes,CA-Flooring,,160524000.0,2027-04-27,2027-08-04,,,,,0
1.1.5.3.3.3.6,Main staircase flooring,Tower 3,,Finishing,Common area finishes,CA-Flooring,,160524000.0,2027-04-27,2027-08-04,,,,,0
1.1.5.3.3.3.7,Fire door work,Tower 3,,Finishing,Common area finishes,CA-Door,,304800000.0,2027-06-06,2027-10-03,,,,,0
1.1.5.3.3.3.8,Lobby flooring & Corridor,Tower 3,,Finishing,Common area finishes,CA-Flooring,,1109024200.0,2027-05-07,2027-10-23,,,,,0
1.1.5.3.3.3.9,Ceiling & wall putty-primer,Tower 3,,Finishing,Common area finishes,CA-Paint,,34767400.0,2027-07-26,2027-10-13,,,,,0
1.1.5.3.3.3.10,Ceiling & wall painting,Tower 3,,Finishing,Common area finishes,CA-Paint,,23178300.0,2027-07-06,2027-09-18,,,,,0
1.1.5.3.3.3.11,Electrical wiring work,Tower 3,,MEP,Common area-MEP,CA-Electrical,,210952300.0,2027-06-11,2027-08-19,,,,,0
1.1.5.3.3.3.12,Light fixture supply & installation,Tower 3,,MEP,Common area-MEP,CA-Electrical,,54365000.0,2027-07-06,2027-08-04,,,,,0
1.1.5.3.3.3.13,Installation of fire signages including Basements,Tower 3,,MEP,BRM-Security,BRM-Security,,167432100.0,2027-09-19,2027-10-08,,,,,0
1.1.5.3.3.4,Balcony Glass Railing,,,,,,,,2027-03-26,2027-09-02,,,,,
1.1.5.3.3.4.1,1st Floor,Tower 3,1st Floor,Finishing,Tower Civil Finishes,Railing,,119704600.0,2027-03-26,2027-04-01,,,,,0
1.1.5.3.3.4.2,2nd Floor,Tower 3,2nd Floor,Finishing,Tower Civil Finishes,Railing,,119704600.0,2027-04-02,2027-04-08,,,,,0
1.1.5.3.3.4.3,3rd Floor,Tower 3,3rd Floor,Finishing,Tower Civil Finishes,Railing,,119704600.0,2027-04-09,2027-04-15,,,,,0
1.1.5.3.3.4.4,4th Floor,Tower 3,4th Floor,Finishing,Tower Civil Finishes,Railing,,119704600.0,2027-04-16,2027-04-22,,,,,0
1.1.5.3.3.4.5,5th Floor,Tower 3,5th Floor,Finishing,Tower Civil Finishes,Railing,,119704600.0,2027-04-23,2027-04-29,,,,,0
1.1.5.3.3.4.6,6th Floor,Tower 3,6th Floor,Finishing,Tower Civil Finishes,Railing,,119704600.0,2027-04-30,2027-05-06,,,,,0
1.1.5.3.3.4.7,7th Floor,Tower 3,7th Floor,Finishing,Tower Civil Finishes,Railing,,119704600.0,2027-05-07,2027-05-13,,,,,0
1.1.5.3.3.4.8,8th Floor,Tower 3,8th Floor,Finishing,Tower Civil Finishes,Railing,,119704600.0,2027-05-14,2027-05-20,,,,,0
1.1.5.3.3.4.9,9th Floor,Tower 3,9th Floor,Finishing,Tower Civil Finishes,Railing,,119704600.0,2027-05-21,2027-05-27,,,,,0
1.1.5.3.3.4.10,10th Floor,Tower 3,10th Floor,Finishing,Tower Civil Finishes,Railing,,119704600.0,2027-05-28,2027-06-03,,,,,0
1.1.5.3.3.4.11,11th Floor,Tower 3,11th Floor,Finishing,Tower Civil Finishes,Railing,,119704600.0,2027-06-04,2027-06-10,,,,,0
1.1.5.3.3.4.12,12th Floor,Tower 3,12th Floor,Finishing,Tower Civil Finishes,Railing,,119704600.0,2027-06-11,2027-06-17,,,,,0
1.1.5.3.3.4.13,13th Floor,Tower 3,13th Floor,Finishing,Tower Civil Finishes,Railing,,119704600.0,2027-06-18,2027-06-24,,,,,0
1.1.5.3.3.4.14,14th Floor,Tower 3,14th Floor,Finishing,Tower Civil Finishes,Railing,,119704600.0,2027-06-25,2027-07-01,,,,,0
1.1.5.3.3.4.15,15th Floor,Tower 3,15th Floor,Finishing,Tower Civil Finishes,Railing,,119704600.0,2027-07-02,2027-07-08,,,,,0
1.1.5.3.3.4.16,16th Floor,Tower 3,16th Floor,Finishing,Tower Civil Finishes,Railing,,119704600.0,2027-07-09,2027-07-15,,,,,0
1.1.5.3.3.4.17,17th Floor,Tower 3,17th Floor,Finishing,Tower Civil Finishes,Railing,,119704600.0,2027-07-16,2027-07-22,,,,,0
1.1.5.3.3.4.18,18th Floor,Tower 3,18th Floor,Finishing,Tower Civil Finishes,Railing,,119704600.0,2027-07-23,2027-07-29,,,,,0
1.1.5.3.3.4.19,19th Floor,Tower 3,19th Floor,Finishing,Tower Civil Finishes,Railing,,119704600.0,2027-07-30,2027-08-05,,,,,0
1.1.5.3.3.4.20,20th Floor,Tower 3,20th Floor,Finishing,Tower Civil Finishes,Railing,,119704600.0,2027-08-06,2027-08-12,,,,,0
1.1.5.3.3.4.21,21st Floor,Tower 3,21st Floor,Finishing,Tower Civil Finishes,Railing,,119704600.0,2027-08-13,2027-08-19,,,,,0
1.1.5.3.3.4.22,22nd Floor,Tower 3,22nd Floor,Finishing,Tower Civil Finishes,Railing,,119704600.0,2027-08-20,2027-08-26,,,,,0
1.1.5.3.3.4.23,23rd Floor,Tower 3,23rd Floor,Finishing,Tower Civil Finishes,Railing,,119704600.0,2027-08-27,2027-09-02,,,,,0
1.1.5.3.4,MEP Work,,,,,,,,2027-03-28,2028-01-19,,,,,
1.1.5.3.4.1,Electrical Work,,,,,,,,2027-03-28,2027-08-19,,,,,
1.1.5.3.4.1.1,Cable Tray,Tower 3,,MEP,Tower MEP,Electrical,,328688800.0,2027-05-27,2027-06-25,,,,,0
1.1.5.3.4.1.2,"Cable, main & sub main",Tower 3,,MEP,Tower MEP,Electrical,,1362347100.0,2027-03-28,2027-04-26,,,,,0
1.1.5.3.4.1.3,LT panel & DB,Tower 3,,MEP,Tower MEP,Electrical,,1393829900.0,2027-04-27,2027-06-05,,,,,0
1.1.5.3.4.1.4,Earthing Works ,Tower 3,,MEP,Tower MEP,Electrical,,149404000.0,2027-06-26,2027-07-10,,,,,0
1.1.5.3.4.1.5,Advanced Lightening Protection system,Tower 3,,MEP,Ext MEP,Ext Electrical,,220808500.0,2027-06-16,2027-06-30,,,,,0
1.1.5.3.4.1.6,Energy meter,Tower 3,,MEP,Ext MEP,Ext Electrical,,238721000.0,2027-04-27,2027-05-11,,,,,0
1.1.5.3.4.1.7,Inverter / UPS,Tower 3,,MEP,Ext MEP,Ext Electrical,,142309200.0,2027-06-06,2027-06-15,,,,,0
1.1.5.3.4.1.8,HVAC & Exhaust fan,Tower 3,,MEP,Common area-MEP,CA-HVAC,,209812300.0,2027-05-27,2027-06-25,,,,,0
1.1.5.3.4.1.9,FTTH,Tower 3,,MEP,BRM-Security,BRM-Security,,190923400.0,2027-05-12,2027-05-21,,,,,0
1.1.5.3.4.1.10,Security System - FA & PA,Tower 3,,MEP,BRM-Security,BRM-Security,,311104800.0,2027-05-12,2027-05-21,,,,,0
1.1.5.3.4.1.11,T&C of complete system,Tower 3,,Finishing,Miscellaneous,Misc,,209802300.0,2027-08-05,2027-08-19,,,,,0
1.1.5.3.4.2,Plumbing work,,,,,,,,2027-05-07,2027-08-19,,,,,
1.1.5.3.4.2.1,Terrace looping,Tower 3,Terrace,MEP,Tower MEP,Plumbing,,89098200.0,2027-05-07,2027-05-26,,,,,0
1.1.5.3.4.2.2,Shaft Plumbing,Tower 3,,MEP,Tower MEP,Plumbing,,89027300.0,2027-06-16,2027-07-15,,,,,0
1.1.5.3.4.2.3,CP sanitary fixture supply,Tower 3,,MEP,Tower MEP,CP Sanitary,,601920000.0,2027-07-16,2027-08-04,,,,,0
1.1.5.3.4.2.4,Cold & flushing water supply,Tower 3,,MEP,Tower MEP,Plumbing,,189023400.0,2027-07-16,2027-08-04,,,,,0
1.1.5.3.4.2.5,Misc work,Tower 3,,Finishing,Miscellaneous,Misc,,170923400.0,2027-07-21,2027-08-04,,,,,0
1.1.5.3.4.2.6,Installation of PHE pumps,Tower 3,,MEP,Common area-MEP,CA-PHE,,120924500.0,2027-05-27,2027-06-20,,,,,0
1.1.5.3.4.2.7,T&C of complete system,Tower 3,,Finishing,Miscellaneous,Misc,,100923400.0,2027-08-05,2027-08-19,,,,,0
1.1.5.3.4.3,Fire fighting work,,,,,,,,2027-06-16,2028-01-19,,,,,
1.1.5.3.4.3.1,Fire hydrant work,Tower 3,,MEP,Common area-MEP,CA-Fire-fighting & FAPA,,378458300.0,2027-06-16,2027-07-10,,,,,0
1.1.5.3.4.3.2,Pipe connection & sprinkler installation,Tower 3,,MEP,Common area-MEP,CA-Fire-fighting & FAPA,,255091000.0,2027-07-11,2027-07-25,,,,,0
1.1.5.3.4.3.3,Shaft Downtake works,Tower 3,,MEP,Tower MEP,Plumbing,,109234500.0,2027-06-16,2027-07-10,,,,,0
1.1.5.3.4.3.4,Connection to pump room,Tower 3,,MEP,Common area-MEP,CA-PHE,,234876400.0,2027-07-11,2027-07-20,,,,,0
1.1.5.3.4.3.5,Installation of FF pumps,Tower 3,,MEP,Common area-MEP,CA-Fire-fighting & FAPA,,190234500.0,2027-07-11,2027-08-04,,,,,0
1.1.5.3.4.3.6,T&C of complete system,Tower 3,,Finishing,Miscellaneous,Misc,,190923400.0,2027-10-04,2028-01-19,,,,,0
1.1.5.3.4.4,Lift work,,,,,,,,2027-05-17,2027-08-11,,,,,
1.1.5.3.4.4.1,Lift Shaft/Pit Handover,Tower 3,,MEP,Common area-MEP,Lift,,100.0,2027-05-17,2027-05-28,,,,,0
1.1.5.3.4.4.2,Lift installation work,Tower 3,,MEP,Common area-MEP,Lift,,2296097100.0,2027-05-29,2027-07-22,,,,,0
1.1.5.3.4.4.3,Lift testing and commissioning,Tower 3,,MEP,Common area-MEP,Lift,,129974700.0,2027-07-23,2027-08-11,,,,,0
1.1.5.3.5,External Paint Works ,,,,,,,,2027-05-07,2027-07-25,,,,,
1.1.5.3.5.1,Surface prepration,Tower 3,,Finishing,Tower Finishing,Ext Paint,,170907100.0,2027-05-07,2027-06-05,,,,,0
1.1.5.3.5.2,"External Painting (Primer, texture & first coat)",Tower 3,,Finishing,Tower Finishing,Ext Paint,,854535400.0,2027-06-06,2027-07-25,,,,,0
1.1.5.3.5.3,Final coat of painting,Tower 3,,Finishing,Tower Finishing,Ext Paint,,113938100.0,2027-05-17,2027-06-25,,,,,0
1.1.5.3.5.4,Misc. work,Tower 3,,Finishing,Miscellaneous,Misc,,10452042700.0,2027-06-06,2027-06-25,,,,,0
1.1.5.3.6,OC Application/Readiness,Tower 3,,Finishing,Miscellaneous,Misc,,100.0,2028-01-20,2028-01-20,,,,,0
1.1.5.3.7,OC Receipt,Tower 3,,Finishing,Miscellaneous,Misc,,100.0,2028-01-21,2028-03-20,,,,,0
1.1.5.3.8,Post OC Activities,,,,,,,,2028-01-31,2028-06-18,,,,,
1.1.5.3.8.1,CP & Sanitaryware installation,Tower 3,,MEP,Tower MEP,CP Sanitary,,150480000.0,2028-02-20,2028-06-18,,,,,0
1.1.5.3.8.2,Electrical Fixtures And Fittings installations,Tower 3,,MEP,Tower MEP,Electrical,,354209200.0,2028-02-20,2028-06-18,,,,,0
1.1.5.3.8.3,Final Coat Paint Internal,Tower 3,,Finishing,Tower Finishing,Paint,,132450200.0,2028-02-20,2028-03-30,,,,,0
1.1.5.3.8.4,VRV Highwall (HVAC) installation,Tower 3,,MEP,Common area-MEP,CA-HVAC,,6592049100.0,2028-01-31,2028-03-30,,,,,0
1.1.5.3.8.5,Wooden Flooring,Tower 3,,Finishing,Tower Finishing,Flooring,,474208100.0,2028-02-20,2028-05-29,,,,,0
1.1.5.3.9,Offer to possession,Tower 3,,Finishing,Miscellaneous,Misc,,100.0,2028-07-19,2028-10-16,,,,,0
1.1.6,Tower-4 (2B+S+P+38),,,,,,,,2022-04-30,2030-01-18,,,,,
1.1.6.1,"Soldier Piling,RCC Piling & Excavation work",,,,,,,,2022-04-30,2026-01-30,,,,,
1.1.6.1.1,Till 2.5 Mtr,,,,,,,,2025-01-24,2025-03-31,,,,,
1.1.6.1.1.1,H beam pile driving - 12m,Tower 4,,Civil Works- RCC,RCC,Reinforcement,,0.0,2025-01-24,2025-03-11,2025-01-24,2025-03-11,,,100
1.1.6.1.1.2,Excavation from NGL to 2.5m,Tower 4,,Civil Works- RCC,RCC,Reinforcement,,95285900.0,2025-01-24,2025-03-23,2025-01-24,2025-03-23,,,100
1.1.6.1.1.3,Plank installation & anchoring till 2.5m,Tower 4,,Civil Works- RCC,RCC,Reinforcement,,376200000.0,2025-03-15,2025-03-31,2025-03-15,2025-03-31,,,100
1.1.6.1.2,2.5 mtrs till 5 mtrs,,,,,,,,2025-03-16,2025-08-21,,,,,
1.1.6.1.2.1,Excavation from 2.5m till 5m,Tower 4,,Civil Works- RCC,RCC,Reinforcement,,95285900.0,2025-03-16,2025-07-27,2025-03-16,2025-07-27,,,100
1.1.6.1.2.2,Plank installation & anchoring till  2.5m till 5m,Tower 4,,Civil Works- RCC,RCC,Reinforcement,,376200000.0,2025-05-31,2025-08-21,2025-05-31,2025-08-21,,,100
1.1.6.1.3,12 mts till NTA fotting bottom,,,,,,,,2022-04-30,2025-12-30,,,,,
1.1.6.1.3.1,Excavation from 12m to fotting PCC bottom,Tower 4,,Civil Works- RCC,RCC,Reinforcement,,0.0,2022-04-30,2025-12-10,2022-04-30,,,,99
1.1.6.1.3.2,Excavation from 12m to fotting PCC bottom,Tower 4,,Civil Works- RCC,RCC,Reinforcement,,847685900.0,2025-10-19,2025-12-16,2025-10-19,,,,97
1.1.6.1.3.3,Plank installation & anchoring from 12m to footing PCC bottom,Tower 4,,Civil Works- RCC,RCC,Reinforcement,,1376200000.0,2025-09-03,2025-12-30,2025-09-03,,,,68
1.1.6.1.4,Dummy Basement ,,,,,,,,2026-01-01,2026-01-30,,,,,
1.1.6.1.4.1,Dummy Basement ,Tower 4,Basement,Finishing,Common area finishes,CA-Blockwork,,1430967400.0,2026-01-01,2026-01-30,,,,,0
1.1.6.2,Sub-Structure works,,,,,,,,2026-01-31,2029-08-06,,,,,
1.1.6.2.1,Soil bed preparation,,,,,,,,2026-01-31,2026-02-05,,,,,
1.1.6.2.1.1,Excavation completion,Tower 4,,Civil Works- RCC,RCC,Reinforcement,,86123200.0,2026-01-31,2026-02-01,,,,,0
1.1.6.2.1.2,Surface dressing,Tower 4,,Civil Works- RCC,RCC,Reinforcement,,9569200.0,2026-02-02,2026-02-03,,,,,0
1.1.6.2.1.3,ATT,Tower 4,,Civil Works- RCC,RCC,Reinforcement,,27340700.0,2026-02-04,2026-02-04,,,,,0
1.1.6.2.1.4,PCC,Tower 4,,Civil Works- RCC,RCC,Concreting,,106363100.0,2026-02-05,2026-02-05,,,,,0
1.1.6.2.2,RCC Works,,,,,,,,2026-02-06,2026-05-13,,,,,
1.1.6.2.2.1,Raft,,,,,,,,2026-02-06,2026-03-04,,,,,
1.1.6.2.2.1.1,Reinforcement Work,Tower 4,,Civil Works- RCC,RCC,Reinforcement,,6385599000.0,2026-02-06,2026-02-25,,,,,0
1.1.6.2.2.1.2,Shuttering work,Tower 4,,Civil Works- RCC,RCC,Shuttering- Conventional,,2771323000.0,2026-02-16,2026-03-02,,,,,0
1.1.6.2.2.1.3,Concreteing work,Tower 4,,Civil Works- RCC,RCC,Concreting,,3550582600.0,2026-03-03,2026-03-04,,,,,0
1.1.6.2.2.2,Basement-2 Roof Slab (LB),,,,,,,,2026-03-05,2026-04-03,,,,,
1.1.6.2.2.2.1,B2 Roof Slab,,,,,,,,2026-03-05,2026-04-03,,,,,
1.1.6.2.2.2.1.1,Shuttering Work,Tower 4,Basement 2,Civil Works- RCC,RCC,Shuttering- Conventional,,578548200.0,2026-03-05,2026-03-24,,,,,0
1.1.6.2.2.2.1.2,Reinforcement Work,Tower 4,Basement 2,Civil Works- RCC,RCC,Reinforcement,,945562500.0,2026-03-20,2026-04-02,,,,,0
1.1.6.2.2.2.1.3,Concreteing work,Tower 4,Basement 2,Civil Works- RCC,RCC,Concreting,,906856700.0,2026-04-03,2026-04-03,,,,,0
1.1.6.2.2.3,Basement-1 Roof Slab (UB),,,,,,,,2026-04-04,2026-05-13,,,,,
1.1.6.2.2.3.1,B1 Roof Slab,,,,,,,,2026-04-04,2026-05-13,,,,,
1.1.6.2.2.3.1.1,Shuttering Work,Tower 4,Basement 1,Civil Works- RCC,RCC,Shuttering- Conventional,,236085200.0,2026-04-04,2026-04-28,,,,,0
1.1.6.2.2.3.1.2,Reinforcement Work,Tower 4,Basement 1,Civil Works- RCC,RCC,Reinforcement,,1092346900.0,2026-04-24,2026-05-12,,,,,0
1.1.6.2.2.3.1.3,Concreteing work,Tower 4,Basement 1,Civil Works- RCC,RCC,Concreting,,1047632700.0,2026-05-13,2026-05-13,,,,,0
1.1.6.2.3,Sub structure finishing works,,,,,,,,2026-06-28,2029-08-06,,,,,
1.1.6.2.3.1,Basement-2,,,,,,,,2026-06-28,2029-07-06,,,,,
1.1.6.2.3.1.1,Masonary,Tower 4,Basement 2,Finishing,Common area finishes,CA-Blockwork,,286708400.0,2027-03-05,2027-04-03,,,,,0
1.1.6.2.3.1.2,Structural Steel,Tower 4,Basement 2,Civil Works- RCC,RCC,Reinforcement,,0.0,2026-06-28,2026-07-27,,,,,0
1.1.6.2.3.1.3,Structural Steel,Tower 4,Basement 2,Civil Works- RCC,RCC,Reinforcement,,192062000.0,2029-07-02,2029-07-06,,,,,0
1.1.6.2.3.1.4,Plaster,Tower 4,Basement 2,Finishing,Common area finishes,CA-Int Plaster,,144876100.0,2027-04-04,2027-05-03,,,,,0
1.1.6.2.3.1.5,White Wash,Tower 4,Basement 2,Finishing,Common area finishes,CA-Paint,,22215000.0,2027-05-04,2027-06-02,,,,,0
1.1.6.2.3.1.6,VDF,Tower 4,Basement 2,Finishing,Common area finishes,CA-Flooring,,94770200.0,2027-03-20,2027-05-18,,,,,0
1.1.6.2.3.1.7,Drain & Sump (incl. gratings),Tower 4,Basement 2,MEP,Common area-MEP,CA-PHE,,170573000.0,2027-07-18,2027-09-15,,,,,0
1.1.6.2.3.1.8,Car parking marking,Tower 4,Basement 2,Infra,Ext Infra,Ext Infra,,1359244900.0,2027-05-19,2027-06-17,,,,,0
1.1.6.2.3.1.9,Signages,Tower 4,Basement 2,MEP,BRM-Security,BRM-Security,,0.0,2027-08-17,2027-09-15,,,,,0
1.1.6.2.3.1.10,Signages,Tower 4,Basement 2,MEP,BRM-Security,BRM-Security,,906163300.0,2027-10-01,2027-10-06,,,,,0
1.1.6.2.3.2,Basement-1,,,,,,,,2027-04-04,2029-08-06,,,,,
1.1.6.2.3.2.1,Masonary,Tower 4,Basement 1,Finishing,Common area finishes,CA-Blockwork,,0.0,2027-04-04,2027-05-03,,,,,0
1.1.6.2.3.2.2,Masonary,Tower 4,Basement 1,Finishing,Common area finishes,CA-Blockwork,,286708400.0,2029-08-01,2029-08-06,,,,,0
1.1.6.2.3.2.3,Structural Steel,Tower 4,Basement 1,Civil Works- RCC,RCC,Reinforcement,,192062000.0,2027-04-04,2027-05-03,,,,,0
1.1.6.2.3.2.4,Plaster,Tower 4,Basement 1,Finishing,Common area finishes,CA-Int Plaster,,144876100.0,2027-05-04,2027-06-02,,,,,0
1.1.6.2.3.2.5,White Wash,Tower 4,Basement 1,Finishing,Common area finishes,CA-Paint,,22215000.0,2027-06-03,2027-07-02,,,,,0
1.1.6.2.3.2.6,VDF,Tower 4,Basement 1,Finishing,Common area finishes,CA-Flooring,,94770200.0,2027-04-19,2027-06-17,,,,,0
1.1.6.2.3.2.7,Drain & Sump (incl. gratings),Tower 4,Basement 1,MEP,Common area-MEP,CA-PHE,,170573000.0,2027-08-17,2027-10-15,,,,,0
1.1.6.2.3.2.8,Car parking marking,Tower 4,Basement 1,Infra,Ext Infra,Ext Infra,,1359244900.0,2027-06-18,2027-07-17,,,,,0
1.1.6.2.3.2.9,Signages,Tower 4,Basement 1,MEP,BRM-Security,BRM-Security,,906163300.0,2027-09-16,2027-10-15,,,,,0
1.1.6.3,Super structure works,,,,,,,,2026-05-14,2030-01-18,,,,,
1.1.6.3.1,RCC Works,,,,,,,,2026-05-14,2028-06-02,,,,,
1.1.6.3.1.1,GF Slab,,,,,,,,2026-05-14,2026-06-22,,,,,
1.1.6.3.1.1.1,GF Slab,,,,,,,,2026-05-14,2026-06-22,,,,,
1.1.6.3.1.1.1.1,Shuttering Work,Tower 4,Ground Floor,Civil Works- RCC,RCC,Shuttering- Conventional,,598501600.0,2026-05-14,2026-06-07,,,,,0
1.1.6.3.1.1.1.2,Reinforcement Work,Tower 4,Ground Floor,Civil Works- RCC,RCC,Reinforcement,,935669100.0,2026-06-03,2026-06-21,,,,,0
1.1.6.3.1.1.1.3,Concreteing work,Tower 4,Ground Floor,Civil Works- RCC,RCC,Concreting,,897368300.0,2026-06-22,2026-06-22,,,,,0
1.1.6.3.1.2,Podium-1/Stilt Slab,,,,,,,,2026-06-23,2026-08-01,,,,,
1.1.6.3.1.2.1,Podium-1/Stilt Slab,,,,,,,,2026-06-23,2026-08-01,,,,,
1.1.6.3.1.2.1.1,Shuttering Work,Tower 4,,Civil Works- RCC,RCC,Shuttering- Conventional,,478801300.0,2026-06-23,2026-07-17,,,,,0
1.1.6.3.1.2.1.2,Reinforcement Work,Tower 4,,Civil Works- RCC,RCC,Reinforcement,,748535300.0,2026-07-13,2026-07-31,,,,,0
1.1.6.3.1.2.1.3,Conduiting work,Tower 4,,MEP,Tower MEP,Electrical,,7536300.0,2026-07-31,2026-07-31,,,,,0
1.1.6.3.1.2.1.4,Concreteing work,Tower 4,,Civil Works- RCC,RCC,Concreting,,717894600.0,2026-08-01,2026-08-01,,,,,0
1.1.6.3.1.3,1st Floor Slab,,,,,,,,2026-08-02,2026-08-31,,,,,
1.1.6.3.1.3.1,1st Floor Slab,,,,,,,,2026-08-02,2026-08-31,,,,,
1.1.6.3.1.3.1.1,Shuttering Work,Tower 4,1st Floor,Civil Works- RCC,RCC,Shuttering- Conventional,,385936400.0,2026-08-02,2026-08-20,,,,,0
1.1.6.3.1.3.1.2,Reinforcement Work,Tower 4,1st Floor,Civil Works- RCC,RCC,Reinforcement,,492233600.0,2026-08-16,2026-08-30,,,,,0
1.1.6.3.1.3.1.3,Conduiting work,Tower 4,1st Floor,MEP,Tower MEP,Electrical,,7536300.0,2026-08-30,2026-08-30,,,,,0
1.1.6.3.1.3.1.4,Concreteing work,Tower 4,1st Floor,Civil Works- RCC,RCC,Concreting,,472084400.0,2026-08-31,2026-08-31,,,,,0
1.1.6.3.1.4,2nd Floor Slab ,,,,,,,,2026-09-01,2026-09-30,,,,,
1.1.6.3.1.4.1,2nd Floor Slab,,,,,,,,2026-09-01,2026-09-30,,,,,
1.1.6.3.1.4.1.1,Shuttering Work,Tower 4,2nd Floor,Civil Works- RCC,RCC,Shuttering- Conventional,,559793000.0,2026-09-01,2026-09-17,,,,,0
1.1.6.3.1.4.1.2,Reinforcement Work,Tower 4,2nd Floor,Civil Works- RCC,RCC,Reinforcement,,678655300.0,2026-09-15,2026-09-29,,,,,0
1.1.6.3.1.4.1.3,Conduiting work,Tower 4,2nd Floor,MEP,Tower MEP,Electrical,,7536300.0,2026-09-29,2026-09-29,,,,,0
1.1.6.3.1.4.1.4,Concreteing work,Tower 4,2nd Floor,Civil Works- RCC,RCC,Concreting,,650875100.0,2026-09-30,2026-09-30,,,,,0
1.1.6.3.1.5,3rd Floor Slab (1st MIVAN Setup),,,,,,,,2026-10-01,2026-10-30,,,,,
1.1.6.3.1.5.1,3rd Floor Slab,,,,,,,,2026-10-01,2026-10-30,,,,,
1.1.6.3.1.5.1.1,Shuttering Work,Tower 4,3rd Floor,Civil Works- RCC,RCC,Shuttering- Conventional,,475031300.0,2026-10-01,2026-10-17,,,,,0
1.1.6.3.1.5.1.2,Reinforcement Work,Tower 4,3rd Floor,Civil Works- RCC,RCC,Reinforcement,,1131945700.0,2026-10-15,2026-10-29,,,,,0
1.1.6.3.1.5.1.3,Conduiting work,Tower 4,3rd Floor,MEP,Tower MEP,Electrical,,7536300.0,2026-10-29,2026-10-29,,,,,0
1.1.6.3.1.5.1.4,Concreteing work,Tower 4,3rd Floor,Civil Works- RCC,RCC,Concreting,,657198000.0,2026-10-30,2026-10-30,,,,,0
1.1.6.3.1.6,4th Floor Slab,,,,,,,,2026-10-31,2027-01-02,,,,,
1.1.6.3.1.6.1,4th Floor Slab,,,,,,,,2026-10-31,2027-01-02,,,,,
1.1.6.3.1.6.1.1,Shuttering Work,Tower 4,4th Floor,Civil Works- RCC,RCC,Shuttering- Conventional,,475031300.0,2026-10-31,2026-12-26,,,,,0
1.1.6.3.1.6.1.2,Reinforcement Work,Tower 4,4th Floor,Civil Works- RCC,RCC,Reinforcement,,1131945700.0,2026-12-24,2027-01-01,,,,,0
1.1.6.3.1.6.1.3,Conduiting work,Tower 4,4th Floor,MEP,Tower MEP,Electrical,,7536300.0,2027-01-01,2027-01-01,,,,,0
1.1.6.3.1.6.1.4,Concreteing work,Tower 4,4th Floor,Civil Works- RCC,RCC,Concreting,,657198000.0,2027-01-02,2027-01-02,,,,,0
1.1.6.3.1.7,5th Floor Slab,,,,,,,,2027-01-03,2027-01-14,,,,,
1.1.6.3.1.7.1,5th Floor Slab,,,,,,,,2027-01-03,2027-01-14,,,,,
1.1.6.3.1.7.1.1,Shuttering Work,Tower 4,5th Floor,Civil Works- RCC,RCC,Shuttering- Conventional,,475031300.0,2027-01-03,2027-01-11,,,,,0
1.1.6.3.1.7.1.2,Reinforcement Work,Tower 4,5th Floor,Civil Works- RCC,RCC,Reinforcement,,1131945700.0,2027-01-09,2027-01-13,,,,,0
1.1.6.3.1.7.1.3,Conduiting work,Tower 4,5th Floor,MEP,Tower MEP,Electrical,,7536300.0,2027-01-13,2027-01-13,,,,,0
1.1.6.3.1.7.1.4,Concreteing work,Tower 4,5th Floor,Civil Works- RCC,RCC,Concreting,,657198000.0,2027-01-14,2027-01-14,,,,,0
1.1.6.3.1.8,6th Floor Slab,,,,,,,,2027-01-15,2027-01-26,,,,,
1.1.6.3.1.8.1,6th Floor Slab,,,,,,,,2027-01-15,2027-01-26,,,,,
1.1.6.3.1.8.1.1,Shuttering Work,Tower 4,6th Floor,Civil Works- RCC,RCC,Shuttering- Conventional,,475031300.0,2027-01-15,2027-01-23,,,,,0
1.1.6.3.1.8.1.2,Reinforcement Work,Tower 4,6th Floor,Civil Works- RCC,RCC,Reinforcement,,1131945700.0,2027-01-21,2027-01-25,,,,,0
1.1.6.3.1.8.1.3,Conduiting work,Tower 4,6th Floor,MEP,Tower MEP,Electrical,,7536300.0,2027-01-25,2027-01-25,,,,,0
1.1.6.3.1.8.1.4,Concreteing work,Tower 4,6th Floor,Civil Works- RCC,RCC,Concreting,,657198000.0,2027-01-26,2027-01-26,,,,,0
1.1.6.3.1.9,7th Floor Slab,,,,,,,,2027-01-27,2027-02-07,,,,,
1.1.6.3.1.9.1,7th Floor Slab,,,,,,,,2027-01-27,2027-02-07,,,,,
1.1.6.3.1.9.1.1,Shuttering Work,Tower 4,7th Floor,Civil Works- RCC,RCC,Shuttering- Conventional,,475031300.0,2027-01-27,2027-02-04,,,,,0
1.1.6.3.1.9.1.2,Reinforcement Work,Tower 4,7th Floor,Civil Works- RCC,RCC,Reinforcement,,1131945700.0,2027-02-02,2027-02-06,,,,,0
1.1.6.3.1.9.1.3,Conduiting work,Tower 4,7th Floor,MEP,Tower MEP,Electrical,,7536300.0,2027-02-06,2027-02-06,,,,,0
1.1.6.3.1.9.1.4,Concreteing work,Tower 4,7th Floor,Civil Works- RCC,RCC,Concreting,,657198000.0,2027-02-07,2027-02-07,,,,,0
1.1.6.3.1.10,8th Floor Slab,,,,,,,,2027-02-08,2027-02-19,,,,,
1.1.6.3.1.10.1,8th Floor Slab,,,,,,,,2027-02-08,2027-02-19,,,,,
1.1.6.3.1.10.1.1,Shuttering Work,Tower 4,8th Floor,Civil Works- RCC,RCC,Shuttering- Conventional,,475031300.0,2027-02-08,2027-02-16,,,,,0
1.1.6.3.1.10.1.2,Reinforcement Work,Tower 4,8th Floor,Civil Works- RCC,RCC,Reinforcement,,1131945700.0,2027-02-14,2027-02-18,,,,,0
1.1.6.3.1.10.1.3,Conduiting work,Tower 4,8th Floor,MEP,Tower MEP,Electrical,,7536300.0,2027-02-18,2027-02-18,,,,,0
1.1.6.3.1.10.1.4,Concreteing work,Tower 4,8th Floor,Civil Works- RCC,RCC,Concreting,,657198000.0,2027-02-19,2027-02-19,,,,,0
1.1.6.3.1.11,9th Floor Slab,,,,,,,,2027-02-20,2027-03-03,,,,,
1.1.6.3.1.11.1,9th Floor Slab,,,,,,,,2027-02-20,2027-03-03,,,,,
1.1.6.3.1.11.1.1,Shuttering Work,Tower 4,9th Floor,Civil Works- RCC,RCC,Shuttering- Conventional,,475031300.0,2027-02-20,2027-02-28,,,,,0
1.1.6.3.1.11.1.2,Reinforcement Work,Tower 4,9th Floor,Civil Works- RCC,RCC,Reinforcement,,1131945700.0,2027-02-26,2027-03-02,,,,,0
1.1.6.3.1.11.1.3,Conduiting work,Tower 4,9th Floor,MEP,Tower MEP,Electrical,,7536300.0,2027-03-02,2027-03-02,,,,,0
1.1.6.3.1.11.1.4,Concreteing work,Tower 4,9th Floor,Civil Works- RCC,RCC,Concreting,,657198000.0,2027-03-03,2027-03-03,,,,,0
1.1.6.3.1.12,10th Floor Slab,,,,,,,,2027-03-04,2027-03-15,,,,,
1.1.6.3.1.12.1,10th Floor Slab,,,,,,,,2027-03-04,2027-03-15,,,,,
1.1.6.3.1.12.1.1,Shuttering Work,Tower 4,10th Floor,Civil Works- RCC,RCC,Shuttering- Conventional,,475031300.0,2027-03-04,2027-03-12,,,,,0
1.1.6.3.1.12.1.2,Reinforcement Work,Tower 4,10th Floor,Civil Works- RCC,RCC,Reinforcement,,1131945700.0,2027-03-10,2027-03-14,,,,,0
1.1.6.3.1.12.1.3,Conduiting work,Tower 4,10th Floor,MEP,Tower MEP,Electrical,,7536300.0,2027-03-14,2027-03-14,,,,,0
1.1.6.3.1.12.1.4,Concreteing work,Tower 4,10th Floor,Civil Works- RCC,RCC,Concreting,,657198000.0,2027-03-15,2027-03-15,,,,,0
1.1.6.3.1.13,11th Floor Slab,,,,,,,,2027-03-16,2027-03-27,,,,,
1.1.6.3.1.13.1,11th Floor Slab,,,,,,,,2027-03-16,2027-03-27,,,,,
1.1.6.3.1.13.1.1,Shuttering Work,Tower 4,11th Floor,Civil Works- RCC,RCC,Shuttering- Conventional,,475031300.0,2027-03-16,2027-03-24,,,,,0
1.1.6.3.1.13.1.2,Reinforcement Work,Tower 4,11th Floor,Civil Works- RCC,RCC,Reinforcement,,1131945700.0,2027-03-22,2027-03-26,,,,,0
1.1.6.3.1.13.1.3,Conduiting work,Tower 4,11th Floor,MEP,Tower MEP,Electrical,,7536300.0,2027-03-26,2027-03-26,,,,,0
1.1.6.3.1.13.1.4,Concreteing work,Tower 4,11th Floor,Civil Works- RCC,RCC,Concreting,,657198000.0,2027-03-27,2027-03-27,,,,,0
1.1.6.3.1.14,12th Floor Slab,,,,,,,,2027-03-28,2027-04-08,,,,,
1.1.6.3.1.14.1,12th Floor Slab,,,,,,,,2027-03-28,2027-04-08,,,,,
1.1.6.3.1.14.1.1,Shuttering Work,Tower 4,12th Floor,Civil Works- RCC,RCC,Shuttering- Conventional,,475031300.0,2027-03-28,2027-04-05,,,,,0
1.1.6.3.1.14.1.2,Reinforcement Work,Tower 4,12th Floor,Civil Works- RCC,RCC,Reinforcement,,1131945700.0,2027-04-03,2027-04-07,,,,,0
1.1.6.3.1.14.1.3,Conduiting work,Tower 4,12th Floor,MEP,Tower MEP,Electrical,,7536300.0,2027-04-07,2027-04-07,,,,,0
1.1.6.3.1.14.1.4,Concreteing work,Tower 4,12th Floor,Civil Works- RCC,RCC,Concreting,,657198000.0,2027-04-08,2027-04-08,,,,,0
1.1.6.3.1.15,13th Floor Slab,,,,,,,,2027-04-09,2027-04-20,,,,,
1.1.6.3.1.15.1,13th Floor Slab,,,,,,,,2027-04-09,2027-04-20,,,,,
1.1.6.3.1.15.1.1,Shuttering Work,Tower 4,13th Floor,Civil Works- RCC,RCC,Shuttering- Conventional,,475031300.0,2027-04-09,2027-04-17,,,,,0
1.1.6.3.1.15.1.2,Reinforcement Work,Tower 4,13th Floor,Civil Works- RCC,RCC,Reinforcement,,1131945700.0,2027-04-15,2027-04-19,,,,,0
1.1.6.3.1.15.1.3,Conduiting work,Tower 4,13th Floor,MEP,Tower MEP,Electrical,,7536300.0,2027-04-19,2027-04-19,,,,,0
1.1.6.3.1.15.1.4,Concreteing work,Tower 4,13th Floor,Civil Works- RCC,RCC,Concreting,,657198000.0,2027-04-20,2027-04-20,,,,,0
1.1.6.3.1.16,14th Floor Slab,,,,,,,,2027-04-21,2027-05-02,,,,,
1.1.6.3.1.16.1,14th Floor Slab,,,,,,,,2027-04-21,2027-05-02,,,,,
1.1.6.3.1.16.1.1,Shuttering Work,Tower 4,14th Floor,Civil Works- RCC,RCC,Shuttering- Conventional,,475031300.0,2027-04-21,2027-04-29,,,,,0
1.1.6.3.1.16.1.2,Reinforcement Work,Tower 4,14th Floor,Civil Works- RCC,RCC,Reinforcement,,1131945700.0,2027-04-27,2027-05-01,,,,,0
1.1.6.3.1.16.1.3,Conduiting work,Tower 4,14th Floor,MEP,Tower MEP,Electrical,,7536300.0,2027-05-01,2027-05-01,,,,,0
1.1.6.3.1.16.1.4,Concreteing work,Tower 4,14th Floor,Civil Works- RCC,RCC,Concreting,,657198000.0,2027-05-02,2027-05-02,,,,,0
1.1.6.3.1.17,15th Floor Slab,,,,,,,,2027-05-03,2027-05-14,,,,,
1.1.6.3.1.17.1,15th Floor Slab,,,,,,,,2027-05-03,2027-05-14,,,,,
1.1.6.3.1.17.1.1,Shuttering Work,Tower 4,15th Floor,Civil Works- RCC,RCC,Shuttering- Conventional,,475031300.0,2027-05-03,2027-05-11,,,,,0
1.1.6.3.1.17.1.2,Reinforcement Work,Tower 4,15th Floor,Civil Works- RCC,RCC,Reinforcement,,1131945700.0,2027-05-09,2027-05-13,,,,,0
1.1.6.3.1.17.1.3,Conduiting work,Tower 4,15th Floor,MEP,Tower MEP,Electrical,,7536300.0,2027-05-13,2027-05-13,,,,,0
1.1.6.3.1.17.1.4,Concreteing work,Tower 4,15th Floor,Civil Works- RCC,RCC,Concreting,,657198000.0,2027-05-14,2027-05-14,,,,,0
1.1.6.3.1.18,16th Floor Slab,,,,,,,,2027-05-15,2027-05-26,,,,,
1.1.6.3.1.18.1,16th Floor Slab,,,,,,,,2027-05-15,2027-05-26,,,,,
1.1.6.3.1.18.1.1,Shuttering Work,Tower 4,16th Floor,Civil Works- RCC,RCC,Shuttering- Conventional,,475031300.0,2027-05-15,2027-05-23,,,,,0
1.1.6.3.1.18.1.2,Reinforcement Work,Tower 4,16th Floor,Civil Works- RCC,RCC,Reinforcement,,1131945700.0,2027-05-21,2027-05-25,,,,,0
1.1.6.3.1.18.1.3,Conduiting work,Tower 4,16th Floor,MEP,Tower MEP,Electrical,,7536300.0,2027-05-25,2027-05-25,,,,,0
1.1.6.3.1.18.1.4,Concreteing work,Tower 4,16th Floor,Civil Works- RCC,RCC,Concreting,,657198000.0,2027-05-26,2027-05-26,,,,,0
1.1.6.3.1.19,17th Floor Slab,,,,,,,,2027-05-27,2027-06-10,,,,,
1.1.6.3.1.19.1,17th Floor Slab,,,,,,,,2027-05-27,2027-06-10,,,,,
1.1.6.3.1.19.1.1,Shuttering Work,Tower 4,17th Floor,Civil Works- RCC,RCC,Shuttering- Conventional,,475031300.0,2027-05-27,2027-06-05,,,,,0
1.1.6.3.1.19.1.2,Reinforcement Work,Tower 4,17th Floor,Civil Works- RCC,RCC,Reinforcement,,1131945700.0,2027-06-03,2027-06-09,,,,,0
1.1.6.3.1.19.1.3,Conduiting work,Tower 4,17th Floor,MEP,Tower MEP,Electrical,,7536300.0,2027-06-09,2027-06-09,,,,,0
1.1.6.3.1.19.1.4,Concreteing work,Tower 4,17th Floor,Civil Works- RCC,RCC,Concreting,,657198000.0,2027-06-10,2027-06-10,,,,,0
1.1.6.3.1.20,18th Floor Slab,,,,,,,,2027-06-11,2027-06-22,,,,,
1.1.6.3.1.20.1,18th Floor Slab,,,,,,,,2027-06-11,2027-06-22,,,,,
1.1.6.3.1.20.1.1,Shuttering Work,Tower 4,18th Floor,Civil Works- RCC,RCC,Shuttering- Conventional,,475031300.0,2027-06-11,2027-06-19,,,,,0
1.1.6.3.1.20.1.2,Reinforcement Work,Tower 4,18th Floor,Civil Works- RCC,RCC,Reinforcement,,1131945700.0,2027-06-17,2027-06-21,,,,,0
1.1.6.3.1.20.1.3,Conduiting work,Tower 4,18th Floor,MEP,Tower MEP,Electrical,,7536300.0,2027-06-21,2027-06-21,,,,,0
1.1.6.3.1.20.1.4,Concreteing work,Tower 4,18th Floor,Civil Works- RCC,RCC,Concreting,,657198000.0,2027-06-22,2027-06-22,,,,,0
1.1.6.3.1.21,19th Floor Slab,,,,,,,,2027-06-23,2027-07-04,,,,,
1.1.6.3.1.21.1,19th Floor Slab,,,,,,,,2027-06-23,2027-07-04,,,,,
1.1.6.3.1.21.1.1,Shuttering Work,Tower 4,19th Floor,Civil Works- RCC,RCC,Shuttering- Conventional,,475031300.0,2027-06-23,2027-07-01,,,,,0
1.1.6.3.1.21.1.2,Reinforcement Work,Tower 4,19th Floor,Civil Works- RCC,RCC,Reinforcement,,1131945700.0,2027-06-29,2027-07-03,,,,,0
1.1.6.3.1.21.1.3,Conduiting work,Tower 4,19th Floor,MEP,Tower MEP,Electrical,,7536300.0,2027-07-03,2027-07-03,,,,,0
1.1.6.3.1.21.1.4,Concreteing work,Tower 4,19th Floor,Civil Works- RCC,RCC,Concreting,,657198000.0,2027-07-04,2027-07-04,,,,,0
1.1.6.3.1.22,20th Floor Slab,,,,,,,,2027-07-05,2027-07-16,,,,,
1.1.6.3.1.22.1,20th Floor Slab,,,,,,,,2027-07-05,2027-07-16,,,,,
1.1.6.3.1.22.1.1,Shuttering Work,Tower 4,20th Floor,Civil Works- RCC,RCC,Shuttering- Conventional,,475031300.0,2027-07-05,2027-07-13,,,,,0
1.1.6.3.1.22.1.2,Reinforcement Work,Tower 4,20th Floor,Civil Works- RCC,RCC,Reinforcement,,1131945700.0,2027-07-11,2027-07-15,,,,,0
1.1.6.3.1.22.1.3,Conduiting work,Tower 4,20th Floor,MEP,Tower MEP,Electrical,,7536300.0,2027-07-15,2027-07-15,,,,,0
1.1.6.3.1.22.1.4,Concreteing work,Tower 4,20th Floor,Civil Works- RCC,RCC,Concreting,,657198000.0,2027-07-16,2027-07-16,,,,,0
1.1.6.3.1.23,21st Floor Slab,,,,,,,,2027-07-17,2027-07-28,,,,,
1.1.6.3.1.23.1,21st Floor Slab,,,,,,,,2027-07-17,2027-07-28,,,,,
1.1.6.3.1.23.1.1,Shuttering Work,Tower 4,21st Floor,Civil Works- RCC,RCC,Shuttering- Conventional,,475031300.0,2027-07-17,2027-07-25,,,,,0
1.1.6.3.1.23.1.2,Reinforcement Work,Tower 4,21st Floor,Civil Works- RCC,RCC,Reinforcement,,1131945700.0,2027-07-23,2027-07-27,,,,,0
1.1.6.3.1.23.1.3,Conduiting work,Tower 4,21st Floor,MEP,Tower MEP,Electrical,,7536300.0,2027-07-27,2027-07-27,,,,,0
1.1.6.3.1.23.1.4,Concreteing work,Tower 4,21st Floor,Civil Works- RCC,RCC,Concreting,,657198000.0,2027-07-28,2027-07-28,,,,,0
1.1.6.3.1.24,22nd Floor Slab,,,,,,,,2027-07-29,2027-08-09,,,,,
1.1.6.3.1.24.1,22nd Floor Slab,,,,,,,,2027-07-29,2027-08-09,,,,,
1.1.6.3.1.24.1.1,Shuttering Work,Tower 4,22nd Floor,Civil Works- RCC,RCC,Shuttering- Conventional,,475031300.0,2027-07-29,2027-08-06,,,,,0
1.1.6.3.1.24.1.2,Reinforcement Work,Tower 4,22nd Floor,Civil Works- RCC,RCC,Reinforcement,,1131945700.0,2027-08-04,2027-08-08,,,,,0
1.1.6.3.1.24.1.3,Conduiting work,Tower 4,22nd Floor,MEP,Tower MEP,Electrical,,7536300.0,2027-08-08,2027-08-08,,,,,0
1.1.6.3.1.24.1.4,Concreteing work,Tower 4,22nd Floor,Civil Works- RCC,RCC,Concreting,,657198000.0,2027-08-09,2027-08-09,,,,,0
1.1.6.3.1.25,23rd Floor Slab,,,,,,,,2027-08-10,2027-08-21,,,,,
1.1.6.3.1.25.1,23rd Floor Slab,,,,,,,,2027-08-10,2027-08-21,,,,,
1.1.6.3.1.25.1.1,Shuttering Work,Tower 4,23rd Floor,Civil Works- RCC,RCC,Shuttering- Conventional,,475031300.0,2027-08-10,2027-08-18,,,,,0
1.1.6.3.1.25.1.2,Reinforcement Work,Tower 4,23rd Floor,Civil Works- RCC,RCC,Reinforcement,,1131945700.0,2027-08-16,2027-08-20,,,,,0
1.1.6.3.1.25.1.3,Conduiting work,Tower 4,23rd Floor,MEP,Tower MEP,Electrical,,7536300.0,2027-08-20,2027-08-20,,,,,0
1.1.6.3.1.25.1.4,Concreteing work,Tower 4,23rd Floor,Civil Works- RCC,RCC,Concreting,,657198000.0,2027-08-21,2027-08-21,,,,,0
1.1.6.3.1.26,24th Floor Slab,,,,,,,,2027-08-22,2027-09-02,,,,,
1.1.6.3.1.26.1,24th Floor Slab,,,,,,,,2027-08-22,2027-09-02,,,,,
1.1.6.3.1.26.1.1,Shuttering Work,Tower 4,24th Floor,Civil Works- RCC,RCC,Shuttering- Conventional,,475031300.0,2027-08-22,2027-08-30,,,,,0
1.1.6.3.1.26.1.2,Reinforcement Work,Tower 4,24th Floor,Civil Works- RCC,RCC,Reinforcement,,1131945700.0,2027-08-28,2027-09-01,,,,,0
1.1.6.3.1.26.1.3,Conduiting work,Tower 4,24th Floor,MEP,Tower MEP,Electrical,,7536300.0,2027-09-01,2027-09-01,,,,,0
1.1.6.3.1.26.1.4,Concreteing work,Tower 4,24th Floor,Civil Works- RCC,RCC,Concreting,,657198000.0,2027-09-02,2027-09-02,,,,,0
1.1.6.3.1.27,25th Floor Slab,,,,,,,,2027-09-03,2027-09-14,,,,,
1.1.6.3.1.27.1,25th Floor Slab,,,,,,,,2027-09-03,2027-09-14,,,,,
1.1.6.3.1.27.1.1,Shuttering Work,Tower 4,25th Floor,Civil Works- RCC,RCC,Shuttering- Conventional,,475031300.0,2027-09-03,2027-09-11,,,,,0
1.1.6.3.1.27.1.2,Reinforcement Work,Tower 4,25th Floor,Civil Works- RCC,RCC,Reinforcement,,1131945700.0,2027-09-09,2027-09-13,,,,,0
1.1.6.3.1.27.1.3,Conduiting work,Tower 4,25th Floor,MEP,Tower MEP,Electrical,,7536300.0,2027-09-13,2027-09-13,,,,,0
1.1.6.3.1.27.1.4,Concreteing work,Tower 4,25th Floor,Civil Works- RCC,RCC,Concreting,,657198000.0,2027-09-14,2027-09-14,,,,,0
1.1.6.3.1.28,26th Floor Slab,,,,,,,,2027-09-15,2027-09-29,,,,,
1.1.6.3.1.28.1,26th Floor Slab,,,,,,,,2027-09-15,2027-09-29,,,,,
1.1.6.3.1.28.1.1,Shuttering Work,Tower 4,26th Floor,Civil Works- RCC,RCC,Shuttering- Conventional,,475031300.0,2027-09-15,2027-09-24,,,,,0
1.1.6.3.1.28.1.2,Reinforcement Work,Tower 4,26th Floor,Civil Works- RCC,RCC,Reinforcement,,1131945700.0,2027-09-22,2027-09-28,,,,,0
1.1.6.3.1.28.1.3,Conduiting work,Tower 4,26th Floor,MEP,Tower MEP,Electrical,,7536300.0,2027-09-28,2027-09-28,,,,,0
1.1.6.3.1.28.1.4,Concreteing work,Tower 4,26th Floor,Civil Works- RCC,RCC,Concreting,,657198000.0,2027-09-29,2027-09-29,,,,,0
1.1.6.3.1.29,27th Floor Slab,,,,,,,,2027-09-30,2027-10-11,,,,,
1.1.6.3.1.29.1,27th Floor Slab,,,,,,,,2027-09-30,2027-10-11,,,,,
1.1.6.3.1.29.1.1,Shuttering Work,Tower 4,27th Floor,Civil Works- RCC,RCC,Shuttering- Conventional,,475031300.0,2027-09-30,2027-10-08,,,,,0
1.1.6.3.1.29.1.2,Reinforcement Work,Tower 4,27th Floor,Civil Works- RCC,RCC,Reinforcement,,1131945700.0,2027-10-06,2027-10-10,,,,,0
1.1.6.3.1.29.1.3,Conduiting work,Tower 4,27th Floor,MEP,Tower MEP,Electrical,,7536300.0,2027-10-10,2027-10-10,,,,,0
1.1.6.3.1.29.1.4,Concreteing work,Tower 4,27th Floor,Civil Works- RCC,RCC,Concreting,,657198000.0,2027-10-11,2027-10-11,,,,,0
1.1.6.3.1.30,28th Floor Slab,,,,,,,,2027-10-12,2027-10-23,,,,,
1.1.6.3.1.30.1,28th Floor Slab,,,,,,,,2027-10-12,2027-10-23,,,,,
1.1.6.3.1.30.1.1,Shuttering Work,Tower 4,28th Floor,Civil Works- RCC,RCC,Shuttering- Conventional,,475031300.0,2027-10-12,2027-10-20,,,,,0
1.1.6.3.1.30.1.2,Reinforcement Work,Tower 4,28th Floor,Civil Works- RCC,RCC,Reinforcement,,1131945700.0,2027-10-18,2027-10-22,,,,,0
1.1.6.3.1.30.1.3,Conduiting work,Tower 4,28th Floor,MEP,Tower MEP,Electrical,,7536300.0,2027-10-22,2027-10-22,,,,,0
1.1.6.3.1.30.1.4,Concreteing work,Tower 4,28th Floor,Civil Works- RCC,RCC,Concreting,,657198000.0,2027-10-23,2027-10-23,,,,,0
1.1.6.3.1.31,29th Floor Slab,,,,,,,,2027-10-24,2027-12-19,,,,,
1.1.6.3.1.31.1,29th Floor Slab,,,,,,,,2027-10-24,2027-12-19,,,,,
1.1.6.3.1.31.1.1,Shuttering Work,Tower 4,29th Floor,Civil Works- RCC,RCC,Shuttering- Conventional,,475031300.0,2027-10-24,2027-12-16,,,,,0
1.1.6.3.1.31.1.2,Reinforcement Work,Tower 4,29th Floor,Civil Works- RCC,RCC,Reinforcement,,1131945700.0,2027-10-30,2027-12-18,,,,,0
1.1.6.3.1.31.1.3,Conduiting work,Tower 4,29th Floor,MEP,Tower MEP,Electrical,,7536300.0,2027-12-18,2027-12-18,,,,,0
1.1.6.3.1.31.1.4,Concreteing work,Tower 4,29th Floor,Civil Works- RCC,RCC,Concreting,,657198000.0,2027-12-19,2027-12-19,,,,,0
1.1.6.3.1.32,30th Floor Slab,,,,,,,,2027-12-20,2027-12-31,,,,,
1.1.6.3.1.32.1,30th Floor Slab,,,,,,,,2027-12-20,2027-12-31,,,,,
1.1.6.3.1.32.1.1,Shuttering Work,Tower 4,30th Floor,Civil Works- RCC,RCC,Shuttering- Conventional,,475031300.0,2027-12-20,2027-12-28,,,,,0
1.1.6.3.1.32.1.2,Reinforcement Work,Tower 4,30th Floor,Civil Works- RCC,RCC,Reinforcement,,1131945700.0,2027-12-26,2027-12-30,,,,,0
1.1.6.3.1.32.1.3,Conduiting work,Tower 4,30th Floor,MEP,Tower MEP,Electrical,,7536300.0,2027-12-30,2027-12-30,,,,,0
1.1.6.3.1.32.1.4,Concreteing work,Tower 4,30th Floor,Civil Works- RCC,RCC,Concreting,,657198000.0,2027-12-31,2027-12-31,,,,,0
1.1.6.3.1.33,31st Floor Slab,,,,,,,,2028-01-01,2028-01-12,,,,,
1.1.6.3.1.33.1,31st Floor Slab,,,,,,,,2028-01-01,2028-01-12,,,,,
1.1.6.3.1.33.1.1,Shuttering Work,Tower 4,31st Floor,Civil Works- RCC,RCC,Shuttering- Conventional,,475031300.0,2028-01-01,2028-01-09,,,,,0
1.1.6.3.1.33.1.2,Reinforcement Work,Tower 4,31st Floor,Civil Works- RCC,RCC,Reinforcement,,1131945700.0,2028-01-07,2028-01-11,,,,,0
1.1.6.3.1.33.1.3,Conduiting work,Tower 4,31st Floor,MEP,Tower MEP,Electrical,,7536300.0,2028-01-11,2028-01-11,,,,,0
1.1.6.3.1.33.1.4,Concreteing work,Tower 4,31st Floor,Civil Works- RCC,RCC,Concreting,,657198000.0,2028-01-12,2028-01-12,,,,,0
1.1.6.3.1.34,32nd Floor Slab,,,,,,,,2028-01-13,2028-01-24,,,,,
1.1.6.3.1.34.1,32nd Floor Slab,,,,,,,,2028-01-13,2028-01-24,,,,,
1.1.6.3.1.34.1.1,Shuttering Work,Tower 4,32nd Floor,Civil Works- RCC,RCC,Shuttering- Conventional,,475031300.0,2028-01-13,2028-01-21,,,,,0
1.1.6.3.1.34.1.2,Reinforcement Work,Tower 4,32nd Floor,Civil Works- RCC,RCC,Reinforcement,,1131945700.0,2028-01-19,2028-01-23,,,,,0
1.1.6.3.1.34.1.3,Conduiting work,Tower 4,32nd Floor,MEP,Tower MEP,Electrical,,7536300.0,2028-01-23,2028-01-23,,,,,0
1.1.6.3.1.34.1.4,Concreteing work,Tower 4,32nd Floor,Civil Works- RCC,RCC,Concreting,,657198000.0,2028-01-24,2028-01-24,,,,,0
1.1.6.3.1.35,33rd Floor Slab,,,,,,,,2028-01-25,2028-02-05,,,,,
1.1.6.3.1.35.1,33rd Floor Slab,,,,,,,,2028-01-25,2028-02-05,,,,,
1.1.6.3.1.35.1.1,Shuttering Work,Tower 4,33rd Floor,Civil Works- RCC,RCC,Shuttering- Conventional,,475031300.0,2028-01-25,2028-02-02,,,,,0
1.1.6.3.1.35.1.2,Reinforcement Work,Tower 4,33rd Floor,Civil Works- RCC,RCC,Reinforcement,,1131945700.0,2028-01-31,2028-02-04,,,,,0
1.1.6.3.1.35.1.3,Conduiting work,Tower 4,33rd Floor,MEP,Tower MEP,Electrical,,7536300.0,2028-02-04,2028-02-04,,,,,0
1.1.6.3.1.35.1.4,Concreteing work,Tower 4,33rd Floor,Civil Works- RCC,RCC,Concreting,,657198000.0,2028-02-05,2028-02-05,,,,,0
1.1.6.3.1.36,34th Floor Slab,,,,,,,,2028-02-06,2028-02-17,,,,,
1.1.6.3.1.36.1,34th Floor Slab,,,,,,,,2028-02-06,2028-02-17,,,,,
1.1.6.3.1.36.1.1,Shuttering Work,Tower 4,34th Floor,Civil Works- RCC,RCC,Shuttering- Conventional,,475031300.0,2028-02-06,2028-02-14,,,,,0
1.1.6.3.1.36.1.2,Reinforcement Work,Tower 4,34th Floor,Civil Works- RCC,RCC,Reinforcement,,1131945700.0,2028-02-12,2028-02-16,,,,,0
1.1.6.3.1.36.1.3,Conduiting work,Tower 4,34th Floor,MEP,Tower MEP,Electrical,,7536300.0,2028-02-16,2028-02-16,,,,,0
1.1.6.3.1.36.1.4,Concreteing work,Tower 4,34th Floor,Civil Works- RCC,RCC,Concreting,,657198000.0,2028-02-17,2028-02-17,,,,,0
1.1.6.3.1.37,35th Floor Slab,,,,,,,,2028-02-18,2028-03-03,,,,,
1.1.6.3.1.37.1,35th Floor Slab,,,,,,,,2028-02-18,2028-03-03,,,,,
1.1.6.3.1.37.1.1,Shuttering Work,Tower 4,35th Floor,Civil Works- RCC,RCC,Shuttering- Conventional,,475031300.0,2028-02-18,2028-02-27,,,,,0
1.1.6.3.1.37.1.2,Reinforcement Work,Tower 4,35th Floor,Civil Works- RCC,RCC,Reinforcement,,1131945700.0,2028-02-25,2028-03-02,,,,,0
1.1.6.3.1.37.1.3,Conduiting work,Tower 4,35th Floor,MEP,Tower MEP,Electrical,,7536300.0,2028-03-02,2028-03-02,,,,,0
1.1.6.3.1.37.1.4,Concreteing work,Tower 4,35th Floor,Civil Works- RCC,RCC,Concreting,,657198000.0,2028-03-03,2028-03-03,,,,,0
1.1.6.3.1.38,36th Floor Slab,,,,,,,,2028-03-04,2028-03-15,,,,,
1.1.6.3.1.38.1,36th Floor Slab,,,,,,,,2028-03-04,2028-03-15,,,,,
1.1.6.3.1.38.1.1,Shuttering Work,Tower 4,36th Floor,Civil Works- RCC,RCC,Shuttering- Conventional,,475031300.0,2028-03-04,2028-03-12,,,,,0
1.1.6.3.1.38.1.2,Reinforcement Work,Tower 4,36th Floor,Civil Works- RCC,RCC,Reinforcement,,1131945700.0,2028-03-10,2028-03-14,,,,,0
1.1.6.3.1.38.1.3,Conduiting work,Tower 4,36th Floor,MEP,Tower MEP,Electrical,,7536300.0,2028-03-14,2028-03-14,,,,,0
1.1.6.3.1.38.1.4,Concreteing work,Tower 4,36th Floor,Civil Works- RCC,RCC,Concreting,,657198000.0,2028-03-15,2028-03-15,,,,,0
1.1.6.3.1.39,37th Floor Slab,,,,,,,,2028-03-16,2028-03-27,,,,,
1.1.6.3.1.39.1,37th Floor Slab,,,,,,,,2028-03-16,2028-03-27,,,,,
1.1.6.3.1.39.1.1,Shuttering Work,Tower 4,37th Floor,Civil Works- RCC,RCC,Shuttering- Conventional,,475031300.0,2028-03-16,2028-03-24,,,,,0
1.1.6.3.1.39.1.2,Reinforcement Work,Tower 4,37th Floor,Civil Works- RCC,RCC,Reinforcement,,1131945700.0,2028-03-22,2028-03-26,,,,,0
1.1.6.3.1.39.1.3,Conduiting work,Tower 4,37th Floor,MEP,Tower MEP,Electrical,,7536300.0,2028-03-26,2028-03-26,,,,,0
1.1.6.3.1.39.1.4,Concreteing work,Tower 4,37th Floor,Civil Works- RCC,RCC,Concreting,,657198000.0,2028-03-27,2028-03-27,,,,,0
1.1.6.3.1.40,38th Floor Slab,,,,,,,,2028-03-28,2028-04-08,,,,,
1.1.6.3.1.40.1,38th Floor Slab,,,,,,,,2028-03-28,2028-04-08,,,,,
1.1.6.3.1.40.1.1,Shuttering Work,Tower 4,38th Floor,Civil Works- RCC,RCC,Shuttering- Conventional,,475031300.0,2028-03-28,2028-04-05,,,,,0
1.1.6.3.1.40.1.2,Reinforcement Work,Tower 4,38th Floor,Civil Works- RCC,RCC,Reinforcement,,1131945700.0,2028-04-03,2028-04-07,,,,,0
1.1.6.3.1.40.1.3,Conduiting work,Tower 4,38th Floor,MEP,Tower MEP,Electrical,,7536300.0,2028-04-07,2028-04-07,,,,,0
1.1.6.3.1.40.1.4,Concreteing work,Tower 4,38th Floor,Civil Works- RCC,RCC,Concreting,,657198000.0,2028-04-08,2028-04-08,,,,,0
1.1.6.3.1.41,Terrace Slab,,,,,,,,2028-04-09,2028-04-23,,,,,
1.1.6.3.1.41.1,Terrace Slab,,,,,,,,2028-04-09,2028-04-23,,,,,
1.1.6.3.1.41.1.1,Shuttering Work,Tower 4,Terrace,Civil Works- RCC,RCC,Shuttering- Conventional,,515982500.0,2028-04-09,2028-04-18,,,,,0
1.1.6.3.1.41.1.2,Reinforcement Work,Tower 4,Terrace,Civil Works- RCC,RCC,Reinforcement,,543387600.0,2028-04-15,2028-04-22,,,,,0
1.1.6.3.1.41.1.3,Conduiting work,Tower 4,Terrace,MEP,Common area-MEP,CA-Electrical,,7536300.0,2028-04-22,2028-04-22,,,,,0
1.1.6.3.1.41.1.4,Concreteing work,Tower 4,Terrace,Civil Works- RCC,RCC,Concreting,,521144500.0,2028-04-23,2028-04-23,,,,,0
1.1.6.3.1.42,Terrace to LMR Floor,,,,,,,,2028-04-24,2028-05-04,,,,,
1.1.6.3.1.42.1,LMR Floor Slab,,,,,,,,2028-04-24,2028-05-04,,,,,
1.1.6.3.1.42.1.1,Shuttering Work,Tower 4,Terrace,Civil Works- RCC,RCC,Shuttering- Conventional,,138112100.0,2028-04-24,2028-05-01,,,,,0
1.1.6.3.1.42.1.2,Reinforcement Work,Tower 4,Terrace,Civil Works- RCC,RCC,Reinforcement,,151646500.0,2028-04-30,2028-05-03,,,,,0
1.1.6.3.1.42.1.3,Conduiting work,Tower 4,Terrace,MEP,Common area-MEP,CA-Electrical,,7536300.0,2028-05-03,2028-05-03,,,,,0
1.1.6.3.1.42.1.4,Concreteing work,Tower 4,Terrace,Civil Works- RCC,RCC,Concreting,,145439000.0,2028-05-04,2028-05-04,,,,,0
1.1.6.3.1.43,LMR Floor to LMR Roof,,,,,,,,2028-05-05,2028-05-15,,,,,
1.1.6.3.1.43.1,LMR Roof Slab,,,,,,,,2028-05-05,2028-05-15,,,,,
1.1.6.3.1.43.1.1,Shuttering Work,Tower 4,,Civil Works- RCC,RCC,Shuttering- Conventional,,138112100.0,2028-05-05,2028-05-12,,,,,0
1.1.6.3.1.43.1.2,Reinforcement Work,Tower 4,,Civil Works- RCC,RCC,Reinforcement,,151646500.0,2028-05-11,2028-05-14,,,,,0
1.1.6.3.1.43.1.3,Conduiting work,Tower 4,,MEP,Common area-MEP,CA-Electrical,,7536300.0,2028-05-14,2028-05-14,,,,,0
1.1.6.3.1.43.1.4,Concreteing work,Tower 4,,Civil Works- RCC,RCC,Concreting,,145439000.0,2028-05-15,2028-05-15,,,,,0
1.1.6.3.1.44,OHT & Roof Features,,,,,,,,2028-05-16,2028-06-02,,,,,
1.1.6.3.1.44.1,OHT & Roof Features,,,,,,,,2028-05-16,2028-06-02,,,,,
1.1.6.3.1.44.1.1,Reinforcement Work,Tower 4,,Civil Works- RCC,RCC,Reinforcement,,37894600.0,2028-05-16,2028-05-26,,,,,0
1.1.6.3.1.44.1.2,Shuttering work,Tower 4,,Civil Works- RCC,RCC,Shuttering- Conventional,,42798400.0,2028-05-25,2028-06-02,,,,,0
1.1.6.3.1.44.1.3,Concreteing work,Tower 4,,Civil Works- RCC,RCC,Concreting,,36343400.0,2028-05-27,2028-06-02,,,,,0
1.1.6.3.2,Post Pour Works,,,,,,,,2027-01-03,2028-06-08,,,,,
1.1.6.3.2.1,1st Floor,Tower 4,1st Floor,Civil Works- RCC,RCC,Post Pour,,100.0,2027-01-03,2027-01-10,,,,,0
1.1.6.3.2.2,2nd Floor,Tower 4,2nd Floor,Civil Works- RCC,RCC,Post Pour,,100.0,2027-01-15,2027-01-22,,,,,0
1.1.6.3.2.3,3rd Floor,Tower 4,3rd Floor,Civil Works- RCC,RCC,Post Pour,,100.0,2027-01-23,2027-01-30,,,,,0
1.1.6.3.2.4,4th Floor,Tower 4,4th Floor,Civil Works- RCC,RCC,Post Pour,,100.0,2027-02-08,2027-02-15,,,,,0
1.1.6.3.2.5,5th Floor,Tower 4,5th Floor,Civil Works- RCC,RCC,Post Pour,,100.0,2027-02-20,2027-02-27,,,,,0
1.1.6.3.2.6,6th Floor,Tower 4,6th Floor,Civil Works- RCC,RCC,Post Pour,,100.0,2027-03-04,2027-03-11,,,,,0
1.1.6.3.2.7,7th Floor,Tower 4,7th Floor,Civil Works- RCC,RCC,Post Pour,,100.0,2027-03-12,2027-03-19,,,,,0
1.1.6.3.2.8,8th Floor,Tower 4,8th Floor,Civil Works- RCC,RCC,Post Pour,,100.0,2027-03-28,2027-04-04,,,,,0
1.1.6.3.2.9,9th Floor,Tower 4,9th Floor,Civil Works- RCC,RCC,Post Pour,,100.0,2027-04-09,2027-04-16,,,,,0
1.1.6.3.2.10,10th Floor,Tower 4,10th Floor,Civil Works- RCC,RCC,Post Pour,,100.0,2027-04-21,2027-04-28,,,,,0
1.1.6.3.2.11,11th Floor,Tower 4,11th Floor,Civil Works- RCC,RCC,Post Pour,,100.0,2027-05-03,2027-05-10,,,,,0
1.1.6.3.2.12,12th Floor,Tower 4,12th Floor,Civil Works- RCC,RCC,Post Pour,,100.0,2027-05-15,2027-05-22,,,,,0
1.1.6.3.2.13,13th Floor,Tower 4,13th Floor,Civil Works- RCC,RCC,Post Pour,,100.0,2027-05-27,2027-06-03,,,,,0
1.1.6.3.2.14,14th Floor,Tower 4,14th Floor,Civil Works- RCC,RCC,Post Pour,,100.0,2027-06-11,2027-06-18,,,,,0
1.1.6.3.2.15,15th Floor,Tower 4,15th Floor,Civil Works- RCC,RCC,Post Pour,,100.0,2027-06-23,2027-06-30,,,,,0
1.1.6.3.2.16,16th Floor,Tower 4,16th Floor,Civil Works- RCC,RCC,Post Pour,,100.0,2027-07-05,2027-07-12,,,,,0
1.1.6.3.2.17,17th Floor,Tower 4,17th Floor,Civil Works- RCC,RCC,Post Pour,,100.0,2027-07-17,2027-07-24,,,,,0
1.1.6.3.2.18,18th Floor,Tower 4,18th Floor,Civil Works- RCC,RCC,Post Pour,,100.0,2027-07-29,2027-08-05,,,,,0
1.1.6.3.2.19,19th Floor,Tower 4,19th Floor,Civil Works- RCC,RCC,Post Pour,,100.0,2027-08-10,2027-08-17,,,,,0
1.1.6.3.2.20,20th Floor,Tower 4,20th Floor,Civil Works- RCC,RCC,Post Pour,,100.0,2027-08-22,2027-08-28,,,,,0
1.1.6.3.2.21,21st Floor,Tower 4,21st Floor,Civil Works- RCC,RCC,Post Pour,,100.0,2027-09-03,2027-09-09,,,,,0
1.1.6.3.2.22,22nd Floor,Tower 4,22nd Floor,Civil Works- RCC,RCC,Post Pour,,100.0,2027-09-15,2027-09-21,,,,,0
1.1.6.3.2.23,23rd Floor,Tower 4,23rd Floor,Civil Works- RCC,RCC,Post Pour,,100.0,2027-09-30,2027-10-06,,,,,0
1.1.6.3.2.24,24th Floor,Tower 4,24th Floor,Civil Works- RCC,RCC,Post Pour,,100.0,2027-10-12,2027-10-18,,,,,0
1.1.6.3.2.25,25th Floor,Tower 4,25th Floor,Civil Works- RCC,RCC,Post Pour,,100.0,2027-10-24,2027-10-30,,,,,0
1.1.6.3.2.26,26th Floor,Tower 4,26th Floor,Civil Works- RCC,RCC,Post Pour,,100.0,2027-12-20,2027-12-26,,,,,0
1.1.6.3.2.27,27th Floor,Tower 4,27th Floor,Civil Works- RCC,RCC,Post Pour,,100.0,2028-01-01,2028-01-07,,,,,0
1.1.6.3.2.28,28th Floor,Tower 4,28th Floor,Civil Works- RCC,RCC,Post Pour,,100.0,2028-01-13,2028-01-21,,,,,0
1.1.6.3.2.29,29st Floor,Tower 4,29th Floor,Civil Works- RCC,RCC,Post Pour,,100.0,2028-01-25,2028-02-02,,,,,0
1.1.6.3.2.30,30th Floor,Tower 4,30th Floor,Civil Works- RCC,RCC,Post Pour,,100.0,2028-02-06,2028-02-14,,,,,0
1.1.6.3.2.31,31st Floor,Tower 4,31st Floor,Civil Works- RCC,RCC,Post Pour,,100.0,2028-02-18,2028-02-26,,,,,0
1.1.6.3.2.32,32nd Floor,Tower 4,32nd Floor,Civil Works- RCC,RCC,Post Pour,,100.0,2028-03-04,2028-03-12,,,,,0
1.1.6.3.2.33,33rd Floor,Tower 4,33rd Floor,Civil Works- RCC,RCC,Post Pour,,100.0,2028-03-16,2028-03-24,,,,,0
1.1.6.3.2.34,34th Floor,Tower 4,34th Floor,Civil Works- RCC,RCC,Post Pour,,100.0,2028-03-28,2028-04-05,,,,,0
1.1.6.3.2.35,35th Floor,Tower 4,35th Floor,Civil Works- RCC,RCC,Post Pour,,100.0,2028-04-09,2028-04-17,,,,,0
1.1.6.3.2.36,36th Floor,Tower 4,36th Floor,Civil Works- RCC,RCC,Post Pour,,100.0,2028-04-24,2028-05-02,,,,,0
1.1.6.3.2.37,37th Floor,Tower 4,37th Floor,Civil Works- RCC,RCC,Post Pour,,100.0,2028-05-03,2028-05-11,,,,,0
1.1.6.3.2.38,38th Floor,Tower 4,38th Floor,Civil Works- RCC,RCC,Post Pour,,100.0,2028-05-12,2028-05-20,,,,,0
1.1.6.3.2.39,Terrace Floor,Tower 4,Terrace,Finishing,Tower Finishing,Flooring,,100.0,2028-05-21,2028-05-29,,,,,0
1.1.6.3.2.40,"LMR, OHT & Roof Feauters",Tower 4,,Civil Works- RCC,RCC,Reinforcement,,100.0,2028-05-30,2028-06-08,,,,,0
1.1.6.3.3,Finishing works,,,,,,,,2027-01-11,2030-01-18,,,,,
1.1.6.3.3.1,Flat finishings,,,,,,,,2027-01-11,2030-01-18,,,,,
1.1.6.3.3.1.1,1st Floor,,,,,,,,2027-01-11,2027-04-26,,,,,
1.1.6.3.3.1.1.1,Block Work ,Tower 4,1st Floor,Finishing,Tower Civil Finishes,Blockwork,,99825900.0,2027-01-11,2027-01-20,,,,,0
1.1.6.3.3.1.1.2,Installation of temporary Main door,Tower 4,1st Floor,Finishing,Tower Finishing,Door,,13352300.0,2027-01-21,2027-01-27,,,,,0
1.1.6.3.3.1.1.3,Fire sprinkler pipe fixing,Tower 4,1st Floor,MEP,Common area-MEP,CA-Fire-fighting & FAPA,,49879900.0,2027-01-21,2027-01-23,,,,,0
1.1.6.3.3.1.1.4,Internal Plumbing Works,Tower 4,1st Floor,MEP,Tower MEP,Plumbing,,172099200.0,2027-01-21,2027-01-27,,,,,0
1.1.6.3.3.1.1.5,Waterproofing,Tower 4,1st Floor,Finishing,Tower Civil Finishes,Waterproofing,,46170100.0,2027-01-28,2027-02-08,,,,,0
1.1.6.3.3.1.1.6,Internal Plaster,Tower 4,1st Floor,Finishing,Tower Civil Finishes,Int Plaster,,181802100.0,2027-01-21,2027-02-04,,,,,0
1.1.6.3.3.1.1.7,IPS flooring work,Tower 4,1st Floor,Finishing,Tower Finishing,Flooring,,346465600.0,2027-01-21,2027-01-31,,,,,0
1.1.6.3.3.1.1.8,Toilet dado work,Tower 4,1st Floor,Finishing,Tower Finishing,Flooring,,105756400.0,2027-02-09,2027-02-24,,,,,0
1.1.6.3.3.1.1.9,Toilet flooring work,Tower 4,1st Floor,Finishing,Tower Finishing,Flooring,,79489200.0,2027-02-25,2027-03-12,,,,,0
1.1.6.3.3.1.1.10,Living dinning flooring,Tower 4,1st Floor,Finishing,Tower Finishing,Flooring,,209204400.0,2027-03-13,2027-03-28,,,,,0
1.1.6.3.3.1.1.11,Electrical wiring work,Tower 4,1st Floor,MEP,Tower MEP,Electrical,,173190400.0,2027-03-19,2027-03-28,,,,,0
1.1.6.3.3.1.1.12,Aluminium door-window fixing,Tower 4,1st Floor,Finishing,Tower Finishing,Window,,133089600.0,2027-03-21,2027-04-06,,,,,0
1.1.6.3.3.1.1.13,Putty primer coat,Tower 4,1st Floor,Finishing,Tower Finishing,Paint,,43449400.0,2027-03-30,2027-04-06,,,,,0
1.1.6.3.3.1.1.14,Prehung door fixing,Tower 4,1st Floor,Finishing,Tower Finishing,Door,,73806900.0,2027-04-02,2027-04-08,,,,,0
1.1.6.3.3.1.1.15,Painting 1st coat,Tower 4,1st Floor,Finishing,Tower Finishing,Paint,,28966300.0,2027-04-09,2027-04-18,,,,,0
1.1.6.3.3.1.1.16,False Ceiling panel fixing,Tower 4,1st Floor,Finishing,Tower Finishing,False Ceiling,,31801600.0,2027-04-19,2027-04-26,,,,,0
1.1.6.3.3.1.2,2nd Floor,,,,,,,,2027-01-23,2027-05-23,,,,,
1.1.6.3.3.1.2.1,Block Work ,Tower 4,2nd Floor,Finishing,Tower Civil Finishes,Blockwork,,99825900.0,2027-01-23,2027-02-01,,,,,0
1.1.6.3.3.1.2.2,Installation of temporary Main door,Tower 4,2nd Floor,Finishing,Tower Finishing,Door,,13352300.0,2027-02-02,2027-02-08,,,,,0
1.1.6.3.3.1.2.3,Fire sprinkler pipe fixing,Tower 4,2nd Floor,MEP,Common area-MEP,CA-Fire-fighting & FAPA,,49879900.0,2027-02-02,2027-02-04,,,,,0
1.1.6.3.3.1.2.4,Internal Plumbing Works,Tower 4,2nd Floor,MEP,Tower MEP,Plumbing,,172099200.0,2027-02-02,2027-02-08,,,,,0
1.1.6.3.3.1.2.5,Waterproofing,Tower 4,2nd Floor,Finishing,Tower Civil Finishes,Waterproofing,,46170100.0,2027-02-09,2027-02-20,,,,,0
1.1.6.3.3.1.2.6,Internal Plaster,Tower 4,2nd Floor,Finishing,Tower Civil Finishes,Int Plaster,,181802100.0,2027-02-21,2027-03-07,,,,,0
1.1.6.3.3.1.2.7,IPS flooring work,Tower 4,2nd Floor,Finishing,Tower Finishing,Flooring,,346465600.0,2027-02-02,2027-02-12,,,,,0
1.1.6.3.3.1.2.8,Toilet dado work,Tower 4,2nd Floor,Finishing,Tower Finishing,Flooring,,105756400.0,2027-03-08,2027-03-23,,,,,0
1.1.6.3.3.1.2.9,Toilet flooring work,Tower 4,2nd Floor,Finishing,Tower Finishing,Flooring,,79489200.0,2027-03-24,2027-04-08,,,,,0
1.1.6.3.3.1.2.10,Living dinning flooring,Tower 4,2nd Floor,Finishing,Tower Finishing,Flooring,,209204400.0,2027-04-09,2027-04-24,,,,,0
1.1.6.3.3.1.2.11,Electrical wiring work,Tower 4,2nd Floor,MEP,Tower MEP,Electrical,,173190400.0,2027-04-15,2027-04-24,,,,,0
1.1.6.3.3.1.2.12,Aluminium door-window fixing,Tower 4,2nd Floor,Finishing,Tower Finishing,Window,,133089600.0,2027-04-17,2027-05-03,,,,,0
1.1.6.3.3.1.2.13,Putty primer coat,Tower 4,2nd Floor,Finishing,Tower Finishing,Paint,,43449400.0,2027-04-26,2027-05-03,,,,,0
1.1.6.3.3.1.2.14,Prehung door fixing,Tower 4,2nd Floor,Finishing,Tower Finishing,Door,,73806900.0,2027-04-29,2027-05-05,,,,,0
1.1.6.3.3.1.2.15,Painting 1st coat,Tower 4,2nd Floor,Finishing,Tower Finishing,Paint,,28966300.0,2027-05-06,2027-05-15,,,,,0
1.1.6.3.3.1.2.16,False Ceiling panel fixing,Tower 4,2nd Floor,Finishing,Tower Finishing,False Ceiling,,31801600.0,2027-05-16,2027-05-23,,,,,0
1.1.6.3.3.1.3,3rd Floor,,,,,,,,2027-01-31,2027-05-31,,,,,
1.1.6.3.3.1.3.1,Block Work ,Tower 4,3rd Floor,Finishing,Tower Civil Finishes,Blockwork,,99825900.0,2027-01-31,2027-02-09,,,,,0
1.1.6.3.3.1.3.2,Installation of temporary Main door,Tower 4,3rd Floor,Finishing,Tower Finishing,Door,,13352300.0,2027-02-10,2027-02-16,,,,,0
1.1.6.3.3.1.3.3,Fire sprinkler pipe fixing,Tower 4,3rd Floor,MEP,Common area-MEP,CA-Fire-fighting & FAPA,,49879900.0,2027-02-10,2027-02-12,,,,,0
1.1.6.3.3.1.3.4,Internal Plumbing Works,Tower 4,3rd Floor,MEP,Tower MEP,Plumbing,,172099200.0,2027-02-10,2027-02-16,,,,,0
1.1.6.3.3.1.3.5,Waterproofing,Tower 4,3rd Floor,Finishing,Tower Civil Finishes,Waterproofing,,46170100.0,2027-02-17,2027-02-28,,,,,0
1.1.6.3.3.1.3.6,Internal Plaster,Tower 4,3rd Floor,Finishing,Tower Civil Finishes,Int Plaster,,181802100.0,2027-03-01,2027-03-15,,,,,0
1.1.6.3.3.1.3.7,IPS flooring work,Tower 4,3rd Floor,Finishing,Tower Finishing,Flooring,,346465600.0,2027-02-10,2027-02-20,,,,,0
1.1.6.3.3.1.3.8,Toilet dado work,Tower 4,3rd Floor,Finishing,Tower Finishing,Flooring,,105756400.0,2027-03-16,2027-03-31,,,,,0
1.1.6.3.3.1.3.9,Toilet flooring work,Tower 4,3rd Floor,Finishing,Tower Finishing,Flooring,,79489200.0,2027-04-01,2027-04-16,,,,,0
1.1.6.3.3.1.3.10,Living dinning flooring,Tower 4,3rd Floor,Finishing,Tower Finishing,Flooring,,209204400.0,2027-04-17,2027-05-02,,,,,0
1.1.6.3.3.1.3.11,Electrical wiring work,Tower 4,3rd Floor,MEP,Tower MEP,Electrical,,173190400.0,2027-04-23,2027-05-02,,,,,0
1.1.6.3.3.1.3.12,Aluminium door-window fixing,Tower 4,3rd Floor,Finishing,Tower Finishing,Window,,133089600.0,2027-04-25,2027-05-11,,,,,0
1.1.6.3.3.1.3.13,Putty primer coat,Tower 4,3rd Floor,Finishing,Tower Finishing,Paint,,43449400.0,2027-05-04,2027-05-11,,,,,0
1.1.6.3.3.1.3.14,Prehung door fixing,Tower 4,3rd Floor,Finishing,Tower Finishing,Door,,73806900.0,2027-05-07,2027-05-13,,,,,0
1.1.6.3.3.1.3.15,Painting 1st coat,Tower 4,3rd Floor,Finishing,Tower Finishing,Paint,,28966300.0,2027-05-14,2027-05-23,,,,,0
1.1.6.3.3.1.3.16,False Ceiling panel fixing,Tower 4,3rd Floor,Finishing,Tower Finishing,False Ceiling,,31801600.0,2027-05-24,2027-05-31,,,,,0
1.1.6.3.3.1.4,4th Floor,,,,,,,,2027-02-16,2027-06-16,,,,,
1.1.6.3.3.1.4.1,Block Work ,Tower 4,4th Floor,Finishing,Tower Civil Finishes,Blockwork,,99825900.0,2027-02-16,2027-02-25,,,,,0
1.1.6.3.3.1.4.2,Installation of temporary Main door,Tower 4,4th Floor,Finishing,Tower Finishing,Door,,13352300.0,2027-02-26,2027-03-04,,,,,0
1.1.6.3.3.1.4.3,Fire sprinkler pipe fixing,Tower 4,4th Floor,MEP,Common area-MEP,CA-Fire-fighting & FAPA,,49879900.0,2027-02-26,2027-02-28,,,,,0
1.1.6.3.3.1.4.4,Internal Plumbing Works,Tower 4,4th Floor,MEP,Tower MEP,Plumbing,,172099200.0,2027-02-26,2027-03-04,,,,,0
1.1.6.3.3.1.4.5,Waterproofing,Tower 4,4th Floor,Finishing,Tower Civil Finishes,Waterproofing,,46170100.0,2027-03-05,2027-03-16,,,,,0
1.1.6.3.3.1.4.6,Internal Plaster,Tower 4,4th Floor,Finishing,Tower Civil Finishes,Int Plaster,,181802100.0,2027-03-17,2027-03-31,,,,,0
1.1.6.3.3.1.4.7,IPS flooring work,Tower 4,4th Floor,Finishing,Tower Finishing,Flooring,,346465600.0,2027-02-26,2027-03-08,,,,,0
1.1.6.3.3.1.4.8,Toilet dado work,Tower 4,4th Floor,Finishing,Tower Finishing,Flooring,,105756400.0,2027-04-01,2027-04-16,,,,,0
1.1.6.3.3.1.4.9,Toilet flooring work,Tower 4,4th Floor,Finishing,Tower Finishing,Flooring,,79489200.0,2027-04-17,2027-05-02,,,,,0
1.1.6.3.3.1.4.10,Living dinning flooring,Tower 4,4th Floor,Finishing,Tower Finishing,Flooring,,209204400.0,2027-05-03,2027-05-18,,,,,0
1.1.6.3.3.1.4.11,Electrical wiring work,Tower 4,4th Floor,MEP,Tower MEP,Electrical,,173190400.0,2027-05-09,2027-05-18,,,,,0
1.1.6.3.3.1.4.12,Aluminium door-window fixing,Tower 4,4th Floor,Finishing,Tower Finishing,Window,,133089600.0,2027-05-11,2027-05-27,,,,,0
1.1.6.3.3.1.4.13,Putty primer coat,Tower 4,4th Floor,Finishing,Tower Finishing,Paint,,43449400.0,2027-05-20,2027-05-27,,,,,0
1.1.6.3.3.1.4.14,Prehung door fixing,Tower 4,4th Floor,Finishing,Tower Finishing,Door,,73806900.0,2027-05-23,2027-05-29,,,,,0
1.1.6.3.3.1.4.15,Painting 1st coat,Tower 4,4th Floor,Finishing,Tower Finishing,Paint,,28966300.0,2027-05-30,2027-06-08,,,,,0
1.1.6.3.3.1.4.16,False Ceiling panel fixing,Tower 4,4th Floor,Finishing,Tower Finishing,False Ceiling,,31801600.0,2027-06-09,2027-06-16,,,,,0
1.1.6.3.3.1.5,5th Floor,,,,,,,,2027-02-28,2027-06-28,,,,,
1.1.6.3.3.1.5.1,Block Work ,Tower 4,5th Floor,Finishing,Tower Civil Finishes,Blockwork,,99825900.0,2027-02-28,2027-03-09,,,,,0
1.1.6.3.3.1.5.2,Installation of temporary Main door,Tower 4,5th Floor,Finishing,Tower Finishing,Door,,13352300.0,2027-03-10,2027-03-16,,,,,0
1.1.6.3.3.1.5.3,Fire sprinkler pipe fixing,Tower 4,5th Floor,MEP,Common area-MEP,CA-Fire-fighting & FAPA,,49879900.0,2027-03-10,2027-03-12,,,,,0
1.1.6.3.3.1.5.4,Internal Plumbing Works,Tower 4,5th Floor,MEP,Tower MEP,Plumbing,,172099200.0,2027-03-10,2027-03-16,,,,,0
1.1.6.3.3.1.5.5,Waterproofing,Tower 4,5th Floor,Finishing,Tower Civil Finishes,Waterproofing,,46170100.0,2027-03-17,2027-03-28,,,,,0
1.1.6.3.3.1.5.6,Internal Plaster,Tower 4,5th Floor,Finishing,Tower Civil Finishes,Int Plaster,,181802100.0,2027-03-29,2027-04-12,,,,,0
1.1.6.3.3.1.5.7,IPS flooring work,Tower 4,5th Floor,Finishing,Tower Finishing,Flooring,,346465600.0,2027-03-10,2027-03-20,,,,,0
1.1.6.3.3.1.5.8,Toilet dado work,Tower 4,5th Floor,Finishing,Tower Finishing,Flooring,,105756400.0,2027-04-13,2027-04-28,,,,,0
1.1.6.3.3.1.5.9,Toilet flooring work,Tower 4,5th Floor,Finishing,Tower Finishing,Flooring,,79489200.0,2027-04-29,2027-05-14,,,,,0
1.1.6.3.3.1.5.10,Living dinning flooring,Tower 4,5th Floor,Finishing,Tower Finishing,Flooring,,209204400.0,2027-05-15,2027-05-30,,,,,0
1.1.6.3.3.1.5.11,Electrical wiring work,Tower 4,5th Floor,MEP,Tower MEP,Electrical,,173190400.0,2027-05-21,2027-05-30,,,,,0
1.1.6.3.3.1.5.12,Aluminium door-window fixing,Tower 4,5th Floor,Finishing,Tower Finishing,Window,,133089600.0,2027-05-23,2027-06-08,,,,,0
1.1.6.3.3.1.5.13,Putty primer coat,Tower 4,5th Floor,Finishing,Tower Finishing,Paint,,43449400.0,2027-06-01,2027-06-08,,,,,0
1.1.6.3.3.1.5.14,Prehung door fixing,Tower 4,5th Floor,Finishing,Tower Finishing,Door,,73806900.0,2027-06-04,2027-06-10,,,,,0
1.1.6.3.3.1.5.15,Painting 1st coat,Tower 4,5th Floor,Finishing,Tower Finishing,Paint,,28966300.0,2027-06-11,2027-06-20,,,,,0
1.1.6.3.3.1.5.16,False Ceiling panel fixing,Tower 4,5th Floor,Finishing,Tower Finishing,False Ceiling,,31801600.0,2027-06-21,2027-06-28,,,,,0
1.1.6.3.3.1.6,6th Floor,,,,,,,,2027-03-12,2027-07-10,,,,,
1.1.6.3.3.1.6.1,Block Work ,Tower 4,6th Floor,Finishing,Tower Civil Finishes,Blockwork,,99825900.0,2027-03-12,2027-03-21,,,,,0
1.1.6.3.3.1.6.2,Installation of temporary Main door,Tower 4,6th Floor,Finishing,Tower Finishing,Door,,13352300.0,2027-03-22,2027-03-28,,,,,0
1.1.6.3.3.1.6.3,Fire sprinkler pipe fixing,Tower 4,6th Floor,MEP,Common area-MEP,CA-Fire-fighting & FAPA,,49879900.0,2027-03-22,2027-03-24,,,,,0
1.1.6.3.3.1.6.4,Internal Plumbing Works,Tower 4,6th Floor,MEP,Tower MEP,Plumbing,,172099200.0,2027-03-22,2027-03-28,,,,,0
1.1.6.3.3.1.6.5,Waterproofing,Tower 4,6th Floor,Finishing,Tower Civil Finishes,Waterproofing,,46170100.0,2027-03-29,2027-04-09,,,,,0
1.1.6.3.3.1.6.6,Internal Plaster,Tower 4,6th Floor,Finishing,Tower Civil Finishes,Int Plaster,,181802100.0,2027-04-10,2027-04-24,,,,,0
1.1.6.3.3.1.6.7,IPS flooring work,Tower 4,6th Floor,Finishing,Tower Finishing,Flooring,,346465600.0,2027-03-22,2027-04-01,,,,,0
1.1.6.3.3.1.6.8,Toilet dado work,Tower 4,6th Floor,Finishing,Tower Finishing,Flooring,,105756400.0,2027-04-25,2027-05-10,,,,,0
1.1.6.3.3.1.6.9,Toilet flooring work,Tower 4,6th Floor,Finishing,Tower Finishing,Flooring,,79489200.0,2027-05-11,2027-05-26,,,,,0
1.1.6.3.3.1.6.10,Living dinning flooring,Tower 4,6th Floor,Finishing,Tower Finishing,Flooring,,209204400.0,2027-05-27,2027-06-11,,,,,0
1.1.6.3.3.1.6.11,Electrical wiring work,Tower 4,6th Floor,MEP,Tower MEP,Electrical,,173190400.0,2027-06-02,2027-06-11,,,,,0
1.1.6.3.3.1.6.12,Aluminium door-window fixing,Tower 4,6th Floor,Finishing,Tower Finishing,Window,,133089600.0,2027-06-04,2027-06-20,,,,,0
1.1.6.3.3.1.6.13,Putty primer coat,Tower 4,6th Floor,Finishing,Tower Finishing,Paint,,43449400.0,2027-06-13,2027-06-20,,,,,0
1.1.6.3.3.1.6.14,Prehung door fixing,Tower 4,6th Floor,Finishing,Tower Finishing,Door,,73806900.0,2027-06-16,2027-06-22,,,,,0
1.1.6.3.3.1.6.15,Painting 1st coat,Tower 4,6th Floor,Finishing,Tower Finishing,Paint,,28966300.0,2027-06-23,2027-07-02,,,,,0
1.1.6.3.3.1.6.16,False Ceiling panel fixing,Tower 4,6th Floor,Finishing,Tower Finishing,False Ceiling,,31801600.0,2027-07-03,2027-07-10,,,,,0
1.1.6.3.3.1.7,7th Floor,,,,,,,,2027-03-20,2027-07-18,,,,,
1.1.6.3.3.1.7.1,Block Work ,Tower 4,7th Floor,Finishing,Tower Civil Finishes,Blockwork,,99825900.0,2027-03-20,2027-03-29,,,,,0
1.1.6.3.3.1.7.2,Installation of temporary Main door,Tower 4,7th Floor,Finishing,Tower Finishing,Door,,13352300.0,2027-03-30,2027-04-05,,,,,0
1.1.6.3.3.1.7.3,Fire sprinkler pipe fixing,Tower 4,7th Floor,MEP,Common area-MEP,CA-Fire-fighting & FAPA,,49879900.0,2027-03-30,2027-04-01,,,,,0
1.1.6.3.3.1.7.4,Internal Plumbing Works,Tower 4,7th Floor,MEP,Tower MEP,Plumbing,,172099200.0,2027-03-30,2027-04-05,,,,,0
1.1.6.3.3.1.7.5,Waterproofing,Tower 4,7th Floor,Finishing,Tower Civil Finishes,Waterproofing,,46170100.0,2027-04-06,2027-04-17,,,,,0
1.1.6.3.3.1.7.6,Internal Plaster,Tower 4,7th Floor,Finishing,Tower Civil Finishes,Int Plaster,,181802100.0,2027-04-18,2027-05-02,,,,,0
1.1.6.3.3.1.7.7,IPS flooring work,Tower 4,7th Floor,Finishing,Tower Finishing,Flooring,,346465600.0,2027-03-30,2027-04-09,,,,,0
1.1.6.3.3.1.7.8,Toilet dado work,Tower 4,7th Floor,Finishing,Tower Finishing,Flooring,,105756400.0,2027-05-03,2027-05-18,,,,,0
1.1.6.3.3.1.7.9,Toilet flooring work,Tower 4,7th Floor,Finishing,Tower Finishing,Flooring,,79489200.0,2027-05-19,2027-06-03,,,,,0
1.1.6.3.3.1.7.10,Living dinning flooring,Tower 4,7th Floor,Finishing,Tower Finishing,Flooring,,209204400.0,2027-06-04,2027-06-19,,,,,0
1.1.6.3.3.1.7.11,Electrical wiring work,Tower 4,7th Floor,MEP,Tower MEP,Electrical,,173190400.0,2027-06-10,2027-06-19,,,,,0
1.1.6.3.3.1.7.12,Aluminium door-window fixing,Tower 4,7th Floor,Finishing,Tower Finishing,Window,,133089600.0,2027-06-12,2027-06-28,,,,,0
1.1.6.3.3.1.7.13,Putty primer coat,Tower 4,7th Floor,Finishing,Tower Finishing,Paint,,43449400.0,2027-06-21,2027-06-28,,,,,0
1.1.6.3.3.1.7.14,Prehung door fixing,Tower 4,7th Floor,Finishing,Tower Finishing,Door,,73806900.0,2027-06-24,2027-06-30,,,,,0
1.1.6.3.3.1.7.15,Painting 1st coat,Tower 4,7th Floor,Finishing,Tower Finishing,Paint,,28966300.0,2027-07-01,2027-07-10,,,,,0
1.1.6.3.3.1.7.16,False Ceiling panel fixing,Tower 4,7th Floor,Finishing,Tower Finishing,False Ceiling,,31801600.0,2027-07-11,2027-07-18,,,,,0
1.1.6.3.3.1.8,8th Floor,,,,,,,,2027-04-05,2027-07-26,,,,,
1.1.6.3.3.1.8.1,Block Work ,Tower 4,8th Floor,Finishing,Tower Civil Finishes,Blockwork,,99825900.0,2027-04-05,2027-04-14,,,,,0
1.1.6.3.3.1.8.2,Installation of temporary Main door,Tower 4,8th Floor,Finishing,Tower Finishing,Door,,13352300.0,2027-04-15,2027-04-21,,,,,0
1.1.6.3.3.1.8.3,Fire sprinkler pipe fixing,Tower 4,8th Floor,MEP,Common area-MEP,CA-Fire-fighting & FAPA,,49879900.0,2027-04-15,2027-04-17,,,,,0
1.1.6.3.3.1.8.4,Internal Plumbing Works,Tower 4,8th Floor,MEP,Tower MEP,Plumbing,,172099200.0,2027-04-15,2027-04-21,,,,,0
1.1.6.3.3.1.8.5,Waterproofing,Tower 4,8th Floor,Finishing,Tower Civil Finishes,Waterproofing,,46170100.0,2027-04-22,2027-05-03,,,,,0
1.1.6.3.3.1.8.6,Internal Plaster,Tower 4,8th Floor,Finishing,Tower Civil Finishes,Int Plaster,,181802100.0,2027-05-04,2027-05-08,,,,,0
1.1.6.3.3.1.8.7,IPS flooring work,Tower 4,8th Floor,Finishing,Tower Finishing,Flooring,,346465600.0,2027-04-15,2027-04-25,,,,,0
1.1.6.3.3.1.8.8,Toilet dado work,Tower 4,8th Floor,Finishing,Tower Finishing,Flooring,,105756400.0,2027-05-09,2027-05-14,,,,,0
1.1.6.3.3.1.8.9,Toilet flooring work,Tower 4,8th Floor,Finishing,Tower Finishing,Flooring,,79489200.0,2027-05-15,2027-05-20,,,,,0
1.1.6.3.3.1.8.10,Living dinning flooring,Tower 4,8th Floor,Finishing,Tower Finishing,Flooring,,209204400.0,2027-05-21,2027-06-05,,,,,0
1.1.6.3.3.1.8.11,Electrical wiring work,Tower 4,8th Floor,MEP,Tower MEP,Electrical,,173190400.0,2027-05-27,2027-06-05,,,,,0
1.1.6.3.3.1.8.12,Aluminium door-window fixing,Tower 4,8th Floor,Finishing,Tower Finishing,Window,,133089600.0,2027-05-29,2027-06-14,,,,,0
1.1.6.3.3.1.8.13,Putty primer coat,Tower 4,8th Floor,Finishing,Tower Finishing,Paint,,43449400.0,2027-06-07,2027-06-14,,,,,0
1.1.6.3.3.1.8.14,Prehung door fixing,Tower 4,8th Floor,Finishing,Tower Finishing,Door,,73806900.0,2027-06-10,2027-06-16,,,,,0
1.1.6.3.3.1.8.15,Painting 1st coat,Tower 4,8th Floor,Finishing,Tower Finishing,Paint,,28966300.0,2027-06-17,2027-06-26,,,,,0
1.1.6.3.3.1.8.16,False Ceiling panel fixing,Tower 4,8th Floor,Finishing,Tower Finishing,False Ceiling,,31801600.0,2027-07-19,2027-07-26,,,,,0
1.1.6.3.3.1.9,9th Floor,,,,,,,,2027-04-17,2027-08-15,,,,,
1.1.6.3.3.1.9.1,Block Work ,Tower 4,9th Floor,Finishing,Tower Civil Finishes,Blockwork,,99825900.0,2027-04-17,2027-04-26,,,,,0
1.1.6.3.3.1.9.2,Installation of temporary Main door,Tower 4,9th Floor,Finishing,Tower Finishing,Door,,13352300.0,2027-04-27,2027-05-03,,,,,0
1.1.6.3.3.1.9.3,Fire sprinkler pipe fixing,Tower 4,9th Floor,MEP,Common area-MEP,CA-Fire-fighting & FAPA,,49879900.0,2027-04-27,2027-04-29,,,,,0
1.1.6.3.3.1.9.4,Internal Plumbing Works,Tower 4,9th Floor,MEP,Tower MEP,Plumbing,,172099200.0,2027-04-27,2027-05-03,,,,,0
1.1.6.3.3.1.9.5,Waterproofing,Tower 4,9th Floor,Finishing,Tower Civil Finishes,Waterproofing,,46170100.0,2027-05-04,2027-05-15,,,,,0
1.1.6.3.3.1.9.6,Internal Plaster,Tower 4,9th Floor,Finishing,Tower Civil Finishes,Int Plaster,,181802100.0,2027-05-16,2027-05-30,,,,,0
1.1.6.3.3.1.9.7,IPS flooring work,Tower 4,9th Floor,Finishing,Tower Finishing,Flooring,,346465600.0,2027-04-27,2027-05-07,,,,,0
1.1.6.3.3.1.9.8,Toilet dado work,Tower 4,9th Floor,Finishing,Tower Finishing,Flooring,,105756400.0,2027-05-31,2027-06-15,,,,,0
1.1.6.3.3.1.9.9,Toilet flooring work,Tower 4,9th Floor,Finishing,Tower Finishing,Flooring,,79489200.0,2027-06-16,2027-07-01,,,,,0
1.1.6.3.3.1.9.10,Living dinning flooring,Tower 4,9th Floor,Finishing,Tower Finishing,Flooring,,209204400.0,2027-07-02,2027-07-17,,,,,0
1.1.6.3.3.1.9.11,Electrical wiring work,Tower 4,9th Floor,MEP,Tower MEP,Electrical,,173190400.0,2027-07-08,2027-07-17,,,,,0
1.1.6.3.3.1.9.12,Aluminium door-window fixing,Tower 4,9th Floor,Finishing,Tower Finishing,Window,,133089600.0,2027-07-10,2027-07-26,,,,,0
1.1.6.3.3.1.9.13,Putty primer coat,Tower 4,9th Floor,Finishing,Tower Finishing,Paint,,43449400.0,2027-07-19,2027-07-26,,,,,0
1.1.6.3.3.1.9.14,Prehung door fixing,Tower 4,9th Floor,Finishing,Tower Finishing,Door,,73806900.0,2027-07-22,2027-07-28,,,,,0
1.1.6.3.3.1.9.15,Painting 1st coat,Tower 4,9th Floor,Finishing,Tower Finishing,Paint,,28966300.0,2027-07-29,2027-08-07,,,,,0
1.1.6.3.3.1.9.16,False Ceiling panel fixing,Tower 4,9th Floor,Finishing,Tower Finishing,False Ceiling,,31801600.0,2027-08-08,2027-08-15,,,,,0
1.1.6.3.3.1.10,10th Floor,,,,,,,,2027-04-29,2027-08-23,,,,,
1.1.6.3.3.1.10.1,Block Work ,Tower 4,10th Floor,Finishing,Tower Civil Finishes,Blockwork,,99825900.0,2027-04-29,2027-05-08,,,,,0
1.1.6.3.3.1.10.2,Installation of temporary Main door,Tower 4,10th Floor,Finishing,Tower Finishing,Door,,13352300.0,2027-05-09,2027-05-15,,,,,0
1.1.6.3.3.1.10.3,Fire sprinkler pipe fixing,Tower 4,10th Floor,MEP,Common area-MEP,CA-Fire-fighting & FAPA,,49879900.0,2027-05-09,2027-05-11,,,,,0
1.1.6.3.3.1.10.4,Internal Plumbing Works,Tower 4,10th Floor,MEP,Tower MEP,Plumbing,,172099200.0,2027-05-09,2027-05-15,,,,,0
1.1.6.3.3.1.10.5,Waterproofing,Tower 4,10th Floor,Finishing,Tower Civil Finishes,Waterproofing,,46170100.0,2027-05-16,2027-05-27,,,,,0
1.1.6.3.3.1.10.6,Internal Plaster,Tower 4,10th Floor,Finishing,Tower Civil Finishes,Int Plaster,,181802100.0,2027-05-28,2027-06-01,,,,,0
1.1.6.3.3.1.10.7,IPS flooring work,Tower 4,10th Floor,Finishing,Tower Finishing,Flooring,,346465600.0,2027-05-09,2027-05-09,,,,,0
1.1.6.3.3.1.10.8,Toilet dado work,Tower 4,10th Floor,Finishing,Tower Finishing,Flooring,,105756400.0,2027-06-02,2027-06-17,,,,,0
1.1.6.3.3.1.10.9,Toilet flooring work,Tower 4,10th Floor,Finishing,Tower Finishing,Flooring,,79489200.0,2027-06-18,2027-07-03,,,,,0
1.1.6.3.3.1.10.10,Living dinning flooring,Tower 4,10th Floor,Finishing,Tower Finishing,Flooring,,209204400.0,2027-07-04,2027-07-19,,,,,0
1.1.6.3.3.1.10.11,Electrical wiring work,Tower 4,10th Floor,MEP,Tower MEP,Electrical,,173190400.0,2027-07-10,2027-07-19,,,,,0
1.1.6.3.3.1.10.12,Aluminium door-window fixing,Tower 4,10th Floor,Finishing,Tower Finishing,Window,,133089600.0,2027-07-12,2027-07-28,,,,,0
1.1.6.3.3.1.10.13,Putty primer coat,Tower 4,10th Floor,Finishing,Tower Finishing,Paint,,43449400.0,2027-07-21,2027-07-28,,,,,0
1.1.6.3.3.1.10.14,Prehung door fixing,Tower 4,10th Floor,Finishing,Tower Finishing,Door,,73806900.0,2027-07-24,2027-07-30,,,,,0
1.1.6.3.3.1.10.15,Painting 1st coat,Tower 4,10th Floor,Finishing,Tower Finishing,Paint,,28966300.0,2027-07-31,2027-08-09,,,,,0
1.1.6.3.3.1.10.16,False Ceiling panel fixing,Tower 4,10th Floor,Finishing,Tower Finishing,False Ceiling,,31801600.0,2027-08-16,2027-08-23,,,,,0
1.1.6.3.3.1.11,11th Floor,,,,,,,,2027-05-11,2027-09-08,,,,,
1.1.6.3.3.1.11.1,Block Work ,Tower 4,11th Floor,Finishing,Tower Civil Finishes,Blockwork,,99825900.0,2027-05-11,2027-05-20,,,,,0
1.1.6.3.3.1.11.2,Installation of temporary Main door,Tower 4,11th Floor,Finishing,Tower Finishing,Door,,13352300.0,2027-05-21,2027-05-27,,,,,0
1.1.6.3.3.1.11.3,Fire sprinkler pipe fixing,Tower 4,11th Floor,MEP,Common area-MEP,CA-Fire-fighting & FAPA,,49879900.0,2027-05-21,2027-05-23,,,,,0
1.1.6.3.3.1.11.4,Internal Plumbing Works,Tower 4,11th Floor,MEP,Tower MEP,Plumbing,,172099200.0,2027-05-21,2027-05-27,,,,,0
1.1.6.3.3.1.11.5,Waterproofing,Tower 4,11th Floor,Finishing,Tower Civil Finishes,Waterproofing,,46170100.0,2027-05-28,2027-06-08,,,,,0
1.1.6.3.3.1.11.6,Internal Plaster,Tower 4,11th Floor,Finishing,Tower Civil Finishes,Int Plaster,,181802100.0,2027-06-09,2027-06-23,,,,,0
1.1.6.3.3.1.11.7,IPS flooring work,Tower 4,11th Floor,Finishing,Tower Finishing,Flooring,,346465600.0,2027-05-21,2027-05-31,,,,,0
1.1.6.3.3.1.11.8,Toilet dado work,Tower 4,11th Floor,Finishing,Tower Finishing,Flooring,,105756400.0,2027-06-24,2027-07-09,,,,,0
1.1.6.3.3.1.11.9,Toilet flooring work,Tower 4,11th Floor,Finishing,Tower Finishing,Flooring,,79489200.0,2027-07-10,2027-07-25,,,,,0
1.1.6.3.3.1.11.10,Living dinning flooring,Tower 4,11th Floor,Finishing,Tower Finishing,Flooring,,209204400.0,2027-07-26,2027-08-10,,,,,0
1.1.6.3.3.1.11.11,Electrical wiring work,Tower 4,11th Floor,MEP,Tower MEP,Electrical,,173190400.0,2027-08-01,2027-08-10,,,,,0
1.1.6.3.3.1.11.12,Aluminium door-window fixing,Tower 4,11th Floor,Finishing,Tower Finishing,Window,,133089600.0,2027-08-03,2027-08-19,,,,,0
1.1.6.3.3.1.11.13,Putty primer coat,Tower 4,11th Floor,Finishing,Tower Finishing,Paint,,43449400.0,2027-08-12,2027-08-19,,,,,0
1.1.6.3.3.1.11.14,Prehung door fixing,Tower 4,11th Floor,Finishing,Tower Finishing,Door,,73806900.0,2027-08-15,2027-08-21,,,,,0
1.1.6.3.3.1.11.15,Painting 1st coat,Tower 4,11th Floor,Finishing,Tower Finishing,Paint,,28966300.0,2027-08-22,2027-08-31,,,,,0
1.1.6.3.3.1.11.16,False Ceiling panel fixing,Tower 4,11th Floor,Finishing,Tower Finishing,False Ceiling,,31801600.0,2027-09-01,2027-09-08,,,,,0
1.1.6.3.3.1.12,12th Floor,,,,,,,,2027-05-23,2027-09-20,,,,,
1.1.6.3.3.1.12.1,Block Work ,Tower 4,12th Floor,Finishing,Tower Civil Finishes,Blockwork,,99825900.0,2027-05-23,2027-06-01,,,,,0
1.1.6.3.3.1.12.2,Installation of temporary Main door,Tower 4,12th Floor,Finishing,Tower Finishing,Door,,13352300.0,2027-06-02,2027-06-08,,,,,0
1.1.6.3.3.1.12.3,Fire sprinkler pipe fixing,Tower 4,12th Floor,MEP,Common area-MEP,CA-Fire-fighting & FAPA,,49879900.0,2027-06-02,2027-06-04,,,,,0
1.1.6.3.3.1.12.4,Internal Plumbing Works,Tower 4,12th Floor,MEP,Tower MEP,Plumbing,,172099200.0,2027-06-02,2027-06-08,,,,,0
1.1.6.3.3.1.12.5,Waterproofing,Tower 4,12th Floor,Finishing,Tower Civil Finishes,Waterproofing,,46170100.0,2027-06-09,2027-06-20,,,,,0
1.1.6.3.3.1.12.6,Internal Plaster,Tower 4,12th Floor,Finishing,Tower Civil Finishes,Int Plaster,,181802100.0,2027-06-21,2027-07-05,,,,,0
1.1.6.3.3.1.12.7,IPS flooring work,Tower 4,12th Floor,Finishing,Tower Finishing,Flooring,,346465600.0,2027-06-02,2027-06-12,,,,,0
1.1.6.3.3.1.12.8,Toilet dado work,Tower 4,12th Floor,Finishing,Tower Finishing,Flooring,,105756400.0,2027-07-06,2027-07-21,,,,,0
1.1.6.3.3.1.12.9,Toilet flooring work,Tower 4,12th Floor,Finishing,Tower Finishing,Flooring,,79489200.0,2027-07-22,2027-08-06,,,,,0
1.1.6.3.3.1.12.10,Living dinning flooring,Tower 4,12th Floor,Finishing,Tower Finishing,Flooring,,209204400.0,2027-08-07,2027-08-22,,,,,0
1.1.6.3.3.1.12.11,Electrical wiring work,Tower 4,12th Floor,MEP,Tower MEP,Electrical,,173190400.0,2027-08-13,2027-08-22,,,,,0
1.1.6.3.3.1.12.12,Aluminium door-window fixing,Tower 4,12th Floor,Finishing,Tower Finishing,Window,,133089600.0,2027-08-15,2027-08-31,,,,,0
1.1.6.3.3.1.12.13,Putty primer coat,Tower 4,12th Floor,Finishing,Tower Finishing,Paint,,43449400.0,2027-08-24,2027-08-31,,,,,0
1.1.6.3.3.1.12.14,Prehung door fixing,Tower 4,12th Floor,Finishing,Tower Finishing,Door,,73806900.0,2027-08-27,2027-09-02,,,,,0
1.1.6.3.3.1.12.15,Painting 1st coat,Tower 4,12th Floor,Finishing,Tower Finishing,Paint,,28966300.0,2027-09-03,2027-09-12,,,,,0
1.1.6.3.3.1.12.16,False Ceiling panel fixing,Tower 4,12th Floor,Finishing,Tower Finishing,False Ceiling,,31801600.0,2027-09-13,2027-09-20,,,,,0
1.1.6.3.3.1.13,13th Floor,,,,,,,,2027-06-04,2027-10-02,,,,,
1.1.6.3.3.1.13.1,Block Work ,Tower 4,13th Floor,Finishing,Tower Civil Finishes,Blockwork,,99825900.0,2027-06-04,2027-06-13,,,,,0
1.1.6.3.3.1.13.2,Installation of temporary Main door,Tower 4,13th Floor,Finishing,Tower Finishing,Door,,13352300.0,2027-06-14,2027-06-20,,,,,0
1.1.6.3.3.1.13.3,Fire sprinkler pipe fixing,Tower 4,13th Floor,MEP,Common area-MEP,CA-Fire-fighting & FAPA,,49879900.0,2027-06-14,2027-06-16,,,,,0
1.1.6.3.3.1.13.4,Internal Plumbing Works,Tower 4,13th Floor,MEP,Tower MEP,Plumbing,,172099200.0,2027-06-14,2027-06-20,,,,,0
1.1.6.3.3.1.13.5,Waterproofing,Tower 4,13th Floor,Finishing,Tower Civil Finishes,Waterproofing,,46170100.0,2027-06-21,2027-07-02,,,,,0
1.1.6.3.3.1.13.6,Internal Plaster,Tower 4,13th Floor,Finishing,Tower Civil Finishes,Int Plaster,,181802100.0,2027-07-03,2027-07-17,,,,,0
1.1.6.3.3.1.13.7,IPS flooring work,Tower 4,13th Floor,Finishing,Tower Finishing,Flooring,,346465600.0,2027-06-14,2027-06-24,,,,,0
1.1.6.3.3.1.13.8,Toilet dado work,Tower 4,13th Floor,Finishing,Tower Finishing,Flooring,,105756400.0,2027-07-18,2027-08-02,,,,,0
1.1.6.3.3.1.13.9,Toilet flooring work,Tower 4,13th Floor,Finishing,Tower Finishing,Flooring,,79489200.0,2027-08-03,2027-08-18,,,,,0
1.1.6.3.3.1.13.10,Living dinning flooring,Tower 4,13th Floor,Finishing,Tower Finishing,Flooring,,209204400.0,2027-08-19,2027-09-03,,,,,0
1.1.6.3.3.1.13.11,Electrical wiring work,Tower 4,13th Floor,MEP,Tower MEP,Electrical,,173190400.0,2027-08-25,2027-09-03,,,,,0
1.1.6.3.3.1.13.12,Aluminium door-window fixing,Tower 4,13th Floor,Finishing,Tower Finishing,Window,,133089600.0,2027-08-27,2027-09-12,,,,,0
1.1.6.3.3.1.13.13,Putty primer coat,Tower 4,13th Floor,Finishing,Tower Finishing,Paint,,43449400.0,2027-09-05,2027-09-12,,,,,0
1.1.6.3.3.1.13.14,Prehung door fixing,Tower 4,13th Floor,Finishing,Tower Finishing,Door,,73806900.0,2027-09-08,2027-09-14,,,,,0
1.1.6.3.3.1.13.15,Painting 1st coat,Tower 4,13th Floor,Finishing,Tower Finishing,Paint,,28966300.0,2027-09-15,2027-09-24,,,,,0
1.1.6.3.3.1.13.16,False Ceiling panel fixing,Tower 4,13th Floor,Finishing,Tower Finishing,False Ceiling,,31801600.0,2027-09-25,2027-10-02,,,,,0
1.1.6.3.3.1.14,14th Floor,,,,,,,,2027-06-19,2027-10-17,,,,,
1.1.6.3.3.1.14.1,Block Work ,Tower 4,14th Floor,Finishing,Tower Civil Finishes,Blockwork,,99825900.0,2027-06-19,2027-06-28,,,,,0
1.1.6.3.3.1.14.2,Installation of temporary Main door,Tower 4,14th Floor,Finishing,Tower Finishing,Door,,13352300.0,2027-06-29,2027-07-05,,,,,0
1.1.6.3.3.1.14.3,Fire sprinkler pipe fixing,Tower 4,14th Floor,MEP,Common area-MEP,CA-Fire-fighting & FAPA,,49879900.0,2027-06-29,2027-07-01,,,,,0
1.1.6.3.3.1.14.4,Internal Plumbing Works,Tower 4,14th Floor,MEP,Tower MEP,Plumbing,,172099200.0,2027-06-29,2027-07-05,,,,,0
1.1.6.3.3.1.14.5,Waterproofing,Tower 4,14th Floor,Finishing,Tower Civil Finishes,Waterproofing,,46170100.0,2027-07-06,2027-07-17,,,,,0
1.1.6.3.3.1.14.6,Internal Plaster,Tower 4,14th Floor,Finishing,Tower Civil Finishes,Int Plaster,,181802100.0,2027-07-18,2027-08-01,,,,,0
1.1.6.3.3.1.14.7,IPS flooring work,Tower 4,14th Floor,Finishing,Tower Finishing,Flooring,,346465600.0,2027-06-29,2027-07-09,,,,,0
1.1.6.3.3.1.14.8,Toilet dado work,Tower 4,14th Floor,Finishing,Tower Finishing,Flooring,,105756400.0,2027-08-02,2027-08-17,,,,,0
1.1.6.3.3.1.14.9,Toilet flooring work,Tower 4,14th Floor,Finishing,Tower Finishing,Flooring,,79489200.0,2027-08-18,2027-09-02,,,,,0
1.1.6.3.3.1.14.10,Living dinning flooring,Tower 4,14th Floor,Finishing,Tower Finishing,Flooring,,209204400.0,2027-09-03,2027-09-18,,,,,0
1.1.6.3.3.1.14.11,Electrical wiring work,Tower 4,14th Floor,MEP,Tower MEP,Electrical,,173190400.0,2027-09-09,2027-09-18,,,,,0
1.1.6.3.3.1.14.12,Aluminium door-window fixing,Tower 4,14th Floor,Finishing,Tower Finishing,Window,,133089600.0,2027-09-11,2027-09-27,,,,,0
1.1.6.3.3.1.14.13,Putty primer coat,Tower 4,14th Floor,Finishing,Tower Finishing,Paint,,43449400.0,2027-09-20,2027-09-27,,,,,0
1.1.6.3.3.1.14.14,Prehung door fixing,Tower 4,14th Floor,Finishing,Tower Finishing,Door,,73806900.0,2027-09-23,2027-09-29,,,,,0
1.1.6.3.3.1.14.15,Painting 1st coat,Tower 4,14th Floor,Finishing,Tower Finishing,Paint,,28966300.0,2027-09-30,2027-10-09,,,,,0
1.1.6.3.3.1.14.16,False Ceiling panel fixing,Tower 4,14th Floor,Finishing,Tower Finishing,False Ceiling,,31801600.0,2027-10-10,2027-10-17,,,,,0
1.1.6.3.3.1.15,15th Floor,,,,,,,,2027-07-01,2027-10-29,,,,,
1.1.6.3.3.1.15.1,Block Work ,Tower 4,15th Floor,Finishing,Tower Civil Finishes,Blockwork,,99825900.0,2027-07-01,2027-07-10,,,,,0
1.1.6.3.3.1.15.2,Installation of temporary Main door,Tower 4,15th Floor,Finishing,Tower Finishing,Door,,13352300.0,2027-07-11,2027-07-17,,,,,0
1.1.6.3.3.1.15.3,Fire sprinkler pipe fixing,Tower 4,15th Floor,MEP,Common area-MEP,CA-Fire-fighting & FAPA,,49879900.0,2027-07-11,2027-07-13,,,,,0
1.1.6.3.3.1.15.4,Internal Plumbing Works,Tower 4,15th Floor,MEP,Tower MEP,Plumbing,,172099200.0,2027-07-11,2027-07-17,,,,,0
1.1.6.3.3.1.15.5,Waterproofing,Tower 4,15th Floor,Finishing,Tower Civil Finishes,Waterproofing,,46170100.0,2027-07-18,2027-07-29,,,,,0
1.1.6.3.3.1.15.6,Internal Plaster,Tower 4,15th Floor,Finishing,Tower Civil Finishes,Int Plaster,,181802100.0,2027-07-30,2027-08-13,,,,,0
1.1.6.3.3.1.15.7,IPS flooring work,Tower 4,15th Floor,Finishing,Tower Finishing,Flooring,,346465600.0,2027-07-11,2027-07-11,,,,,0
1.1.6.3.3.1.15.8,Toilet dado work,Tower 4,15th Floor,Finishing,Tower Finishing,Flooring,,105756400.0,2027-08-14,2027-08-29,,,,,0
1.1.6.3.3.1.15.9,Toilet flooring work,Tower 4,15th Floor,Finishing,Tower Finishing,Flooring,,79489200.0,2027-08-30,2027-09-14,,,,,0
1.1.6.3.3.1.15.10,Living dinning flooring,Tower 4,15th Floor,Finishing,Tower Finishing,Flooring,,209204400.0,2027-09-15,2027-09-30,,,,,0
1.1.6.3.3.1.15.11,Electrical wiring work,Tower 4,15th Floor,MEP,Tower MEP,Electrical,,173190400.0,2027-09-21,2027-09-30,,,,,0
1.1.6.3.3.1.15.12,Aluminium door-window fixing,Tower 4,15th Floor,Finishing,Tower Finishing,Window,,133089600.0,2027-09-23,2027-10-09,,,,,0
1.1.6.3.3.1.15.13,Putty primer coat,Tower 4,15th Floor,Finishing,Tower Finishing,Paint,,43449400.0,2027-10-02,2027-10-09,,,,,0
1.1.6.3.3.1.15.14,Prehung door fixing,Tower 4,15th Floor,Finishing,Tower Finishing,Door,,73806900.0,2027-10-05,2027-10-11,,,,,0
1.1.6.3.3.1.15.15,Painting 1st coat,Tower 4,15th Floor,Finishing,Tower Finishing,Paint,,28966300.0,2027-10-12,2027-10-21,,,,,0
1.1.6.3.3.1.15.16,False Ceiling panel fixing,Tower 4,15th Floor,Finishing,Tower Finishing,False Ceiling,,31801600.0,2027-10-22,2027-10-29,,,,,0
1.1.6.3.3.1.16,16th Floor,,,,,,,,2027-07-13,2030-01-18,,,,,
1.1.6.3.3.1.16.1,Block Work ,Tower 4,16th Floor,Finishing,Tower Civil Finishes,Blockwork,,99825900.0,2027-07-13,2027-07-22,,,,,0
1.1.6.3.3.1.16.2,Block Work ,Tower 4,16th Floor,Finishing,Tower Civil Finishes,Blockwork,,0.0,2030-01-14,2030-01-18,,,,,0
1.1.6.3.3.1.16.3,Installation of temporary Main door,Tower 4,16th Floor,Finishing,Tower Finishing,Door,,13352300.0,2027-07-23,2027-07-29,,,,,0
1.1.6.3.3.1.16.4,Fire sprinkler pipe fixing,Tower 4,16th Floor,MEP,Common area-MEP,CA-Fire-fighting & FAPA,,49879900.0,2027-07-23,2027-07-25,,,,,0
1.1.6.3.3.1.16.5,Internal Plumbing Works,Tower 4,16th Floor,MEP,Tower MEP,Plumbing,,172099200.0,2027-07-23,2027-08-01,,,,,0
1.1.6.3.3.1.16.6,Waterproofing,Tower 4,16th Floor,Finishing,Tower Civil Finishes,Waterproofing,,46170100.0,2027-08-02,2027-08-13,,,,,0
1.1.6.3.3.1.16.7,Internal Plaster,Tower 4,16th Floor,Finishing,Tower Civil Finishes,Int Plaster,,181802100.0,2027-08-14,2027-08-28,,,,,0
1.1.6.3.3.1.16.8,IPS flooring work,Tower 4,16th Floor,Finishing,Tower Finishing,Flooring,,346465600.0,2027-07-23,2027-08-02,,,,,0
1.1.6.3.3.1.16.9,Toilet dado work,Tower 4,16th Floor,Finishing,Tower Finishing,Flooring,,105756400.0,2027-08-29,2027-09-13,,,,,0
1.1.6.3.3.1.16.10,Toilet flooring work,Tower 4,16th Floor,Finishing,Tower Finishing,Flooring,,79489200.0,2027-09-14,2027-09-29,,,,,0
1.1.6.3.3.1.16.11,Living dinning flooring,Tower 4,16th Floor,Finishing,Tower Finishing,Flooring,,209204400.0,2027-09-30,2027-10-15,,,,,0
1.1.6.3.3.1.16.12,Electrical wiring work,Tower 4,16th Floor,MEP,Tower MEP,Electrical,,173190400.0,2027-10-06,2027-10-15,,,,,0
1.1.6.3.3.1.16.13,Aluminium door-window fixing,Tower 4,16th Floor,Finishing,Tower Finishing,Window,,133089600.0,2027-10-08,2027-10-24,,,,,0
1.1.6.3.3.1.16.14,Putty primer coat,Tower 4,16th Floor,Finishing,Tower Finishing,Paint,,43449400.0,2027-10-17,2027-10-24,,,,,0
1.1.6.3.3.1.16.15,Prehung door fixing,Tower 4,16th Floor,Finishing,Tower Finishing,Door,,73806900.0,2027-10-20,2027-10-26,,,,,0
1.1.6.3.3.1.16.16,Painting 1st coat,Tower 4,16th Floor,Finishing,Tower Finishing,Paint,,28966300.0,2027-10-27,2027-12-20,,,,,0
1.1.6.3.3.1.16.17,False Ceiling panel fixing,Tower 4,16th Floor,Finishing,Tower Finishing,False Ceiling,,31801600.0,2027-12-21,2027-12-28,,,,,0
1.1.6.3.3.1.17,17th Floor,,,,,,,,2027-07-25,2028-01-06,,,,,
1.1.6.3.3.1.17.1,Block Work ,Tower 4,17th Floor,Finishing,Tower Civil Finishes,Blockwork,,99825900.0,2027-07-25,2027-08-03,,,,,0
1.1.6.3.3.1.17.2,Installation of temporary Main door,Tower 4,17th Floor,Finishing,Tower Finishing,Door,,13352300.0,2027-08-04,2027-08-10,,,,,0
1.1.6.3.3.1.17.3,Fire sprinkler pipe fixing,Tower 4,17th Floor,MEP,Common area-MEP,CA-Fire-fighting & FAPA,,49879900.0,2027-08-04,2027-08-06,,,,,0
1.1.6.3.3.1.17.4,Internal Plumbing Works,Tower 4,17th Floor,MEP,Tower MEP,Plumbing,,172099200.0,2027-08-04,2027-08-10,,,,,0
1.1.6.3.3.1.17.5,Waterproofing,Tower 4,17th Floor,Finishing,Tower Civil Finishes,Waterproofing,,46170100.0,2027-08-11,2027-08-22,,,,,0
1.1.6.3.3.1.17.6,Internal Plaster,Tower 4,17th Floor,Finishing,Tower Civil Finishes,Int Plaster,,181802100.0,2027-08-23,2027-09-06,,,,,0
1.1.6.3.3.1.17.7,IPS flooring work,Tower 4,17th Floor,Finishing,Tower Finishing,Flooring,,346465600.0,2027-08-04,2027-08-14,,,,,0
1.1.6.3.3.1.17.8,Toilet dado work,Tower 4,17th Floor,Finishing,Tower Finishing,Flooring,,105756400.0,2027-09-07,2027-09-22,,,,,0
1.1.6.3.3.1.17.9,Toilet flooring work,Tower 4,17th Floor,Finishing,Tower Finishing,Flooring,,79489200.0,2027-09-23,2027-10-08,,,,,0
1.1.6.3.3.1.17.10,Living dinning flooring,Tower 4,17th Floor,Finishing,Tower Finishing,Flooring,,209204400.0,2027-10-09,2027-10-24,,,,,0
1.1.6.3.3.1.17.11,Electrical wiring work,Tower 4,17th Floor,MEP,Tower MEP,Electrical,,173190400.0,2027-10-15,2027-10-24,,,,,0
1.1.6.3.3.1.17.12,Aluminium door-window fixing,Tower 4,17th Floor,Finishing,Tower Finishing,Window,,133089600.0,2027-10-17,2027-12-17,,,,,0
1.1.6.3.3.1.17.13,Putty primer coat,Tower 4,17th Floor,Finishing,Tower Finishing,Paint,,43449400.0,2027-10-26,2027-12-17,,,,,0
1.1.6.3.3.1.17.14,Prehung door fixing,Tower 4,17th Floor,Finishing,Tower Finishing,Door,,73806900.0,2027-10-29,2027-12-19,,,,,0
1.1.6.3.3.1.17.15,Painting 1st coat,Tower 4,17th Floor,Finishing,Tower Finishing,Paint,,28966300.0,2027-12-20,2027-12-29,,,,,0
1.1.6.3.3.1.17.16,False Ceiling panel fixing,Tower 4,17th Floor,Finishing,Tower Finishing,False Ceiling,,31801600.0,2027-12-30,2028-01-06,,,,,0
1.1.6.3.3.1.18,18th Floor,,,,,,,,2027-08-06,2028-01-14,,,,,
1.1.6.3.3.1.18.1,Block Work ,Tower 4,18th Floor,Finishing,Tower Civil Finishes,Blockwork,,99825900.0,2027-08-06,2027-08-15,,,,,0
1.1.6.3.3.1.18.2,Installation of temporary Main door,Tower 4,18th Floor,Finishing,Tower Finishing,Door,,13352300.0,2027-08-16,2027-08-22,,,,,0
1.1.6.3.3.1.18.3,Fire sprinkler pipe fixing,Tower 4,18th Floor,MEP,Common area-MEP,CA-Fire-fighting & FAPA,,49879900.0,2027-08-16,2027-08-18,,,,,0
1.1.6.3.3.1.18.4,Internal Plumbing Works,Tower 4,18th Floor,MEP,Tower MEP,Plumbing,,172099200.0,2027-08-16,2027-08-22,,,,,0
1.1.6.3.3.1.18.5,Waterproofing,Tower 4,18th Floor,Finishing,Tower Civil Finishes,Waterproofing,,46170100.0,2027-08-23,2027-09-03,,,,,0
1.1.6.3.3.1.18.6,Internal Plaster,Tower 4,18th Floor,Finishing,Tower Civil Finishes,Int Plaster,,181802100.0,2027-09-04,2027-09-18,,,,,0
1.1.6.3.3.1.18.7,IPS flooring work,Tower 4,18th Floor,Finishing,Tower Finishing,Flooring,,346465600.0,2027-08-16,2027-08-26,,,,,0
1.1.6.3.3.1.18.8,Toilet dado work,Tower 4,18th Floor,Finishing,Tower Finishing,Flooring,,105756400.0,2027-09-19,2027-10-04,,,,,0
1.1.6.3.3.1.18.9,Toilet flooring work,Tower 4,18th Floor,Finishing,Tower Finishing,Flooring,,79489200.0,2027-10-05,2027-10-20,,,,,0
1.1.6.3.3.1.18.10,Living dinning flooring,Tower 4,18th Floor,Finishing,Tower Finishing,Flooring,,209204400.0,2027-10-21,2027-12-20,,,,,0
1.1.6.3.3.1.18.11,Electrical wiring work,Tower 4,18th Floor,MEP,Tower MEP,Electrical,,173190400.0,2027-10-27,2027-12-20,,,,,0
1.1.6.3.3.1.18.12,Aluminium door-window fixing,Tower 4,18th Floor,Finishing,Tower Finishing,Window,,133089600.0,2027-10-29,2027-12-19,,,,,0
1.1.6.3.3.1.18.13,Putty primer coat,Tower 4,18th Floor,Finishing,Tower Finishing,Paint,,43449400.0,2027-10-28,2027-12-19,,,,,0
1.1.6.3.3.1.18.14,Prehung door fixing,Tower 4,18th Floor,Finishing,Tower Finishing,Door,,73806900.0,2027-10-31,2027-12-21,,,,,0
1.1.6.3.3.1.18.15,Painting 1st coat,Tower 4,18th Floor,Finishing,Tower Finishing,Paint,,28966300.0,2027-12-22,2027-12-31,,,,,0
1.1.6.3.3.1.18.16,False Ceiling panel fixing,Tower 4,18th Floor,Finishing,Tower Finishing,False Ceiling,,31801600.0,2028-01-07,2028-01-14,,,,,0
1.1.6.3.3.1.19,19th Floor,,,,,,,,2027-08-18,2028-01-30,,,,,
1.1.6.3.3.1.19.1,Block Work ,Tower 4,19th Floor,Finishing,Tower Civil Finishes,Blockwork,,99825900.0,2027-08-18,2027-08-27,,,,,0
1.1.6.3.3.1.19.2,Installation of temporary Main door,Tower 4,19th Floor,Finishing,Tower Finishing,Door,,13352300.0,2027-08-28,2027-09-03,,,,,0
1.1.6.3.3.1.19.3,Fire sprinkler pipe fixing,Tower 4,19th Floor,MEP,Common area-MEP,CA-Fire-fighting & FAPA,,49879900.0,2027-08-28,2027-08-30,,,,,0
1.1.6.3.3.1.19.4,Internal Plumbing Works,Tower 4,19th Floor,MEP,Tower MEP,Plumbing,,172099200.0,2027-08-28,2027-09-03,,,,,0
1.1.6.3.3.1.19.5,Waterproofing,Tower 4,19th Floor,Finishing,Tower Civil Finishes,Waterproofing,,46170100.0,2027-09-04,2027-09-15,,,,,0
1.1.6.3.3.1.19.6,Internal Plaster,Tower 4,19th Floor,Finishing,Tower Civil Finishes,Int Plaster,,181802100.0,2027-09-16,2027-09-30,,,,,0
1.1.6.3.3.1.19.7,IPS flooring work,Tower 4,19th Floor,Finishing,Tower Finishing,Flooring,,346465600.0,2027-08-28,2027-09-07,,,,,0
1.1.6.3.3.1.19.8,Toilet dado work,Tower 4,19th Floor,Finishing,Tower Finishing,Flooring,,105756400.0,2027-10-01,2027-10-16,,,,,0
1.1.6.3.3.1.19.9,Toilet flooring work,Tower 4,19th Floor,Finishing,Tower Finishing,Flooring,,79489200.0,2027-10-17,2027-12-16,,,,,0
1.1.6.3.3.1.19.10,Living dinning flooring,Tower 4,19th Floor,Finishing,Tower Finishing,Flooring,,209204400.0,2027-12-17,2028-01-01,,,,,0
1.1.6.3.3.1.19.11,Electrical wiring work,Tower 4,19th Floor,MEP,Tower MEP,Electrical,,173190400.0,2027-12-23,2028-01-01,,,,,0
1.1.6.3.3.1.19.12,Aluminium door-window fixing,Tower 4,19th Floor,Finishing,Tower Finishing,Window,,133089600.0,2027-12-25,2028-01-10,,,,,0
1.1.6.3.3.1.19.13,Putty primer coat,Tower 4,19th Floor,Finishing,Tower Finishing,Paint,,43449400.0,2028-01-03,2028-01-10,,,,,0
1.1.6.3.3.1.19.14,Prehung door fixing,Tower 4,19th Floor,Finishing,Tower Finishing,Door,,73806900.0,2028-01-06,2028-01-12,,,,,0
1.1.6.3.3.1.19.15,Painting 1st coat,Tower 4,19th Floor,Finishing,Tower Finishing,Paint,,28966300.0,2028-01-13,2028-01-22,,,,,0
1.1.6.3.3.1.19.16,False Ceiling panel fixing,Tower 4,19th Floor,Finishing,Tower Finishing,False Ceiling,,31801600.0,2028-01-23,2028-01-30,,,,,0
1.1.6.3.3.1.20,20th Floor,,,,,,,,2027-08-29,2028-02-10,,,,,
1.1.6.3.3.1.20.1,Block Work ,Tower 4,20th Floor,Finishing,Tower Civil Finishes,Blockwork,,99825900.0,2027-08-29,2027-09-07,,,,,0
1.1.6.3.3.1.20.2,Installation of temporary Main door,Tower 4,20th Floor,Finishing,Tower Finishing,Door,,13352300.0,2027-09-08,2027-09-14,,,,,0
1.1.6.3.3.1.20.3,Fire sprinkler pipe fixing,Tower 4,20th Floor,MEP,Common area-MEP,CA-Fire-fighting & FAPA,,49879900.0,2027-09-08,2027-09-10,,,,,0
1.1.6.3.3.1.20.4,Internal Plumbing Works,Tower 4,20th Floor,MEP,Tower MEP,Plumbing,,172099200.0,2027-09-08,2027-09-14,,,,,0
1.1.6.3.3.1.20.5,Waterproofing,Tower 4,20th Floor,Finishing,Tower Civil Finishes,Waterproofing,,46170100.0,2027-09-15,2027-09-26,,,,,0
1.1.6.3.3.1.20.6,Internal Plaster,Tower 4,20th Floor,Finishing,Tower Civil Finishes,Int Plaster,,181802100.0,2027-09-27,2027-10-11,,,,,0
1.1.6.3.3.1.20.7,IPS flooring work,Tower 4,20th Floor,Finishing,Tower Finishing,Flooring,,346465600.0,2027-09-08,2027-09-18,,,,,0
1.1.6.3.3.1.20.8,Toilet dado work,Tower 4,20th Floor,Finishing,Tower Finishing,Flooring,,105756400.0,2027-10-12,2027-10-27,,,,,0
1.1.6.3.3.1.20.9,Toilet flooring work,Tower 4,20th Floor,Finishing,Tower Finishing,Flooring,,79489200.0,2027-10-28,2027-12-27,,,,,0
1.1.6.3.3.1.20.10,Living dinning flooring,Tower 4,20th Floor,Finishing,Tower Finishing,Flooring,,209204400.0,2027-12-28,2028-01-12,,,,,0
1.1.6.3.3.1.20.11,Electrical wiring work,Tower 4,20th Floor,MEP,Tower MEP,Electrical,,173190400.0,2028-01-03,2028-01-12,,,,,0
1.1.6.3.3.1.20.12,Aluminium door-window fixing,Tower 4,20th Floor,Finishing,Tower Finishing,Window,,133089600.0,2028-01-05,2028-01-21,,,,,0
1.1.6.3.3.1.20.13,Putty primer coat,Tower 4,20th Floor,Finishing,Tower Finishing,Paint,,43449400.0,2028-01-14,2028-01-21,,,,,0
1.1.6.3.3.1.20.14,Prehung door fixing,Tower 4,20th Floor,Finishing,Tower Finishing,Door,,73806900.0,2028-01-17,2028-01-23,,,,,0
1.1.6.3.3.1.20.15,Painting 1st coat,Tower 4,20th Floor,Finishing,Tower Finishing,Paint,,28966300.0,2028-01-24,2028-02-02,,,,,0
1.1.6.3.3.1.20.16,False Ceiling panel fixing,Tower 4,20th Floor,Finishing,Tower Finishing,False Ceiling,,31801600.0,2028-02-03,2028-02-10,,,,,0
1.1.6.3.3.1.21,21st Floor,,,,,,,,2027-09-10,2028-02-22,,,,,
1.1.6.3.3.1.21.1,Block Work ,Tower 4,21st Floor,Finishing,Tower Civil Finishes,Blockwork,,99825900.0,2027-09-10,2027-09-19,,,,,0
1.1.6.3.3.1.21.2,Installation of temporary Main door,Tower 4,21st Floor,Finishing,Tower Finishing,Door,,13352300.0,2027-09-20,2027-09-26,,,,,0
1.1.6.3.3.1.21.3,Fire sprinkler pipe fixing,Tower 4,21st Floor,MEP,Common area-MEP,CA-Fire-fighting & FAPA,,49879900.0,2027-09-20,2027-09-22,,,,,0
1.1.6.3.3.1.21.4,Internal Plumbing Works,Tower 4,21st Floor,MEP,Tower MEP,Plumbing,,172099200.0,2027-09-20,2027-09-26,,,,,0
1.1.6.3.3.1.21.5,Waterproofing,Tower 4,21st Floor,Finishing,Tower Civil Finishes,Waterproofing,,46170100.0,2027-09-27,2027-10-08,,,,,0
1.1.6.3.3.1.21.6,Internal Plaster,Tower 4,21st Floor,Finishing,Tower Civil Finishes,Int Plaster,,181802100.0,2027-10-09,2027-10-23,,,,,0
1.1.6.3.3.1.21.7,IPS flooring work,Tower 4,21st Floor,Finishing,Tower Finishing,Flooring,,346465600.0,2027-09-20,2027-09-30,,,,,0
1.1.6.3.3.1.21.8,Toilet dado work,Tower 4,21st Floor,Finishing,Tower Finishing,Flooring,,105756400.0,2027-10-24,2027-12-23,,,,,0
1.1.6.3.3.1.21.9,Toilet flooring work,Tower 4,21st Floor,Finishing,Tower Finishing,Flooring,,79489200.0,2027-12-24,2028-01-08,,,,,0
1.1.6.3.3.1.21.10,Living dinning flooring,Tower 4,21st Floor,Finishing,Tower Finishing,Flooring,,209204400.0,2028-01-09,2028-01-24,,,,,0
1.1.6.3.3.1.21.11,Electrical wiring work,Tower 4,21st Floor,MEP,Tower MEP,Electrical,,173190400.0,2028-01-15,2028-01-24,,,,,0
1.1.6.3.3.1.21.12,Aluminium door-window fixing,Tower 4,21st Floor,Finishing,Tower Finishing,Window,,133089600.0,2028-01-17,2028-02-02,,,,,0
1.1.6.3.3.1.21.13,Putty primer coat,Tower 4,21st Floor,Finishing,Tower Finishing,Paint,,43449400.0,2028-01-26,2028-02-02,,,,,0
1.1.6.3.3.1.21.14,Prehung door fixing,Tower 4,21st Floor,Finishing,Tower Finishing,Door,,73806900.0,2028-01-29,2028-02-04,,,,,0
1.1.6.3.3.1.21.15,Painting 1st coat,Tower 4,21st Floor,Finishing,Tower Finishing,Paint,,28966300.0,2028-02-05,2028-02-14,,,,,0
1.1.6.3.3.1.21.16,False Ceiling panel fixing,Tower 4,21st Floor,Finishing,Tower Finishing,False Ceiling,,31801600.0,2028-02-15,2028-02-22,,,,,0
1.1.6.3.3.1.22,22nd Floor,,,,,,,,2027-09-22,2028-03-05,,,,,
1.1.6.3.3.1.22.1,Block Work ,Tower 4,22nd Floor,Finishing,Tower Civil Finishes,Blockwork,,99825900.0,2027-09-22,2027-10-01,,,,,0
1.1.6.3.3.1.22.2,Installation of temporary Main door,Tower 4,22nd Floor,Finishing,Tower Finishing,Door,,13352300.0,2027-10-02,2027-10-08,,,,,0
1.1.6.3.3.1.22.3,Fire sprinkler pipe fixing,Tower 4,22nd Floor,MEP,Common area-MEP,CA-Fire-fighting & FAPA,,49879900.0,2027-10-02,2027-10-04,,,,,0
1.1.6.3.3.1.22.4,Internal Plumbing Works,Tower 4,22nd Floor,MEP,Tower MEP,Plumbing,,172099200.0,2027-10-02,2027-10-08,,,,,0
1.1.6.3.3.1.22.5,Waterproofing,Tower 4,22nd Floor,Finishing,Tower Civil Finishes,Waterproofing,,46170100.0,2027-10-09,2027-10-20,,,,,0
1.1.6.3.3.1.22.6,Internal Plaster,Tower 4,22nd Floor,Finishing,Tower Civil Finishes,Int Plaster,,181802100.0,2027-10-21,2027-12-19,,,,,0
1.1.6.3.3.1.22.7,IPS flooring work,Tower 4,22nd Floor,Finishing,Tower Finishing,Flooring,,346465600.0,2027-10-02,2027-10-12,,,,,0
1.1.6.3.3.1.22.8,Toilet dado work,Tower 4,22nd Floor,Finishing,Tower Finishing,Flooring,,105756400.0,2027-12-20,2028-01-04,,,,,0
1.1.6.3.3.1.22.9,Toilet flooring work,Tower 4,22nd Floor,Finishing,Tower Finishing,Flooring,,79489200.0,2028-01-05,2028-01-20,,,,,0
1.1.6.3.3.1.22.10,Living dinning flooring,Tower 4,22nd Floor,Finishing,Tower Finishing,Flooring,,209204400.0,2028-01-21,2028-02-05,,,,,0
1.1.6.3.3.1.22.11,Electrical wiring work,Tower 4,22nd Floor,MEP,Tower MEP,Electrical,,173190400.0,2028-01-27,2028-02-05,,,,,0
1.1.6.3.3.1.22.12,Aluminium door-window fixing,Tower 4,22nd Floor,Finishing,Tower Finishing,Window,,133089600.0,2028-01-29,2028-02-14,,,,,0
1.1.6.3.3.1.22.13,Putty primer coat,Tower 4,22nd Floor,Finishing,Tower Finishing,Paint,,43449400.0,2028-02-07,2028-02-14,,,,,0
1.1.6.3.3.1.22.14,Prehung door fixing,Tower 4,22nd Floor,Finishing,Tower Finishing,Door,,73806900.0,2028-02-10,2028-02-16,,,,,0
1.1.6.3.3.1.22.15,Painting 1st coat,Tower 4,22nd Floor,Finishing,Tower Finishing,Paint,,28966300.0,2028-02-17,2028-02-26,,,,,0
1.1.6.3.3.1.22.16,False Ceiling panel fixing,Tower 4,22nd Floor,Finishing,Tower Finishing,False Ceiling,,31801600.0,2028-02-27,2028-03-05,,,,,0
1.1.6.3.3.1.23,23rd Floor,,,,,,,,2027-10-07,2028-03-20,,,,,
1.1.6.3.3.1.23.1,Block Work ,Tower 4,23rd Floor,Finishing,Tower Civil Finishes,Blockwork,,99825900.0,2027-10-07,2027-10-16,,,,,0
1.1.6.3.3.1.23.2,Installation of temporary Main door,Tower 4,23rd Floor,Finishing,Tower Finishing,Door,,13352300.0,2027-10-17,2027-10-23,,,,,0
1.1.6.3.3.1.23.3,Fire sprinkler pipe fixing,Tower 4,23rd Floor,MEP,Common area-MEP,CA-Fire-fighting & FAPA,,49879900.0,2027-10-17,2027-10-19,,,,,0
1.1.6.3.3.1.23.4,Internal Plumbing Works,Tower 4,23rd Floor,MEP,Tower MEP,Plumbing,,172099200.0,2027-10-17,2027-10-23,,,,,0
1.1.6.3.3.1.23.5,Waterproofing,Tower 4,23rd Floor,Finishing,Tower Civil Finishes,Waterproofing,,46170100.0,2027-10-24,2027-12-19,,,,,0
1.1.6.3.3.1.23.6,Internal Plaster,Tower 4,23rd Floor,Finishing,Tower Civil Finishes,Int Plaster,,181802100.0,2027-12-20,2028-01-03,,,,,0
1.1.6.3.3.1.23.7,IPS flooring work,Tower 4,23rd Floor,Finishing,Tower Finishing,Flooring,,346465600.0,2027-10-17,2027-10-27,,,,,0
1.1.6.3.3.1.23.8,Toilet dado work,Tower 4,23rd Floor,Finishing,Tower Finishing,Flooring,,105756400.0,2028-01-04,2028-01-19,,,,,0
1.1.6.3.3.1.23.9,Toilet flooring work,Tower 4,23rd Floor,Finishing,Tower Finishing,Flooring,,79489200.0,2028-01-20,2028-02-04,,,,,0
1.1.6.3.3.1.23.10,Living dinning flooring,Tower 4,23rd Floor,Finishing,Tower Finishing,Flooring,,209204400.0,2028-02-05,2028-02-20,,,,,0
1.1.6.3.3.1.23.11,Electrical wiring work,Tower 4,23rd Floor,MEP,Tower MEP,Electrical,,173190400.0,2028-02-11,2028-02-20,,,,,0
1.1.6.3.3.1.23.12,Aluminium door-window fixing,Tower 4,23rd Floor,Finishing,Tower Finishing,Window,,133089600.0,2028-02-13,2028-02-29,,,,,0
1.1.6.3.3.1.23.13,Putty primer coat,Tower 4,23rd Floor,Finishing,Tower Finishing,Paint,,43449400.0,2028-02-22,2028-02-29,,,,,0
1.1.6.3.3.1.23.14,Prehung door fixing,Tower 4,23rd Floor,Finishing,Tower Finishing,Door,,73806900.0,2028-02-25,2028-03-02,,,,,0
1.1.6.3.3.1.23.15,Painting 1st coat,Tower 4,23rd Floor,Finishing,Tower Finishing,Paint,,28966300.0,2028-03-03,2028-03-12,,,,,0
1.1.6.3.3.1.23.16,False Ceiling panel fixing,Tower 4,23rd Floor,Finishing,Tower Finishing,False Ceiling,,31801600.0,2028-03-13,2028-03-20,,,,,0
1.1.6.3.3.1.24,24th Floor,,,,,,,,2027-10-19,2028-04-01,,,,,
1.1.6.3.3.1.24.1,Block Work ,Tower 4,24th Floor,Finishing,Tower Civil Finishes,Blockwork,,99825900.0,2027-10-19,2027-10-28,,,,,0
1.1.6.3.3.1.24.2,Installation of temporary Main door,Tower 4,24th Floor,Finishing,Tower Finishing,Door,,13352300.0,2027-10-29,2027-12-19,,,,,0
1.1.6.3.3.1.24.3,Fire sprinkler pipe fixing,Tower 4,24th Floor,MEP,Common area-MEP,CA-Fire-fighting & FAPA,,49879900.0,2027-10-29,2027-10-31,,,,,0
1.1.6.3.3.1.24.4,Internal Plumbing Works,Tower 4,24th Floor,MEP,Tower MEP,Plumbing,,172099200.0,2027-10-29,2027-12-19,,,,,0
1.1.6.3.3.1.24.5,Waterproofing,Tower 4,24th Floor,Finishing,Tower Civil Finishes,Waterproofing,,46170100.0,2027-12-20,2027-12-31,,,,,0
1.1.6.3.3.1.24.6,Internal Plaster,Tower 4,24th Floor,Finishing,Tower Civil Finishes,Int Plaster,,181802100.0,2028-01-01,2028-01-15,,,,,0
1.1.6.3.3.1.24.7,IPS flooring work,Tower 4,24th Floor,Finishing,Tower Finishing,Flooring,,346465600.0,2027-10-29,2027-12-23,,,,,0
1.1.6.3.3.1.24.8,Toilet dado work,Tower 4,24th Floor,Finishing,Tower Finishing,Flooring,,105756400.0,2028-01-16,2028-01-31,,,,,0
1.1.6.3.3.1.24.9,Toilet flooring work,Tower 4,24th Floor,Finishing,Tower Finishing,Flooring,,79489200.0,2028-02-01,2028-02-16,,,,,0
1.1.6.3.3.1.24.10,Living dinning flooring,Tower 4,24th Floor,Finishing,Tower Finishing,Flooring,,209204400.0,2028-02-17,2028-03-03,,,,,0
1.1.6.3.3.1.24.11,Electrical wiring work,Tower 4,24th Floor,MEP,Tower MEP,Electrical,,173190400.0,2028-02-23,2028-03-03,,,,,0
1.1.6.3.3.1.24.12,Aluminium door-window fixing,Tower 4,24th Floor,Finishing,Tower Finishing,Window,,133089600.0,2028-02-25,2028-03-12,,,,,0
1.1.6.3.3.1.24.13,Putty primer coat,Tower 4,24th Floor,Finishing,Tower Finishing,Paint,,43449400.0,2028-03-05,2028-03-12,,,,,0
1.1.6.3.3.1.24.14,Prehung door fixing,Tower 4,24th Floor,Finishing,Tower Finishing,Door,,73806900.0,2028-03-08,2028-03-14,,,,,0
1.1.6.3.3.1.24.15,Painting 1st coat,Tower 4,24th Floor,Finishing,Tower Finishing,Paint,,28966300.0,2028-03-15,2028-03-24,,,,,0
1.1.6.3.3.1.24.16,False Ceiling panel fixing,Tower 4,24th Floor,Finishing,Tower Finishing,False Ceiling,,31801600.0,2028-03-25,2028-04-01,,,,,0
1.1.6.3.3.1.25,25th Floor,,,,,,,,2027-10-31,2028-04-13,,,,,
1.1.6.3.3.1.25.1,Block Work ,Tower 4,25th Floor,Finishing,Tower Civil Finishes,Blockwork,,99825900.0,2027-10-31,2027-12-24,,,,,0
1.1.6.3.3.1.25.2,Installation of temporary Main door,Tower 4,25th Floor,Finishing,Tower Finishing,Door,,13352300.0,2027-12-25,2027-12-31,,,,,0
1.1.6.3.3.1.25.3,Fire sprinkler pipe fixing,Tower 4,25th Floor,MEP,Common area-MEP,CA-Fire-fighting & FAPA,,49879900.0,2027-12-25,2027-12-27,,,,,0
1.1.6.3.3.1.25.4,Internal Plumbing Works,Tower 4,25th Floor,MEP,Tower MEP,Plumbing,,172099200.0,2027-12-25,2027-12-31,,,,,0
1.1.6.3.3.1.25.5,Waterproofing,Tower 4,25th Floor,Finishing,Tower Civil Finishes,Waterproofing,,46170100.0,2028-01-01,2028-01-12,,,,,0
1.1.6.3.3.1.25.6,Internal Plaster,Tower 4,25th Floor,Finishing,Tower Civil Finishes,Int Plaster,,181802100.0,2028-01-13,2028-01-27,,,,,0
1.1.6.3.3.1.25.7,IPS flooring work,Tower 4,25th Floor,Finishing,Tower Finishing,Flooring,,346465600.0,2027-12-25,2028-01-04,,,,,0
1.1.6.3.3.1.25.8,Toilet dado work,Tower 4,25th Floor,Finishing,Tower Finishing,Flooring,,105756400.0,2028-01-28,2028-02-12,,,,,0
1.1.6.3.3.1.25.9,Toilet flooring work,Tower 4,25th Floor,Finishing,Tower Finishing,Flooring,,79489200.0,2028-02-13,2028-02-28,,,,,0
1.1.6.3.3.1.25.10,Living dinning flooring,Tower 4,25th Floor,Finishing,Tower Finishing,Flooring,,209204400.0,2028-02-29,2028-03-15,,,,,0
1.1.6.3.3.1.25.11,Electrical wiring work,Tower 4,25th Floor,MEP,Tower MEP,Electrical,,173190400.0,2028-03-06,2028-03-15,,,,,0
1.1.6.3.3.1.25.12,Aluminium door-window fixing,Tower 4,25th Floor,Finishing,Tower Finishing,Window,,133089600.0,2028-03-08,2028-03-24,,,,,0
1.1.6.3.3.1.25.13,Putty primer coat,Tower 4,25th Floor,Finishing,Tower Finishing,Paint,,43449400.0,2028-03-17,2028-03-24,,,,,0
1.1.6.3.3.1.25.14,Prehung door fixing,Tower 4,25th Floor,Finishing,Tower Finishing,Door,,73806900.0,2028-03-20,2028-03-26,,,,,0
1.1.6.3.3.1.25.15,Painting 1st coat,Tower 4,25th Floor,Finishing,Tower Finishing,Paint,,28966300.0,2028-03-27,2028-04-05,,,,,0
1.1.6.3.3.1.25.16,False Ceiling panel fixing,Tower 4,25th Floor,Finishing,Tower Finishing,False Ceiling,,31801600.0,2028-04-06,2028-04-13,,,,,0
1.1.6.3.3.1.26,26th Floor,,,,,,,,2027-12-27,2028-04-25,,,,,
1.1.6.3.3.1.26.1,Block Work ,Tower 4,26th Floor,Finishing,Tower Civil Finishes,Blockwork,,99825900.0,2027-12-27,2028-01-05,,,,,0
1.1.6.3.3.1.26.2,Installation of temporary Main door,Tower 4,26th Floor,Finishing,Tower Finishing,Door,,13352300.0,2028-01-06,2028-01-12,,,,,0
1.1.6.3.3.1.26.3,Fire sprinkler pipe fixing,Tower 4,26th Floor,MEP,Common area-MEP,CA-Fire-fighting & FAPA,,49879900.0,2028-01-06,2028-01-08,,,,,0
1.1.6.3.3.1.26.4,Internal Plumbing Works,Tower 4,26th Floor,MEP,Tower MEP,Plumbing,,172099200.0,2028-01-06,2028-01-12,,,,,0
1.1.6.3.3.1.26.5,Waterproofing,Tower 4,26th Floor,Finishing,Tower Civil Finishes,Waterproofing,,46170100.0,2028-01-13,2028-01-24,,,,,0
1.1.6.3.3.1.26.6,Internal Plaster,Tower 4,26th Floor,Finishing,Tower Civil Finishes,Int Plaster,,181802100.0,2028-01-25,2028-02-08,,,,,0
1.1.6.3.3.1.26.7,IPS flooring work,Tower 4,26th Floor,Finishing,Tower Finishing,Flooring,,346465600.0,2028-01-06,2028-01-16,,,,,0
1.1.6.3.3.1.26.8,Toilet dado work,Tower 4,26th Floor,Finishing,Tower Finishing,Flooring,,105756400.0,2028-02-09,2028-02-24,,,,,0
1.1.6.3.3.1.26.9,Toilet flooring work,Tower 4,26th Floor,Finishing,Tower Finishing,Flooring,,79489200.0,2028-02-25,2028-03-11,,,,,0
1.1.6.3.3.1.26.10,Living dinning flooring,Tower 4,26th Floor,Finishing,Tower Finishing,Flooring,,209204400.0,2028-03-12,2028-03-27,,,,,0
1.1.6.3.3.1.26.11,Electrical wiring work,Tower 4,26th Floor,MEP,Tower MEP,Electrical,,173190400.0,2028-03-18,2028-03-27,,,,,0
1.1.6.3.3.1.26.12,Aluminium door-window fixing,Tower 4,26th Floor,Finishing,Tower Finishing,Window,,133089600.0,2028-03-20,2028-04-05,,,,,0
1.1.6.3.3.1.26.13,Putty primer coat,Tower 4,26th Floor,Finishing,Tower Finishing,Paint,,43449400.0,2028-03-29,2028-04-05,,,,,0
1.1.6.3.3.1.26.14,Prehung door fixing,Tower 4,26th Floor,Finishing,Tower Finishing,Door,,73806900.0,2028-04-01,2028-04-07,,,,,0
1.1.6.3.3.1.26.15,Painting 1st coat,Tower 4,26th Floor,Finishing,Tower Finishing,Paint,,28966300.0,2028-04-08,2028-04-17,,,,,0
1.1.6.3.3.1.26.16,False Ceiling panel fixing,Tower 4,26th Floor,Finishing,Tower Finishing,False Ceiling,,31801600.0,2028-04-18,2028-04-25,,,,,0
1.1.6.3.3.1.27,27th Floor,,,,,,,,2028-01-08,2028-05-07,,,,,
1.1.6.3.3.1.27.1,Block Work ,Tower 4,27th Floor,Finishing,Tower Civil Finishes,Blockwork,,99825900.0,2028-01-08,2028-01-17,,,,,0
1.1.6.3.3.1.27.2,Installation of temporary Main door,Tower 4,27th Floor,Finishing,Tower Finishing,Door,,13352300.0,2028-01-18,2028-01-24,,,,,0
1.1.6.3.3.1.27.3,Fire sprinkler pipe fixing,Tower 4,27th Floor,MEP,Common area-MEP,CA-Fire-fighting & FAPA,,49879900.0,2028-01-18,2028-01-20,,,,,0
1.1.6.3.3.1.27.4,Internal Plumbing Works,Tower 4,27th Floor,MEP,Tower MEP,Plumbing,,172099200.0,2028-01-18,2028-01-24,,,,,0
1.1.6.3.3.1.27.5,Waterproofing,Tower 4,27th Floor,Finishing,Tower Civil Finishes,Waterproofing,,46170100.0,2028-01-25,2028-02-05,,,,,0
1.1.6.3.3.1.27.6,Internal Plaster,Tower 4,27th Floor,Finishing,Tower Civil Finishes,Int Plaster,,181802100.0,2028-02-06,2028-02-20,,,,,0
1.1.6.3.3.1.27.7,IPS flooring work,Tower 4,27th Floor,Finishing,Tower Finishing,Flooring,,346465600.0,2028-01-18,2028-01-28,,,,,0
1.1.6.3.3.1.27.8,Toilet dado work,Tower 4,27th Floor,Finishing,Tower Finishing,Flooring,,105756400.0,2028-02-21,2028-03-07,,,,,0
1.1.6.3.3.1.27.9,Toilet flooring work,Tower 4,27th Floor,Finishing,Tower Finishing,Flooring,,79489200.0,2028-03-08,2028-03-23,,,,,0
1.1.6.3.3.1.27.10,Living dinning flooring,Tower 4,27th Floor,Finishing,Tower Finishing,Flooring,,209204400.0,2028-03-24,2028-04-08,,,,,0
1.1.6.3.3.1.27.11,Electrical wiring work,Tower 4,27th Floor,MEP,Tower MEP,Electrical,,173190400.0,2028-03-30,2028-04-08,,,,,0
1.1.6.3.3.1.27.12,Aluminium door-window fixing,Tower 4,27th Floor,Finishing,Tower Finishing,Window,,133089600.0,2028-04-01,2028-04-17,,,,,0
1.1.6.3.3.1.27.13,Putty primer coat,Tower 4,27th Floor,Finishing,Tower Finishing,Paint,,43449400.0,2028-04-10,2028-04-17,,,,,0
1.1.6.3.3.1.27.14,Prehung door fixing,Tower 4,27th Floor,Finishing,Tower Finishing,Door,,73806900.0,2028-04-13,2028-04-19,,,,,0
1.1.6.3.3.1.27.15,Painting 1st coat,Tower 4,27th Floor,Finishing,Tower Finishing,Paint,,28966300.0,2028-04-20,2028-04-29,,,,,0
1.1.6.3.3.1.27.16,False Ceiling panel fixing,Tower 4,27th Floor,Finishing,Tower Finishing,False Ceiling,,31801600.0,2028-04-30,2028-05-07,,,,,0
1.1.6.3.3.1.28,28th Floor,,,,,,,,2028-01-22,2028-05-21,,,,,
1.1.6.3.3.1.28.1,Block Work ,Tower 4,28th Floor,Finishing,Tower Civil Finishes,Blockwork,,99825900.0,2028-01-22,2028-01-31,,,,,0
1.1.6.3.3.1.28.2,Installation of temporary Main door,Tower 4,28th Floor,Finishing,Tower Finishing,Door,,13352300.0,2028-02-01,2028-02-07,,,,,0
1.1.6.3.3.1.28.3,Fire sprinkler pipe fixing,Tower 4,28th Floor,MEP,Common area-MEP,CA-Fire-fighting & FAPA,,49879900.0,2028-02-01,2028-02-03,,,,,0
1.1.6.3.3.1.28.4,Internal Plumbing Works,Tower 4,28th Floor,MEP,Tower MEP,Plumbing,,172099200.0,2028-02-01,2028-02-07,,,,,0
1.1.6.3.3.1.28.5,Waterproofing,Tower 4,28th Floor,Finishing,Tower Civil Finishes,Waterproofing,,46170100.0,2028-02-08,2028-02-19,,,,,0
1.1.6.3.3.1.28.6,Internal Plaster,Tower 4,28th Floor,Finishing,Tower Civil Finishes,Int Plaster,,181802100.0,2028-02-20,2028-03-05,,,,,0
1.1.6.3.3.1.28.7,IPS flooring work,Tower 4,28th Floor,Finishing,Tower Finishing,Flooring,,346465600.0,2028-02-01,2028-02-11,,,,,0
1.1.6.3.3.1.28.8,Toilet dado work,Tower 4,28th Floor,Finishing,Tower Finishing,Flooring,,105756400.0,2028-03-06,2028-03-21,,,,,0
1.1.6.3.3.1.28.9,Toilet flooring work,Tower 4,28th Floor,Finishing,Tower Finishing,Flooring,,79489200.0,2028-03-22,2028-04-06,,,,,0
1.1.6.3.3.1.28.10,Living dinning flooring,Tower 4,28th Floor,Finishing,Tower Finishing,Flooring,,209204400.0,2028-04-07,2028-04-22,,,,,0
1.1.6.3.3.1.28.11,Electrical wiring work,Tower 4,28th Floor,MEP,Tower MEP,Electrical,,173190400.0,2028-04-13,2028-04-22,,,,,0
1.1.6.3.3.1.28.12,Aluminium door-window fixing,Tower 4,28th Floor,Finishing,Tower Finishing,Window,,133089600.0,2028-04-15,2028-05-01,,,,,0
1.1.6.3.3.1.28.13,Putty primer coat,Tower 4,28th Floor,Finishing,Tower Finishing,Paint,,43449400.0,2028-04-24,2028-05-01,,,,,0
1.1.6.3.3.1.28.14,Prehung door fixing,Tower 4,28th Floor,Finishing,Tower Finishing,Door,,73806900.0,2028-04-27,2028-05-03,,,,,0
1.1.6.3.3.1.28.15,Painting 1st coat,Tower 4,28th Floor,Finishing,Tower Finishing,Paint,,28966300.0,2028-05-04,2028-05-13,,,,,0
1.1.6.3.3.1.28.16,False Ceiling panel fixing,Tower 4,28th Floor,Finishing,Tower Finishing,False Ceiling,,31801600.0,2028-05-14,2028-05-21,,,,,0
1.1.6.3.3.1.29,29th Floor,,,,,,,,2028-02-03,2028-06-02,,,,,
1.1.6.3.3.1.29.1,Block Work ,Tower 4,29th Floor,Finishing,Tower Civil Finishes,Blockwork,,99825900.0,2028-02-03,2028-02-12,,,,,0
1.1.6.3.3.1.29.2,Installation of temporary Main door,Tower 4,29th Floor,Finishing,Tower Finishing,Door,,13352300.0,2028-02-13,2028-02-19,,,,,0
1.1.6.3.3.1.29.3,Fire sprinkler pipe fixing,Tower 4,29th Floor,MEP,Common area-MEP,CA-Fire-fighting & FAPA,,49879900.0,2028-02-13,2028-02-15,,,,,0
1.1.6.3.3.1.29.4,Internal Plumbing Works,Tower 4,29th Floor,MEP,Tower MEP,Plumbing,,172099200.0,2028-02-13,2028-02-19,,,,,0
1.1.6.3.3.1.29.5,Waterproofing,Tower 4,29th Floor,Finishing,Tower Civil Finishes,Waterproofing,,46170100.0,2028-02-20,2028-03-02,,,,,0
1.1.6.3.3.1.29.6,Internal Plaster,Tower 4,29th Floor,Finishing,Tower Civil Finishes,Int Plaster,,181802100.0,2028-03-03,2028-03-17,,,,,0
1.1.6.3.3.1.29.7,IPS flooring work,Tower 4,29th Floor,Finishing,Tower Finishing,Flooring,,346465600.0,2028-02-13,2028-02-23,,,,,0
1.1.6.3.3.1.29.8,Toilet dado work,Tower 4,29th Floor,Finishing,Tower Finishing,Flooring,,105756400.0,2028-03-18,2028-04-02,,,,,0
1.1.6.3.3.1.29.9,Toilet flooring work,Tower 4,29th Floor,Finishing,Tower Finishing,Flooring,,79489200.0,2028-04-03,2028-04-18,,,,,0
1.1.6.3.3.1.29.10,Living dinning flooring,Tower 4,29th Floor,Finishing,Tower Finishing,Flooring,,209204400.0,2028-04-19,2028-05-04,,,,,0
1.1.6.3.3.1.29.11,Electrical wiring work,Tower 4,29th Floor,MEP,Tower MEP,Electrical,,173190400.0,2028-04-25,2028-05-04,,,,,0
1.1.6.3.3.1.29.12,Aluminium door-window fixing,Tower 4,29th Floor,Finishing,Tower Finishing,Window,,133089600.0,2028-04-27,2028-05-13,,,,,0
1.1.6.3.3.1.29.13,Putty primer coat,Tower 4,29th Floor,Finishing,Tower Finishing,Paint,,43449400.0,2028-05-06,2028-05-13,,,,,0
1.1.6.3.3.1.29.14,Prehung door fixing,Tower 4,29th Floor,Finishing,Tower Finishing,Door,,73806900.0,2028-05-09,2028-05-15,,,,,0
1.1.6.3.3.1.29.15,Painting 1st coat,Tower 4,29th Floor,Finishing,Tower Finishing,Paint,,28966300.0,2028-05-16,2028-05-25,,,,,0
1.1.6.3.3.1.29.16,False Ceiling panel fixing,Tower 4,29th Floor,Finishing,Tower Finishing,False Ceiling,,31801600.0,2028-05-26,2028-06-02,,,,,0
1.1.6.3.3.1.30,30th Floor,,,,,,,,2028-02-15,2028-06-14,,,,,
1.1.6.3.3.1.30.1,Block Work ,Tower 4,30th Floor,Finishing,Tower Civil Finishes,Blockwork,,99825900.0,2028-02-15,2028-02-24,,,,,0
1.1.6.3.3.1.30.2,Installation of temporary Main door,Tower 4,30th Floor,Finishing,Tower Finishing,Door,,13352300.0,2028-02-25,2028-03-02,,,,,0
1.1.6.3.3.1.30.3,Fire sprinkler pipe fixing,Tower 4,30th Floor,MEP,Common area-MEP,CA-Fire-fighting & FAPA,,49879900.0,2028-02-25,2028-02-27,,,,,0
1.1.6.3.3.1.30.4,Internal Plumbing Works,Tower 4,30th Floor,MEP,Tower MEP,Plumbing,,172099200.0,2028-02-25,2028-03-02,,,,,0
1.1.6.3.3.1.30.5,Waterproofing,Tower 4,30th Floor,Finishing,Tower Civil Finishes,Waterproofing,,46170100.0,2028-03-03,2028-03-14,,,,,0
1.1.6.3.3.1.30.6,Internal Plaster,Tower 4,30th Floor,Finishing,Tower Civil Finishes,Int Plaster,,181802100.0,2028-03-15,2028-03-29,,,,,0
1.1.6.3.3.1.30.7,IPS flooring work,Tower 4,30th Floor,Finishing,Tower Finishing,Flooring,,346465600.0,2028-02-25,2028-03-06,,,,,0
1.1.6.3.3.1.30.8,Toilet dado work,Tower 4,30th Floor,Finishing,Tower Finishing,Flooring,,105756400.0,2028-03-30,2028-04-14,,,,,0
1.1.6.3.3.1.30.9,Toilet flooring work,Tower 4,30th Floor,Finishing,Tower Finishing,Flooring,,79489200.0,2028-04-15,2028-04-30,,,,,0
1.1.6.3.3.1.30.10,Living dinning flooring,Tower 4,30th Floor,Finishing,Tower Finishing,Flooring,,209204400.0,2028-05-01,2028-05-16,,,,,0
1.1.6.3.3.1.30.11,Electrical wiring work,Tower 4,30th Floor,MEP,Tower MEP,Electrical,,173190400.0,2028-05-07,2028-05-16,,,,,0
1.1.6.3.3.1.30.12,Aluminium door-window fixing,Tower 4,30th Floor,Finishing,Tower Finishing,Window,,133089600.0,2028-05-09,2028-05-25,,,,,0
1.1.6.3.3.1.30.13,Putty primer coat,Tower 4,30th Floor,Finishing,Tower Finishing,Paint,,43449400.0,2028-05-18,2028-05-25,,,,,0
1.1.6.3.3.1.30.14,Prehung door fixing,Tower 4,30th Floor,Finishing,Tower Finishing,Door,,73806900.0,2028-05-21,2028-05-27,,,,,0
1.1.6.3.3.1.30.15,Painting 1st coat,Tower 4,30th Floor,Finishing,Tower Finishing,Paint,,28966300.0,2028-05-28,2028-06-06,,,,,0
1.1.6.3.3.1.30.16,False Ceiling panel fixing,Tower 4,30th Floor,Finishing,Tower Finishing,False Ceiling,,31801600.0,2028-06-07,2028-06-14,,,,,0
1.1.6.3.3.1.31,31st Floor,,,,,,,,2028-02-27,2028-06-26,,,,,
1.1.6.3.3.1.31.1,Block Work ,Tower 4,31st Floor,Finishing,Tower Civil Finishes,Blockwork,,99825900.0,2028-02-27,2028-03-07,,,,,0
1.1.6.3.3.1.31.2,Installation of temporary Main door,Tower 4,31st Floor,Finishing,Tower Finishing,Door,,13352300.0,2028-03-08,2028-03-14,,,,,0
1.1.6.3.3.1.31.3,Fire sprinkler pipe fixing,Tower 4,31st Floor,MEP,Common area-MEP,CA-Fire-fighting & FAPA,,49879900.0,2028-03-08,2028-03-10,,,,,0
1.1.6.3.3.1.31.4,Internal Plumbing Works,Tower 4,31st Floor,MEP,Tower MEP,Plumbing,,172099200.0,2028-03-08,2028-03-14,,,,,0
1.1.6.3.3.1.31.5,Waterproofing,Tower 4,31st Floor,Finishing,Tower Civil Finishes,Waterproofing,,46170100.0,2028-03-15,2028-03-26,,,,,0
1.1.6.3.3.1.31.6,Internal Plaster,Tower 4,31st Floor,Finishing,Tower Civil Finishes,Int Plaster,,181802100.0,2028-03-27,2028-04-10,,,,,0
1.1.6.3.3.1.31.7,IPS flooring work,Tower 4,31st Floor,Finishing,Tower Finishing,Flooring,,346465600.0,2028-03-08,2028-03-18,,,,,0
1.1.6.3.3.1.31.8,Toilet dado work,Tower 4,31st Floor,Finishing,Tower Finishing,Flooring,,105756400.0,2028-04-11,2028-04-26,,,,,0
1.1.6.3.3.1.31.9,Toilet flooring work,Tower 4,31st Floor,Finishing,Tower Finishing,Flooring,,79489200.0,2028-04-27,2028-05-12,,,,,0
1.1.6.3.3.1.31.10,Living dinning flooring,Tower 4,31st Floor,Finishing,Tower Finishing,Flooring,,209204400.0,2028-05-13,2028-05-28,,,,,0
1.1.6.3.3.1.31.11,Electrical wiring work,Tower 4,31st Floor,MEP,Tower MEP,Electrical,,173190400.0,2028-05-19,2028-05-28,,,,,0
1.1.6.3.3.1.31.12,Aluminium door-window fixing,Tower 4,31st Floor,Finishing,Tower Finishing,Window,,133089600.0,2028-05-21,2028-06-06,,,,,0
1.1.6.3.3.1.31.13,Putty primer coat,Tower 4,31st Floor,Finishing,Tower Finishing,Paint,,43449400.0,2028-05-30,2028-06-06,,,,,0
1.1.6.3.3.1.31.14,Prehung door fixing,Tower 4,31st Floor,Finishing,Tower Finishing,Door,,73806900.0,2028-06-02,2028-06-08,,,,,0
1.1.6.3.3.1.31.15,Painting 1st coat,Tower 4,31st Floor,Finishing,Tower Finishing,Paint,,28966300.0,2028-06-09,2028-06-18,,,,,0
1.1.6.3.3.1.31.16,False Ceiling panel fixing,Tower 4,31st Floor,Finishing,Tower Finishing,False Ceiling,,31801600.0,2028-06-19,2028-06-26,,,,,0
1.1.6.3.3.1.32,32nd Floor,,,,,,,,2028-03-13,2028-07-11,,,,,
1.1.6.3.3.1.32.1,Block Work ,Tower 4,32nd Floor,Finishing,Tower Civil Finishes,Blockwork,,99825900.0,2028-03-13,2028-03-22,,,,,0
1.1.6.3.3.1.32.2,Installation of temporary Main door,Tower 4,32nd Floor,Finishing,Tower Finishing,Door,,13352300.0,2028-03-23,2028-03-29,,,,,0
1.1.6.3.3.1.32.3,Fire sprinkler pipe fixing,Tower 4,32nd Floor,MEP,Common area-MEP,CA-Fire-fighting & FAPA,,49879900.0,2028-03-23,2028-03-25,,,,,0
1.1.6.3.3.1.32.4,Internal Plumbing Works,Tower 4,32nd Floor,MEP,Tower MEP,Plumbing,,172099200.0,2028-03-23,2028-03-29,,,,,0
1.1.6.3.3.1.32.5,Waterproofing,Tower 4,32nd Floor,Finishing,Tower Civil Finishes,Waterproofing,,46170100.0,2028-03-30,2028-04-10,,,,,0
1.1.6.3.3.1.32.6,Internal Plaster,Tower 4,32nd Floor,Finishing,Tower Civil Finishes,Int Plaster,,181802100.0,2028-04-11,2028-04-25,,,,,0
1.1.6.3.3.1.32.7,IPS flooring work,Tower 4,32nd Floor,Finishing,Tower Finishing,Flooring,,346465600.0,2028-03-23,2028-04-02,,,,,0
1.1.6.3.3.1.32.8,Toilet dado work,Tower 4,32nd Floor,Finishing,Tower Finishing,Flooring,,105756400.0,2028-04-26,2028-05-11,,,,,0
1.1.6.3.3.1.32.9,Toilet flooring work,Tower 4,32nd Floor,Finishing,Tower Finishing,Flooring,,79489200.0,2028-05-12,2028-05-27,,,,,0
1.1.6.3.3.1.32.10,Living dinning flooring,Tower 4,32nd Floor,Finishing,Tower Finishing,Flooring,,209204400.0,2028-05-28,2028-06-12,,,,,0
1.1.6.3.3.1.32.11,Electrical wiring work,Tower 4,32nd Floor,MEP,Tower MEP,Electrical,,173190400.0,2028-06-03,2028-06-12,,,,,0
1.1.6.3.3.1.32.12,Aluminium door-window fixing,Tower 4,32nd Floor,Finishing,Tower Finishing,Window,,133089600.0,2028-06-05,2028-06-21,,,,,0
1.1.6.3.3.1.32.13,Putty primer coat,Tower 4,32nd Floor,Finishing,Tower Finishing,Paint,,43449400.0,2028-06-14,2028-06-21,,,,,0
1.1.6.3.3.1.32.14,Prehung door fixing,Tower 4,32nd Floor,Finishing,Tower Finishing,Door,,73806900.0,2028-06-17,2028-06-23,,,,,0
1.1.6.3.3.1.32.15,Painting 1st coat,Tower 4,32nd Floor,Finishing,Tower Finishing,Paint,,28966300.0,2028-06-24,2028-07-03,,,,,0
1.1.6.3.3.1.32.16,False Ceiling panel fixing,Tower 4,32nd Floor,Finishing,Tower Finishing,False Ceiling,,31801600.0,2028-07-04,2028-07-11,,,,,0
1.1.6.3.3.1.33,33rd Floor,,,,,,,,2028-03-25,2028-07-23,,,,,
1.1.6.3.3.1.33.1,Block Work ,Tower 4,33rd Floor,Finishing,Tower Civil Finishes,Blockwork,,99825900.0,2028-03-25,2028-04-03,,,,,0
1.1.6.3.3.1.33.2,Installation of temporary Main door,Tower 4,33rd Floor,Finishing,Tower Finishing,Door,,13352300.0,2028-04-04,2028-04-10,,,,,0
1.1.6.3.3.1.33.3,Fire sprinkler pipe fixing,Tower 4,33rd Floor,MEP,Common area-MEP,CA-Fire-fighting & FAPA,,49879900.0,2028-04-04,2028-04-06,,,,,0
1.1.6.3.3.1.33.4,Internal Plumbing Works,Tower 4,33rd Floor,MEP,Tower MEP,Plumbing,,172099200.0,2028-04-04,2028-04-10,,,,,0
1.1.6.3.3.1.33.5,Waterproofing,Tower 4,33rd Floor,Finishing,Tower Civil Finishes,Waterproofing,,46170100.0,2028-04-11,2028-04-22,,,,,0
1.1.6.3.3.1.33.6,Internal Plaster,Tower 4,33rd Floor,Finishing,Tower Civil Finishes,Int Plaster,,181802100.0,2028-04-23,2028-05-07,,,,,0
1.1.6.3.3.1.33.7,IPS flooring work,Tower 4,33rd Floor,Finishing,Tower Finishing,Flooring,,346465600.0,2028-04-04,2028-04-14,,,,,0
1.1.6.3.3.1.33.8,Toilet dado work,Tower 4,33rd Floor,Finishing,Tower Finishing,Flooring,,105756400.0,2028-05-08,2028-05-23,,,,,0
1.1.6.3.3.1.33.9,Toilet flooring work,Tower 4,33rd Floor,Finishing,Tower Finishing,Flooring,,79489200.0,2028-05-24,2028-06-08,,,,,0
1.1.6.3.3.1.33.10,Living dinning flooring,Tower 4,33rd Floor,Finishing,Tower Finishing,Flooring,,209204400.0,2028-06-09,2028-06-24,,,,,0
1.1.6.3.3.1.33.11,Electrical wiring work,Tower 4,33rd Floor,MEP,Tower MEP,Electrical,,173190400.0,2028-06-15,2028-06-24,,,,,0
1.1.6.3.3.1.33.12,Aluminium door-window fixing,Tower 4,33rd Floor,Finishing,Tower Finishing,Window,,133089600.0,2028-06-17,2028-07-03,,,,,0
1.1.6.3.3.1.33.13,Putty primer coat,Tower 4,33rd Floor,Finishing,Tower Finishing,Paint,,43449400.0,2028-06-26,2028-07-03,,,,,0
1.1.6.3.3.1.33.14,Prehung door fixing,Tower 4,33rd Floor,Finishing,Tower Finishing,Door,,73806900.0,2028-06-29,2028-07-05,,,,,0
1.1.6.3.3.1.33.15,Painting 1st coat,Tower 4,33rd Floor,Finishing,Tower Finishing,Paint,,28966300.0,2028-07-06,2028-07-15,,,,,0
1.1.6.3.3.1.33.16,False Ceiling panel fixing,Tower 4,33rd Floor,Finishing,Tower Finishing,False Ceiling,,31801600.0,2028-07-16,2028-07-23,,,,,0
1.1.6.3.3.1.34,34th Floor,,,,,,,,2028-04-06,2028-08-04,,,,,
1.1.6.3.3.1.34.1,Block Work ,Tower 4,34th Floor,Finishing,Tower Civil Finishes,Blockwork,,99825900.0,2028-04-06,2028-04-15,,,,,0
1.1.6.3.3.1.34.2,Installation of temporary Main door,Tower 4,34th Floor,Finishing,Tower Finishing,Door,,13352300.0,2028-04-16,2028-04-22,,,,,0
1.1.6.3.3.1.34.3,Fire sprinkler pipe fixing,Tower 4,34th Floor,MEP,Common area-MEP,CA-Fire-fighting & FAPA,,49879900.0,2028-04-16,2028-04-18,,,,,0
1.1.6.3.3.1.34.4,Internal Plumbing Works,Tower 4,34th Floor,MEP,Tower MEP,Plumbing,,172099200.0,2028-04-16,2028-04-22,,,,,0
1.1.6.3.3.1.34.5,Waterproofing,Tower 4,34th Floor,Finishing,Tower Civil Finishes,Waterproofing,,46170100.0,2028-04-23,2028-05-04,,,,,0
1.1.6.3.3.1.34.6,Internal Plaster,Tower 4,34th Floor,Finishing,Tower Civil Finishes,Int Plaster,,181802100.0,2028-05-05,2028-05-19,,,,,0
1.1.6.3.3.1.34.7,IPS flooring work,Tower 4,34th Floor,Finishing,Tower Finishing,Flooring,,346465600.0,2028-04-16,2028-04-26,,,,,0
1.1.6.3.3.1.34.8,Toilet dado work,Tower 4,34th Floor,Finishing,Tower Finishing,Flooring,,105756400.0,2028-05-20,2028-06-04,,,,,0
1.1.6.3.3.1.34.9,Toilet flooring work,Tower 4,34th Floor,Finishing,Tower Finishing,Flooring,,79489200.0,2028-06-05,2028-06-20,,,,,0
1.1.6.3.3.1.34.10,Living dinning flooring,Tower 4,34th Floor,Finishing,Tower Finishing,Flooring,,209204400.0,2028-06-21,2028-07-06,,,,,0
1.1.6.3.3.1.34.11,Electrical wiring work,Tower 4,34th Floor,MEP,Tower MEP,Electrical,,173190400.0,2028-06-27,2028-07-06,,,,,0
1.1.6.3.3.1.34.12,Aluminium door-window fixing,Tower 4,34th Floor,Finishing,Tower Finishing,Window,,133089600.0,2028-06-29,2028-07-15,,,,,0
1.1.6.3.3.1.34.13,Putty primer coat,Tower 4,34th Floor,Finishing,Tower Finishing,Paint,,43449400.0,2028-07-08,2028-07-15,,,,,0
1.1.6.3.3.1.34.14,Prehung door fixing,Tower 4,34th Floor,Finishing,Tower Finishing,Door,,73806900.0,2028-07-11,2028-07-17,,,,,0
1.1.6.3.3.1.34.15,Painting 1st coat,Tower 4,34th Floor,Finishing,Tower Finishing,Paint,,28966300.0,2028-07-18,2028-07-27,,,,,0
1.1.6.3.3.1.34.16,False Ceiling panel fixing,Tower 4,34th Floor,Finishing,Tower Finishing,False Ceiling,,31801600.0,2028-07-28,2028-08-04,,,,,0
1.1.6.3.3.1.35,35th Floor,,,,,,,,2028-04-18,2028-08-16,,,,,
1.1.6.3.3.1.35.1,Block Work ,Tower 4,35th Floor,Finishing,Tower Civil Finishes,Blockwork,,99825900.0,2028-04-18,2028-04-27,,,,,0
1.1.6.3.3.1.35.2,Installation of temporary Main door,Tower 4,35th Floor,Finishing,Tower Finishing,Door,,13352300.0,2028-04-28,2028-05-04,,,,,0
1.1.6.3.3.1.35.3,Fire sprinkler pipe fixing,Tower 4,35th Floor,MEP,Common area-MEP,CA-Fire-fighting & FAPA,,49879900.0,2028-04-28,2028-04-30,,,,,0
1.1.6.3.3.1.35.4,Internal Plumbing Works,Tower 4,35th Floor,MEP,Tower MEP,Plumbing,,172099200.0,2028-04-28,2028-05-04,,,,,0
1.1.6.3.3.1.35.5,Waterproofing,Tower 4,35th Floor,Finishing,Tower Civil Finishes,Waterproofing,,46170100.0,2028-05-05,2028-05-16,,,,,0
1.1.6.3.3.1.35.6,Internal Plaster,Tower 4,35th Floor,Finishing,Tower Civil Finishes,Int Plaster,,181802100.0,2028-05-17,2028-05-31,,,,,0
1.1.6.3.3.1.35.7,IPS flooring work,Tower 4,35th Floor,Finishing,Tower Finishing,Flooring,,346465600.0,2028-04-28,2028-05-08,,,,,0
1.1.6.3.3.1.35.8,Toilet dado work,Tower 4,35th Floor,Finishing,Tower Finishing,Flooring,,105756400.0,2028-06-01,2028-06-16,,,,,0
1.1.6.3.3.1.35.9,Toilet flooring work,Tower 4,35th Floor,Finishing,Tower Finishing,Flooring,,79489200.0,2028-06-17,2028-07-02,,,,,0
1.1.6.3.3.1.35.10,Living dinning flooring,Tower 4,35th Floor,Finishing,Tower Finishing,Flooring,,209204400.0,2028-07-03,2028-07-18,,,,,0
1.1.6.3.3.1.35.11,Electrical wiring work,Tower 4,35th Floor,MEP,Tower MEP,Electrical,,173190400.0,2028-07-09,2028-07-18,,,,,0
1.1.6.3.3.1.35.12,Aluminium door-window fixing,Tower 4,35th Floor,Finishing,Tower Finishing,Window,,133089600.0,2028-07-11,2028-07-27,,,,,0
1.1.6.3.3.1.35.13,Putty primer coat,Tower 4,35th Floor,Finishing,Tower Finishing,Paint,,43449400.0,2028-07-20,2028-07-27,,,,,0
1.1.6.3.3.1.35.14,Prehung door fixing,Tower 4,35th Floor,Finishing,Tower Finishing,Door,,73806900.0,2028-07-23,2028-07-29,,,,,0
1.1.6.3.3.1.35.15,Painting 1st coat,Tower 4,35th Floor,Finishing,Tower Finishing,Paint,,28966300.0,2028-07-30,2028-08-08,,,,,0
1.1.6.3.3.1.35.16,False Ceiling panel fixing,Tower 4,35th Floor,Finishing,Tower Finishing,False Ceiling,,31801600.0,2028-08-09,2028-08-16,,,,,0
1.1.6.3.3.1.36,36th Floor,,,,,,,,2028-05-03,2028-08-28,,,,,
1.1.6.3.3.1.36.1,Block Work ,Tower 4,36th Floor,Finishing,Tower Civil Finishes,Blockwork,,99825900.0,2028-05-03,2028-05-09,,,,,0
1.1.6.3.3.1.36.2,Installation of temporary Main door,Tower 4,36th Floor,Finishing,Tower Finishing,Door,,13352300.0,2028-05-10,2028-05-16,,,,,0
1.1.6.3.3.1.36.3,Fire sprinkler pipe fixing,Tower 4,36th Floor,MEP,Common area-MEP,CA-Fire-fighting & FAPA,,49879900.0,2028-05-10,2028-05-12,,,,,0
1.1.6.3.3.1.36.4,Internal Plumbing Works,Tower 4,36th Floor,MEP,Tower MEP,Plumbing,,172099200.0,2028-05-10,2028-05-16,,,,,0
1.1.6.3.3.1.36.5,Waterproofing,Tower 4,36th Floor,Finishing,Tower Civil Finishes,Waterproofing,,46170100.0,2028-05-17,2028-05-28,,,,,0
1.1.6.3.3.1.36.6,Internal Plaster,Tower 4,36th Floor,Finishing,Tower Civil Finishes,Int Plaster,,181802100.0,2028-05-29,2028-06-12,,,,,0
1.1.6.3.3.1.36.7,IPS flooring work,Tower 4,36th Floor,Finishing,Tower Finishing,Flooring,,346465600.0,2028-05-10,2028-05-20,,,,,0
1.1.6.3.3.1.36.8,Toilet dado work,Tower 4,36th Floor,Finishing,Tower Finishing,Flooring,,105756400.0,2028-06-13,2028-06-28,,,,,0
1.1.6.3.3.1.36.9,Toilet flooring work,Tower 4,36th Floor,Finishing,Tower Finishing,Flooring,,79489200.0,2028-06-29,2028-07-14,,,,,0
1.1.6.3.3.1.36.10,Living dinning flooring,Tower 4,36th Floor,Finishing,Tower Finishing,Flooring,,209204400.0,2028-07-15,2028-07-30,,,,,0
1.1.6.3.3.1.36.11,Electrical wiring work,Tower 4,36th Floor,MEP,Tower MEP,Electrical,,173190400.0,2028-07-21,2028-07-30,,,,,0
1.1.6.3.3.1.36.12,Aluminium door-window fixing,Tower 4,36th Floor,Finishing,Tower Finishing,Window,,133089600.0,2028-07-23,2028-08-08,,,,,0
1.1.6.3.3.1.36.13,Putty primer coat,Tower 4,36th Floor,Finishing,Tower Finishing,Paint,,43449400.0,2028-08-01,2028-08-08,,,,,0
1.1.6.3.3.1.36.14,Prehung door fixing,Tower 4,36th Floor,Finishing,Tower Finishing,Door,,73806900.0,2028-08-04,2028-08-10,,,,,0
1.1.6.3.3.1.36.15,Painting 1st coat,Tower 4,36th Floor,Finishing,Tower Finishing,Paint,,28966300.0,2028-08-11,2028-08-20,,,,,0
1.1.6.3.3.1.36.16,False Ceiling panel fixing,Tower 4,36th Floor,Finishing,Tower Finishing,False Ceiling,,31801600.0,2028-08-21,2028-08-28,,,,,0
1.1.6.3.3.1.37,37th Floor,,,,,,,,2028-05-12,2028-09-10,,,,,
1.1.6.3.3.1.37.1,Block Work ,Tower 4,37th Floor,Finishing,Tower Civil Finishes,Blockwork,,99825900.0,2028-05-12,2028-05-18,,,,,0
1.1.6.3.3.1.37.2,Installation of temporary Main door,Tower 4,37th Floor,Finishing,Tower Finishing,Door,,13352300.0,2028-05-19,2028-05-25,,,,,0
1.1.6.3.3.1.37.3,Fire sprinkler pipe fixing,Tower 4,37th Floor,MEP,Common area-MEP,CA-Fire-fighting & FAPA,,49879900.0,2028-05-19,2028-05-21,,,,,0
1.1.6.3.3.1.37.4,Internal Plumbing Works,Tower 4,37th Floor,MEP,Tower MEP,Plumbing,,172099200.0,2028-05-19,2028-05-25,,,,,0
1.1.6.3.3.1.37.5,Waterproofing,Tower 4,37th Floor,Finishing,Tower Civil Finishes,Waterproofing,,46170100.0,2028-05-26,2028-06-06,,,,,0
1.1.6.3.3.1.37.6,Internal Plaster,Tower 4,37th Floor,Finishing,Tower Civil Finishes,Int Plaster,,181802100.0,2028-06-07,2028-06-21,,,,,0
1.1.6.3.3.1.37.7,IPS flooring work,Tower 4,37th Floor,Finishing,Tower Finishing,Flooring,,346465600.0,2028-05-19,2028-05-29,,,,,0
1.1.6.3.3.1.37.8,Toilet dado work,Tower 4,37th Floor,Finishing,Tower Finishing,Flooring,,105756400.0,2028-06-22,2028-07-11,,,,,0
1.1.6.3.3.1.37.9,Toilet flooring work,Tower 4,37th Floor,Finishing,Tower Finishing,Flooring,,79489200.0,2028-07-12,2028-07-27,,,,,0
1.1.6.3.3.1.37.10,Living dinning flooring,Tower 4,37th Floor,Finishing,Tower Finishing,Flooring,,209204400.0,2028-07-28,2028-08-12,,,,,0
1.1.6.3.3.1.37.11,Electrical wiring work,Tower 4,37th Floor,MEP,Tower MEP,Electrical,,173190400.0,2028-08-03,2028-08-12,,,,,0
1.1.6.3.3.1.37.12,Aluminium door-window fixing,Tower 4,37th Floor,Finishing,Tower Finishing,Window,,133089600.0,2028-08-05,2028-08-21,,,,,0
1.1.6.3.3.1.37.13,Putty primer coat,Tower 4,37th Floor,Finishing,Tower Finishing,Paint,,43449400.0,2028-08-14,2028-08-21,,,,,0
1.1.6.3.3.1.37.14,Prehung door fixing,Tower 4,37th Floor,Finishing,Tower Finishing,Door,,73806900.0,2028-08-17,2028-08-23,,,,,0
1.1.6.3.3.1.37.15,Painting 1st coat,Tower 4,37th Floor,Finishing,Tower Finishing,Paint,,28966300.0,2028-08-24,2028-09-02,,,,,0
1.1.6.3.3.1.37.16,False Ceiling panel fixing,Tower 4,37th Floor,Finishing,Tower Finishing,False Ceiling,,31801600.0,2028-09-03,2028-09-10,,,,,0
1.1.6.3.3.1.38,38th Floor,,,,,,,,2028-05-21,2028-10-04,,,,,
1.1.6.3.3.1.38.1,Block Work ,Tower 4,38th Floor,Finishing,Tower Civil Finishes,Blockwork,,99825900.0,2028-05-21,2028-06-02,,,,,0
1.1.6.3.3.1.38.2,Installation of temporary Main door,Tower 4,38th Floor,Finishing,Tower Finishing,Door,,13352300.0,2028-06-03,2028-06-09,,,,,0
1.1.6.3.3.1.38.3,Fire sprinkler pipe fixing,Tower 4,38th Floor,MEP,Common area-MEP,CA-Fire-fighting & FAPA,,49879900.0,2028-06-03,2028-06-05,,,,,0
1.1.6.3.3.1.38.4,Internal Plumbing Works,Tower 4,38th Floor,MEP,Tower MEP,Plumbing,,172099200.0,2028-06-03,2028-06-09,,,,,0
1.1.6.3.3.1.38.5,Waterproofing,Tower 4,38th Floor,Finishing,Tower Civil Finishes,Waterproofing,,46170100.0,2028-06-10,2028-06-21,,,,,0
1.1.6.3.3.1.38.6,Internal Plaster,Tower 4,38th Floor,Finishing,Tower Civil Finishes,Int Plaster,,181802100.0,2028-06-22,2028-07-02,,,,,0
1.1.6.3.3.1.38.7,IPS flooring work,Tower 4,38th Floor,Finishing,Tower Finishing,Flooring,,346465600.0,2028-06-03,2028-06-13,,,,,0
1.1.6.3.3.1.38.8,Toilet dado work,Tower 4,38th Floor,Finishing,Tower Finishing,Flooring,,105756400.0,2028-07-03,2028-07-22,,,,,0
1.1.6.3.3.1.38.9,Toilet flooring work,Tower 4,38th Floor,Finishing,Tower Finishing,Flooring,,79489200.0,2028-07-23,2028-08-07,,,,,0
1.1.6.3.3.1.38.10,Living dinning flooring,Tower 4,38th Floor,Finishing,Tower Finishing,Flooring,,209204400.0,2028-08-08,2028-09-05,,,,,0
1.1.6.3.3.1.38.11,Electrical wiring work,Tower 4,38th Floor,MEP,Tower MEP,Electrical,,173190400.0,2028-08-27,2028-09-05,,,,,0
1.1.6.3.3.1.38.12,Aluminium door-window fixing,Tower 4,38th Floor,Finishing,Tower Finishing,Window,,133089600.0,2028-08-29,2028-09-14,,,,,0
1.1.6.3.3.1.38.13,Putty primer coat,Tower 4,38th Floor,Finishing,Tower Finishing,Paint,,43449400.0,2028-09-07,2028-09-14,,,,,0
1.1.6.3.3.1.38.14,Prehung door fixing,Tower 4,38th Floor,Finishing,Tower Finishing,Door,,73806900.0,2028-09-10,2028-09-16,,,,,0
1.1.6.3.3.1.38.15,Painting 1st coat,Tower 4,38th Floor,Finishing,Tower Finishing,Paint,,28966300.0,2028-09-17,2028-09-26,,,,,0
1.1.6.3.3.1.38.16,False Ceiling panel fixing,Tower 4,38th Floor,Finishing,Tower Finishing,False Ceiling,,31801600.0,2028-09-27,2028-10-04,,,,,0
1.1.6.3.3.2,Terrace finishing,,,,,,,,2028-07-29,2028-10-06,,,,,
1.1.6.3.3.2.1,Terrace waterproofing,Tower 4,Terrace,Finishing,Tower Civil Finishes,Waterproofing,,485003400.0,2028-07-29,2028-08-27,,,,,0
1.1.6.3.3.2.2,Terrace Finishing,Tower 4,Terrace,Finishing,Common area finishes,CA-Flooring,,253856700.0,2028-08-28,2028-10-06,,,,,0
1.1.6.3.3.3,Common area finishing,,,,,,,,2028-04-24,2028-10-30,,,,,
1.1.6.3.3.3.1,Masonary Work,Tower 4,,Finishing,Common area finishes,CA-Blockwork,,99825900.0,2028-04-24,2028-06-02,,,,,0
1.1.6.3.3.3.2,Fire sprinkler pipe fixing,Tower 4,,MEP,Common area-MEP,CA-Fire-fighting & FAPA,,2192076900.0,2028-04-29,2028-06-07,,,,,0
1.1.6.3.3.3.3,"Corridoor, staircase, shaft Plaster & whitewash",Tower 4,,Finishing,Common area finishes,CA-Int Plaster,,233540500.0,2028-05-04,2028-07-22,,,,,0
1.1.6.3.3.3.4,Staircase railing fixing,Tower 4,,Finishing,Common area finishes,CA-Railing,,2147385100.0,2028-05-14,2028-08-01,,,,,0
1.1.6.3.3.3.5,Fire staircase flooring,Tower 4,,Finishing,Common area finishes,CA-Flooring,,180348000.0,2028-05-04,2028-08-11,,,,,0
1.1.6.3.3.3.6,Main staircase flooring,Tower 4,,Finishing,Common area finishes,CA-Flooring,,180348000.0,2028-05-04,2028-08-11,,,,,0
1.1.6.3.3.3.7,Fire door work,Tower 4,,Finishing,Common area finishes,CA-Door,,778848000.0,2028-06-13,2028-10-10,,,,,0
1.1.6.3.3.3.8,Lobby flooring & Corridor,Tower 4,,Finishing,Common area finishes,CA-Flooring,,1675781400.0,2028-05-14,2028-10-30,,,,,0
1.1.6.3.3.3.9,Ceiling & wall putty-primer,Tower 4,,Finishing,Common area finishes,CA-Paint,,43449400.0,2028-08-02,2028-10-20,,,,,0
1.1.6.3.3.3.10,Ceiling & wall painting,Tower 4,,Finishing,Common area finishes,CA-Paint,,28966300.0,2028-07-13,2028-09-25,,,,,0
1.1.6.3.3.3.11,Electrical wiring work,Tower 4,,MEP,Common area-MEP,CA-Electrical,,398716600.0,2028-06-18,2028-08-26,,,,,0
1.1.6.3.3.3.12,Light fixture supply & installation,Tower 4,,MEP,Common area-MEP,CA-Electrical,,112609600.0,2028-07-13,2028-08-11,,,,,0
1.1.6.3.3.3.13,Installation of fire signages including Basements,Tower 4,,MEP,BRM-Security,BRM-Security,,316459900.0,2028-09-26,2028-10-15,,,,,0
1.1.6.3.3.4,Balcony Glass Railing,,,,,,,,2027-01-31,2027-10-16,,,,,
1.1.6.3.3.4.1,1st Floor,Tower 4,1st Floor,Finishing,Tower Civil Finishes,Railing,,130853000.0,2027-01-31,2027-02-06,,,,,0
1.1.6.3.3.4.2,2nd Floor,Tower 4,2nd Floor,Finishing,Tower Civil Finishes,Railing,,130853000.0,2027-02-07,2027-02-13,,,,,0
1.1.6.3.3.4.3,3rd Floor,Tower 4,3rd Floor,Finishing,Tower Civil Finishes,Railing,,130853000.0,2027-02-14,2027-02-20,,,,,0
1.1.6.3.3.4.4,4th Floor,Tower 4,4th Floor,Finishing,Tower Civil Finishes,Railing,,130853000.0,2027-02-21,2027-02-27,,,,,0
1.1.6.3.3.4.5,5th Floor,Tower 4,5th Floor,Finishing,Tower Civil Finishes,Railing,,130853000.0,2027-02-28,2027-03-06,,,,,0
1.1.6.3.3.4.6,6th Floor,Tower 4,6th Floor,Finishing,Tower Civil Finishes,Railing,,130853000.0,2027-03-07,2027-03-13,,,,,0
1.1.6.3.3.4.7,7th Floor,Tower 4,7th Floor,Finishing,Tower Civil Finishes,Railing,,130853000.0,2027-03-14,2027-03-20,,,,,0
1.1.6.3.3.4.8,8th Floor,Tower 4,8th Floor,Finishing,Tower Civil Finishes,Railing,,130853000.0,2027-03-21,2027-03-27,,,,,0
1.1.6.3.3.4.9,9th Floor,Tower 4,9th Floor,Finishing,Tower Civil Finishes,Railing,,130853000.0,2027-03-28,2027-04-03,,,,,0
1.1.6.3.3.4.10,10th Floor,Tower 4,10th Floor,Finishing,Tower Civil Finishes,Railing,,130853000.0,2027-04-04,2027-04-10,,,,,0
1.1.6.3.3.4.11,11th Floor,Tower 4,11th Floor,Finishing,Tower Civil Finishes,Railing,,130853000.0,2027-04-11,2027-04-17,,,,,0
1.1.6.3.3.4.12,12th Floor,Tower 4,12th Floor,Finishing,Tower Civil Finishes,Railing,,130853000.0,2027-04-18,2027-04-24,,,,,0
1.1.6.3.3.4.13,13th Floor,Tower 4,13th Floor,Finishing,Tower Civil Finishes,Railing,,130853000.0,2027-04-25,2027-05-01,,,,,0
1.1.6.3.3.4.14,14th Floor,Tower 4,14th Floor,Finishing,Tower Civil Finishes,Railing,,130853000.0,2027-05-02,2027-05-08,,,,,0
1.1.6.3.3.4.15,15th Floor,Tower 4,15th Floor,Finishing,Tower Civil Finishes,Railing,,130853000.0,2027-05-09,2027-05-15,,,,,0
1.1.6.3.3.4.16,16th Floor,Tower 4,16th Floor,Finishing,Tower Civil Finishes,Railing,,130853000.0,2027-05-16,2027-05-22,,,,,0
1.1.6.3.3.4.17,17th Floor,Tower 4,17th Floor,Finishing,Tower Civil Finishes,Railing,,130853000.0,2027-05-23,2027-05-29,,,,,0
1.1.6.3.3.4.18,18th Floor,Tower 4,18th Floor,Finishing,Tower Civil Finishes,Railing,,130853000.0,2027-05-30,2027-06-05,,,,,0
1.1.6.3.3.4.19,19th Floor,Tower 4,19th Floor,Finishing,Tower Civil Finishes,Railing,,130853000.0,2027-06-06,2027-06-12,,,,,0
1.1.6.3.3.4.20,20th Floor,Tower 4,20th Floor,Finishing,Tower Civil Finishes,Railing,,130853000.0,2027-06-13,2027-06-19,,,,,0
1.1.6.3.3.4.21,21st Floor,Tower 4,21st Floor,Finishing,Tower Civil Finishes,Railing,,130853000.0,2027-06-20,2027-06-26,,,,,0
1.1.6.3.3.4.22,22nd Floor,Tower 4,22nd Floor,Finishing,Tower Civil Finishes,Railing,,130853000.0,2027-06-27,2027-07-03,,,,,0
1.1.6.3.3.4.23,23rd Floor,Tower 4,23rd Floor,Finishing,Tower Civil Finishes,Railing,,130853000.0,2027-07-04,2027-07-10,,,,,0
1.1.6.3.3.4.24,24th Floor,Tower 4,24th Floor,Finishing,Tower Civil Finishes,Railing,,130853000.0,2027-07-11,2027-07-17,,,,,0
1.1.6.3.3.4.25,25th Floor,Tower 4,25th Floor,Finishing,Tower Civil Finishes,Railing,,130853000.0,2027-07-18,2027-07-24,,,,,0
1.1.6.3.3.4.26,26th Floor,Tower 4,26th Floor,Finishing,Tower Civil Finishes,Railing,,130853000.0,2027-07-25,2027-07-31,,,,,0
1.1.6.3.3.4.27,27th Floor,Tower 4,27th Floor,Finishing,Tower Civil Finishes,Railing,,130853000.0,2027-08-01,2027-08-07,,,,,0
1.1.6.3.3.4.28,28th Floor,Tower 4,28th Floor,Finishing,Tower Civil Finishes,Railing,,130853000.0,2027-08-08,2027-08-14,,,,,0
1.1.6.3.3.4.29,29th Floor,Tower 4,29th Floor,Finishing,Tower Civil Finishes,Railing,,130853000.0,2027-08-15,2027-08-21,,,,,0
1.1.6.3.3.4.30,30th Floor,Tower 4,30th Floor,Finishing,Tower Civil Finishes,Railing,,130853000.0,2027-08-22,2027-08-28,,,,,0
1.1.6.3.3.4.31,31st Floor,Tower 4,31st Floor,Finishing,Tower Civil Finishes,Railing,,130853000.0,2027-08-29,2027-09-04,,,,,0
1.1.6.3.3.4.32,32nd Floor,Tower 4,32nd Floor,Finishing,Tower Civil Finishes,Railing,,130853000.0,2027-09-05,2027-09-11,,,,,0
1.1.6.3.3.4.33,33th Floor,Tower 4,33rd Floor,Finishing,Tower Civil Finishes,Railing,,130853000.0,2027-09-12,2027-09-18,,,,,0
1.1.6.3.3.4.34,34th Floor,Tower 4,34th Floor,Finishing,Tower Civil Finishes,Railing,,130853000.0,2027-09-19,2027-09-25,,,,,0
1.1.6.3.3.4.35,36th Floor,Tower 4,36th Floor,Finishing,Tower Civil Finishes,Railing,,130853000.0,2027-09-26,2027-10-02,,,,,0
1.1.6.3.3.4.36,37th Floor,Tower 4,37th Floor,Finishing,Tower Civil Finishes,Railing,,130853000.0,2027-10-03,2027-10-09,,,,,0
1.1.6.3.3.4.37,38th Floor,Tower 4,38th Floor,Finishing,Tower Civil Finishes,Railing,,130853000.0,2027-10-10,2027-10-16,,,,,0
1.1.6.3.4,MEP Work,,,,,,,,2028-04-04,2029-04-21,,,,,
1.1.6.3.4.1,Electrical Work,,,,,,,,2028-04-04,2028-08-26,,,,,
1.1.6.3.4.1.1,Cable Tray,Tower 4,,MEP,Tower MEP,Electrical,,680833300.0,2028-06-03,2028-07-02,,,,,0
1.1.6.3.4.1.2,"Cable, main & sub main",Tower 4,,MEP,Tower MEP,Electrical,,2821912900.0,2028-04-04,2028-05-03,,,,,0
1.1.6.3.4.1.3,LT panel & DB,Tower 4,,MEP,Tower MEP,Electrical,,2887125100.0,2028-05-04,2028-06-12,,,,,0
1.1.6.3.4.1.4,Earthing Works ,Tower 4,,MEP,Tower MEP,Electrical,,309469700.0,2028-07-03,2028-07-17,,,,,0
1.1.6.3.4.1.5,Advanced Lightening Protection system,Tower 4,,MEP,Ext MEP,Ext Electrical,,457374200.0,2028-06-23,2028-07-07,,,,,0
1.1.6.3.4.1.6,Energy meter,Tower 4,,MEP,Ext MEP,Ext Electrical,,451201600.0,2028-05-04,2028-05-18,,,,,0
1.1.6.3.4.1.7,Inverter / UPS,Tower 4,,MEP,Ext MEP,Ext Electrical,,268975700.0,2028-06-13,2028-06-22,,,,,0
1.1.6.3.4.1.8,HVAC & Exhaust fan,Tower 4,,MEP,Common area-MEP,CA-HVAC,,396561900.0,2028-06-03,2028-07-02,,,,,0
1.1.6.3.4.1.9,FTTH,Tower 4,,MEP,BRM-Security,BRM-Security,,360860300.0,2028-05-19,2028-05-28,,,,,0
1.1.6.3.4.1.10,Security System - FA & PA,Tower 4,,MEP,BRM-Security,BRM-Security,,644410300.0,2028-05-19,2028-05-28,,,,,0
1.1.6.3.4.1.11,T&C of complete system,Tower 4,,Finishing,Miscellaneous,Misc,,396543000.0,2028-08-12,2028-08-26,,,,,0
1.1.6.3.4.2,Plumbing work,,,,,,,,2028-05-30,2028-08-26,,,,,
1.1.6.3.4.2.1,Terrace looping,Tower 4,Terrace,MEP,Tower MEP,Plumbing,,168402700.0,2028-05-30,2028-06-18,,,,,0
1.1.6.3.4.2.2,Shaft Plumbing,Tower 4,,MEP,Tower MEP,Plumbing,,168268600.0,2028-06-23,2028-07-22,,,,,0
1.1.6.3.4.2.3,CP sanitary fixture supply,Tower 4,,MEP,Tower MEP,CP Sanitary,,1118880000.0,2028-07-23,2028-08-11,,,,,0
1.1.6.3.4.2.4,Cold & flushing water supply,Tower 4,,MEP,Tower MEP,Plumbing,,357269200.0,2028-07-23,2028-08-11,,,,,0
1.1.6.3.4.2.5,Misc work,Tower 4,,Finishing,Miscellaneous,Misc,,323058800.0,2028-07-28,2028-08-11,,,,,0
1.1.6.3.4.2.6,Installation of PHE pumps,Tower 4,,MEP,Common area-MEP,CA-PHE,,228556900.0,2028-06-19,2028-07-13,,,,,0
1.1.6.3.4.2.7,T&C of complete system,Tower 4,,Finishing,Miscellaneous,Misc,,190753200.0,2028-08-12,2028-08-26,,,,,0
1.1.6.3.4.3,Fire fighting work,,,,,,,,2028-06-23,2029-04-21,,,,,
1.1.6.3.4.3.1,Fire hydrant work,Tower 4,,MEP,Common area-MEP,CA-Fire-fighting & FAPA,,783923900.0,2028-06-23,2028-07-17,,,,,0
1.1.6.3.4.3.2,Pipe connection & sprinkler installation,Tower 4,,MEP,Common area-MEP,CA-Fire-fighting & FAPA,,528385700.0,2028-07-18,2028-08-01,,,,,0
1.1.6.3.4.3.3,Shaft Downtake works,Tower 4,,MEP,Tower MEP,Plumbing,,206461900.0,2028-06-23,2028-07-17,,,,,0
1.1.6.3.4.3.4,Connection to pump room,Tower 4,,MEP,Common area-MEP,CA-PHE,,443935000.0,2028-07-18,2028-07-27,,,,,0
1.1.6.3.4.3.5,Installation of FF pumps,Tower 4,,MEP,Common area-MEP,CA-Fire-fighting & FAPA,,359595300.0,2028-07-18,2028-08-01,,,,,0
1.1.6.3.4.3.6,T&C of complete system,Tower 4,,Finishing,Miscellaneous,Misc,,360860300.0,2028-10-11,2029-04-21,,,,,0
1.1.6.3.4.4,Lift work,,,,,,,,2028-06-09,2028-08-25,,,,,
1.1.6.3.4.4.1,Lift Shaft/Pit Handover,Tower 4,,MEP,Common area-MEP,Lift,,100.0,2028-06-09,2028-06-20,,,,,0
1.1.6.3.4.4.2,Lift installation work,Tower 4,,MEP,Common area-MEP,Lift,,6025461100.0,2028-06-21,2028-08-17,,,,,0
1.1.6.3.4.4.3,Lift testing and commissioning,Tower 4,,MEP,Common area-MEP,Lift,,266937200.0,2028-08-18,2028-08-25,,,,,0
1.1.6.3.5,External Paint Works ,,,,,,,,2028-05-30,2028-08-17,,,,,
1.1.6.3.5.1,Surface prepration,Tower 4,,Finishing,Tower Finishing,Ext Paint,,347076700.0,2028-05-30,2028-06-28,,,,,0
1.1.6.3.5.2,"External Painting (Primer, texture & first coat)",Tower 4,,Finishing,Tower Finishing,Ext Paint,,1735383400.0,2028-06-29,2028-08-17,,,,,0
1.1.6.3.5.3,Final coat of painting,Tower 4,,Finishing,Tower Finishing,Ext Paint,,231384400.0,2028-06-09,2028-07-18,,,,,0
1.1.6.3.5.4,Misc. work,Tower 4,,Finishing,Miscellaneous,Misc,,20347569300.0,2028-06-29,2028-07-18,,,,,0
1.1.6.3.6,OC Application/Readiness,Tower 4,,Finishing,Miscellaneous,Misc,,100.0,2029-04-22,2029-04-22,,,,,0
1.1.6.3.7,OC Receipt,Tower 4,,Finishing,Miscellaneous,Misc,,100.0,2029-04-23,2029-06-21,,,,,0
1.1.6.3.8,Post OC Activities,,,,,,,,2029-05-23,2029-10-29,,,,,
1.1.6.3.8.1,CP & Sanitaryware installation,Tower 4,,MEP,Tower MEP,CP Sanitary,,279720000.0,2029-05-23,2029-09-19,,,,,0
1.1.6.3.8.2,Electrical Fixtures And Fittings installations,Tower 4,,MEP,Tower MEP,Electrical,,669483400.0,2029-05-23,2029-09-19,,,,,0
1.1.6.3.8.3,Final Coat Paint Internal,Tower 4,,Finishing,Tower Finishing,Paint,,250341400.0,2029-05-23,2029-07-01,,,,,0
1.1.6.3.8.4,VRV Highwall (HVAC) installation,Tower 4,,MEP,Common area-MEP,CA-HVAC,,13654514800.0,2029-08-31,2029-10-29,,,,,0
1.1.6.3.8.5,Wooden Flooring,Tower 4,,Finishing,Tower Finishing,Flooring,,992762100.0,2029-05-23,2029-08-30,,,,,0
1.1.6.3.9,Offer to possession,Tower 4,,Finishing,Miscellaneous,Misc,,100.0,2029-10-30,2030-01-17,,,,,0
1.1.7,NTA works,,,,,,,,2025-01-13,2029-06-25,,,,,
1.1.7.1,RCC Works,,,,,,,,2025-01-13,2028-03-26,,,,,
1.1.7.1.1,Footings including stitch slab,,,,,,,,2025-02-25,2028-01-15,,,,,
1.1.7.1.1.1,Excavation for isolated fottings of NTA,,,Civil Works- RCC,RCC,Reinforcement,,1310029500.0,2025-08-24,2027-12-21,2025-08-24,,,,0
1.1.7.1.1.2,ATT ,,,Civil Works- RCC,RCC,Reinforcement,,18208000.0,2025-08-24,2027-12-31,2025-08-24,,,,0
1.1.7.1.1.3,PCC,,,Civil Works- RCC,RCC,Concreting,,1062516200.0,2025-08-24,2028-01-10,2025-08-24,,,,0
1.1.7.1.1.4,Reinforcement,,,Civil Works- RCC,RCC,Reinforcement,,8797792800.0,2025-04-29,2027-08-03,2025-04-29,,,,19
1.1.7.1.1.5,Shuttering,,,Civil Works- RCC,RCC,Shuttering- Conventional,,571238500.0,2025-03-21,2027-07-07,2025-03-21,,,,25
1.1.7.1.1.6,Concreteing work,,,Civil Works- RCC,RCC,Concreting,,8437662700.0,2025-02-25,2028-01-15,2025-02-25,,,,97
1.1.7.1.2,Retaining walls -below B2 slab bottom,,,,,,,,2025-08-24,2026-06-06,,,,,
1.1.7.1.2.1,Reinforcement,,Basement 2,Civil Works- RCC,RCC,Reinforcement,,439592600.0,2025-08-24,2026-04-17,2025-08-24,,,,7
1.1.7.1.2.2,Shuttering,,Basement 2,Civil Works- RCC,RCC,Shuttering- Conventional,,397182800.0,2025-09-13,2026-05-27,2025-09-13,,,,5
1.1.7.1.2.3,Concreteing work,,Basement 2,Civil Works- RCC,RCC,Concreting,,421598200.0,2025-09-13,2026-06-06,2025-09-13,,,,5
1.1.7.1.3,B2 Slab,,,,,,,,2025-01-13,2028-03-26,,,,,
1.1.7.1.3.1,Shuttering,,Basement 2,Civil Works- RCC,RCC,Shuttering- Conventional,,2205999900.0,2025-03-17,2028-02-29,2025-03-17,,,,84
1.1.7.1.3.2,Reinforcement,,Basement 2,Civil Works- RCC,RCC,Reinforcement,,5054528000.0,2025-02-12,2028-03-26,2025-02-12,,,,80
1.1.7.1.3.3,Concreteing work,,Basement 2,Civil Works- RCC,RCC,Concreting,,4847625200.0,2025-01-13,2028-03-07,2025-01-13,,,,90
1.1.7.1.4,Retaining walls -below B1 slab bottom,,,,,,,,2026-02-14,2026-07-13,,,,,
1.1.7.1.4.1,Reinforcement,,Basement 1,Civil Works- RCC,RCC,Reinforcement,,439592600.0,2026-02-14,2026-05-24,,,,,0
1.1.7.1.4.2,Shuttering,,Basement 1,Civil Works- RCC,RCC,Shuttering- Conventional,,397182800.0,2026-02-24,2026-07-03,,,,,0
1.1.7.1.4.3,Concreteing work,,Basement 1,Civil Works- RCC,RCC,Concreting,,421598200.0,2026-03-06,2026-07-13,,,,,0
1.1.7.1.5,B1 Slab,,,,,,,,2026-07-27,2027-08-20,,,,,
1.1.7.1.5.1,Shuttering,,Basement 1,Civil Works- RCC,RCC,Shuttering- Conventional,,1902267100.0,2026-07-27,2027-03-08,,,,,0
1.1.7.1.5.2,Reinforcement,,Basement 1,Civil Works- RCC,RCC,Reinforcement,,4646716500.0,2026-08-06,2027-03-18,,,,,0
1.1.7.1.5.3,Concreteing work,,Basement 1,Civil Works- RCC,RCC,Concreting,,4456507100.0,2027-02-22,2027-08-20,,,,,0
1.1.7.1.6,Retaining walls -below Stilt slab bottom,,,,,,,,2026-05-25,2027-07-03,,,,,
1.1.7.1.6.1,Reinforcement,,,Civil Works- RCC,RCC,Reinforcement,,439592600.0,2026-05-25,2026-09-01,,,,,0
1.1.7.1.6.2,Shuttering,,,Civil Works- RCC,RCC,Shuttering- Conventional,,397182800.0,2026-09-02,2027-02-23,,,,,0
1.1.7.1.6.3,Concreteing work,,,Civil Works- RCC,RCC,Concreting,,421598200.0,2027-02-24,2027-07-03,,,,,0
1.1.7.1.7,Stilt Slab,,,,,,,,2027-03-04,2027-10-21,,,,,
1.1.7.1.7.1,Shuttering,,,Civil Works- RCC,RCC,Shuttering- Conventional,,4742607400.0,2027-03-04,2027-06-21,,,,,0
1.1.7.1.7.2,Reinforcement,,,Civil Works- RCC,RCC,Reinforcement,,6415451600.0,2027-03-14,2027-07-01,,,,,0
1.1.7.1.7.3,Concreteing work,,,Civil Works- RCC,RCC,Concreting,,7990702200.0,2027-07-04,2027-10-21,,,,,0
1.1.7.1.8,Podium Slab,,,,,,,,2027-10-22,2028-02-13,,,,,
1.1.7.1.8.1,Shuttering,,,Civil Works- RCC,RCC,Shuttering- Conventional,,4742607400.0,2027-10-22,2028-01-24,,,,,0
1.1.7.1.8.2,Reinforcement,,,Civil Works- RCC,RCC,Reinforcement,,6415451600.0,2027-12-31,2028-02-13,,,,,0
1.1.7.1.8.3,Concreteing work,,,Civil Works- RCC,RCC,Concreting,,7990702200.0,2028-01-20,2028-02-03,,,,,0
1.1.7.1.9,"W/P, Soldier piling de-stressing & backfilling",,,,,,,,2025-12-16,2028-02-03,,,,,
1.1.7.1.9.1,W/P of raft and retaining wall till 2nd level of anchoring,,,Finishing,Tower Civil Finishes,Waterproofing,,2176136800.0,2025-12-16,2026-02-13,,,,,0
1.1.7.1.9.2,Backfilling till 2nd level of anchoring - B2 slab,,Basement 2,Civil Works- RCC,RCC,Reinforcement,,499719500.0,2026-01-30,2026-03-30,,,,,0
1.1.7.1.9.3,De-stressing of 2nd level of anchoring of soldier piling,,,Civil Works- RCC,RCC,Reinforcement,,114126500.0,2026-03-11,2026-04-07,,,,,0
1.1.7.1.9.4,W/P of retaining wall till 1st level of anchoring,,,Finishing,Tower Civil Finishes,Waterproofing,,2176136800.0,2027-08-11,2027-09-19,,,,,0
1.1.7.1.9.5,Backfilling till 1st level of anchoring - B1 slab,,Basement 1,Civil Works- RCC,RCC,Reinforcement,,499719500.0,2027-09-05,2027-10-14,,,,,0
1.1.7.1.9.6,De-stressing of 1st level of anchoring of soldier piling,,,Civil Works- RCC,RCC,Reinforcement,,114126500.0,2027-09-25,2027-10-22,,,,,0
1.1.7.1.9.7,W/P of balance Retaining wall till NTA slab,,,Finishing,Tower Civil Finishes,Waterproofing,,2176136800.0,2027-10-12,2027-12-25,,,,,0
1.1.7.1.9.8,De-stressing of top anchor of soldier piling - 2m from NTA top,,,Civil Works- RCC,RCC,Reinforcement,,114126500.0,2027-10-17,2027-12-28,,,,,0
1.1.7.1.9.9,Backfilling till NTA top slab,,,Civil Works- RCC,RCC,Reinforcement,,499719500.0,2027-10-22,2028-02-03,,,,,0
1.1.7.1.9.10,Removal of soldier piles,,,Civil Works- RCC,RCC,Reinforcement,,114126500.0,2028-01-20,2028-02-03,,,,,0
1.1.7.2,Finishing works,,,,,,,,2028-02-04,2028-06-17,,,,,
1.1.7.2.1,Basement-2,,,,,,,,2028-02-04,2028-05-18,,,,,
1.1.7.2.1.1,Masonary,,Basement 2,Finishing,Common area finishes,CA-Blockwork,,160881400.0,2028-02-04,2028-03-04,,,,,0
1.1.7.2.1.2,Structural Steel,,Basement 2,Civil Works- RCC,RCC,Reinforcement,,68809400.0,2028-02-04,2028-03-04,,,,,0
1.1.7.2.1.3,Plaster,,Basement 2,Finishing,Common area finishes,CA-Int Plaster,,7479100.0,2028-03-05,2028-04-03,,,,,0
1.1.7.2.1.4,White Wash,,Basement 2,Finishing,Common area finishes,CA-Paint,,7129900.0,2028-04-04,2028-05-03,,,,,0
1.1.7.2.1.5,VDF,,Basement 2,Finishing,Common area finishes,CA-Flooring,,94770200.0,2028-02-19,2028-04-18,,,,,0
1.1.7.2.1.6,Drain & Sump (incl. gratings),,Basement 2,MEP,Common area-MEP,CA-PHE,,128847900.0,2028-03-20,2028-05-18,,,,,0
1.1.7.2.1.7,Car parking marking,,Basement 2,Infra,Ext Infra,Ext Infra,,451537100.0,2028-04-19,2028-05-18,,,,,0
1.1.7.2.1.8,Signages,,Basement 2,MEP,BRM-Security,BRM-Security,,301024700.0,2028-05-04,2028-05-18,,,,,0
1.1.7.2.2,Basement-1,,,,,,,,2028-03-05,2028-06-17,,,,,
1.1.7.2.2.1,Masonary,,Basement 1,Finishing,Common area finishes,CA-Blockwork,,160881400.0,2028-03-05,2028-04-03,,,,,0
1.1.7.2.2.2,Structural Steel,,Basement 1,Civil Works- RCC,RCC,Reinforcement,,68809400.0,2028-03-05,2028-04-03,,,,,0
1.1.7.2.2.3,Plaster,,Basement 1,Finishing,Common area finishes,CA-Int Plaster,,7479100.0,2028-04-04,2028-05-03,,,,,0
1.1.7.2.2.4,White Wash,,Basement 1,Finishing,Common area finishes,CA-Paint,,7129900.0,2028-05-04,2028-06-02,,,,,0
1.1.7.2.2.5,VDF,,Basement 1,Finishing,Common area finishes,CA-Flooring,,94770200.0,2028-03-20,2028-05-18,,,,,0
1.1.7.2.2.6,Drain & Sump (incl. gratings),,Basement 1,MEP,Common area-MEP,CA-PHE,,128847900.0,2028-04-19,2028-06-17,,,,,0
1.1.7.2.2.7,Car parking marking,,Basement 1,Infra,Ext Infra,Ext Infra,,451537100.0,2028-05-19,2028-06-02,,,,,0
1.1.7.2.2.8,Signages,,Basement 1,MEP,BRM-Security,BRM-Security,,301024700.0,2028-06-03,2028-06-17,,,,,0
1.1.7.3,"Tanks, DG & Trafo yard works",,,,,,,,2027-03-02,2028-05-10,,,,,
1.1.7.3.1,STP WTP RWH RW tanks & plant rooms works,,,,,,,,2027-04-21,2027-06-15,,,,,
1.1.7.3.1.1,STP Works incl pumping station,,,Infra,Ext Infra,STP,,1530000000.0,2027-05-27,2027-06-15,,,,,0
1.1.7.3.1.2,WTP works incl Plant room,,,Infra,Ext Infra,WTP,,525000000.0,2027-05-27,2027-06-15,,,,,0
1.1.7.3.1.3,Raw water tank works,,,MEP,Ext MEP,Ext PHE,,505000000.0,2027-05-27,2027-06-15,,,,,0
1.1.7.3.1.4,Fire fighting tank works incl Plant room,,,MEP,Ext MEP,Ext Fire fighting & FAPA,,515000000.0,2027-05-12,2027-05-31,,,,,0
1.1.7.3.1.5,Rain water harvesting works incl Plant room,,,MEP,Ext MEP,Ext PHE,,144200000.0,2027-04-21,2027-05-10,,,,,0
1.1.7.3.2,DG & Trafo yard works,,,,,,,,2027-03-02,2028-05-10,,,,,
1.1.7.3.2.1,DG Room,,,,,,,,2027-03-02,2028-01-07,,,,,
1.1.7.3.2.1.1,DG installation works,,,,,,,,2027-04-21,2027-08-03,,,,,
1.1.7.3.2.1.1.1,DG foundation works,,,MEP,Ext MEP,Ext Electrical,,252500000.0,2027-04-21,2027-05-05,,,,,0
1.1.7.3.2.1.1.2,DG room epoxy flooring,,,MEP,Ext MEP,Ext Electrical,,243298200.0,2027-05-06,2027-05-15,,,,,0
1.1.7.3.2.1.1.3,DG room acoustics,,,MEP,Ext MEP,Ext Electrical,,243127400.0,2027-05-06,2027-08-03,,,,,0
1.1.7.3.2.1.1.4,DG installation including day tank & motor,,,MEP,Ext MEP,Ext Electrical,,2118750000.0,2027-05-16,2027-06-14,,,,,0
1.1.7.3.2.1.1.5,DG stack works including frame fabrication + frame erection + pipe erection + insulation wrapping + cladding ,,,MEP,Ext MEP,Ext Electrical,,9887500000.0,2027-04-21,2027-07-29,,,,,0
1.1.7.3.2.1.1.6,DG earthing,,,MEP,Ext MEP,Ext Electrical,,1412500000.0,2027-06-08,2027-07-07,,,,,0
1.1.7.3.2.1.2,DG T&C,,,,,,,,2027-03-02,2028-01-07,,,,,
1.1.7.3.2.1.2.1,DG stack joint radiography,,,MEP,Ext MEP,Ext Electrical,,176562500.0,2027-03-02,2027-05-10,,,,,0
1.1.7.3.2.1.2.2,DG sync panel installation,,,MEP,Ext MEP,Ext Electrical,,176562500.0,2027-08-04,2027-09-02,,,,,0
1.1.7.3.2.1.2.3,DG cranking (DG standalone testing),,,MEP,Ext MEP,Ext Electrical,,176562500.0,2027-09-03,2027-09-09,,,,,0
1.1.7.3.2.1.2.4,DG intergrated T&C with full load setting,,,MEP,Ext MEP,Ext Electrical,,176562500.0,2027-10-25,2028-01-07,,,,,0
1.1.7.3.2.2,Transformer room & VCB ,,,,,,,,2027-04-21,2028-05-10,,,,,
1.1.7.3.2.2.1,Transformer & HT panel installation works,,,,,,,,2027-04-21,2027-09-02,,,,,
1.1.7.3.2.2.1.1,Transformer foundation works,,,MEP,Ext MEP,Ext Electrical,,256122800.0,2027-04-21,2027-05-05,,,,,0
1.1.7.3.2.2.1.2,Room epoxy flooring,,,MEP,Ext MEP,Ext Electrical,,267345400.0,2027-05-06,2027-05-15,,,,,0
1.1.7.3.2.2.1.3,Room finishings,,,MEP,Ext MEP,Ext Electrical,,231092400.0,2027-05-06,2027-06-04,,,,,0
1.1.7.3.2.2.1.4,Tranformer & HT / LT panels installation,,,MEP,Ext MEP,Ext Electrical,,1949031100.0,2027-05-16,2027-06-14,,,,,0
1.1.7.3.2.2.1.5,Transformer connection to HT / LT panels including cable laying ,,,MEP,Ext MEP,Ext Electrical,,417649500.0,2027-06-15,2027-09-02,,,,,0
1.1.7.3.2.2.1.6,Equipment earthing,,,MEP,Ext MEP,Ext Electrical,,278433000.0,2027-06-08,2027-07-07,,,,,0
1.1.7.3.2.2.2,Transformer T&C,,,,,,,,2027-08-04,2028-05-10,,,,,
1.1.7.3.2.2.2.1,HT / LT panel installation & terminations,,,MEP,Ext MEP,Ext Electrical,,69608300.0,2027-08-04,2027-09-02,,,,,0
1.1.7.3.2.2.2.2,Panel charging,,,MEP,Ext MEP,Ext Electrical,,69608300.0,2028-05-04,2028-05-10,,,,,0
1.1.7.4,Boundary wall works,,,,,,,,2027-05-08,2027-10-19,,,,,
1.1.7.4.1,Removal of Temporary barricading,,,Infra,Ext Infra,Ext Infra,,19823400.0,2027-05-08,2027-07-06,,,,,0
1.1.7.4.2,Excavation works,,,Infra,Ext Infra,Ext Infra,,65029600.0,2027-05-13,2027-07-11,,,,,0
1.1.7.4.3,Foundation works,,,Infra,Ext Infra,Ext Infra,,2684283400.0,2027-05-18,2027-07-31,,,,,0
1.1.7.4.4,Coloumns,,,Infra,Ext Infra,Ext Infra,,989134200.0,2027-06-07,2027-09-04,,,,,0
1.1.7.4.5,Boundary wall erection works,,,Infra,Ext Infra,Ext Infra,,249277500.0,2027-07-12,2027-10-19,,,,,0
1.1.7.5,"Landscape works including Hardscaping, irrigation line installations, etc.",,,,,,,,2027-08-11,2028-05-21,,,,,
1.1.7.5.1,Works at Retail entrance,,,Infra,Ext Infra,Ext Infra,,1591068200.0,2027-08-11,2028-04-21,,,,,0
1.1.7.5.2,Works at Retail plaza,,,Infra,Ext Infra,Ext Infra,,2227495500.0,2027-08-11,2028-04-21,,,,,0
1.1.7.5.3,Works at Residential entrance,,,Infra,Ext Infra,Ext Infra,,2863922700.0,2027-08-11,2028-05-01,,,,,0
1.1.7.5.4,"Works at Private Lawn, BBQ Area & Shaded Plaza",,,Infra,Ext Infra,Ext Infra,,4773204600.0,2027-12-24,2028-05-21,,,,,0
1.1.7.5.5,Works at Kids play area,,,Infra,Ext Infra,Ext Infra,,4136777300.0,2027-12-24,2028-05-21,,,,,0
1.1.7.5.6,Works at Multi-purpose lawn,,,Infra,Ext Infra,Ext Infra,,5727845500.0,2027-12-24,2028-05-21,,,,,0
1.1.7.5.7,Works at site boundary,,,Infra,Ext Infra,Ext Infra,,4454990900.0,2027-08-11,2028-04-21,,,,,0
1.1.7.5.8,Works at Podium (Swimming pool & relaxing area),,,Infra,Ext Infra,Ext Infra,,6046059100.0,2027-12-24,2028-05-21,,,,,0
1.1.7.6,Club & Retail (2B+G+2),,,,,,,,2026-08-25,2029-06-25,,,,,
1.1.7.6.1,Sub-Structure works,,,,,,,,2026-08-25,2028-01-17,,,,,
1.1.7.6.1.1,Soil bed preparation,,,,,,,,2026-08-25,2026-09-02,,,,,
1.1.7.6.1.1.1,Excavation completion,,,Civil Works- RCC,RCC,Reinforcement,,232975200.0,2026-08-25,2026-08-28,,,,,0
1.1.7.6.1.1.2,Surface dressing,,,Civil Works- RCC,RCC,Reinforcement,,25886100.0,2026-08-29,2026-08-31,,,,,0
1.1.7.6.1.1.3,ATT,,,Civil Works- RCC,RCC,Reinforcement,,3597900.0,2026-09-01,2026-09-01,,,,,0
1.1.7.6.1.1.4,PCC,,,Civil Works- RCC,RCC,Concreting,,209952800.0,2026-09-02,2026-09-02,,,,,0
1.1.7.6.1.2,RCC Works,,,,,,,,2026-09-03,2027-04-17,,,,,
1.1.7.6.1.2.1,Raft,,,,,,,,2026-09-03,2026-10-03,,,,,
1.1.7.6.1.2.1.1,Reinforcement Work,,,Civil Works- RCC,RCC,Reinforcement,,1738440800.0,2026-09-03,2026-09-27,,,,,0
1.1.7.6.1.2.1.2,Shuttering work,,,Civil Works- RCC,RCC,Shuttering- Conventional,,112876500.0,2026-09-18,2026-09-30,,,,,0
1.1.7.6.1.2.1.3,Concreteing work,,,Civil Works- RCC,RCC,Concreting,,1667279200.0,2026-10-01,2026-10-03,,,,,0
1.1.7.6.1.2.2,Basement-2 Roof Slab,,,,,,,,2026-10-04,2027-01-31,,,,,
1.1.7.6.1.2.2.1,B2 Roof Slab,,,,,,,,2026-10-04,2027-01-31,,,,,
1.1.7.6.1.2.2.1.1,Shuttering Work,,Basement 2,Civil Works- RCC,RCC,Shuttering- Conventional,,435904800.0,2026-10-04,2027-01-01,,,,,0
1.1.7.6.1.2.2.1.2,Reinforcement Work,,Basement 2,Civil Works- RCC,RCC,Reinforcement,,998773000.0,2026-12-28,2027-01-31,,,,,0
1.1.7.6.1.2.2.1.3,Concreteing work,,Basement 2,Civil Works- RCC,RCC,Concreting,,957889100.0,2027-01-31,2027-01-31,,,,,0
1.1.7.6.1.2.3,Basement-1 Roof Slab,,,,,,,,2027-02-01,2027-04-17,,,,,
1.1.7.6.1.2.3.1,B1 Roof Slab,,,,,,,,2027-02-01,2027-04-17,,,,,
1.1.7.6.1.2.3.1.1,Shuttering Work,,Basement 1,Civil Works- RCC,RCC,Shuttering- Conventional,,375887300.0,2027-02-01,2027-03-17,,,,,0
1.1.7.6.1.2.3.1.2,Reinforcement Work,,Basement 1,Civil Works- RCC,RCC,Reinforcement,,918189600.0,2027-03-13,2027-04-16,,,,,0
1.1.7.6.1.2.3.1.3,Concreteing work,,Basement 1,Civil Works- RCC,RCC,Concreting,,880604300.0,2027-04-17,2027-04-17,,,,,0
1.1.7.6.1.3,Sub structure finishing works,,,,,,,,2027-07-02,2028-01-17,,,,,
1.1.7.6.1.3.1,Basement-2,,,,,,,,2027-07-02,2028-01-17,,,,,
1.1.7.6.1.3.1.1,Masonary,,Basement 2,Finishing,Common area finishes,CA-Blockwork,,160881400.0,2027-07-02,2027-07-31,,,,,0
1.1.7.6.1.3.1.2,Structural Steel,,Basement 2,Civil Works- RCC,RCC,Reinforcement,,68809400.0,2027-08-16,2027-09-14,,,,,0
1.1.7.6.1.3.1.3,Plaster,,Basement 2,Finishing,Common area finishes,CA-Int Plaster,,7479100.0,2027-09-15,2027-10-14,,,,,0
1.1.7.6.1.3.1.4,White Wash,,Basement 2,Finishing,Common area finishes,CA-Paint,,7129900.0,2027-10-15,2027-12-28,,,,,0
1.1.7.6.1.3.1.5,VDF,,Basement 2,Finishing,Common area finishes,CA-Flooring,,94770200.0,2027-08-31,2027-10-29,,,,,0
1.1.7.6.1.3.1.6,Drain & Sump (incl. gratings),,Basement 2,MEP,Common area-MEP,CA-PHE,,128847900.0,2027-09-30,2028-01-12,,,,,0
1.1.7.6.1.3.1.7,Car parking marking,,Basement 2,Infra,Ext Infra,Ext Infra,,451537100.0,2027-10-30,2028-01-12,,,,,0
1.1.7.6.1.3.1.8,Signages,,Basement 2,MEP,BRM-Security,BRM-Security,,301024700.0,2027-12-19,2028-01-17,,,,,0
1.1.7.6.1.3.2,Basement-1,,,,,,,,2027-08-01,2028-01-02,,,,,
1.1.7.6.1.3.2.1,Masonary,,Basement 1,Finishing,Common area finishes,CA-Blockwork,,160881400.0,2027-08-01,2027-08-30,,,,,0
1.1.7.6.1.3.2.2,Structural Steel,,Basement 1,Civil Works- RCC,RCC,Reinforcement,,68809400.0,2027-08-01,2027-08-30,,,,,0
1.1.7.6.1.3.2.3,Plaster,,Basement 1,Finishing,Common area finishes,CA-Int Plaster,,7479100.0,2027-08-31,2027-09-29,,,,,0
1.1.7.6.1.3.2.4,White Wash,,Basement 1,Finishing,Common area finishes,CA-Paint,,7129900.0,2027-09-30,2027-10-29,,,,,0
1.1.7.6.1.3.2.5,VDF,,Basement 1,Finishing,Common area finishes,CA-Flooring,,94770200.0,2027-08-16,2027-10-14,,,,,0
1.1.7.6.1.3.2.6,Drain & Sump (incl. gratings),,Basement 1,MEP,Common area-MEP,CA-PHE,,128847900.0,2027-09-15,2027-12-28,,,,,0
1.1.7.6.1.3.2.7,Car parking marking,,Basement 1,Infra,Ext Infra,Ext Infra,,451537100.0,2027-10-15,2027-12-28,,,,,0
1.1.7.6.1.3.2.8,Signages,,Basement 1,MEP,BRM-Security,BRM-Security,,301024700.0,2027-10-20,2028-01-02,,,,,0
1.1.7.6.2,Super structure works,,,,,,,,2027-04-18,2027-09-04,,,,,
1.1.7.6.2.1,RCC Works,,,,,,,,2027-04-18,2027-08-15,,,,,
1.1.7.6.2.1.1,GF Slab,,,,,,,,2027-04-18,2027-06-01,,,,,
1.1.7.6.2.1.1.1,GF Slab,,,,,,,,2027-04-18,2027-06-01,,,,,
1.1.7.6.2.1.1.1.1,Shuttering Work,,Ground Floor,Civil Works- RCC,RCC,Shuttering- Conventional,,806979600.0,2027-04-18,2027-05-17,,,,,0
1.1.7.6.2.1.1.1.2,Reinforcement Work,,Ground Floor,Civil Works- RCC,RCC,Reinforcement,,779730600.0,2027-05-13,2027-05-31,,,,,0
1.1.7.6.2.1.1.1.3,Concreteing work,,Ground Floor,Civil Works- RCC,RCC,Concreting,,1359660000.0,2027-06-01,2027-06-01,,,,,0
1.1.7.6.2.1.2,1st Floor Slab,,,,,,,,2027-06-02,2027-07-01,,,,,
1.1.7.6.2.1.2.1,1st Floor Slab,,,,,,,,2027-06-02,2027-07-01,,,,,
1.1.7.6.2.1.2.1.1,Shuttering Work,,1st Floor,Civil Works- RCC,RCC,Shuttering- Conventional,,806979600.0,2027-06-02,2027-06-21,,,,,0
1.1.7.6.2.1.2.1.2,Reinforcement Work,,1st Floor,Civil Works- RCC,RCC,Reinforcement,,779730600.0,2027-06-17,2027-06-30,,,,,0
1.1.7.6.2.1.2.1.3,Conduiting work,,1st Floor,MEP,Tower MEP,Electrical,,34519800.0,2027-06-30,2027-06-30,,,,,0
1.1.7.6.2.1.2.1.4,Concreteing work,,1st Floor,Civil Works- RCC,RCC,Concreting,,1359660000.0,2027-07-01,2027-07-01,,,,,0
1.1.7.6.2.1.3,Terrace,,,,,,,,2027-07-02,2027-08-15,,,,,
1.1.7.6.2.1.3.1,Terrace Slab,,,,,,,,2027-07-02,2027-08-15,,,,,
1.1.7.6.2.1.3.1.1,Shuttering Work,,Terrace,Civil Works- RCC,RCC,Shuttering- Conventional,,806979600.0,2027-07-02,2027-07-31,,,,,0
1.1.7.6.2.1.3.1.2,Reinforcement Work,,Terrace,Civil Works- RCC,RCC,Reinforcement,,779730600.0,2027-07-27,2027-08-14,,,,,0
1.1.7.6.2.1.3.1.3,Conduiting work,,Terrace,MEP,Common area-MEP,CA-Electrical,,34519800.0,2027-08-14,2027-08-14,,,,,0
1.1.7.6.2.1.3.1.4,Concreteing work,,Terrace,Civil Works- RCC,RCC,Concreting,,1359660000.0,2027-08-15,2027-08-15,,,,,0
1.1.7.6.2.2,Post Pour Works,,,,,,,,2027-08-16,2027-09-04,,,,,
1.1.7.6.2.2.1,1st Floor,,1st Floor,Civil Works- RCC,RCC,Post Pour,,100.0,2027-08-16,2027-08-25,,,,,0
1.1.7.6.2.2.2,2nd Floor,,2nd Floor,Civil Works- RCC,RCC,Post Pour,,100.0,2027-08-26,2027-09-04,,,,,0
1.1.7.6.3,Finishing works,,,,,,,,2027-05-08,2028-08-28,,,,,
1.1.7.6.3.1,Floor finishings,,,,,,,,2027-08-26,2028-03-16,,,,,
1.1.7.6.3.1.1,1st Floor,,,,,,,,2027-08-26,2028-02-28,,,,,
1.1.7.6.3.1.1.1,Block Work ,,1st Floor,Finishing,Tower Finishing,Flooring,,74869400.0,2027-08-26,2027-09-06,,,,,0
1.1.7.6.3.1.1.2,Installation of temporary Main door,,1st Floor,Finishing,Tower Finishing,Door,,10014200.0,2027-09-07,2027-09-15,,,,,0
1.1.7.6.3.1.1.3,Fire sprinkler pipe fixing,,1st Floor,MEP,Common area-MEP,CA-Fire-fighting & FAPA,,37409900.0,2027-09-07,2027-09-11,,,,,0
1.1.7.6.3.1.1.4,Internal Plumbing Works,,1st Floor,MEP,Tower MEP,Plumbing,,129074400.0,2027-09-07,2027-09-16,,,,,0
1.1.7.6.3.1.1.5,Waterproofing,,1st Floor,Finishing,Tower Civil Finishes,Waterproofing,,34627600.0,2027-09-17,2027-09-29,,,,,0
1.1.7.6.3.1.1.6,Internal Plaster,,1st Floor,Finishing,Tower Civil Finishes,Int Plaster,,136351600.0,2027-09-30,2027-10-12,,,,,0
1.1.7.6.3.1.1.7,IPS flooring work,,1st Floor,Finishing,Tower Finishing,Flooring,,259849200.0,2027-09-07,2027-09-19,,,,,0
1.1.7.6.3.1.1.8,Toilet dado work,,1st Floor,Finishing,Tower Finishing,Flooring,,79317300.0,2027-10-13,2027-10-30,,,,,0
1.1.7.6.3.1.1.9,Toilet flooring work,,1st Floor,Finishing,Tower Finishing,Flooring,,59616900.0,2027-10-31,2028-01-01,,,,,0
1.1.7.6.3.1.1.10,Living dinning flooring,,1st Floor,Finishing,Tower Finishing,Flooring,,156903300.0,2028-01-02,2028-01-19,,,,,0
1.1.7.6.3.1.1.11,Electrical wiring work,,1st Floor,MEP,Tower MEP,Electrical,,129829800.0,2028-01-10,2028-01-21,,,,,0
1.1.7.6.3.1.1.12,Aluminium door-window fixing,,1st Floor,Finishing,Tower Finishing,Window,,99817200.0,2028-01-14,2028-02-01,,,,,0
1.1.7.6.3.1.1.13,Putty primer coat,,1st Floor,Finishing,Tower Finishing,Paint,,32587100.0,2028-01-25,2028-02-03,,,,,0
1.1.7.6.3.1.1.14,Prehung door fixing,,1st Floor,Finishing,Tower Finishing,Door,,55355200.0,2028-01-30,2028-02-06,,,,,0
1.1.7.6.3.1.1.15,Painting 1st coat,,1st Floor,Finishing,Tower Finishing,Paint,,21724700.0,2028-02-07,2028-02-18,,,,,0
1.1.7.6.3.1.1.16,False Ceiling panel fixing,,1st Floor,Finishing,Tower Finishing,False Ceiling,,23851200.0,2028-02-19,2028-02-28,,,,,0
1.1.7.6.3.1.2,2nd Floor,,,,,,,,2027-09-12,2028-03-16,,,,,
1.1.7.6.3.1.2.1,Block Work ,,2nd Floor,Finishing,Tower Finishing,Flooring,,74869400.0,2027-09-12,2027-09-23,,,,,0
1.1.7.6.3.1.2.2,Installation of temporary Main door,,2nd Floor,Finishing,Tower Finishing,Door,,10014200.0,2027-09-24,2027-10-02,,,,,0
1.1.7.6.3.1.2.3,Fire sprinkler pipe fixing,,2nd Floor,MEP,Common area-MEP,CA-Fire-fighting & FAPA,,37409900.0,2027-09-24,2027-09-28,,,,,0
1.1.7.6.3.1.2.4,Internal Plumbing Works,,2nd Floor,MEP,Tower MEP,Plumbing,,129074400.0,2027-09-24,2027-10-03,,,,,0
1.1.7.6.3.1.2.5,Waterproofing,,2nd Floor,Finishing,Tower Civil Finishes,Waterproofing,,34627600.0,2027-10-04,2027-10-16,,,,,0
1.1.7.6.3.1.2.6,Internal Plaster,,2nd Floor,Finishing,Tower Civil Finishes,Int Plaster,,136351600.0,2027-10-17,2027-10-29,,,,,0
1.1.7.6.3.1.2.7,IPS flooring work,,2nd Floor,Finishing,Tower Finishing,Flooring,,259849200.0,2027-09-24,2027-10-06,,,,,0
1.1.7.6.3.1.2.8,Toilet dado work,,2nd Floor,Finishing,Tower Finishing,Flooring,,79317300.0,2027-10-30,2027-12-31,,,,,0
1.1.7.6.3.1.2.9,Toilet flooring work,,2nd Floor,Finishing,Tower Finishing,Flooring,,59616900.0,2028-01-01,2028-01-18,,,,,0
1.1.7.6.3.1.2.10,Living dinning flooring,,2nd Floor,Finishing,Tower Finishing,Flooring,,156903300.0,2028-01-19,2028-02-05,,,,,0
1.1.7.6.3.1.2.11,Electrical wiring work,,2nd Floor,MEP,Tower MEP,Electrical,,129829800.0,2028-01-27,2028-02-07,,,,,0
1.1.7.6.3.1.2.12,Aluminium door-window fixing,,2nd Floor,Finishing,Tower Finishing,Window,,99817200.0,2028-01-31,2028-02-18,,,,,0
1.1.7.6.3.1.2.13,Putty primer coat,,2nd Floor,Finishing,Tower Finishing,Paint,,32587100.0,2028-02-11,2028-02-20,,,,,0
1.1.7.6.3.1.2.14,Prehung door fixing,,2nd Floor,Finishing,Tower Finishing,Door,,55355200.0,2028-02-16,2028-02-23,,,,,0
1.1.7.6.3.1.2.15,Painting 1st coat,,2nd Floor,Finishing,Tower Finishing,Paint,,21724700.0,2028-02-24,2028-03-06,,,,,0
1.1.7.6.3.1.2.16,False Ceiling panel fixing,,2nd Floor,Finishing,Tower Finishing,False Ceiling,,23851200.0,2028-03-07,2028-03-16,,,,,0
1.1.7.6.3.2,Terrace finishing,,,,,,,,2028-03-12,2028-08-28,,,,,
1.1.7.6.3.2.1,Podium waterproofing,,Terrace,Finishing,Tower Civil Finishes,Waterproofing,,363752600.0,2028-03-12,2028-05-30,,,,,0
1.1.7.6.3.2.2,Podium finishing (only top screed),,Terrace,Finishing,Common area finishes,CA-Flooring,,190392500.0,2028-05-31,2028-08-28,,,,,0
1.1.7.6.3.3,Common area finishing,,,,,,,,2027-05-08,2027-09-24,,,,,
1.1.7.6.3.3.1,Masonary Work,,,Finishing,Common area finishes,CA-Blockwork,,74869400.0,2027-09-05,2027-09-24,,,,,0
1.1.7.6.3.3.2,Fire sprinkler pipe fixing,,,MEP,Common area-MEP,CA-Fire-fighting & FAPA,,1644057700.0,2027-09-10,2027-09-19,,,,,0
1.1.7.6.3.3.3,"Corridoor, staircase, shaft Plaster & whitewash",,,Finishing,Common area finishes,CA-Int Plaster,,175154400.0,2027-08-26,2027-09-14,,,,,0
1.1.7.6.3.3.4,Staircase railing fixing,,,Finishing,Common area finishes,CA-Railing,,1610538800.0,2027-09-05,2027-09-24,,,,,0
1.1.7.6.3.3.5,Fire staircase flooring,,,Finishing,Common area finishes,CA-Flooring,,135261000.0,2027-06-27,2027-07-16,,,,,0
1.1.7.6.3.3.6,Main staircase flooring,,,Finishing,Common area finishes,CA-Flooring,,135261000.0,2027-06-27,2027-07-16,,,,,0
1.1.7.6.3.3.7,Fire door work,,,Finishing,Common area finishes,CA-Door,,584136000.0,2027-06-17,2027-07-16,,,,,0
1.1.7.6.3.3.8,Lobby flooring & Corridor,,,Finishing,Common area finishes,CA-Flooring,,1256836100.0,2027-06-17,2027-07-26,,,,,0
1.1.7.6.3.3.9,Ceiling & wall putty-primer,,,Finishing,Common area finishes,CA-Paint,,32587100.0,2027-06-27,2027-08-05,,,,,0
1.1.7.6.3.3.10,Ceiling & wall painting,,,Finishing,Common area finishes,CA-Paint,,21724700.0,2027-05-08,2027-06-16,,,,,0
1.1.7.6.3.3.11,Electrical wiring work,,,MEP,Common area-MEP,CA-Electrical,,299037500.0,2027-05-18,2027-06-26,,,,,0
1.1.7.6.3.3.12,Light fixture supply & installation,,,MEP,Common area-MEP,CA-Electrical,,84457200.0,2027-06-02,2027-07-01,,,,,0
1.1.7.6.4,MEP Work,,,,,,,,2027-07-22,2028-09-28,,,,,
1.1.7.6.4.1,Electrical Work,,,,,,,,2027-07-22,2028-03-02,,,,,
1.1.7.6.4.1.1,Cable Tray,,,MEP,Tower MEP,Electrical,,510625000.0,2027-09-05,2027-10-19,,,,,0
1.1.7.6.4.1.2,"Cable, main & sub main",,,MEP,Tower MEP,Electrical,,2116434700.0,2027-07-22,2027-09-04,,,,,0
1.1.7.6.4.1.3,LT panel & DB,,,MEP,Tower MEP,Electrical,,2165343800.0,2027-08-21,2027-10-04,,,,,0
1.1.7.6.4.1.4,Earthing Works ,,,MEP,Tower MEP,Electrical,,232102300.0,2027-10-20,2028-01-02,,,,,0
1.1.7.6.4.1.5,Energy meter,,,MEP,Ext MEP,Ext Electrical,,338401200.0,2027-09-05,2027-10-04,,,,,0
1.1.7.6.4.1.6,Inverter / UPS,,,MEP,Ext MEP,Ext Electrical,,201731800.0,2027-10-05,2027-12-18,,,,,0
1.1.7.6.4.1.7,HVAC & Exhaust fan,,,MEP,Common area-MEP,CA-HVAC,,297421400.0,2027-09-20,2027-12-18,,,,,0
1.1.7.6.4.1.8,FTTH,,,MEP,BRM-Security,BRM-Security,,270645200.0,2027-09-10,2027-10-14,,,,,0
1.1.7.6.4.1.9,Security System - FA & PA,,,MEP,BRM-Security,BRM-Security,,483307700.0,2027-09-10,2027-10-14,,,,,0
1.1.7.6.4.1.10,T&C of complete system,,,Finishing,Miscellaneous,Misc,,297405200.0,2028-01-03,2028-03-02,,,,,0
1.1.7.6.4.2,Plumbing work,,,,,,,,2027-08-16,2028-04-26,,,,,
1.1.7.6.4.2.1,Shaft Plumbing,,,MEP,Tower MEP,Plumbing,,126201500.0,2027-08-16,2027-12-28,,,,,0
1.1.7.6.4.2.2,CP sanitary fixture supply,,,MEP,Tower MEP,CP Sanitary,,839160000.0,2027-12-29,2028-02-11,,,,,0
1.1.7.6.4.2.3,Cold & flushing water supply,,,MEP,Tower MEP,Plumbing,,267951900.0,2027-12-29,2028-02-11,,,,,0
1.1.7.6.4.2.4,Misc work,,,Finishing,Miscellaneous,Misc,,242294100.0,2028-01-28,2028-02-26,,,,,0
1.1.7.6.4.2.5,T&C of complete system,,,Finishing,Miscellaneous,Misc,,143064900.0,2028-02-27,2028-04-26,,,,,0
1.1.7.6.4.3,Fire fighting work,,,,,,,,2027-08-16,2028-02-26,,,,,
1.1.7.6.4.3.1,Fire hydrant work,,,MEP,Common area-MEP,CA-Fire-fighting & FAPA,,587942900.0,2027-08-16,2027-09-14,,,,,0
1.1.7.6.4.3.2,Pipe connection & sprinkler installation,,,MEP,Common area-MEP,CA-Fire-fighting & FAPA,,396289300.0,2027-09-29,2027-12-27,,,,,0
1.1.7.6.4.3.3,Shaft Downtake works,,,MEP,Tower MEP,Plumbing,,154846400.0,2027-08-16,2027-09-14,,,,,0
1.1.7.6.4.3.4,Connection to pump room,,,MEP,Common area-MEP,CA-PHE,,332951300.0,2027-09-15,2027-10-14,,,,,0
1.1.7.6.4.3.5,Installation of FF pumps,,,MEP,Common area-MEP,CA-Fire-fighting & FAPA,,269696500.0,2027-09-15,2027-12-28,,,,,0
1.1.7.6.4.3.6,T&C of complete system,,,Finishing,Miscellaneous,Misc,,270645200.0,2027-12-29,2028-02-26,,,,,0
1.1.7.6.4.4,Lift work,,,,,,,,2027-09-05,2027-12-18,,,,,
1.1.7.6.4.4.1,Lift Shaft/Pit Handover,,,MEP,Common area-MEP,Lift,,100.0,2027-09-05,2027-09-14,,,,,0
1.1.7.6.4.4.2,Lift installation work,,,MEP,Common area-MEP,Lift,,100.0,2027-09-15,2027-10-24,,,,,0
1.1.7.6.4.4.3,Lift testing and commissioning,,,MEP,Common area-MEP,Lift,,100.0,2027-10-25,2027-12-18,,,,,0
1.1.7.6.4.5,External Paint Works ,,,,,,,,2027-09-05,2028-02-16,,,,,
1.1.7.6.4.5.1,Surface prepration,,,Finishing,Tower Finishing,Ext Paint,,260307500.0,2027-09-05,2027-10-24,,,,,0
1.1.7.6.4.5.2,"External Painting (Primer, texture & first coat)",,,Finishing,Tower Finishing,Ext Paint,,1301507600.0,2027-10-25,2028-02-16,,,,,0
1.1.7.6.4.5.3,Final coat of painting,,,Finishing,Tower Finishing,Ext Paint,,173538300.0,2027-12-19,2028-02-16,,,,,0
1.1.7.6.4.5.4,Misc. work,,,Finishing,Miscellaneous,Misc,,687512000.0,2027-10-25,2028-01-07,,,,,0
1.1.7.6.4.6,OC Application/Readiness,,,Finishing,Miscellaneous,Misc,,100.0,2028-08-29,2028-08-29,,,,,0
1.1.7.6.4.7,OC Receipt,,,Finishing,Miscellaneous,Misc,,100.0,2028-08-30,2028-09-28,,,,,0
1.1.7.6.5,Post OC Activities,,,,,,,,2028-08-30,2029-01-26,,,,,
1.1.7.6.5.1,CP & Sanitaryware installation,,,MEP,Tower MEP,CP Sanitary,,209790000.0,2028-08-30,2028-10-28,,,,,0
1.1.7.6.5.2,Electrical Fixtures And Fittings installations,,,MEP,Tower MEP,Electrical,,502112600.0,2028-08-30,2028-10-28,,,,,0
1.1.7.6.5.3,Final Coat Paint Internal,,,Finishing,Tower Finishing,Paint,,187756100.0,2028-08-30,2028-10-08,,,,,0
1.1.7.6.5.4,Split AC Units installation,,,MEP,Common area-MEP,CA-HVAC,,298996400.0,2028-10-24,2029-01-26,,,,,0
1.1.7.6.5.5,Wooden Flooring,,,Finishing,Tower Finishing,Flooring,,744571600.0,2028-08-30,2029-01-11,,,,,0
1.1.7.6.6,Offer to possession,,,Finishing,Miscellaneous,Misc,,100.0,2029-01-27,2029-06-25,,,,,0
1.1.8,Budget Esclation for Raft ,,,Finishing,Miscellaneous,Misc,,16900000000.0,2026-09-01,2027-08-16,,,,,0
1.1.9,MOSA  Area Hampered solider piling cost,,,Finishing,Miscellaneous,Misc,,978600000.0,2025-12-27,2026-02-04,,,,,0
1.1.10,Labour Incentive,,,Finishing,Miscellaneous,Misc,,8774567700.0,2028-06-29,2030-02-01,,,,,0
1.1.11,Cost for Grade A Contractor,,,Finishing,Miscellaneous,Misc,,56800895500.0,2025-07-30,2030-02-01,2025-07-30,,,,1
1.1.12,Cost for Green Building Certification,,,Finishing,Miscellaneous,Misc,,6607316300.0,2028-06-29,2030-02-01,,,,,0
